ticker,2025-07-30_mentions,2025-07-30_Upvotes,2025-07-30_Total Comments,2025-07-31_mentions,2025-07-31_Upvotes,2025-07-31_Total Comments,2025-08-01_mentions,2025-08-01_Upvotes,2025-08-01_Total Comments,2025-08-02_mentions,2025-08-02_Upvotes,2025-08-02_Total Comments,2025-08-03_mentions,2025-08-03_Upvotes,2025-08-03_Total Comments,2025-08-04_mentions,2025-08-04_Upvotes,2025-08-04_Total Comments
AACB,0,0,0,0,0,0,0,0,0,0,0,0,0,0,0,0,0,0
AACBR,0,0,0,0,0,0,0,0,0,0,0,0,0,0,0,0,0,0
AACBU,0,0,0,0,0,0,0,0,0,0,0,0,0,0,0,0,0,0
AACG,0,0,0,0,0,0,0,0,0,0,0,0,0,0,0,0,0,0
AACI,0,0,0,0,0,0,0,0,0,0,0,0,0,0,0,0,0,0
AACIU,0,0,0,0,0,0,0,0,0,0,0,0,0,0,0,0,0,0
AACIW,0,0,0,0,0,0,0,0,0,0,0,0,0,0,0,0,0,0
AACT,0,0,0,0,0,0,0,0,0,0,0,0,0,0,0,0,0,0
AAME,0,0,0,0,0,0,0,0,0,0,0,0,0,0,0,0,0,0
AAMI,0,0,0,0,0,0,0,0,0,0,0,0,0,0,0,0,0,0
AAOI,0,0,0,0,0,0,0,0,0,0,0,0,0,0,0,0,0,0
AAON,0,0,0,0,0,0,0,0,0,0,0,0,0,0,0,0,0,0
AAP,0,0,0,0,0,0,0,0,0,0,0,0,0,0,0,0,0,0
AAPG,0,0,0,0,0,0,0,0,0,0,0,0,0,0,0,0,0,0
AAPL,0,0,0,0,0,0,5,1875,348,5,1670,266,3,73,27,1,3,5
AARD,0,0,0,0,0,0,0,0,0,0,0,0,1,10,11,0,0,0
AAT,0,0,0,0,0,0,0,0,0,0,0,0,0,0,0,0,0,0
AAUC,0,0,0,0,0,0,0,0,0,0,0,0,0,0,0,0,0,0
ABAT,0,0,0,0,0,0,0,0,0,1,45,16,1,84,22,0,0,0
ABBV,0,0,0,0,0,0,0,0,0,0,0,0,0,0,0,0,0,0
ABCB,0,0,0,0,0,0,0,0,0,0,0,0,0,0,0,0,0,0
ABCL,0,0,0,0,0,0,0,0,0,0,0,0,0,0,0,0,0,0
ABEO,0,0,0,0,0,0,0,0,0,0,0,0,0,0,0,0,0,0
ABEV,0,0,0,0,0,0,0,0,0,0,0,0,0,0,0,0,0,0
ABG,0,0,0,0,0,0,0,0,0,0,0,0,0,0,0,0,0,0
ABL,0,0,0,0,0,0,0,0,0,0,0,0,0,0,0,0,0,0
ABLLL,0,0,0,0,0,0,0,0,0,0,0,0,0,0,0,0,0,0
ABLLW,0,0,0,0,0,0,0,0,0,0,0,0,0,0,0,0,0,0
ABLV,0,0,0,0,0,0,0,0,0,0,0,0,0,0,0,0,0,0
ABLVW,0,0,0,0,0,0,0,0,0,0,0,0,0,0,0,0,0,0
ABM,0,0,0,0,0,0,0,0,0,0,0,0,0,0,0,0,0,0
ABNB,1,410,223,1,483,276,0,0,0,0,0,0,0,0,0,0,0,0
ABOS,0,0,0,0,0,0,0,0,0,0,0,0,0,0,0,0,0,0
ABP,0,0,0,0,0,0,0,0,0,0,0,0,0,0,0,0,0,0
ABPWW,0,0,0,0,0,0,0,0,0,0,0,0,0,0,0,0,0,0
ABR,0,0,0,0,0,0,0,0,0,0,0,0,0,0,0,0,0,0
ABT,0,0,0,0,0,0,0,0,0,0,0,0,0,0,0,0,0,0
ABTS,0,0,0,0,0,0,0,0,0,0,0,0,0,0,0,0,0,0
ABUS,0,0,0,0,0,0,0,0,0,0,0,0,0,0,0,0,0,0
ABVC,0,0,0,0,0,0,0,0,0,0,0,0,0,0,0,0,0,0
ABVE,0,0,0,0,0,0,0,0,0,0,0,0,0,0,0,0,0,0
ABVEW,0,0,0,0,0,0,0,0,0,0,0,0,0,0,0,0,0,0
ABVX,0,0,0,0,0,0,0,0,0,0,0,0,0,0,0,1,3,1
AC,1,0,5,1,3,5,1,10,23,1,19,46,1,21,48,0,0,0
ACA,0,0,0,0,0,0,0,0,0,0,0,0,0,0,0,0,0,0
ACAD,0,0,0,0,0,0,0,0,0,0,0,0,0,0,0,0,0,0
ACB,0,0,0,0,0,0,0,0,0,0,0,0,0,0,0,0,0,0
ACCO,0,0,0,0,0,0,0,0,0,0,0,0,0,0,0,0,0,0
ACCS,0,0,0,0,0,0,0,0,0,0,0,0,0,0,0,0,0,0
ACDC,0,0,0,0,0,0,0,0,0,0,0,0,0,0,0,0,0,0
ACEL,0,0,0,0,0,0,0,0,0,0,0,0,0,0,0,0,0,0
ACET,0,0,0,0,0,0,0,0,0,0,0,0,0,0,0,0,0,0
ACGL,0,0,0,0,0,0,0,0,0,0,0,0,0,0,0,0,0,0
ACGLN,0,0,0,0,0,0,0,0,0,0,0,0,0,0,0,0,0,0
ACGLO,0,0,0,0,0,0,0,0,0,0,0,0,0,0,0,0,0,0
ACHC,0,0,0,0,0,0,0,0,0,0,0,0,0,0,0,0,0,0
ACHR,0,0,0,0,0,0,0,0,0,0,0,0,0,0,0,0,0,0
ACHV,0,0,0,0,0,0,0,0,0,0,0,0,0,0,0,0,0,0
ACI,0,0,0,0,0,0,0,0,0,0,0,0,0,0,0,0,0,0
ACIC,0,0,0,0,0,0,0,0,0,0,0,0,0,0,0,0,0,0
ACIU,0,0,0,0,0,0,0,0,0,0,0,0,0,0,0,0,0,0
ACIW,0,0,0,0,0,0,0,0,0,0,0,0,0,0,0,0,0,0
ACLS,0,0,0,0,0,0,0,0,0,0,0,0,0,0,0,0,0,0
ACLX,0,0,0,0,0,0,0,0,0,0,0,0,0,0,0,0,0,0
ACM,0,0,0,0,0,0,0,0,0,0,0,0,0,0,0,0,0,0
ACMR,0,0,0,0,0,0,0,0,0,0,0,0,0,0,0,0,0,0
ACN,0,0,0,0,0,0,0,0,0,0,0,0,0,0,0,0,0,0
ACNB,0,0,0,0,0,0,0,0,0,0,0,0,0,0,0,0,0,0
ACNT,0,0,0,0,0,0,0,0,0,0,0,0,0,0,0,0,0,0
ACOG,0,0,0,0,0,0,0,0,0,0,0,0,0,0,0,0,0,0
ACON,0,0,0,0,0,0,0,0,0,0,0,0,0,0,0,0,0,0
ACONW,0,0,0,0,0,0,0,0,0,0,0,0,0,0,0,0,0,0
ACP,0,0,0,0,0,0,0,0,0,0,0,0,0,0,0,0,0,0
ACR,0,0,0,0,0,0,0,0,0,0,0,0,0,0,0,0,0,0
ACRS,0,0,0,0,0,0,0,0,0,0,0,0,0,0,0,0,0,0
ACRV,0,0,0,0,0,0,0,0,0,0,0,0,0,0,0,0,0,0
ACTG,0,0,0,0,0,0,0,0,0,0,0,0,0,0,0,0,0,0
ACU,0,0,0,0,0,0,0,0,0,0,0,0,0,0,0,0,0,0
ACV,0,0,0,0,0,0,0,0,0,0,0,0,0,0,0,0,0,0
ACVA,0,0,0,0,0,0,0,0,0,0,0,0,0,0,0,0,0,0
ACXP,0,0,0,0,0,0,0,0,0,0,0,0,0,0,0,0,0,0
ADAG,0,0,0,0,0,0,0,0,0,0,0,0,0,0,0,0,0,0
ADAP,4,18,11,2,6,8,2,8,8,2,7,8,2,8,8,0,0,0
ADBE,0,0,0,0,0,0,0,0,0,0,0,0,0,0,0,0,0,0
ADC,0,0,0,0,0,0,0,0,0,0,0,0,0,0,0,0,0,0
ADCT,0,0,0,0,0,0,0,0,0,0,0,0,0,0,0,0,0,0
ADEA,0,0,0,0,0,0,0,0,0,0,0,0,0,0,0,0,0,0
ADGM,0,0,0,0,0,0,0,0,0,0,0,0,0,0,0,0,0,0
ADI,0,0,0,0,0,0,0,0,0,0,0,0,0,0,0,0,0,0
ADIL,2,64,25,2,65,25,2,77,140,2,105,182,2,117,198,0,0,0
ADM,0,0,0,0,0,0,0,0,0,0,0,0,0,0,0,0,0,0
ADMA,0,0,0,0,0,0,0,0,0,0,0,0,0,0,0,0,0,0
ADN,0,0,0,0,0,0,0,0,0,0,0,0,0,0,0,0,0,0
ADNT,0,0,0,0,0,0,0,0,0,0,0,0,0,0,0,0,0,0
ADNWW,0,0,0,0,0,0,0,0,0,0,0,0,0,0,0,0,0,0
ADP,1,1,4,1,7,7,1,5,7,1,6,7,1,5,11,0,0,0
ADPT,0,0,0,0,0,0,0,0,0,0,0,0,0,0,0,0,0,0
ADSE,0,0,0,0,0,0,0,0,0,0,0,0,0,0,0,0,0,0
ADSEW,0,0,0,0,0,0,0,0,0,0,0,0,0,0,0,0,0,0
ADSK,0,0,0,0,0,0,0,0,0,0,0,0,0,0,0,0,0,0
ADT,0,0,0,0,0,0,0,0,0,0,0,0,0,0,0,0,0,0
ADTN,0,0,0,0,0,0,0,0,0,0,0,0,0,0,0,0,0,0
ADTX,0,0,0,0,0,0,0,0,0,0,0,0,0,0,0,0,0,0
ADUR,0,0,0,0,0,0,0,0,0,0,0,0,0,0,0,0,0,0
ADUS,0,0,0,0,0,0,0,0,0,0,0,0,0,0,0,0,0,0
ADV,0,0,0,0,0,0,0,0,0,0,0,0,0,0,0,0,0,0
ADVB,0,0,0,0,0,0,0,0,0,0,0,0,0,0,0,0,0,0
ADVM,0,0,0,0,0,0,0,0,0,0,0,0,0,0,0,0,0,0
ADVWW,0,0,0,0,0,0,0,0,0,0,0,0,0,0,0,0,0,0
ADX,0,0,0,0,0,0,0,0,0,0,0,0,0,0,0,0,0,0
ADXN,0,0,0,0,0,0,0,0,0,0,0,0,0,0,0,0,0,0
AEBI,0,0,0,0,0,0,0,0,0,0,0,0,0,0,0,0,0,0
AEE,0,0,0,0,0,0,0,0,0,0,0,0,0,0,0,0,0,0
AEF,0,0,0,0,0,0,0,0,0,0,0,0,0,0,0,0,0,0
AEFC,0,0,0,0,0,0,0,0,0,0,0,0,0,0,0,0,0,0
AEG,0,0,0,0,0,0,0,0,0,0,0,0,0,0,0,0,0,0
AEHL,0,0,0,0,0,0,0,0,0,0,0,0,0,0,0,0,0,0
AEHR,0,0,0,0,0,0,0,0,0,0,0,0,0,0,0,0,0,0
AEI,0,0,0,0,0,0,0,0,0,0,0,0,0,0,0,0,0,0
AEIS,0,0,0,0,0,0,0,0,0,0,0,0,0,0,0,0,0,0
AEM,0,0,0,0,0,0,0,0,0,0,0,0,0,0,0,0,0,0
AEMD,0,0,0,0,0,0,0,0,0,0,0,0,0,0,0,0,0,0
AENT,0,0,0,0,0,0,0,0,0,0,0,0,0,0,0,0,0,0
AENTW,0,0,0,0,0,0,0,0,0,0,0,0,0,0,0,0,0,0
AEO,0,0,0,0,0,0,0,0,0,1,47,20,1,56,21,0,0,0
AEP,0,0,0,0,0,0,0,0,0,0,0,0,0,0,0,0,0,0
AERT,0,0,0,0,0,0,0,0,0,0,0,0,0,0,0,0,0,0
AERTW,0,0,0,0,0,0,0,0,0,0,0,0,0,0,0,0,0,0
AESI,0,0,0,0,0,0,0,0,0,0,0,0,0,0,0,0,0,0
AEVA,0,0,0,0,0,0,0,0,0,0,0,0,0,0,0,0,0,0
AEVAW,0,0,0,0,0,0,0,0,0,0,0,0,0,0,0,0,0,0
AEYE,1,0,1,0,0,0,0,0,0,0,0,0,0,0,0,0,0,0
AFB,0,0,0,0,0,0,0,0,0,0,0,0,0,0,0,0,0,0
AFBI,0,0,0,0,0,0,0,0,0,0,0,0,0,0,0,0,0,0
AFCG,0,0,0,0,0,0,0,0,0,0,0,0,0,0,0,0,0,0
AFG,0,0,0,0,0,0,0,0,0,0,0,0,0,0,0,0,0,0
AFGB,0,0,0,0,0,0,0,0,0,0,0,0,0,0,0,0,0,0
AFGC,0,0,0,0,0,0,0,0,0,0,0,0,0,0,0,0,0,0
AFGD,0,0,0,0,0,0,0,0,0,0,0,0,0,0,0,0,0,0
AFGE,0,0,0,0,0,0,0,0,0,0,0,0,0,0,0,0,0,0
AFJKR,0,0,0,0,0,0,0,0,0,0,0,0,0,0,0,0,0,0
AFL,0,0,0,0,0,0,0,0,0,0,0,0,0,0,0,0,0,0
AFRI,0,0,0,0,0,0,0,0,0,0,0,0,0,0,0,0,0,0
AFRIW,0,0,0,0,0,0,0,0,0,0,0,0,0,0,0,0,0,0
AFRM,0,0,0,0,0,0,0,0,0,0,0,0,0,0,0,0,0,0
AFYA,0,0,0,0,0,0,0,0,0,0,0,0,0,0,0,0,0,0
AG,0,0,0,0,0,0,0,0,0,0,0,0,0,0,0,0,0,0
AGAE,0,0,0,0,0,0,0,0,0,0,0,0,0,0,0,0,0,0
AGCO,0,0,0,0,0,0,0,0,0,0,0,0,0,0,0,0,0,0
AGD,0,0,0,0,0,0,0,0,0,0,0,0,0,0,0,0,0,0
AGFY,0,0,0,0,0,0,0,0,0,0,0,0,0,0,0,0,0,0
AGH,0,0,0,0,0,0,0,0,0,0,0,0,0,0,0,0,0,0
AGI,1,52,32,1,174,85,0,0,0,0,0,0,0,0,0,0,0,0
AGL,0,0,0,0,0,0,0,0,0,0,0,0,0,0,0,0,0,0
AGM,0,0,0,1,2,1,1,3,1,0,0,0,0,0,0,0,0,0
AGMH,0,0,0,0,0,0,0,0,0,0,0,0,0,0,0,0,0,0
AGNC,0,0,0,0,0,0,0,0,0,0,0,0,0,0,0,0,0,0
AGNCL,0,0,0,0,0,0,0,0,0,0,0,0,0,0,0,0,0,0
AGNCM,0,0,0,0,0,0,0,0,0,0,0,0,0,0,0,0,0,0
AGNCN,0,0,0,0,0,0,0,0,0,0,0,0,0,0,0,0,0,0
AGNCO,0,0,0,0,0,0,0,0,0,0,0,0,0,0,0,0,0,0
AGNCP,0,0,0,0,0,0,0,0,0,0,0,0,0,0,0,0,0,0
AGRI,0,0,0,0,0,0,0,0,0,0,0,0,0,0,0,0,0,0
AGRO,0,0,0,0,0,0,0,0,0,0,0,0,0,0,0,0,0,0
AGX,0,0,0,0,0,0,0,0,0,0,0,0,0,0,0,0,0,0
AGYS,0,0,0,0,0,0,0,0,0,0,0,0,0,0,0,0,0,0
AHCO,0,0,0,0,0,0,0,0,0,0,0,0,0,0,0,0,0,0
AHG,0,0,0,0,0,0,0,0,0,0,0,0,0,0,0,0,0,0
AHH,0,0,0,1,0,1,1,3,1,0,0,0,0,0,0,0,0,0
AHL,0,0,0,0,0,0,0,0,0,0,0,0,0,0,0,0,0,0
AHR,0,0,0,0,0,0,0,0,0,0,0,0,0,0,0,1,3,1
AIFE,0,0,0,0,0,0,0,0,0,0,0,0,0,0,0,0,0,0
AIFER,0,0,0,0,0,0,0,0,0,0,0,0,0,0,0,0,0,0
AIFF,0,0,0,0,0,0,0,0,0,0,0,0,0,0,0,0,0,0
AIFU,0,0,0,0,0,0,0,0,0,0,0,0,0,0,0,0,0,0
AIG,0,0,0,0,0,0,0,0,0,0,0,0,0,0,0,0,0,0
AIHS,0,0,0,0,0,0,0,0,0,0,0,0,0,0,0,0,0,0
AII,0,0,0,0,0,0,0,0,0,0,0,0,0,0,0,0,0,0
AIMD,0,0,0,0,0,0,0,0,0,0,0,0,0,0,0,0,0,0
AIMDW,0,0,0,0,0,0,0,0,0,0,0,0,0,0,0,0,0,0
AIN,1,23,9,2,131,27,1,91,14,0,0,0,2,345,119,0,0,0
AIO,0,0,0,0,0,0,0,0,0,0,0,0,0,0,0,0,0,0
AIOT,0,0,0,0,0,0,0,0,0,0,0,0,0,0,0,0,0,0
AIP,0,0,0,0,0,0,0,0,0,0,0,0,0,0,0,0,0,0
AIRG,0,0,0,0,0,0,0,0,0,0,0,0,0,0,0,0,0,0
AIRI,0,0,0,0,0,0,0,0,0,0,0,0,0,0,0,0,0,0
AIRJ,0,0,0,0,0,0,0,0,0,0,0,0,0,0,0,0,0,0
AIRJW,0,0,0,0,0,0,0,0,0,0,0,0,0,0,0,0,0,0
AIRO,0,0,0,0,0,0,0,0,0,0,0,0,0,0,0,0,0,0
AIRS,0,0,0,0,0,0,0,0,0,0,0,0,0,0,0,0,0,0
AIRTP,0,0,0,0,0,0,0,0,0,0,0,0,0,0,0,0,0,0
AISP,0,0,0,0,0,0,0,0,0,0,0,0,0,0,0,0,0,0
AISPW,0,0,0,0,0,0,0,0,0,0,0,0,0,0,0,0,0,0
AIV,0,0,0,0,0,0,0,0,0,0,0,0,0,0,0,0,0,0
AIXI,0,0,0,0,0,0,0,0,0,0,0,0,0,0,0,0,0,0
AIZ,0,0,0,0,0,0,0,0,0,0,0,0,0,0,0,0,0,0
AIZN,0,0,0,0,0,0,0,0,0,0,0,0,0,0,0,0,0,0
AJG,0,0,0,0,0,0,0,0,0,0,0,0,0,0,0,0,0,0
AKAM,0,0,0,0,0,0,0,0,0,0,0,0,0,0,0,0,0,0
AKBA,0,0,0,0,0,0,0,0,0,0,0,0,0,0,0,0,0,0
AKR,0,0,0,0,0,0,0,0,0,0,0,0,0,0,0,0,0,0
AKRO,0,0,0,0,0,0,0,0,0,0,0,0,0,0,0,0,0,0
AKTX,0,0,0,0,0,0,0,0,0,0,0,0,0,0,0,0,0,0
ALAB,0,0,0,0,0,0,0,0,0,0,0,0,0,0,0,0,0,0
ALBT,0,0,0,0,0,0,0,0,0,0,0,0,0,0,0,0,0,0
ALC,0,0,0,0,0,0,0,0,0,0,0,0,0,0,0,0,0,0
ALCY,0,0,0,0,0,0,0,0,0,0,0,0,0,0,0,0,0,0
ALDF,0,0,0,0,0,0,0,0,0,0,0,0,0,0,0,0,0,0
ALDFU,0,0,0,0,0,0,0,0,0,0,0,0,0,0,0,0,0,0
ALDFW,0,0,0,0,0,0,0,0,0,0,0,0,0,0,0,0,0,0
ALDX,0,0,0,0,0,0,0,0,0,0,0,0,0,0,0,0,0,0
ALFUU,0,0,0,0,0,0,0,0,0,0,0,0,0,0,0,0,0,0
ALFUW,0,0,0,0,0,0,0,0,0,0,0,0,0,0,0,0,0,0
ALG,0,0,0,0,0,0,0,0,0,0,0,0,0,0,0,0,0,0
ALGM,0,0,0,0,0,0,0,0,0,0,0,0,0,0,0,0,0,0
ALGN,0,0,0,0,0,0,0,0,0,0,0,0,1,18,10,0,0,0
ALGS,0,0,0,0,0,0,0,0,0,0,0,0,0,0,0,0,0,0
ALGT,0,0,0,0,0,0,0,0,0,0,0,0,0,0,0,0,0,0
ALHC,0,0,0,0,0,0,0,0,0,0,0,0,0,0,0,0,0,0
ALKS,0,0,0,0,0,0,0,0,0,0,0,0,0,0,0,0,0,0
ALKT,0,0,0,0,0,0,0,0,0,0,0,0,0,0,0,0,0,0
ALLO,0,0,0,0,0,0,0,0,0,0,0,0,0,0,0,0,0,0
ALLR,0,0,0,0,0,0,0,0,0,0,0,0,0,0,0,0,0,0
ALLT,0,0,0,0,0,0,0,0,0,0,0,0,0,0,0,0,0,0
ALM,0,0,0,0,0,0,0,0,0,0,0,0,0,0,0,0,0,0
ALMU,0,0,0,0,0,0,0,0,0,0,0,0,0,0,0,0,0,0
ALNT,0,0,0,0,0,0,0,0,0,0,0,0,0,0,0,0,0,0
ALNY,0,0,0,0,0,0,0,0,0,0,0,0,0,0,0,0,0,0
ALOT,0,0,0,0,0,0,1,3,3,1,28,18,1,35,19,0,0,0
ALRM,0,0,0,0,0,0,0,0,0,0,0,0,0,0,0,0,0,0
ALRS,0,0,0,0,0,0,0,0,0,0,0,0,0,0,0,0,0,0
ALSN,0,0,0,0,0,0,0,0,0,0,0,0,0,0,0,0,0,0
ALTG,0,0,0,0,0,0,0,0,0,0,0,0,0,0,0,0,0,0
ALTI,0,0,0,0,0,0,0,0,0,0,0,0,0,0,0,0,0,0
ALTS,0,0,0,0,0,0,0,0,0,0,0,0,0,0,0,0,0,0
ALV,0,0,0,0,0,0,0,0,0,0,0,0,0,0,0,0,0,0
ALVO,0,0,0,0,0,0,0,0,0,0,0,0,0,0,0,0,0,0
ALVOW,0,0,0,0,0,0,0,0,0,0,0,0,0,0,0,0,0,0
ALX,0,0,0,0,0,0,0,0,0,0,0,0,0,0,0,0,0,0
ALXO,0,0,0,0,0,0,0,0,0,0,0,0,0,0,0,0,0,0
ALZN,0,0,0,0,0,0,0,0,0,0,0,0,0,0,0,0,0,0
AMAL,0,0,0,0,0,0,0,0,0,0,0,0,0,0,0,0,0,0
AMAT,0,0,0,0,0,0,0,0,0,0,0,0,0,0,0,0,0,0
AMBC,0,0,0,0,0,0,0,0,0,0,0,0,0,0,0,0,0,0
AMBI,0,0,0,0,0,0,0,0,0,0,0,0,0,0,0,0,0,0
AMBP,0,0,0,0,0,0,0,0,0,0,0,0,0,0,0,0,0,0
AMBR,0,0,0,0,0,0,0,0,0,0,0,0,0,0,0,0,0,0
AMC,0,0,0,0,0,0,0,0,0,1,5,2,0,0,0,0,0,0
AMCR,0,0,0,0,0,0,0,0,0,0,0,0,0,0,0,0,0,0
AMCX,0,0,0,0,0,0,0,0,0,0,0,0,0,0,0,0,0,0
AMD,8,9400,728,8,2679,380,6,234,87,2,23,6,3,270,87,2,9,9
AMED,0,0,0,0,0,0,0,0,0,0,0,0,0,0,0,0,0,0
AMG,0,0,0,0,0,0,0,0,0,0,0,0,0,0,0,0,0,0
AMGN,0,0,0,0,0,0,0,0,0,0,0,0,0,0,0,0,0,0
AMH,0,0,0,0,0,0,0,0,0,0,0,0,0,0,0,0,0,0
AMIX,0,0,0,0,0,0,0,0,0,0,0,0,0,0,0,0,0,0
AMKR,0,0,0,0,0,0,0,0,0,0,0,0,0,0,0,0,0,0
AMLX,0,0,0,0,0,0,0,0,0,0,0,0,0,0,0,0,0,0
AMN,0,0,0,0,0,0,0,0,0,0,0,0,0,0,0,0,0,0
AMOD,0,0,0,0,0,0,0,0,0,0,0,0,0,0,0,0,0,0
AMODW,0,0,0,0,0,0,0,0,0,0,0,0,0,0,0,0,0,0
AMP,0,0,0,0,0,0,0,0,0,0,0,0,0,0,0,1,4,3
AMPG,0,0,0,0,0,0,0,0,0,0,0,0,0,0,0,0,0,0
AMPGW,0,0,0,0,0,0,0,0,0,0,0,0,0,0,0,0,0,0
AMPH,0,0,0,0,0,0,0,0,0,0,0,0,0,0,0,0,0,0
AMPL,0,0,0,0,0,0,0,0,0,0,0,0,0,0,0,0,0,0
AMPX,0,0,0,0,0,0,0,0,0,0,0,0,0,0,0,0,0,0
AMPY,0,0,0,0,0,0,0,0,0,0,0,0,0,0,0,0,0,0
AMR,0,0,0,0,0,0,0,0,0,0,0,0,0,0,0,0,0,0
AMRC,0,0,0,0,0,0,0,0,0,0,0,0,0,0,0,0,0,0
AMRK,0,0,0,0,0,0,0,0,0,0,0,0,0,0,0,0,0,0
AMRN,0,0,0,0,0,0,0,0,0,0,0,0,0,0,0,0,0,0
AMRX,0,0,0,0,0,0,0,0,0,0,0,0,0,0,0,0,0,0
AMRZ,0,0,0,0,0,0,0,0,0,0,0,0,0,0,0,0,0,0
AMS,0,0,0,0,0,0,0,0,0,0,0,0,0,0,0,0,0,0
AMSC,0,0,0,0,0,0,0,0,0,0,0,0,0,0,0,0,0,0
AMSF,0,0,0,0,0,0,0,0,0,0,0,0,0,0,0,0,0,0
AMST,0,0,0,0,0,0,0,0,0,0,0,0,0,0,0,0,0,0
AMTB,0,0,0,0,0,0,0,0,0,0,0,0,0,0,0,0,0,0
AMTD,0,0,0,0,0,0,0,0,0,0,0,0,0,0,0,0,0,0
AMTM,0,0,0,0,0,0,0,0,0,0,0,0,0,0,0,0,0,0
AMTX,0,0,0,0,0,0,0,0,0,0,0,0,0,0,0,0,0,0
AMWD,0,0,0,0,0,0,0,0,0,0,0,0,0,0,0,0,0,0
AMWL,0,0,0,0,0,0,0,0,0,0,0,0,0,0,0,0,0,0
AMX,0,0,0,0,0,0,0,0,0,0,0,0,0,0,0,0,0,0
AMZE,0,0,0,0,0,0,0,0,0,0,0,0,0,0,0,0,0,0
AMZN,1,296,64,2,29,16,4,72,26,3,5,39,4,17,74,2,469,152
ANAB,0,0,0,0,0,0,0,0,0,0,0,0,0,0,0,0,0,0
ANEB,0,0,0,0,0,0,0,0,0,0,0,0,0,0,0,0,0,0
ANET,0,0,0,0,0,0,0,0,0,0,0,0,0,0,0,0,0,0
ANF,0,0,0,0,0,0,0,0,0,0,0,0,0,0,0,0,0,0
ANGH,0,0,0,0,0,0,0,0,0,0,0,0,0,0,0,0,0,0
ANGHW,0,0,0,0,0,0,0,0,0,0,0,0,0,0,0,0,0,0
ANGI,0,0,0,0,0,0,0,0,0,0,0,0,0,0,0,0,0,0
ANIK,0,0,0,0,0,0,0,0,0,0,0,0,0,0,0,0,0,0
ANIP,0,0,0,0,0,0,0,0,0,0,0,0,0,0,0,0,0,0
ANIX,0,0,0,0,0,0,0,0,0,0,0,0,0,0,0,0,0,0
ANL,0,0,0,0,0,0,0,0,0,0,0,0,0,0,0,0,0,0
ANNAW,0,0,0,0,0,0,0,0,0,0,0,0,0,0,0,0,0,0
ANNX,0,0,0,0,0,0,0,0,0,0,0,0,0,0,0,0,0,0
ANPA,0,0,0,0,0,0,0,0,0,0,0,0,0,0,0,0,0,0
ANRO,0,0,0,0,0,0,0,0,0,0,0,0,0,0,0,0,0,0
ANSC,0,0,0,0,0,0,0,0,0,0,0,0,0,0,0,0,0,0
ANSCW,0,0,0,0,0,0,0,0,0,0,0,0,0,0,0,0,0,0
ANTX,0,0,0,0,0,0,0,0,0,0,0,0,0,0,0,0,0,0
ANVS,1,5,8,0,0,0,0,0,0,0,0,0,0,0,0,0,0,0
AOD,0,0,0,0,0,0,0,0,0,0,0,0,0,0,0,0,0,0
AOMD,0,0,0,0,0,0,0,0,0,0,0,0,0,0,0,0,0,0
AOMN,0,0,0,0,0,0,0,0,0,0,0,0,0,0,0,0,0,0
AOMR,0,0,0,0,0,0,0,0,0,0,0,0,0,0,0,0,0,0
AON,0,0,0,0,0,0,0,0,0,0,0,0,0,0,0,0,0,0
AORT,0,0,0,0,0,0,0,0,0,0,0,0,0,0,0,0,0,0
AOS,0,0,0,0,0,0,0,0,0,0,0,0,0,0,0,0,0,0
AOSL,0,0,0,0,0,0,0,0,0,0,0,0,0,0,0,0,0,0
AOUT,0,0,0,0,0,0,0,0,0,0,0,0,0,0,0,0,0,0
AP,0,0,0,0,0,0,0,0,0,0,0,0,0,0,0,0,0,0
APAM,0,0,0,0,0,0,0,0,0,0,0,0,0,0,0,0,0,0
APD,0,0,0,0,0,0,0,0,0,0,0,0,0,0,0,0,0,0
APDN,0,0,0,0,0,0,0,0,0,0,0,0,0,0,0,0,0,0
APEI,0,0,0,0,0,0,0,0,0,0,0,0,0,0,0,0,0,0
APG,0,0,0,0,0,0,0,0,0,0,0,0,0,0,0,0,0,0
APGE,0,0,0,0,0,0,0,0,0,0,0,0,0,0,0,0,0,0
APH,0,0,0,0,0,0,0,0,0,0,0,0,0,0,0,0,0,0
API,0,0,0,1,0,1,1,3,1,0,0,0,1,2,4,0,0,0
APLD,0,0,0,0,0,0,3,546,161,2,8,10,2,13,13,0,0,0
APLE,0,0,0,0,0,0,0,0,0,0,0,0,0,0,0,0,0,0
APLM,0,0,0,0,0,0,0,0,0,0,0,0,0,0,0,0,0,0
APLMW,0,0,0,0,0,0,0,0,0,0,0,0,0,0,0,0,0,0
APLS,0,0,0,0,0,0,0,0,0,0,0,0,0,0,0,0,0,0
APLT,0,0,0,0,0,0,0,0,0,0,0,0,0,0,0,0,0,0
APM,0,0,0,0,0,0,0,0,0,0,0,0,0,0,0,0,0,0
APO,0,0,0,0,0,0,0,0,0,0,0,0,0,0,0,0,0,0
APOG,0,0,0,0,0,0,0,0,0,0,0,0,0,0,0,0,0,0
APOS,0,0,0,0,0,0,0,0,0,0,0,0,0,0,0,0,0,0
APP,0,0,0,1,3,3,2,11,36,0,0,0,2,108,50,0,0,0
APPF,0,0,0,0,0,0,0,0,0,0,0,0,0,0,0,0,0,0
APPN,0,0,0,0,0,0,0,0,0,0,0,0,0,0,0,0,0,0
APPS,1,15,12,2,19,24,2,21,26,1,19,14,1,20,15,0,0,0
APRE,0,0,0,0,0,0,0,0,0,0,0,0,0,0,0,0,0,0
APTV,0,0,0,0,0,0,0,0,0,0,0,0,0,0,0,0,0,0
APVO,0,0,0,0,0,0,0,0,0,0,0,0,0,0,0,0,0,0
APWC,0,0,0,0,0,0,0,0,0,0,0,0,0,0,0,0,0,0
APYX,0,0,0,0,0,0,0,0,0,0,0,0,0,0,0,0,0,0
AQB,0,0,0,0,0,0,0,0,0,0,0,0,0,0,0,0,0,0
AQMS,0,0,0,0,0,0,0,0,0,0,0,0,0,0,0,0,0,0
AQN,0,0,0,0,0,0,0,0,0,0,0,0,0,0,0,0,0,0
AQNB,0,0,0,0,0,0,0,0,0,0,0,0,0,0,0,0,0,0
AQST,0,0,0,0,0,0,0,0,0,0,0,0,0,0,0,0,0,0
ARAI,0,0,0,0,0,0,0,0,0,0,0,0,0,0,0,0,0,0
ARAY,0,0,0,0,0,0,0,0,0,0,0,0,0,0,0,0,0,0
ARBB,0,0,0,0,0,0,0,0,0,0,0,0,0,0,0,0,0,0
ARBE,0,0,0,0,0,0,0,0,0,0,0,0,0,0,0,0,0,0
ARBEW,0,0,0,0,0,0,0,0,0,0,0,0,0,0,0,0,0,0
ARBK,0,0,0,0,0,0,0,0,0,0,0,0,0,0,0,0,0,0
ARBKL,0,0,0,0,0,0,0,0,0,0,0,0,0,0,0,0,0,0
ARCB,0,0,0,0,0,0,0,0,0,0,0,0,0,0,0,0,0,0
ARCC,0,0,0,0,0,0,0,0,0,0,0,0,0,0,0,0,0,0
ARCO,0,0,0,0,0,0,0,0,0,0,0,0,0,0,0,0,0,0
ARCT,0,0,0,0,0,0,0,0,0,0,0,0,0,0,0,0,0,0
ARDC,0,0,0,0,0,0,0,0,0,0,0,0,0,0,0,0,0,0
ARDT,0,0,0,0,0,0,0,0,0,0,0,0,0,0,0,0,0,0
ARDX,0,0,0,0,0,0,0,0,0,0,0,0,0,0,0,0,0,0
AREB,0,0,0,0,0,0,0,0,0,0,0,0,0,0,0,0,0,0
AREBW,0,0,0,0,0,0,0,0,0,0,0,0,0,0,0,0,0,0
AREC,0,0,0,0,0,0,0,0,0,0,0,0,0,0,0,0,0,0
AREN,6,215,151,7,287,263,3,246,197,3,19,17,4,22,21,2,8,13
ARES,0,0,0,0,0,0,0,0,0,0,0,0,0,0,0,0,0,0
ARGD,0,0,0,0,0,0,0,0,0,0,0,0,0,0,0,0,0,0
ARGX,0,0,0,0,0,0,0,0,0,0,0,0,0,0,0,0,0,0
ARHS,0,0,0,0,0,0,0,0,0,0,0,0,0,0,0,0,0,0
ARI,0,0,0,0,0,0,0,0,0,0,0,0,0,0,0,0,0,0
ARIS,0,0,0,0,0,0,0,0,0,0,0,0,0,0,0,0,0,0
ARKO,0,0,0,0,0,0,0,0,0,0,0,0,0,0,0,0,0,0
ARKOW,0,0,0,0,0,0,0,0,0,0,0,0,0,0,0,0,0,0
ARKR,0,0,0,0,0,0,0,0,0,0,0,0,0,0,0,0,0,0
ARL,0,0,0,0,0,0,0,0,0,0,0,0,0,0,0,0,0,0
ARLO,0,0,0,0,0,0,0,0,0,0,0,0,0,0,0,0,0,0
ARLP,0,0,0,0,0,0,0,0,0,0,0,0,0,0,0,0,0,0
ARMK,0,0,0,0,0,0,0,0,0,0,0,0,0,0,0,0,0,0
ARMN,0,0,0,0,0,0,0,0,0,0,0,0,0,0,0,0,0,0
ARMP,0,0,0,0,0,0,0,0,0,0,0,0,0,0,0,0,0,0
AROC,0,0,0,0,0,0,0,0,0,0,0,0,1,12,2,0,0,0
ARQ,0,0,0,0,0,0,0,0,0,0,0,0,0,0,0,0,0,0
ARQQ,0,0,0,0,0,0,0,0,0,0,0,0,0,0,0,0,0,0
ARQQW,0,0,0,0,0,0,0,0,0,0,0,0,0,0,0,0,0,0
ARQT,0,0,0,0,0,0,0,0,0,0,0,0,0,0,0,0,0,0
ARR,0,0,0,0,0,0,0,0,0,0,0,0,0,0,0,0,0,0
ARTL,0,0,0,0,0,0,0,0,0,0,0,0,0,0,0,0,0,0
ARTNA,0,0,0,0,0,0,0,0,0,0,0,0,0,0,0,0,0,0
ARTV,0,0,0,0,0,0,0,0,0,0,0,0,0,0,0,0,0,0
ARTW,0,0,0,0,0,0,0,0,0,0,0,0,0,0,0,0,0,0
ARVN,0,0,0,0,0,0,0,0,0,0,0,0,0,0,0,0,0,0
ARW,0,0,0,0,0,0,0,0,0,0,0,0,0,0,0,0,0,0
ARWR,0,0,0,0,0,0,0,0,0,0,0,0,0,0,0,0,0,0
ASAN,0,0,0,0,0,0,0,0,0,0,0,0,0,0,0,0,0,0
ASB,0,0,0,0,0,0,0,0,0,0,0,0,0,0,0,0,0,0
ASBA,0,0,0,0,0,0,0,0,0,0,0,0,0,0,0,0,0,0
ASBP,1,1,2,1,4,2,0,0,0,0,0,0,0,0,0,0,0,0
ASBPW,0,0,0,0,0,0,0,0,0,0,0,0,0,0,0,0,0,0
ASC,0,0,0,0,0,0,0,0,0,0,0,0,0,0,0,0,0,0
ASG,0,0,0,0,0,0,0,0,0,0,0,0,0,0,0,0,0,0
ASGI,0,0,0,0,0,0,0,0,0,0,0,0,0,0,0,0,0,0
ASGN,0,0,0,0,0,0,0,0,0,0,0,0,0,0,0,0,0,0
ASIC,0,0,0,0,0,0,0,0,0,0,0,0,0,0,0,0,0,0
ASIX,0,0,0,0,0,0,0,0,0,0,0,0,0,0,0,0,0,0
ASLE,0,0,0,0,0,0,0,0,0,0,0,0,0,0,0,0,0,0
ASM,0,0,0,0,0,0,0,0,0,0,0,0,0,0,0,0,0,0
ASMB,0,0,0,0,0,0,0,0,0,0,0,0,0,0,0,0,0,0
ASML,1,98,16,1,94,16,0,0,0,0,0,0,0,0,0,0,0,0
ASND,0,0,0,0,0,0,0,0,0,0,0,0,0,0,0,0,0,0
ASNS,0,0,0,0,0,0,0,0,0,0,0,0,0,0,0,0,0,0
ASO,0,0,0,0,0,0,0,0,0,0,0,0,0,0,0,0,0,0
ASPC,0,0,0,0,0,0,0,0,0,0,0,0,0,0,0,0,0,0
ASPCR,0,0,0,0,0,0,0,0,0,0,0,0,0,0,0,0,0,0
ASPCU,0,0,0,0,0,0,0,0,0,0,0,0,0,0,0,0,0,0
ASPI,2,1,11,2,5,11,1,2,6,0,0,0,0,0,0,0,0,0
ASPN,0,0,0,0,0,0,0,0,0,0,0,0,0,0,0,0,0,0
ASPS,0,0,0,0,0,0,0,0,0,0,0,0,0,0,0,0,0,0
ASPSW,0,0,0,0,0,0,0,0,0,0,0,0,0,0,0,0,0,0
ASPSZ,0,0,0,0,0,0,0,0,0,0,0,0,0,0,0,0,0,0
ASR,0,0,0,0,0,0,0,0,0,0,0,0,0,0,0,0,0,0
ASRT,0,0,0,0,0,0,0,0,0,0,0,0,0,0,0,0,0,0
ASRV,0,0,0,0,0,0,0,0,0,0,0,0,0,0,0,0,0,0
ASST,0,0,0,0,0,0,0,0,0,0,0,0,0,0,0,0,0,0
ASTC,0,0,0,0,0,0,0,0,0,0,0,0,0,0,0,0,0,0
ASTE,0,0,0,0,0,0,0,0,0,0,0,0,0,0,0,0,0,0
ASTH,0,0,0,0,0,0,0,0,0,0,0,0,0,0,0,0,0,0
ASTI,0,0,0,0,0,0,0,0,0,0,0,0,0,0,0,0,0,0
ASTL,0,0,0,0,0,0,0,0,0,0,0,0,0,0,0,0,0,0
ASTLW,0,0,0,0,0,0,0,0,0,0,0,0,0,0,0,0,0,0
ASTS,1,20,23,1,80,33,1,91,37,0,0,0,0,0,0,0,0,0
ASUR,0,0,0,0,0,0,0,0,0,0,0,0,0,0,0,0,0,0
ASX,1,4,1,1,4,1,0,0,0,0,0,0,0,0,0,0,0,0
ASYS,0,0,0,0,0,0,0,0,0,0,0,0,0,0,0,0,0,0
ATAI,0,0,0,0,0,0,0,0,0,0,0,0,0,0,0,0,0,0
ATAT,0,0,0,0,0,0,0,0,0,0,0,0,0,0,0,0,0,0
ATCH,0,0,0,0,0,0,0,0,0,0,0,0,0,0,0,0,0,0
ATEC,0,0,0,0,0,0,0,0,0,0,0,0,0,0,0,0,0,0
ATER,0,0,0,0,0,0,0,0,0,0,0,0,0,0,0,0,0,0
ATEX,0,0,0,0,0,0,0,0,0,0,0,0,0,0,0,0,0,0
ATGE,0,0,0,0,0,0,0,0,0,0,0,0,0,0,0,0,0,0
ATGL,0,0,0,0,0,0,0,0,0,0,0,0,0,0,0,0,0,0
ATHA,0,0,0,0,0,0,0,0,0,0,0,0,0,0,0,0,0,0
ATHE,0,0,0,0,0,0,0,0,0,0,0,0,0,0,0,0,0,0
ATHM,0,0,0,0,0,0,0,0,0,0,0,0,0,0,0,0,0,0
ATHR,0,0,0,0,0,0,0,0,0,0,0,0,0,0,0,0,0,0
ATHS,1,77,76,1,74,85,0,0,0,0,0,0,0,0,0,0,0,0
ATII,0,0,0,0,0,0,0,0,0,0,0,0,0,0,0,0,0,0
ATIIU,0,0,0,0,0,0,0,0,0,0,0,0,0,0,0,0,0,0
ATIIW,0,0,0,0,0,0,0,0,0,0,0,0,0,0,0,0,0,0
ATKR,0,0,0,0,0,0,0,0,0,0,0,0,0,0,0,0,0,0
ATLC,0,0,0,0,0,0,0,0,0,0,0,0,0,0,0,0,0,0
ATLCL,0,0,0,0,0,0,0,0,0,0,0,0,0,0,0,0,0,0
ATLCP,0,0,0,0,0,0,0,0,0,0,0,0,0,0,0,0,0,0
ATLCZ,0,0,0,0,0,0,0,0,0,0,0,0,0,0,0,0,0,0
ATLN,0,0,0,0,0,0,0,0,0,0,0,0,0,0,0,0,0,0
ATLO,0,0,0,0,0,0,0,0,0,0,0,0,0,0,0,0,0,0
ATLX,0,0,0,0,0,0,0,0,0,0,0,0,0,0,0,0,0,0
ATMC,0,0,0,0,0,0,0,0,0,0,0,0,0,0,0,0,0,0
ATMCR,0,0,0,0,0,0,0,0,0,0,0,0,0,0,0,0,0,0
ATMCW,0,0,0,0,0,0,0,0,0,0,0,0,0,0,0,0,0,0
ATMU,0,0,0,0,0,0,0,0,0,0,0,0,0,0,0,0,0,0
ATMV,0,0,0,0,0,0,0,0,0,0,0,0,0,0,0,0,0,0
ATMVU,0,0,0,0,0,0,0,0,0,0,0,0,0,0,0,0,0,0
ATNF,0,0,0,0,0,0,0,0,0,0,0,0,0,0,0,0,0,0
ATNFW,0,0,0,0,0,0,0,0,0,0,0,0,0,0,0,0,0,0
ATNI,0,0,0,0,0,0,0,0,0,0,0,0,0,0,0,0,0,0
ATNM,0,0,0,0,0,0,0,0,0,0,0,0,0,0,0,0,0,0
ATO,0,0,0,0,0,0,0,0,0,0,0,0,0,0,0,0,0,0
ATOS,0,0,0,0,0,0,0,0,0,0,0,0,0,0,0,0,0,0
ATPC,0,0,0,0,0,0,0,0,0,0,0,0,0,0,0,0,0,0
ATR,0,0,0,0,0,0,0,0,0,0,0,0,0,0,0,0,0,0
ATRA,0,0,0,0,0,0,0,0,0,0,0,0,0,0,0,0,0,0
ATRC,0,0,0,0,0,0,0,0,0,0,0,0,0,0,0,0,0,0
ATRO,0,0,0,0,0,0,0,0,0,0,0,0,0,0,0,0,0,0
ATS,0,0,0,0,0,0,0,0,0,0,0,0,0,0,0,0,0,0
ATUS,0,0,0,0,0,0,0,0,0,0,0,0,0,0,0,0,0,0
ATXG,0,0,0,0,0,0,0,0,0,0,0,0,0,0,0,0,0,0
ATXS,0,0,0,0,0,0,0,0,0,0,0,0,0,0,0,0,0,0
ATYR,1,12,17,0,0,0,0,0,0,0,0,0,0,0,0,1,14,15
AU,2,6,2,1,4,1,0,0,0,0,0,0,0,0,0,0,0,0
AUB,0,0,0,0,0,0,0,0,0,0,0,0,0,0,0,0,0,0
AUBN,0,0,0,0,0,0,0,0,0,0,0,0,0,0,0,0,0,0
AUDC,0,0,0,0,0,0,0,0,0,0,0,0,0,0,0,0,0,0
AUGO,0,0,0,0,0,0,0,0,0,0,0,0,0,0,0,0,0,0
AUID,0,0,0,0,0,0,0,0,0,0,0,0,0,0,0,0,0,0
AUNA,0,0,0,0,0,0,0,0,0,0,0,0,0,0,0,0,0,0
AUPH,0,0,0,0,0,0,0,0,0,0,0,0,0,0,0,0,0,0
AUR,0,0,0,0,0,0,0,0,0,0,0,0,0,0,0,0,0,0
AUROW,0,0,0,0,0,0,0,0,0,0,0,0,0,0,0,0,0,0
AUST,0,0,0,0,0,0,0,0,0,0,0,0,0,0,0,0,0,0
AUTL,0,0,0,0,0,0,0,0,0,0,0,0,0,0,0,0,0,0
AUUD,0,0,0,0,0,0,0,0,0,0,0,0,0,0,0,0,0,0
AVAH,0,0,0,0,0,0,0,0,0,0,0,0,0,0,0,0,0,0
AVAV,0,0,0,0,0,0,0,0,0,0,0,0,0,0,0,0,0,0
AVB,0,0,0,0,0,0,0,0,0,0,0,0,0,0,0,0,0,0
AVBP,0,0,0,0,0,0,0,0,0,0,0,0,0,0,0,0,0,0
AVD,0,0,0,0,0,0,0,0,0,0,0,0,0,0,0,0,0,0
AVDL,0,0,0,0,0,0,0,0,0,0,0,0,0,0,0,0,0,0
AVDX,0,0,0,0,0,0,0,0,0,0,0,0,0,0,0,0,0,0
AVGO,0,0,0,1,91,14,1,91,14,0,0,0,0,0,0,0,0,0
AVIR,0,0,0,0,0,0,0,0,0,0,0,0,0,0,0,0,0,0
AVK,0,0,0,0,0,0,0,0,0,0,0,0,0,0,0,0,0,0
AVNS,0,0,0,0,0,0,0,0,0,0,0,0,0,0,0,0,0,0
AVNT,0,0,0,0,0,0,0,0,0,0,0,0,0,0,0,0,0,0
AVNW,0,0,0,0,0,0,0,0,0,0,0,0,0,0,0,0,0,0
AVPT,0,0,0,0,0,0,0,0,0,0,0,0,0,0,0,0,0,0
AVR,0,0,0,0,0,0,0,0,0,0,0,0,0,0,0,0,0,0
AVT,0,0,0,0,0,0,0,0,0,0,0,0,0,0,0,0,0,0
AVTR,0,0,0,0,0,0,0,0,0,0,0,0,0,0,0,0,0,0
AVTX,0,0,0,0,0,0,0,0,0,0,0,0,0,0,0,0,0,0
AVXL,0,0,0,0,0,0,0,0,0,0,0,0,0,0,0,0,0,0
AVY,0,0,0,0,0,0,0,0,0,0,0,0,0,0,0,0,0,0
AWF,0,0,0,0,0,0,0,0,0,0,0,0,0,0,0,0,0,0
AWI,0,0,0,0,0,0,0,0,0,0,0,0,0,0,0,0,0,0
AWK,0,0,0,0,0,0,0,0,0,0,0,0,0,0,0,0,0,0
AWP,0,0,0,0,0,0,0,0,0,0,0,0,0,0,0,0,0,0
AWR,0,0,0,0,0,0,0,0,0,0,0,0,0,0,0,0,0,0
AWRE,0,0,0,0,0,0,0,0,0,0,0,0,0,0,0,0,0,0
AWX,0,0,0,0,0,0,0,0,0,0,0,0,0,0,0,0,0,0
AXGN,0,0,0,0,0,0,0,0,0,0,0,0,0,0,0,0,0,0
AXINU,0,0,0,0,0,0,0,0,0,0,0,0,0,0,0,0,0,0
AXL,0,0,0,0,0,0,0,0,0,0,0,0,0,0,0,0,0,0
AXP,0,0,0,0,0,0,0,0,0,0,0,0,0,0,0,0,0,0
AXR,0,0,0,0,0,0,0,0,0,0,0,0,0,0,0,0,0,0
AXS,0,0,0,0,0,0,0,0,0,0,0,0,0,0,0,0,0,0
AXSM,0,0,0,0,0,0,0,0,0,0,0,0,0,0,0,0,0,0
AXTA,0,0,0,0,0,0,0,0,0,0,0,0,0,0,0,0,0,0
AXTI,0,0,0,0,0,0,0,0,0,0,0,0,0,0,0,0,0,0
AYI,0,0,0,0,0,0,0,0,0,0,0,0,0,0,0,0,0,0
AYRO,0,0,0,0,0,0,0,0,0,0,0,0,0,0,0,0,0,0
AYTU,0,0,0,0,0,0,0,0,0,0,0,0,0,0,0,0,0,0
AZ,0,0,0,0,0,0,0,0,0,0,0,0,0,0,0,0,0,0
AZI,0,0,0,0,0,0,0,0,0,0,0,0,0,0,0,0,0,0
AZN,0,0,0,0,0,0,0,0,0,0,0,0,0,0,0,0,0,0
AZTA,0,0,0,0,0,0,0,0,0,0,0,0,0,0,0,0,0,0
AZTR,0,0,0,0,0,0,0,0,0,0,0,0,0,0,0,0,0,0
AZZ,0,0,0,0,0,0,0,0,0,0,0,0,0,0,0,0,0,0
BACCU,0,0,0,0,0,0,0,0,0,0,0,0,0,0,0,0,0,0
BACQ,0,0,0,0,0,0,0,0,0,0,0,0,0,0,0,0,0,0
BACQR,0,0,0,0,0,0,0,0,0,0,0,0,0,0,0,0,0,0
BAER,0,0,0,0,0,0,0,0,0,0,0,0,0,0,0,0,0,0
BAERW,0,0,0,0,0,0,0,0,0,0,0,0,0,0,0,0,0,0
BAFN,0,0,0,0,0,0,0,0,0,0,0,0,0,0,0,0,0,0
BAK,0,0,0,0,0,0,0,0,0,0,0,0,0,0,0,0,0,0
BALY,0,0,0,0,0,0,0,0,0,0,0,0,0,0,0,0,0,0
BANF,0,0,0,0,0,0,0,0,0,0,0,0,0,0,0,0,0,0
BANFP,0,0,0,0,0,0,0,0,0,0,0,0,0,0,0,0,0,0
BANL,0,0,0,0,0,0,0,0,0,0,0,0,0,0,0,0,0,0
BANR,0,0,0,0,0,0,0,0,0,0,0,0,0,0,0,0,0,0
BANX,0,0,0,0,0,0,0,0,0,0,0,0,0,0,0,0,0,0
BAOS,0,0,0,0,0,0,0,0,0,0,0,0,0,0,0,0,0,0
BATL,0,0,0,0,0,0,0,0,0,0,0,0,0,0,0,0,0,0
BATRA,0,0,0,0,0,0,0,0,0,0,0,0,0,0,0,0,0,0
BATRK,0,0,0,0,0,0,0,0,0,0,0,0,0,0,0,0,0,0
BAX,0,0,0,0,0,0,0,0,0,0,0,0,0,0,0,0,0,0
BAYAR,0,0,0,0,0,0,0,0,0,0,0,0,0,0,0,0,0,0
BB,0,0,0,0,0,0,0,0,0,1,2,50,0,0,0,0,0,0
BBAI,1,6,7,1,8,7,1,10,7,2,11,8,2,12,9,0,0,0
BBAR,0,0,0,0,0,0,0,0,0,0,0,0,0,0,0,0,0,0
BBCP,0,0,0,0,0,0,0,0,0,0,0,0,0,0,0,0,0,0
BBD,0,0,0,0,0,0,0,0,0,0,0,0,0,0,0,0,0,0
BBDC,0,0,0,0,0,0,0,0,0,0,0,0,0,0,0,0,0,0
BBDO,0,0,0,0,0,0,0,0,0,0,0,0,0,0,0,0,0,0
BBGI,0,0,0,0,0,0,0,0,0,0,0,0,0,0,0,0,0,0
BBIO,0,0,0,0,0,0,0,0,0,0,0,0,0,0,0,0,0,0
BBLG,0,0,0,0,0,0,0,0,0,0,0,0,0,0,0,0,0,0
BBN,0,0,0,0,0,0,0,0,0,0,0,0,0,0,0,0,0,0
BBNX,0,0,0,0,0,0,0,0,0,0,0,0,0,0,0,0,0,0
BBSI,0,0,0,0,0,0,0,0,0,0,0,0,0,0,0,0,0,0
BBU,0,0,0,0,0,0,0,0,0,0,0,0,0,0,0,0,0,0
BBUC,0,0,0,0,0,0,0,0,0,0,0,0,0,0,0,0,0,0
BBVA,0,0,0,0,0,0,0,0,0,0,0,0,0,0,0,0,0,0
BBW,0,0,0,0,0,0,0,0,0,0,0,0,0,0,0,0,0,0
BBWI,0,0,0,0,0,0,0,0,0,0,0,0,0,0,0,0,0,0
BBY,0,0,0,0,0,0,0,0,0,0,0,0,0,0,0,0,0,0
BC,0,0,0,0,0,0,0,0,0,0,0,0,0,0,0,0,0,0
BCAB,0,0,0,0,0,0,0,0,0,0,0,0,0,0,0,0,0,0
BCAL,0,0,0,0,0,0,0,0,0,0,0,0,0,0,0,0,0,0
BCAT,0,0,0,0,0,0,0,0,0,0,0,0,0,0,0,0,0,0
BCAX,0,0,0,0,0,0,0,0,0,0,0,0,0,0,0,0,0,0
BCBP,0,0,0,0,0,0,0,0,0,0,0,0,0,0,0,0,0,0
BCC,0,0,0,0,0,0,0,0,0,0,0,0,0,0,0,0,0,0
BCDA,0,0,0,0,0,0,0,0,0,0,0,0,0,0,0,0,0,0
BCE,0,0,0,0,0,0,0,0,0,0,0,0,0,0,0,0,0,0
BCG,0,0,0,0,0,0,0,0,0,0,0,0,0,0,0,0,0,0
BCGWW,0,0,0,0,0,0,0,0,0,0,0,0,0,0,0,0,0,0
BCH,0,0,0,0,0,0,0,0,0,0,0,0,0,0,0,0,0,0
BCML,0,0,0,0,0,0,0,0,0,0,0,0,0,0,0,0,0,0
BCO,0,0,0,0,0,0,0,0,0,0,0,0,0,0,0,0,0,0
BCPC,0,0,0,0,0,0,0,0,0,0,0,0,0,0,0,0,0,0
BCRX,0,0,0,0,0,0,0,0,0,0,0,0,0,0,0,0,0,0
BCS,0,0,0,0,0,0,0,0,0,0,0,0,0,0,0,0,0,0
BCSF,0,0,0,0,0,0,0,0,0,0,0,0,0,0,0,0,0,0
BCTX,0,0,0,0,0,0,0,0,0,0,0,0,0,0,0,0,0,0
BCTXW,0,0,0,0,0,0,0,0,0,0,0,0,0,0,0,0,0,0
BCTXZ,0,0,0,0,0,0,0,0,0,0,0,0,0,0,0,0,0,0
BCV,0,0,0,0,0,0,0,0,0,0,0,0,0,0,0,0,0,0
BCX,0,0,0,0,0,0,0,0,0,0,0,0,0,0,0,0,0,0
BCYC,0,0,0,0,0,0,0,0,0,0,0,0,0,0,0,0,0,0
BDC,0,0,0,0,0,0,0,0,0,0,0,0,0,0,0,0,0,0
BDJ,0,0,0,0,0,0,0,0,0,0,0,0,0,0,0,0,0,0
BDL,0,0,0,0,0,0,0,0,0,0,0,0,0,0,0,0,0,0
BDMD,0,0,0,0,0,0,0,0,0,0,0,0,0,0,0,0,0,0
BDMDW,0,0,0,0,0,0,0,0,0,0,0,0,0,0,0,0,0,0
BDN,0,0,0,0,0,0,0,0,0,0,0,0,0,0,0,0,0,0
BDRX,0,0,0,0,0,0,0,0,0,0,0,0,0,0,0,0,0,0
BDSX,0,0,0,0,0,0,0,0,0,0,0,0,0,0,0,0,0,0
BDTX,0,0,0,0,0,0,0,0,0,0,0,0,0,0,0,0,0,0
BDX,0,0,0,0,0,0,0,0,0,0,0,0,0,0,0,0,0,0
BEAG,0,0,0,0,0,0,0,0,0,0,0,0,0,0,0,0,0,0
BEAGR,0,0,0,0,0,0,0,0,0,0,0,0,0,0,0,0,0,0
BEAGU,0,0,0,0,0,0,0,0,0,0,0,0,0,0,0,0,0,0
BEATW,0,0,0,0,0,0,0,0,0,0,0,0,0,0,0,0,0,0
BEDU,0,0,0,0,0,0,0,0,0,0,0,0,0,0,0,0,0,0
BEEM,0,0,0,0,0,0,1,7,10,1,9,10,1,10,10,0,0,0
BEEP,0,0,0,0,0,0,0,0,0,0,0,0,0,0,0,0,0,0
BEKE,0,0,0,0,0,0,0,0,0,0,0,0,0,0,0,0,0,0
BELFA,0,0,0,0,0,0,0,0,0,0,0,0,0,0,0,0,0,0
BELFB,0,0,0,0,0,0,0,0,0,0,0,0,0,0,0,0,0,0
BENF,0,0,0,0,0,0,0,0,0,0,0,0,0,0,0,0,0,0
BENFW,0,0,0,0,0,0,0,0,0,0,0,0,0,0,0,0,0,0
BEP,0,0,0,0,0,0,0,0,0,0,0,0,0,0,0,0,0,0
BEPC,0,0,0,0,0,0,0,0,0,0,0,0,0,0,0,0,0,0
BEPH,0,0,0,0,0,0,0,0,0,0,0,0,0,0,0,0,0,0
BEPI,0,0,0,0,0,0,0,0,0,0,0,0,0,0,0,0,0,0
BEPJ,0,0,0,0,0,0,0,0,0,0,0,0,0,0,0,0,0,0
BETR,0,0,0,0,0,0,0,0,0,0,0,0,0,0,0,0,0,0
BETRW,0,0,0,0,0,0,0,0,0,0,0,0,0,0,0,0,0,0
BFAM,0,0,0,0,0,0,0,0,0,0,0,0,0,0,0,0,0,0
BFC,0,0,0,0,0,0,0,0,0,0,0,0,0,0,0,0,0,0
BFH,0,0,0,0,0,0,0,0,0,0,0,0,0,0,0,0,0,0
BFIN,0,0,0,0,0,0,0,0,0,0,0,0,0,0,0,0,0,0
BFK,0,0,0,0,0,0,0,0,0,0,0,0,0,0,0,0,0,0
BFLY,0,0,0,0,0,0,0,0,0,0,0,0,0,0,0,0,0,0
BFRG,0,0,0,0,0,0,0,0,0,0,0,0,0,0,0,1,5,8
BFRGW,0,0,0,0,0,0,0,0,0,0,0,0,0,0,0,0,0,0
BFRI,0,0,0,0,0,0,0,0,0,0,0,0,0,0,0,0,0,0
BFRIW,0,0,0,0,0,0,0,0,0,0,0,0,0,0,0,0,0,0
BFS,0,0,0,0,0,0,0,0,0,0,0,0,0,0,0,0,0,0
BFST,0,0,0,0,0,0,0,0,0,0,0,0,0,0,0,0,0,0
BFZ,0,0,0,0,0,0,0,0,0,0,0,0,0,0,0,0,0,0
BG,0,0,0,0,0,0,0,0,0,0,0,0,0,0,0,0,0,0
BGB,0,0,0,0,0,0,0,0,0,0,0,0,0,0,0,0,0,0
BGC,0,0,0,0,0,0,0,0,0,0,0,0,0,0,0,0,0,0
BGFV,0,0,0,0,0,0,0,0,0,0,0,0,0,0,0,0,0,0
BGH,0,0,0,0,0,0,0,0,0,0,0,0,0,0,0,0,0,0
BGI,0,0,0,0,0,0,0,0,0,0,0,0,0,0,0,0,0,0
BGL,0,0,0,0,0,0,0,0,0,0,0,0,0,0,0,0,0,0
BGLC,1,1,1,1,4,2,1,3,2,1,3,2,1,4,2,0,0,0
BGLWW,0,0,0,0,0,0,0,0,0,0,0,0,0,0,0,0,0,0
BGM,0,0,0,0,0,0,0,0,0,0,0,0,0,0,0,0,0,0
BGR,0,0,0,0,0,0,0,0,0,0,0,0,0,0,0,0,0,0
BGS,0,0,0,0,0,0,0,0,0,0,0,0,0,0,0,0,0,0
BGSF,0,0,0,0,0,0,0,0,0,0,0,0,0,0,0,0,0,0
BGT,0,0,0,0,0,0,0,0,0,0,0,0,0,0,0,0,0,0
BGX,0,0,0,0,0,0,0,0,0,0,0,0,0,0,0,0,0,0
BGY,0,0,0,0,0,0,0,0,0,0,0,0,0,0,0,0,0,0
BH,0,0,0,0,0,0,0,0,0,0,0,0,0,0,0,0,0,0
BHB,0,0,0,0,0,0,0,0,0,0,0,0,0,0,0,0,0,0
BHC,0,0,0,0,0,0,0,0,0,0,0,0,0,0,0,0,0,0
BHE,0,0,0,0,0,0,0,0,0,0,0,0,0,0,0,0,0,0
BHF,0,0,0,0,0,0,0,0,0,0,0,0,0,0,0,0,0,0
BHFAL,0,0,0,0,0,0,0,0,0,0,0,0,0,0,0,0,0,0
BHFAM,0,0,0,0,0,0,0,0,0,0,0,0,0,0,0,0,0,0
BHFAN,0,0,0,0,0,0,0,0,0,0,0,0,0,0,0,0,0,0
BHFAO,0,0,0,0,0,0,0,0,0,0,0,0,0,0,0,0,0,0
BHFAP,0,0,0,0,0,0,0,0,0,0,0,0,0,0,0,0,0,0
BHK,0,0,0,0,0,0,0,0,0,0,0,0,0,0,0,0,0,0
BHLB,0,0,0,0,0,0,0,0,0,0,0,0,0,0,0,0,0,0
BHM,0,0,0,0,0,0,0,0,0,0,0,0,0,0,0,0,0,0
BHP,0,0,0,0,0,0,0,0,0,0,0,0,0,0,0,0,0,0
BHR,0,0,0,0,0,0,0,0,0,0,0,0,0,0,0,0,0,0
BHRB,0,0,0,0,0,0,0,0,0,0,0,0,0,0,0,0,0,0
BHST,0,0,0,0,0,0,0,0,0,0,0,0,0,0,0,0,0,0
BHV,0,0,0,0,0,0,0,0,0,0,0,0,0,0,0,0,0,0
BHVN,0,0,0,0,0,0,0,0,0,0,0,0,0,0,0,0,0,0
BIAF,0,0,0,0,0,0,0,0,0,0,0,0,0,0,0,0,0,0
BIAFW,0,0,0,0,0,0,0,0,0,0,0,0,0,0,0,0,0,0
BIDU,0,0,0,0,0,0,0,0,0,0,0,0,0,0,0,0,0,0
BIGC,0,0,0,0,0,0,0,0,0,0,0,0,0,0,0,0,0,0
BIIB,0,0,0,0,0,0,0,0,0,0,0,0,0,0,0,0,0,0
BILI,0,0,0,0,0,0,0,0,0,0,0,0,0,0,0,0,0,0
BIO,3,50,30,2,47,22,2,13,18,2,19,24,2,23,28,0,0,0
BIOA,0,0,0,0,0,0,0,0,0,0,0,0,0,0,0,0,0,0
BIOX,0,0,0,0,0,0,0,0,0,0,0,0,0,0,0,0,0,0
BIP,0,0,0,0,0,0,0,0,0,0,0,0,0,0,0,0,0,0
BIPC,0,0,0,0,0,0,0,0,0,0,0,0,0,0,0,0,0,0
BIPH,0,0,0,0,0,0,0,0,0,0,0,0,0,0,0,0,0,0
BIPI,0,0,0,0,0,0,0,0,0,0,0,0,0,0,0,0,0,0
BIPJ,0,0,0,0,0,0,0,0,0,0,0,0,0,0,0,0,0,0
BITF,0,0,0,0,0,0,0,0,0,0,0,0,0,0,0,0,0,0
BIVI,0,0,0,0,0,0,0,0,0,0,0,0,0,0,0,0,0,0
BIYA,0,0,0,0,0,0,0,0,0,0,0,0,0,0,0,0,0,0
BJ,0,0,0,0,0,0,0,0,0,0,0,0,0,0,0,0,0,0
BJDX,0,0,0,0,0,0,0,0,0,0,0,0,0,0,0,0,0,0
BJRI,0,0,0,0,0,0,0,0,0,0,0,0,0,0,0,0,0,0
BK,0,0,0,0,0,0,0,0,0,0,0,0,0,0,0,0,0,0
BKD,0,0,0,0,0,0,0,0,0,0,0,0,0,0,0,0,0,0
BKE,0,0,0,0,0,0,0,0,0,0,0,0,0,0,0,0,0,0
BKH,0,0,0,0,0,0,0,0,0,0,0,0,0,0,0,0,0,0
BKHA,0,0,0,0,0,0,0,0,0,0,0,0,0,0,0,0,0,0
BKHAR,0,0,0,0,0,0,0,0,0,0,0,0,0,0,0,0,0,0
BKKT,0,0,0,0,0,0,0,0,0,0,0,0,0,0,0,0,0,0
BKN,0,0,0,0,0,0,0,0,0,0,0,0,0,0,0,0,0,0
BKNG,1,296,64,0,0,0,0,0,0,0,0,0,0,0,0,0,0,0
BKR,0,0,0,0,0,0,0,0,0,0,0,0,0,0,0,0,0,0
BKSY,0,0,0,0,0,0,0,0,0,0,0,0,0,0,0,0,0,0
BKT,0,0,0,0,0,0,0,0,0,0,0,0,0,0,0,0,0,0
BKTI,0,0,0,0,0,0,0,0,0,0,0,0,0,0,0,0,0,0
BKU,0,0,0,0,0,0,0,0,0,0,0,0,0,0,0,0,0,0
BKV,0,0,0,0,0,0,0,0,0,0,0,0,0,0,0,0,0,0
BKYI,0,0,0,0,0,0,0,0,0,0,0,0,0,0,0,0,0,0
BL,0,0,0,0,0,0,0,0,0,0,0,0,0,0,0,0,0,0
BLBD,0,0,0,0,0,0,0,0,0,0,0,0,0,0,0,0,0,0
BLBX,0,0,0,0,0,0,0,0,0,0,0,0,0,0,0,0,0,0
BLCO,0,0,0,0,0,0,0,0,0,0,0,0,0,0,0,0,0,0
BLD,0,0,0,0,0,0,0,0,0,0,0,0,0,0,0,0,0,0
BLDE,0,0,0,0,0,0,0,0,0,0,0,0,0,0,0,0,0,0
BLDEW,0,0,0,0,0,0,0,0,0,0,0,0,0,0,0,0,0,0
BLDP,0,0,0,0,0,0,0,0,0,0,0,0,0,0,0,0,0,0
BLDR,0,0,0,0,0,0,0,0,0,0,0,0,0,0,0,0,0,0
BLE,0,0,0,0,0,0,0,0,0,0,0,0,0,0,0,0,0,0
BLFS,0,0,0,0,0,0,0,0,0,0,0,0,0,0,0,0,0,0
BLFY,0,0,0,0,0,0,0,0,0,0,0,0,0,0,0,0,0,0
BLIN,0,0,0,0,0,0,0,0,0,0,0,0,0,0,0,0,0,0
BLIV,0,0,0,0,0,0,0,0,0,0,0,0,0,0,0,0,0,0
BLK,0,0,0,0,0,0,0,0,0,0,0,0,0,0,0,0,0,0
BLKB,0,0,0,0,0,0,0,0,0,0,0,0,0,0,0,0,0,0
BLMN,0,0,0,0,0,0,0,0,0,0,0,0,0,0,0,0,0,0
BLMZ,0,0,0,0,0,0,0,0,0,0,0,0,0,0,0,0,0,0
BLND,0,0,0,0,0,0,0,0,0,0,0,0,0,0,0,0,0,0
BLNE,0,0,0,0,0,0,0,0,0,0,0,0,0,0,0,0,0,0
BLNK,0,0,0,0,0,0,0,0,0,0,0,0,0,0,0,0,0,0
BLRX,0,0,0,0,0,0,0,0,0,0,0,0,0,0,0,0,0,0
BLTE,0,0,0,0,0,0,0,0,0,0,0,0,0,0,0,0,0,0
BLUWU,0,0,0,0,0,0,0,0,0,0,0,0,0,0,0,0,0,0
BLW,0,0,0,0,0,0,0,0,0,0,0,0,0,0,0,0,0,0
BLX,0,0,0,0,0,0,0,0,0,0,0,0,0,0,0,0,0,0
BLZE,0,0,0,0,0,0,0,0,0,0,0,0,0,0,0,0,0,0
BMA,0,0,0,0,0,0,0,0,0,0,0,0,0,0,0,0,0,0
BMBL,0,0,0,0,0,0,0,0,0,0,0,0,0,0,0,0,0,0
BME,0,0,0,0,0,0,0,0,0,0,0,0,0,0,0,0,0,0
BMEA,0,0,0,0,0,0,0,0,0,0,0,0,0,0,0,0,0,0
BMEZ,0,0,0,0,0,0,0,0,0,0,0,0,0,0,0,0,0,0
BMGL,0,0,0,0,0,0,0,0,0,0,0,0,0,0,0,0,0,0
BMHL,0,0,0,0,0,0,0,0,0,0,0,0,0,0,0,0,0,0
BMI,0,0,0,0,0,0,0,0,0,0,0,0,0,0,0,0,0,0
BMN,0,0,0,0,0,0,0,0,0,0,0,0,0,0,0,0,0,0
BMNR,0,0,0,0,0,0,0,0,0,0,0,0,0,0,0,0,0,0
BMO,0,0,0,0,0,0,0,0,0,0,0,0,0,0,0,0,0,0
BMR,0,0,0,0,0,0,0,0,0,0,0,0,0,0,0,0,0,0
BMRA,0,0,0,0,0,0,0,0,0,0,0,0,0,0,0,0,0,0
BMRC,0,0,0,0,0,0,0,0,0,0,0,0,0,0,0,0,0,0
BMRN,0,0,0,0,0,0,0,0,0,0,0,0,0,0,0,0,0,0
BMY,0,0,0,0,0,0,0,0,0,0,0,0,0,0,0,0,0,0
BN,0,0,0,0,0,0,0,0,0,0,0,0,0,0,0,0,0,0
BNAI,0,0,0,0,0,0,0,0,0,0,0,0,0,0,0,0,0,0
BNAIW,0,0,0,0,0,0,0,0,0,0,0,0,0,0,0,0,0,0
BNED,0,0,0,0,0,0,0,0,0,0,0,0,0,0,0,0,0,0
BNGO,1,2,3,0,0,0,0,0,0,0,0,0,0,0,0,0,0,0
BNH,0,0,0,0,0,0,0,0,0,0,0,0,0,0,0,0,0,0
BNJ,0,0,0,0,0,0,0,0,0,0,0,0,0,0,0,0,0,0
BNL,0,0,0,0,0,0,0,0,0,0,0,0,0,0,0,0,0,0
BNR,0,0,0,0,0,0,0,0,0,0,0,0,0,0,0,0,0,0
BNRG,0,0,0,0,0,0,0,0,0,0,0,0,0,0,0,0,0,0
BNS,0,0,0,0,0,0,0,0,0,0,0,0,0,0,0,0,0,0
BNT,0,0,0,0,0,0,0,0,0,0,0,0,0,0,0,0,0,0
BNTC,0,0,0,0,0,0,0,0,0,0,0,0,0,0,0,0,0,0
BNTX,0,0,0,0,0,0,0,0,0,0,0,0,0,0,0,0,0,0
BNY,0,0,0,0,0,0,0,0,0,0,0,0,0,0,0,0,0,0
BNZI,0,0,0,0,0,0,0,0,0,0,0,0,0,0,0,0,0,0
BNZIW,0,0,0,0,0,0,0,0,0,0,0,0,0,0,0,0,0,0
BOC,0,0,0,0,0,0,0,0,0,0,0,0,0,0,0,0,0,0
BODI,0,0,0,0,0,0,0,0,0,0,0,0,0,0,0,0,0,0
BOE,0,0,0,0,0,0,0,0,0,0,0,0,0,0,0,0,0,0
BOF,0,0,0,0,0,0,0,0,0,0,0,0,0,0,0,0,0,0
BOH,0,0,0,0,0,0,0,0,0,0,0,0,0,0,0,0,0,0
BOKF,0,0,0,0,0,0,0,0,0,0,0,0,0,0,0,0,0,0
BORR,0,0,0,0,0,0,0,0,0,0,0,0,0,0,0,0,0,0
BOTJ,0,0,0,0,0,0,0,0,0,0,0,0,0,0,0,0,0,0
BOXL,0,0,0,0,0,0,0,0,0,0,0,0,0,0,0,0,0,0
BP,0,0,0,0,0,0,0,0,0,0,0,0,0,0,0,0,0,0
BPOP,0,0,0,0,0,0,0,0,0,0,0,0,0,0,0,0,0,0
BPOPM,0,0,0,0,0,0,0,0,0,0,0,0,0,0,0,0,0,0
BPRN,0,0,0,0,0,0,0,0,0,0,0,0,0,0,0,0,0,0
BPYPM,0,0,0,0,0,0,0,0,0,0,0,0,0,0,0,0,0,0
BPYPN,0,0,0,0,0,0,0,0,0,0,0,0,0,0,0,0,0,0
BPYPO,0,0,0,0,0,0,0,0,0,0,0,0,0,0,0,0,0,0
BPYPP,0,0,0,0,0,0,0,0,0,0,0,0,0,0,0,0,0,0
BQ,0,0,0,0,0,0,0,0,0,0,0,0,0,0,0,0,0,0
BR,0,0,0,0,0,0,0,0,0,0,0,0,0,0,0,0,0,0
BRBR,0,0,0,0,0,0,0,0,0,0,0,0,0,0,0,0,0,0
BRBS,0,0,0,0,0,0,0,0,0,0,0,0,0,0,0,0,0,0
BRC,0,0,0,0,0,0,0,0,0,0,0,0,0,0,0,0,0,0
BRCC,0,0,0,0,0,0,0,0,0,0,0,0,0,0,0,0,0,0
BRDG,0,0,0,0,0,0,0,0,0,0,0,0,0,0,0,0,0,0
BREA,0,0,0,0,0,0,0,0,0,0,0,0,0,0,0,0,0,0
BRFH,0,0,0,0,0,0,0,0,0,0,0,0,0,0,0,0,0,0
BRFS,0,0,0,0,0,0,0,0,0,0,0,0,0,0,0,0,0,0
BRIA,0,0,0,0,0,0,0,0,0,0,0,0,0,0,0,0,0,0
BRID,0,0,0,0,0,0,0,0,0,0,0,0,0,0,0,0,0,0
BRKL,0,0,0,0,0,0,0,0,0,0,0,0,0,0,0,0,0,0
BRKR,0,0,0,0,0,0,0,0,0,0,0,0,0,0,0,0,0,0
BRLS,0,0,0,0,0,0,0,0,0,0,0,0,0,0,0,0,0,0
BRLSW,0,0,0,0,0,0,0,0,0,0,0,0,0,0,0,0,0,0
BRLT,0,0,0,0,0,0,0,0,0,0,0,0,0,0,0,0,0,0
BRN,0,0,0,0,0,0,0,0,0,0,0,0,0,0,0,0,0,0
BRNS,0,0,0,0,0,0,0,0,0,0,0,0,0,0,0,0,0,0
BRO,2,15,22,1,2,7,2,4535,1049,1,3,7,1,3,7,0,0,0
BROS,1,104,36,1,111,58,0,0,0,0,0,0,0,0,0,0,0,0
BRSL,0,0,0,0,0,0,0,0,0,0,0,0,0,0,0,0,0,0
BRSP,0,0,0,0,0,0,0,0,0,0,0,0,0,0,0,0,0,0
BRT,0,0,0,0,0,0,0,0,0,0,0,0,0,0,0,0,0,0
BRTX,0,0,0,0,0,0,0,0,0,0,0,0,0,0,0,0,0,0
BRW,0,0,0,0,0,0,0,0,0,0,0,0,0,0,0,0,0,0
BRX,0,0,0,0,0,0,0,0,0,0,0,0,0,0,0,0,0,0
BRY,0,0,0,0,0,0,0,0,0,0,0,0,0,0,0,0,0,0
BRZE,0,0,0,0,0,0,0,0,0,0,0,0,0,0,0,0,0,0
BSAAU,0,0,0,0,0,0,0,0,0,0,0,0,0,0,0,0,0,0
BSAC,0,0,0,0,0,0,0,0,0,0,0,0,0,0,0,0,0,0
BSBK,0,0,0,0,0,0,0,0,0,0,0,0,0,0,0,0,0,0
BSBR,0,0,0,0,0,0,0,0,0,0,0,0,0,0,0,0,0,0
BSET,0,0,0,0,0,0,0,0,0,0,0,0,0,0,0,0,0,0
BSGM,1,1,1,1,2,1,1,1,1,1,1,1,1,1,1,0,0,0
BSL,0,0,0,0,0,0,0,0,0,0,0,0,0,0,0,0,0,0
BSLK,0,0,0,0,0,0,0,0,0,0,0,0,0,0,0,0,0,0
BSLKW,0,0,0,0,0,0,0,0,0,0,0,0,0,0,0,0,0,0
BSM,0,0,0,0,0,0,0,0,0,0,0,0,0,0,0,0,0,0
BSRR,0,0,0,0,0,0,0,0,0,0,0,0,0,0,0,0,0,0
BST,0,0,0,0,0,0,0,0,0,0,0,0,0,0,0,0,0,0
BSTZ,0,0,0,0,0,0,0,0,0,0,0,0,0,0,0,0,0,0
BSVN,0,0,0,0,0,0,0,0,0,0,0,0,0,0,0,0,0,0
BSX,0,0,0,0,0,0,0,0,0,0,0,0,0,0,0,0,0,0
BSY,0,0,0,0,0,0,0,0,0,0,0,0,0,0,0,0,0,0
BTA,0,0,0,0,0,0,0,0,0,0,0,0,0,0,0,0,0,0
BTAI,0,0,0,0,0,0,0,0,0,0,0,0,1,10,11,1,3,1
BTBD,0,0,0,0,0,0,0,0,0,0,0,0,0,0,0,0,0,0
BTBT,0,0,0,0,0,0,0,0,0,0,0,0,0,0,0,1,3,1
BTCM,0,0,0,0,0,0,0,0,0,0,0,0,0,0,0,0,0,0
BTCS,0,0,0,0,0,0,0,0,0,0,0,0,0,0,0,0,0,0
BTCT,0,0,0,0,0,0,0,0,0,0,0,0,0,0,0,0,0,0
BTDR,0,0,0,0,0,0,0,0,0,0,0,0,0,0,0,0,0,0
BTE,0,0,0,0,0,0,0,0,0,0,0,0,0,0,0,0,0,0
BTG,0,0,0,0,0,0,0,0,0,0,0,0,0,0,0,0,0,0
BTI,0,0,0,0,0,0,0,0,0,0,0,0,0,0,0,0,0,0
BTM,0,0,0,0,0,0,0,0,0,0,0,0,0,0,0,0,0,0
BTMD,0,0,0,0,0,0,0,0,0,0,0,0,0,0,0,0,0,0
BTMWW,0,0,0,0,0,0,0,0,0,0,0,0,0,0,0,0,0,0
BTO,0,0,0,1,60,19,0,0,0,0,0,0,0,0,0,0,0,0
BTOC,0,0,0,0,0,0,0,0,0,0,0,0,0,0,0,0,0,0
BTOG,0,0,0,0,0,0,0,0,0,0,0,0,0,0,0,0,0,0
BTSG,0,0,0,0,0,0,0,0,0,0,0,0,0,0,0,0,0,0
BTSGU,0,0,0,0,0,0,0,0,0,0,0,0,0,0,0,0,0,0
BTT,0,0,0,0,0,0,0,0,0,0,0,0,0,0,0,0,0,0
BTU,0,0,0,0,0,0,0,0,0,0,0,0,0,0,0,0,0,0
BTX,0,0,0,0,0,0,0,0,0,0,0,0,0,0,0,0,0,0
BTZ,0,0,0,0,0,0,0,0,0,0,0,0,0,0,0,0,0,0
BUI,0,0,0,0,0,0,0,0,0,0,0,0,0,0,0,0,0,0
BULLW,0,0,0,0,0,0,0,0,0,0,0,0,0,0,0,0,0,0
BURU,0,0,0,0,0,0,0,0,0,0,0,0,0,0,0,0,0,0
BUSE,0,0,0,0,0,0,0,0,0,0,0,0,0,0,0,0,0,0
BUSEP,0,0,0,0,0,0,0,0,0,0,0,0,0,0,0,0,0,0
BV,1,8,7,1,8,9,0,0,0,0,0,0,0,0,0,0,0,0
BVFL,0,0,0,0,0,0,0,0,0,0,0,0,0,0,0,0,0,0
BVN,0,0,0,0,0,0,0,0,0,0,0,0,0,0,0,0,0,0
BVS,0,0,0,0,0,0,0,0,0,0,0,0,0,0,0,0,0,0
BW,0,0,0,0,0,0,0,0,0,0,0,0,0,0,0,0,0,0
BWA,0,0,0,0,0,0,0,0,0,0,0,0,0,0,0,0,0,0
BWAY,0,0,0,0,0,0,0,0,0,0,0,0,0,0,0,0,0,0
BWB,0,0,0,0,0,0,0,0,0,0,0,0,0,0,0,0,0,0
BWBBP,0,0,0,0,0,0,0,0,0,0,0,0,0,0,0,0,0,0
BWEN,0,0,0,0,0,0,0,0,0,0,0,0,0,0,0,0,0,0
BWFG,0,0,0,0,0,0,0,0,0,0,0,0,0,0,0,0,0,0
BWG,0,0,0,0,0,0,0,0,0,0,0,0,0,0,0,0,0,0
BWIN,0,0,0,0,0,0,0,0,0,0,0,0,0,0,0,0,0,0
BWLP,0,0,0,0,0,0,0,0,0,0,0,0,0,0,0,0,0,0
BWMN,0,0,0,0,0,0,0,0,0,0,0,0,0,0,0,0,0,0
BWMX,0,0,0,0,0,0,0,0,0,0,0,0,0,0,0,0,0,0
BWNB,0,0,0,0,0,0,0,0,0,0,0,0,0,0,0,0,0,0
BWSN,0,0,0,0,0,0,0,0,0,0,0,0,0,0,0,0,0,0
BWXT,0,0,0,0,0,0,0,0,0,0,0,0,0,0,0,0,0,0
BX,0,0,0,1,33,15,1,42,39,0,0,0,0,0,0,0,0,0
BXC,0,0,0,0,0,0,0,0,0,0,0,0,0,0,0,0,0,0
BXMT,0,0,0,0,0,0,0,0,0,0,0,0,0,0,0,0,0,0
BXMX,0,0,0,0,0,0,0,0,0,0,0,0,0,0,0,0,0,0
BXP,0,0,0,0,0,0,0,0,0,0,0,0,0,0,0,0,0,0
BXSL,0,0,0,0,0,0,0,0,0,0,0,0,0,0,0,0,0,0
BYD,0,0,0,0,0,0,0,0,0,0,0,0,0,0,0,1,2641,560
BYFC,0,0,0,0,0,0,0,0,0,0,0,0,0,0,0,0,0,0
BYM,0,0,0,0,0,0,0,0,0,0,0,0,0,0,0,0,0,0
BYND,0,0,0,0,0,0,0,0,0,0,0,0,0,0,0,0,0,0
BYRN,0,0,0,0,0,0,0,0,0,0,0,0,0,0,0,0,0,0
BYSI,0,0,0,0,0,0,0,0,0,0,0,0,0,0,0,0,0,0
BZ,0,0,0,0,0,0,0,0,0,0,0,0,0,0,0,0,0,0
BZAI,0,0,0,0,0,0,0,0,0,0,0,0,0,0,0,0,0,0
BZAIW,0,0,0,0,0,0,0,0,0,0,0,0,0,0,0,0,0,0
BZFD,0,0,0,0,0,0,0,0,0,0,0,0,0,0,0,0,0,0
BZFDW,0,0,0,0,0,0,0,0,0,0,0,0,0,0,0,0,0,0
BZH,0,0,0,0,0,0,0,0,0,0,0,0,0,0,0,0,0,0
BZUN,0,0,0,0,0,0,0,0,0,0,0,0,0,0,0,0,0,0
CAAP,0,0,0,0,0,0,0,0,0,0,0,0,0,0,0,0,0,0
CAAS,0,0,0,0,0,0,0,0,0,0,0,0,0,0,0,0,0,0
CABO,0,0,0,0,0,0,0,0,0,0,0,0,0,0,0,0,0,0
CAC,0,0,0,0,0,0,0,0,0,0,0,0,0,0,0,0,0,0
CACC,0,0,0,0,0,0,0,0,0,0,0,0,0,0,0,0,0,0
CACI,0,0,0,0,0,0,0,0,0,0,0,0,0,0,0,0,0,0
CADL,0,0,0,0,0,0,0,0,0,0,0,0,0,0,0,0,0,0
CAE,0,0,0,0,0,0,0,0,0,0,0,0,0,0,0,0,0,0
CAEP,0,0,0,0,0,0,0,0,0,0,0,0,0,0,0,0,0,0
CAF,0,0,0,0,0,0,0,0,0,0,0,0,0,0,0,0,0,0
CAH,0,0,0,0,0,0,0,0,0,0,0,0,0,0,0,0,0,0
CAI,0,0,0,0,0,0,0,0,0,0,0,0,0,0,0,0,0,0
CALC,0,0,0,0,0,0,1,36,16,0,0,0,0,0,0,0,0,0
CAMT,0,0,0,0,0,0,0,0,0,0,0,0,0,0,0,0,0,0
CANF,0,0,0,0,0,0,0,0,0,0,0,0,0,0,0,0,0,0
CANG,0,0,0,0,0,0,0,0,0,0,0,0,0,0,0,0,0,0
CAPL,0,0,0,0,0,0,0,0,0,0,0,0,0,0,0,0,0,0
CAPN,0,0,0,0,0,0,0,0,0,0,0,0,0,0,0,0,0,0
CAPNR,0,0,0,0,0,0,0,0,0,0,0,0,0,0,0,0,0,0
CAPR,0,0,0,0,0,0,0,0,0,0,0,0,0,0,0,0,0,0
CAPS,0,0,0,0,0,0,2,58,138,2,111,195,2,127,212,1,5,12
CAPT,0,0,0,0,0,0,0,0,0,0,0,0,0,0,0,0,0,0
CAPTW,0,0,0,0,0,0,0,0,0,0,0,0,0,0,0,0,0,0
CARG,0,0,0,0,0,0,0,0,0,0,0,0,0,0,0,0,0,0
CARM,0,0,0,0,0,0,0,0,0,0,0,0,0,0,0,0,0,0
CARS,1,217,38,2,5,7,2,103,134,0,0,0,0,0,0,0,0,0
CARV,0,0,0,0,0,0,0,0,0,0,0,0,0,0,0,0,0,0
CASI,0,0,0,0,0,0,0,0,0,0,0,0,0,0,0,0,0,0
CASY,0,0,0,0,0,0,0,0,0,0,0,0,0,0,0,0,0,0
CATO,0,0,0,0,0,0,0,0,0,0,0,0,0,0,0,0,0,0
CATX,0,0,0,0,0,0,0,0,0,0,0,0,0,0,0,0,0,0
CATY,0,0,0,0,0,0,0,0,0,0,0,0,0,0,0,0,0,0
CB,0,0,0,0,0,0,0,0,0,0,0,0,0,0,0,0,0,0
CBAN,0,0,0,0,0,0,0,0,0,0,0,0,0,0,0,0,0,0
CBAT,0,0,0,0,0,0,0,0,0,0,0,0,0,0,0,0,0,0
CBFV,0,0,0,0,0,0,0,0,0,0,0,0,0,0,0,0,0,0
CBIO,0,0,0,0,0,0,0,0,0,0,0,0,0,0,0,0,0,0
CBL,0,0,0,0,0,0,0,0,0,0,0,0,0,0,0,0,0,0
CBLL,0,0,0,0,0,0,0,0,0,0,0,0,0,0,0,0,0,0
CBNA,0,0,0,0,0,0,0,0,0,0,0,0,0,0,0,0,0,0
CBNK,0,0,0,0,0,0,0,0,0,0,0,0,0,0,0,0,0,0
CBOE,0,0,0,0,0,0,1,0,38,0,0,0,0,0,0,0,0,0
CBRE,0,0,0,0,0,0,0,0,0,0,0,0,0,0,0,0,0,0
CBRL,0,0,0,0,0,0,0,0,0,0,0,0,0,0,0,0,0,0
CBSH,0,0,0,0,0,0,0,0,0,0,0,0,0,0,0,0,0,0
CBT,0,0,0,0,0,0,0,0,0,0,0,0,0,0,0,0,0,0
CBU,0,0,0,0,0,0,0,0,0,0,0,0,0,0,0,0,0,0
CBUS,0,0,0,0,0,0,0,0,0,0,0,0,0,0,0,0,0,0
CBZ,0,0,0,0,0,0,0,0,0,0,0,0,0,0,0,0,0,0
CC,2,9,55,1,19,40,1,36,16,1,9,2,1,12,2,0,0,0
CCAP,0,0,0,0,0,0,0,0,0,0,0,0,0,0,0,0,0,0
CCB,0,0,0,0,0,0,0,0,0,0,0,0,0,0,0,0,0,0
CCBG,0,0,0,0,0,0,0,0,0,0,0,0,0,0,0,0,0,0
CCCC,0,0,0,0,0,0,0,0,0,0,0,0,0,0,0,0,0,0
CCCM,0,0,0,0,0,0,0,0,0,0,0,0,0,0,0,0,0,0
CCCMU,0,0,0,0,0,0,0,0,0,0,0,0,0,0,0,0,0,0
CCCMW,0,0,0,0,0,0,0,0,0,0,0,0,0,0,0,0,0,0
CCCS,0,0,0,0,0,0,0,0,0,0,0,0,0,0,0,0,0,0
CCCX,0,0,0,0,0,0,0,0,0,0,0,0,0,0,0,0,0,0
CCCXU,0,0,0,0,0,0,0,0,0,0,0,0,0,0,0,0,0,0
CCCXW,0,0,0,0,0,0,0,0,0,0,0,0,0,0,0,0,0,0
CCD,0,0,0,0,0,0,0,0,0,0,0,0,0,0,0,0,0,0
CCEC,0,0,0,0,0,0,0,0,0,0,0,0,0,0,0,0,0,0
CCEL,0,0,0,0,0,0,0,0,0,0,0,0,0,0,0,0,0,0
CCEP,0,0,0,0,0,0,0,0,0,0,0,0,0,0,0,0,0,0
CCG,0,0,0,0,0,0,0,0,0,0,0,0,0,0,0,0,0,0
CCGWW,0,0,0,0,0,0,0,0,0,0,0,0,0,0,0,0,0,0
CCI,0,0,0,0,0,0,0,0,0,0,0,0,0,0,0,0,0,0
CCIA,0,0,0,0,0,0,0,0,0,0,0,0,0,0,0,0,0,0
CCIF,0,0,0,0,0,0,0,0,0,0,0,0,0,0,0,0,0,0
CCIIU,0,0,0,0,0,0,0,0,0,0,0,0,0,0,0,0,0,0
CCIR,0,0,0,0,0,0,0,0,0,0,0,0,0,0,0,0,0,0
CCIRU,0,0,0,0,0,0,0,0,0,0,0,0,0,0,0,0,0,0
CCIRW,0,0,0,0,0,0,0,0,0,0,0,0,0,0,0,0,0,0
CCIX,0,0,0,0,0,0,0,0,0,0,0,0,0,0,0,0,0,0
CCIXU,0,0,0,0,0,0,0,0,0,0,0,0,0,0,0,0,0,0
CCIXW,0,0,0,0,0,0,0,0,0,0,0,0,0,0,0,0,0,0
CCJ,0,0,0,0,0,0,0,0,0,0,0,0,0,0,0,0,0,0
CCK,0,0,0,0,0,0,0,0,0,0,0,0,0,0,0,0,0,0
CCL,0,0,0,0,0,0,0,0,0,0,0,0,0,0,0,0,0,0
CCLD,0,0,0,0,0,0,0,0,0,0,0,0,0,0,0,0,0,0
CCLDO,0,0,0,0,0,0,0,0,0,0,0,0,0,0,0,0,0,0
CCM,0,0,0,0,0,0,0,0,0,0,0,0,0,0,0,0,0,0
CCNE,0,0,0,0,0,0,0,0,0,0,0,0,0,0,0,0,0,0
CCNEP,0,0,0,0,0,0,0,0,0,0,0,0,0,0,0,0,0,0
CCO,0,0,0,0,0,0,0,0,0,0,0,0,0,0,0,0,0,0
CCOI,0,0,0,0,0,0,0,0,0,0,0,0,0,0,0,0,0,0
CCRD,0,0,0,0,0,0,0,0,0,0,0,0,0,0,0,0,0,0
CCRN,0,0,0,0,0,0,0,0,0,0,0,0,0,0,0,0,0,0
CCS,1,9,30,0,0,0,1,1,3,1,5,9,0,0,0,0,0,0
CCSI,0,0,0,0,0,0,0,0,0,0,0,0,0,0,0,0,0,0
CCTG,0,0,0,0,0,0,0,0,0,0,0,0,0,0,0,0,0,0
CCU,0,0,0,0,0,0,0,0,0,0,0,0,0,0,0,0,0,0
CCZ,0,0,0,0,0,0,0,0,0,0,0,0,0,0,0,0,0,0
CDE,0,0,0,0,0,0,0,0,0,0,0,0,0,0,0,0,0,0
CDIO,0,0,0,0,0,0,0,0,0,0,0,0,0,0,0,0,0,0
CDIOW,0,0,0,0,0,0,0,0,0,0,0,0,0,0,0,0,0,0
CDLR,0,0,0,0,0,0,0,0,0,0,0,0,0,0,0,0,0,0
CDLX,0,0,0,1,12,5,0,0,0,0,0,0,0,0,0,0,0,0
CDNA,0,0,0,0,0,0,0,0,0,0,0,0,0,0,0,0,0,0
CDNS,0,0,0,0,0,0,0,0,0,0,0,0,0,0,0,0,0,0
CDP,0,0,0,0,0,0,0,0,0,0,0,0,0,0,0,0,0,0
CDRE,0,0,0,0,0,0,0,0,0,0,0,0,0,0,0,0,0,0
CDRO,0,0,0,0,0,0,0,0,0,0,0,0,0,0,0,0,0,0
CDROW,0,0,0,0,0,0,0,0,0,0,0,0,0,0,0,0,0,0
CDT,0,0,0,0,0,0,0,0,0,0,0,0,0,0,0,0,0,0
CDTG,0,0,0,0,0,0,0,0,0,0,0,0,0,0,0,0,0,0
CDTTW,0,0,0,0,0,0,0,0,0,0,0,0,0,0,0,0,0,0
CDTX,0,0,0,0,0,0,0,0,0,0,0,0,0,0,0,0,0,0
CDW,0,0,0,0,0,0,0,0,0,0,0,0,0,0,0,0,0,0
CDXS,0,0,0,0,0,0,0,0,0,0,0,0,0,0,0,0,0,0
CDZI,0,0,0,0,0,0,0,0,0,0,0,0,0,0,0,0,0,0
CDZIP,0,0,0,0,0,0,0,0,0,0,0,0,0,0,0,0,0,0
CECO,0,0,0,0,0,0,0,0,0,0,0,0,0,0,0,0,0,0
CEG,0,0,0,0,0,0,0,0,0,0,0,0,0,0,0,0,0,0
CELC,1,15,12,1,18,12,1,18,12,1,19,14,1,20,15,0,0,0
CELH,1,1,4,1,7,7,1,5,7,1,6,7,1,5,11,0,0,0
CELU,0,0,0,0,0,0,0,0,0,0,0,0,0,0,0,0,0,0
CELUW,0,0,0,0,0,0,0,0,0,0,0,0,0,0,0,0,0,0
CELZ,0,0,0,0,0,0,0,0,0,0,0,0,0,0,0,0,0,0
CENN,0,0,0,0,0,0,0,0,0,0,0,0,0,0,0,0,0,0
CENTA,0,0,0,0,0,0,0,0,0,0,0,0,0,0,0,0,0,0
CENX,0,0,0,0,0,0,0,0,0,0,0,0,0,0,0,0,0,0
CEPO,0,0,0,0,0,0,0,0,0,0,0,0,0,0,0,0,0,0
CEPT,0,0,0,0,0,0,0,0,0,0,0,0,0,0,0,0,0,0
CEPU,0,0,0,0,0,0,0,0,0,0,0,0,0,0,0,0,0,0
CEROW,0,0,0,0,0,0,0,0,0,0,0,0,0,0,0,0,0,0
CERS,0,0,0,0,0,0,0,0,0,0,0,0,0,0,0,0,0,0
CERT,0,0,0,0,0,0,0,0,0,0,0,0,0,0,0,0,0,0
CET,0,0,0,0,0,0,0,0,0,0,0,0,0,0,0,0,0,0
CETX,0,0,0,0,0,0,0,0,0,0,0,0,0,0,0,0,0,0
CETY,0,0,0,0,0,0,0,0,0,0,0,0,0,0,0,0,0,0
CEV,0,0,0,0,0,0,0,0,0,0,0,0,0,0,0,0,0,0
CEVA,0,0,0,0,0,0,0,0,0,0,0,0,0,0,0,0,0,0
CF,0,0,0,0,0,0,0,0,0,0,0,0,0,0,0,0,0,0
CFBK,0,0,0,0,0,0,0,0,0,0,0,0,0,0,0,0,0,0
CFFI,0,0,0,0,0,0,0,0,0,0,0,0,0,0,0,0,0,0
CFFN,0,0,0,0,0,0,0,0,0,0,0,0,0,0,0,0,0,0
CFG,0,0,0,0,0,0,0,0,0,0,0,0,0,0,0,0,0,0
CFLT,0,0,0,0,0,0,0,0,0,0,0,0,0,0,0,0,0,0
CFR,0,0,0,0,0,0,0,0,0,0,0,0,0,0,0,0,0,0
CFSB,0,0,0,0,0,0,0,0,0,0,0,0,0,0,0,0,0,0
CG,0,0,0,0,0,0,0,0,0,0,0,0,0,0,0,0,0,0
CGABL,0,0,0,0,0,0,0,0,0,0,0,0,0,0,0,0,0,0
CGAU,0,0,0,0,0,0,0,0,0,0,0,0,0,0,0,0,0,0
CGBD,0,0,0,0,0,0,0,0,0,0,0,0,0,0,0,0,0,0
CGBDL,0,0,0,0,0,0,0,0,0,0,0,0,0,0,0,0,0,0
CGC,0,0,0,0,0,0,0,0,0,0,0,0,0,0,0,0,0,0
CGCT,0,0,0,0,0,0,0,0,0,0,0,0,0,0,0,0,0,0
CGCTU,0,0,0,0,0,0,0,0,0,0,0,0,0,0,0,0,0,0
CGCTW,0,0,0,0,0,0,0,0,0,0,0,0,0,0,0,0,0,0
CGEM,0,0,0,0,0,0,0,0,0,0,0,0,0,0,0,0,0,0
CGEN,0,0,0,0,0,0,0,0,0,0,0,0,0,0,0,0,0,0
CGNT,0,0,0,0,0,0,0,0,0,0,0,0,0,0,0,0,0,0
CGNX,0,0,0,0,0,0,0,0,0,0,0,0,0,0,0,0,0,0
CGO,0,0,0,0,0,0,0,0,0,0,0,0,0,0,0,0,0,0
CGON,0,0,0,0,0,0,0,0,0,0,0,0,0,0,0,0,0,0
CGTL,0,0,0,0,0,0,0,0,0,0,0,0,0,0,0,0,0,0
CGTX,0,0,0,1,0,7,1,0,8,2,31,21,2,40,22,0,0,0
CHCI,0,0,0,0,0,0,0,0,0,0,0,0,0,0,0,0,0,0
CHCO,0,0,0,0,0,0,0,0,0,0,0,0,0,0,0,0,0,0
CHCT,0,0,0,0,0,0,0,0,0,0,0,0,0,0,0,0,0,0
CHD,0,0,0,0,0,0,0,0,0,0,0,0,0,0,0,0,0,0
CHDN,0,0,0,0,0,0,0,0,0,0,0,0,0,0,0,0,0,0
CHEB,0,0,0,0,0,0,0,0,0,0,0,0,0,0,0,0,0,0
CHEK,0,0,0,0,0,0,0,0,0,0,0,0,0,0,0,0,0,0
CHGG,0,0,0,0,0,0,0,0,0,0,0,0,0,0,0,0,0,0
CHH,0,0,0,0,0,0,0,0,0,0,0,0,0,0,0,0,0,0
CHKP,0,0,0,0,0,0,0,0,0,0,0,0,0,0,0,0,0,0
CHMG,0,0,0,0,0,0,0,0,0,0,0,0,0,0,0,0,0,0
CHMI,0,0,0,0,0,0,0,0,0,0,0,0,0,0,0,0,0,0
CHN,0,0,0,0,0,0,0,0,0,0,0,0,0,0,0,0,0,0
CHNR,0,0,0,0,0,0,0,0,0,0,0,0,0,0,0,0,0,0
CHPG,0,0,0,0,0,0,0,0,0,0,0,0,0,0,0,0,0,0
CHPGR,0,0,0,0,0,0,0,0,0,0,0,0,0,0,0,0,0,0
CHPGU,0,0,0,0,0,0,0,0,0,0,0,0,0,0,0,0,0,0
CHPT,0,0,0,1,60,19,0,0,0,0,0,0,0,0,0,0,0,0
CHR,0,0,0,0,0,0,0,0,0,0,0,0,0,0,0,0,0,0
CHRD,0,0,0,0,0,0,0,0,0,0,0,0,0,0,0,0,0,0
CHRS,0,0,0,0,0,0,0,0,0,0,0,0,0,0,0,0,0,0
CHRW,0,0,0,0,0,0,0,0,0,0,0,0,0,0,0,0,0,0
CHSCL,0,0,0,0,0,0,0,0,0,0,0,0,0,0,0,0,0,0
CHSCM,0,0,0,0,0,0,0,0,0,0,0,0,0,0,0,0,0,0
CHSCN,0,0,0,0,0,0,0,0,0,0,0,0,0,0,0,0,0,0
CHSCO,0,0,0,0,0,0,0,0,0,0,0,0,0,0,0,0,0,0
CHSCP,0,0,0,0,0,0,0,0,0,0,0,0,0,0,0,0,0,0
CHSN,3,187,173,3,46,119,3,40,90,3,42,102,3,45,102,0,0,0
CHT,0,0,0,0,0,0,0,0,0,0,0,0,0,0,0,0,0,0
CHTR,0,0,0,0,0,0,0,0,0,0,0,0,0,0,0,0,0,0
CHW,0,0,0,0,0,0,0,0,0,0,0,0,0,0,0,0,0,0
CHWY,0,0,0,0,0,0,0,0,0,0,0,0,0,0,0,0,0,0
CHY,0,0,0,0,0,0,0,0,0,0,0,0,0,0,0,0,0,0
CHYM,0,0,0,0,0,0,0,0,0,0,0,0,0,0,0,0,0,0
CI,0,0,0,0,0,0,0,0,0,0,0,0,0,0,0,0,0,0
CIA,0,0,0,0,0,0,0,0,0,0,0,0,0,0,0,0,0,0
CIB,0,0,0,0,0,0,0,0,0,0,0,0,0,0,0,0,0,0
CICB,0,0,0,0,0,0,0,0,0,0,0,0,0,0,0,0,0,0
CIEN,0,0,0,0,0,0,0,0,0,0,0,0,0,0,0,0,0,0
CIF,0,0,0,0,0,0,0,0,0,0,0,0,0,0,0,0,0,0
CIFR,0,0,0,0,0,0,0,0,0,0,0,0,0,0,0,0,0,0
CIFRW,0,0,0,0,0,0,0,0,0,0,0,0,0,0,0,0,0,0
CIGI,0,0,0,0,0,0,0,0,0,0,0,0,0,0,0,0,0,0
CIGL,0,0,0,0,0,0,0,0,0,0,0,0,0,0,0,0,0,0
CII,0,0,0,0,0,0,0,0,0,0,0,0,0,0,0,0,0,0
CIIT,0,0,0,0,0,0,0,0,0,0,0,0,0,0,0,0,0,0
CIK,0,0,0,0,0,0,1,98,118,0,0,0,0,0,0,0,0,0
CIM,0,0,0,0,0,0,0,0,0,0,0,0,0,0,0,0,0,0
CIMN,0,0,0,0,0,0,0,0,0,0,0,0,0,0,0,0,0,0
CIMO,0,0,0,0,0,0,0,0,0,0,0,0,0,0,0,0,0,0
CINF,0,0,0,0,0,0,0,0,0,0,0,0,0,0,0,0,0,0
CING,0,0,0,0,0,0,0,0,0,0,0,0,0,0,0,0,0,0
CINGW,0,0,0,0,0,0,0,0,0,0,0,0,0,0,0,0,0,0
CINT,0,0,0,0,0,0,0,0,0,0,0,0,0,0,0,0,0,0
CIO,0,0,0,0,0,0,0,0,0,0,0,0,0,0,0,0,0,0
CISO,0,0,0,0,0,0,0,0,0,0,0,0,0,0,0,0,0,0
CISS,0,0,0,0,0,0,0,0,0,0,0,0,0,0,0,0,0,0
CIVB,0,0,0,0,0,0,0,0,0,0,0,0,0,0,0,0,0,0
CIVI,0,0,0,0,0,0,0,0,0,0,0,0,0,0,0,0,0,0
CIX,0,0,0,0,0,0,0,0,0,0,0,0,0,0,0,0,0,0
CJET,0,0,0,0,0,0,0,0,0,0,0,0,0,0,0,0,0,0
CJMB,0,0,0,0,0,0,0,0,0,0,0,0,0,0,0,0,0,0
CKX,0,0,0,0,0,0,0,0,0,0,0,0,0,0,0,0,0,0
CL,0,0,0,0,0,0,0,0,0,0,0,0,0,0,0,0,0,0
CLAR,0,0,0,0,0,0,0,0,0,0,0,0,0,0,0,0,0,0
CLB,0,0,0,0,0,0,0,0,0,0,0,0,0,0,0,0,0,0
CLBK,0,0,0,0,0,0,0,0,0,0,0,0,0,0,0,0,0,0
CLBT,0,0,0,0,0,0,0,0,0,0,0,0,0,0,0,0,0,0
CLCO,0,0,0,0,0,0,0,0,0,0,0,0,0,0,0,0,0,0
CLDI,0,0,0,0,0,0,0,0,0,0,0,0,0,0,0,0,0,0
CLDT,0,0,0,0,0,0,0,0,0,0,0,0,0,0,0,0,0,0
CLDX,0,0,0,0,0,0,0,0,0,0,0,0,0,0,0,0,0,0
CLF,0,0,0,0,0,0,0,0,0,0,0,0,0,0,0,0,0,0
CLFD,0,0,0,0,0,0,0,0,0,0,0,0,0,0,0,0,0,0
CLGN,0,0,0,0,0,0,0,0,0,0,0,0,0,0,0,0,0,0
CLH,0,0,0,0,0,0,0,0,0,0,0,0,0,0,0,0,0,0
CLIK,0,0,0,0,0,0,0,0,0,0,0,0,0,0,0,0,0,0
CLIR,0,0,0,0,0,0,0,0,0,0,0,0,0,0,0,0,0,0
CLLS,0,0,0,0,0,0,0,0,0,0,0,0,0,0,0,0,0,0
CLM,0,0,0,0,0,0,0,0,0,0,0,0,0,0,0,0,0,0
CLMB,0,0,0,0,0,0,0,0,0,0,0,0,0,0,0,0,0,0
CLMT,0,0,0,0,0,0,0,0,0,0,0,0,0,0,0,0,0,0
CLNE,0,0,0,0,0,0,0,0,0,0,0,0,0,0,0,0,0,0
CLNN,0,0,0,0,0,0,0,0,0,0,0,0,0,0,0,0,0,0
CLNNW,0,0,0,0,0,0,0,0,0,0,0,0,0,0,0,0,0,0
CLOV,1,2152,240,1,2193,245,0,0,0,0,0,0,0,0,0,0,0,0
CLPR,0,0,0,0,0,0,0,0,0,0,0,0,0,0,0,0,0,0
CLPS,0,0,0,0,0,0,0,0,0,0,0,0,0,0,0,0,0,0
CLPT,0,0,0,0,0,0,0,0,0,0,0,0,0,0,0,0,0,0
CLRB,0,0,0,0,0,0,0,0,0,0,0,0,0,0,0,0,0,0
CLRO,0,0,0,0,0,0,0,0,0,0,0,0,0,0,0,0,0,0
CLS,0,0,0,0,0,0,0,0,0,0,0,0,0,0,0,0,0,0
CLSD,0,0,0,0,0,0,0,0,0,0,0,0,0,0,0,0,0,0
CLSK,0,0,0,0,0,0,0,0,0,0,0,0,0,0,0,0,0,0
CLSKW,0,0,0,0,0,0,0,0,0,0,0,0,0,0,0,0,0,0
CLST,0,0,0,0,0,0,0,0,0,0,0,0,0,0,0,0,0,0
CLVT,0,0,0,0,0,0,0,0,0,0,0,0,0,0,0,0,0,0
CLW,0,0,0,0,0,0,0,0,0,0,0,0,0,0,0,0,0,0
CLWT,0,0,0,0,0,0,0,0,0,0,0,0,0,0,0,0,0,0
CLX,0,0,0,0,0,0,0,0,0,0,0,0,0,0,0,0,0,0
CLYM,0,0,0,0,0,0,0,0,0,0,0,0,0,0,0,1,39,21
CM,0,0,0,0,0,0,0,0,0,0,0,0,0,0,0,0,0,0
CMA,0,0,0,0,0,0,0,0,0,0,0,0,0,0,0,0,0,0
CMBM,0,0,0,0,0,0,0,0,0,0,0,0,0,0,0,0,0,0
CMBT,0,0,0,0,0,0,0,0,0,0,0,0,0,0,0,0,0,0
CMC,0,0,0,0,0,0,0,0,0,0,0,0,0,0,0,0,0,0
CMCL,0,0,0,0,0,0,0,0,0,0,0,0,0,0,0,0,0,0
CMCM,0,0,0,0,0,0,0,0,0,0,0,0,0,0,0,0,0,0
CMCO,0,0,0,0,0,0,0,0,0,0,0,0,0,0,0,0,0,0
CMCSA,0,0,0,0,0,0,0,0,0,0,0,0,0,0,0,0,0,0
CMCT,0,0,0,0,0,0,0,0,0,0,0,0,0,0,0,0,0,0
CMDB,0,0,0,0,0,0,0,0,0,0,0,0,0,0,0,0,0,0
CME,0,0,0,0,0,0,0,0,0,0,0,0,0,0,0,0,0,0
CMG,0,0,0,0,0,0,0,0,0,0,0,0,0,0,0,1,5,12
CMI,0,0,0,0,0,0,0,0,0,0,0,0,0,0,0,0,0,0
CMMB,0,0,0,0,0,0,0,0,0,0,0,0,0,0,0,0,0,0
CMND,0,0,0,0,0,0,0,0,0,0,0,0,0,0,0,0,0,0
CMP,0,0,0,0,0,0,0,0,0,0,0,0,0,0,0,0,0,0
CMPO,0,0,0,0,0,0,0,0,0,0,0,0,0,0,0,0,0,0
CMPOW,0,0,0,0,0,0,0,0,0,0,0,0,0,0,0,0,0,0
CMPR,0,0,0,0,0,0,0,0,0,0,0,0,0,0,0,0,0,0
CMPS,0,0,0,0,0,0,0,0,0,0,0,0,0,0,0,0,0,0
CMPX,0,0,0,0,0,0,0,0,0,0,0,0,0,0,0,0,0,0
CMRE,0,0,0,0,0,0,0,0,0,0,0,0,0,0,0,0,0,0
CMS,0,0,0,0,0,0,0,0,0,0,0,0,0,0,0,0,0,0
CMSA,0,0,0,0,0,0,0,0,0,0,0,0,0,0,0,0,0,0
CMSC,0,0,0,0,0,0,0,0,0,0,0,0,0,0,0,0,0,0
CMSD,0,0,0,0,0,0,0,0,0,0,0,0,0,0,0,0,0,0
CMT,0,0,0,0,0,0,0,0,0,0,0,0,0,0,0,0,0,0
CMTG,0,0,0,0,0,0,0,0,0,0,0,0,0,0,0,0,0,0
CMTL,0,0,0,0,0,0,0,0,0,0,0,0,0,0,0,0,0,0
CMU,0,0,0,0,0,0,0,0,0,0,0,0,0,0,0,0,0,0
CNA,0,0,0,0,0,0,0,0,0,0,0,0,0,0,0,0,0,0
CNC,0,0,0,0,0,0,0,0,0,0,0,0,0,0,0,0,0,0
CNCK,0,0,0,0,0,0,0,0,0,0,0,0,0,0,0,0,0,0
CNCKW,0,0,0,0,0,0,0,0,0,0,0,0,0,0,0,0,0,0
CNDT,0,0,0,0,0,0,0,0,0,0,0,0,0,0,0,0,0,0
CNET,0,0,0,0,0,0,0,0,0,0,0,0,0,0,0,0,0,0
CNEY,0,0,0,0,0,0,0,0,0,0,0,0,0,0,0,0,0,0
CNF,0,0,0,0,0,0,0,0,0,0,0,0,0,0,0,0,0,0
CNFR,0,0,0,0,0,0,0,0,0,0,0,0,0,0,0,0,0,0
CNFRZ,0,0,0,0,0,0,0,0,0,0,0,0,0,0,0,0,0,0
CNH,0,0,0,0,0,0,0,0,0,0,0,0,0,0,0,0,0,0
CNI,0,0,0,0,0,0,0,0,0,0,0,0,0,0,0,0,0,0
CNK,0,0,0,0,0,0,0,0,0,0,0,0,0,0,0,0,0,0
CNL,0,0,0,0,0,0,0,0,0,0,0,0,0,0,0,0,0,0
CNM,0,0,0,0,0,0,0,0,0,0,0,0,0,0,0,0,0,0
CNMD,0,0,0,0,0,0,0,0,0,0,0,0,0,0,0,0,0,0
CNNE,0,0,0,0,0,0,0,0,0,0,0,0,0,0,0,0,0,0
CNO,0,0,0,0,0,0,0,0,0,0,0,0,0,0,0,0,0,0
CNOB,0,0,0,0,0,0,0,0,0,0,0,0,0,0,0,0,0,0
CNOBP,0,0,0,0,0,0,0,0,0,0,0,0,0,0,0,0,0,0
CNP,0,0,0,0,0,0,0,0,0,0,0,0,0,0,0,0,0,0
CNQ,0,0,0,0,0,0,0,0,0,0,0,0,0,0,0,0,0,0
CNR,0,0,0,0,0,0,0,0,0,0,0,0,0,0,0,0,0,0
CNS,0,0,0,1,11,4,1,10,4,0,0,0,1,10,11,0,0,0
CNSP,0,0,0,0,0,0,0,0,0,0,0,0,0,0,0,0,0,0
CNTA,0,0,0,0,0,0,0,0,0,0,0,0,0,0,0,0,0,0
CNTB,0,0,0,0,0,0,0,0,0,0,0,0,0,0,0,0,0,0
CNTX,0,0,0,0,0,0,0,0,0,0,0,0,0,0,0,0,0,0
CNTY,0,0,0,0,0,0,0,0,0,0,0,0,0,0,0,0,0,0
CNVS,0,0,0,0,0,0,0,0,0,0,0,0,0,0,0,0,0,0
CNX,0,0,0,0,0,0,0,0,0,0,0,0,0,0,0,0,0,0
CNXC,0,0,0,0,0,0,0,0,0,0,0,0,0,0,0,0,0,0
CNXN,0,0,0,0,0,0,0,0,0,0,0,0,0,0,0,0,0,0
COCH,0,0,0,0,0,0,0,0,0,0,0,0,0,0,0,0,0,0
COCHW,0,0,0,0,0,0,0,0,0,0,0,0,0,0,0,0,0,0
COCP,0,0,0,0,0,0,0,0,0,0,0,0,0,0,0,0,0,0
CODI,0,0,0,0,0,0,0,0,0,0,0,0,0,0,0,0,0,0
CODX,0,0,0,0,0,0,0,0,0,0,0,0,0,0,0,0,0,0
COEP,0,0,0,0,0,0,0,0,0,0,0,0,0,0,0,0,0,0
COEPW,0,0,0,0,0,0,0,0,0,0,0,0,0,0,0,0,0,0
COF,0,0,0,0,0,0,0,0,0,0,0,0,0,0,0,0,0,0
COFS,0,0,0,0,0,0,0,0,0,0,0,0,0,0,0,0,0,0
COGT,0,0,0,0,0,0,0,0,0,0,0,0,0,0,0,0,0,0
COHN,0,0,0,0,0,0,0,0,0,0,0,0,0,0,0,0,0,0
COHR,0,0,0,0,0,0,0,0,0,0,0,0,0,0,0,0,0,0
COHU,0,0,0,0,0,0,0,0,0,0,0,0,0,0,0,0,0,0
COLAR,0,0,0,0,0,0,0,0,0,0,0,0,0,0,0,0,0,0
COLAU,0,0,0,0,0,0,0,0,0,0,0,0,0,0,0,0,0,0
COLB,0,0,0,0,0,0,0,0,0,0,0,0,0,0,0,0,0,0
COLM,0,0,0,0,0,0,0,0,0,0,0,0,0,0,0,0,0,0
COMM,0,0,0,0,0,0,0,0,0,0,0,0,0,0,0,0,0,0
COMP,0,0,0,0,0,0,1,36,16,0,0,0,0,0,0,0,0,0
COOTW,0,0,0,0,0,0,0,0,0,0,0,0,0,0,0,0,0,0
COPL,0,0,0,0,0,0,0,0,0,0,0,0,0,0,0,0,0,0
CORT,0,0,0,0,0,0,0,0,0,0,0,0,0,0,0,0,0,0
CORZ,0,0,0,0,0,0,0,0,0,0,0,0,0,0,0,0,0,0
CORZW,0,0,0,0,0,0,0,0,0,0,0,0,0,0,0,0,0,0
CORZZ,0,0,0,0,0,0,0,0,0,0,0,0,0,0,0,0,0,0
COSM,0,0,0,0,0,0,0,0,0,0,0,0,0,0,0,0,0,0
COSO,0,0,0,0,0,0,0,0,0,0,0,0,0,0,0,0,0,0
COTY,0,0,0,0,0,0,0,0,0,0,0,0,0,0,0,0,0,0
COUR,0,0,0,0,0,0,0,0,0,0,0,0,0,0,0,0,0,0
COYA,0,0,0,0,0,0,0,0,0,0,0,0,0,0,0,0,0,0
CP,0,0,0,0,0,0,0,0,0,0,0,0,0,0,0,0,0,0
CPAC,0,0,0,0,0,0,0,0,0,0,0,0,0,0,0,0,0,0
CPAY,0,0,0,0,0,0,0,0,0,0,0,0,0,0,0,0,0,0
CPB,0,0,0,0,0,0,0,0,0,0,0,0,0,0,0,0,0,0
CPBI,0,0,0,0,0,0,0,0,0,0,0,0,0,0,0,0,0,0
CPF,0,0,0,0,0,0,0,0,0,0,0,0,0,0,0,0,0,0
CPHC,0,0,0,0,0,0,0,0,0,0,0,0,0,0,0,0,0,0
CPHI,0,0,0,0,0,0,0,0,0,0,0,0,0,0,0,0,0,0
CPIX,0,0,0,0,0,0,0,0,0,0,0,0,0,0,0,0,0,0
CPK,0,0,0,0,0,0,0,0,0,0,0,0,0,0,0,0,0,0
CPNG,0,0,0,0,0,0,0,0,0,0,0,0,0,0,0,0,0,0
CPOP,0,0,0,0,0,0,0,0,0,0,0,0,0,0,0,0,0,0
CPRI,0,0,0,0,0,0,0,0,0,0,0,0,0,0,0,0,0,0
CPRT,0,0,0,0,0,0,0,0,0,0,0,0,0,0,0,0,0,0
CPRX,0,0,0,0,0,0,0,0,0,0,0,0,0,0,0,0,0,0
CPS,0,0,0,0,0,0,0,0,0,0,0,0,0,0,0,0,0,0
CPSH,0,0,0,0,0,0,0,0,0,0,0,0,0,0,0,0,0,0
CPSS,0,0,0,0,0,0,0,0,0,0,0,0,0,0,0,0,0,0
CPT,0,0,0,0,0,0,0,0,0,0,0,0,0,0,0,0,0,0
CPZ,0,0,0,0,0,0,0,0,0,0,0,0,0,0,0,0,0,0
CQP,0,0,0,0,0,0,0,0,0,0,0,0,0,0,0,0,0,0
CR,0,0,0,1,3,3,1,5,6,0,0,0,0,0,0,0,0,0
CRAI,0,0,0,0,0,0,0,0,0,0,0,0,0,0,0,0,0,0
CRAQ,0,0,0,0,0,0,0,0,0,0,0,0,0,0,0,0,0,0
CRAQR,0,0,0,0,0,0,0,0,0,0,0,0,0,0,0,0,0,0
CRAQU,0,0,0,0,0,0,0,0,0,0,0,0,0,0,0,0,0,0
CRBD,0,0,0,0,0,0,0,0,0,0,0,0,0,0,0,0,0,0
CRBG,0,0,0,0,0,0,0,0,0,0,0,0,0,0,0,0,0,0
CRBP,0,0,0,0,0,0,0,0,0,0,0,0,0,0,0,0,0,0
CRBU,0,0,0,0,0,0,0,0,0,0,0,0,0,0,0,0,0,0
CRC,0,0,0,0,0,0,0,0,0,0,0,0,0,0,0,0,0,0
CRCL,0,0,0,0,0,0,1,96,50,1,121,66,0,0,0,0,0,0
CRCT,0,0,0,0,0,0,0,0,0,0,0,0,0,0,0,0,0,0
CRDF,0,0,0,0,0,0,0,0,0,0,0,0,0,0,0,0,0,0
CRDL,0,0,0,0,0,0,0,0,0,0,0,0,0,0,0,0,0,0
CRDO,0,0,0,0,0,0,0,0,0,0,0,0,0,0,0,0,0,0
CREG,0,0,0,0,0,0,0,0,0,0,0,0,0,0,0,0,0,0
CRESW,0,0,0,0,0,0,0,0,0,0,0,0,0,0,0,0,0,0
CRESY,0,0,0,0,0,0,0,0,0,0,0,0,0,0,0,0,0,0
CREV,0,0,0,0,0,0,0,0,0,0,0,0,0,0,0,0,0,0
CREVW,0,0,0,0,0,0,0,0,0,0,0,0,0,0,0,0,0,0
CRF,0,0,0,0,0,0,0,0,0,0,0,0,0,0,0,0,0,0
CRGO,0,0,0,0,0,0,0,0,0,0,0,0,0,0,0,0,0,0
CRGOW,0,0,0,0,0,0,0,0,0,0,0,0,0,0,0,0,0,0
CRGX,0,0,0,0,0,0,0,0,0,0,0,0,0,0,0,0,0,0
CRGY,0,0,0,0,0,0,0,0,0,0,0,0,0,0,0,0,0,0
CRH,0,0,0,0,0,0,0,0,0,0,0,0,0,0,0,0,0,0
CRI,0,0,0,0,0,0,0,0,0,0,0,0,0,0,0,0,0,0
CRK,0,0,0,0,0,0,0,0,0,0,0,0,0,0,0,0,0,0
CRL,0,0,0,0,0,0,0,0,0,0,0,0,0,0,0,0,0,0
CRM,0,0,0,0,0,0,0,0,0,0,0,0,0,0,0,0,0,0
CRMD,0,0,0,0,0,0,0,0,0,0,0,0,0,0,0,0,0,0
CRML,0,0,0,0,0,0,0,0,0,0,0,0,0,0,0,0,0,0
CRMLW,0,0,0,0,0,0,0,0,0,0,0,0,0,0,0,0,0,0
CRMT,0,0,0,0,0,0,0,0,0,0,0,0,0,0,0,0,0,0
CRNC,0,0,0,0,0,0,0,0,0,0,0,0,0,0,0,0,0,0
CRNT,0,0,0,0,0,0,0,0,0,0,0,0,0,0,0,0,0,0
CRNX,0,0,0,0,0,0,0,0,0,0,0,0,0,0,0,0,0,0
CRON,0,0,0,0,0,0,0,0,0,0,0,0,0,0,0,0,0,0
CROX,0,0,0,0,0,0,0,0,0,0,0,0,0,0,0,0,0,0
CRS,0,0,0,0,0,0,0,0,0,0,0,0,0,0,0,0,0,0
CRSP,1,16,12,1,19,13,1,20,13,1,20,13,1,21,13,0,0,0
CRSR,0,0,0,0,0,0,0,0,0,0,0,0,0,0,0,0,0,0
CRT,0,0,0,0,0,0,0,0,0,0,0,0,0,0,0,0,0,0
CRTO,0,0,0,0,0,0,0,0,0,0,0,0,0,0,0,0,0,0
CRVL,0,0,0,0,0,0,0,0,0,0,0,0,0,0,0,0,0,0
CRVO,0,0,0,0,0,0,0,0,0,0,0,0,0,0,0,0,0,0
CRVS,0,0,0,0,0,0,0,0,0,0,0,0,0,0,0,0,0,0
CRWD,0,0,0,0,0,0,0,0,0,0,0,0,0,0,0,0,0,0
CRWS,0,0,0,0,0,0,0,0,0,0,0,0,0,0,0,0,0,0
CRWV,0,0,0,0,0,0,2,55,30,1,17,9,1,21,9,0,0,0
CSAI,0,0,0,0,0,0,0,0,0,0,0,0,0,0,0,0,0,0
CSAN,0,0,0,0,0,0,0,0,0,0,0,0,0,0,0,0,0,0
CSBR,0,0,0,0,0,0,0,0,0,0,0,0,0,0,0,0,0,0
CSCI,0,0,0,0,0,0,0,0,0,0,0,0,0,0,0,0,0,0
CSCO,0,0,0,0,0,0,0,0,0,0,0,0,0,0,0,0,0,0
CSGP,0,0,0,0,0,0,0,0,0,0,0,0,0,0,0,0,0,0
CSGS,0,0,0,0,0,0,0,0,0,0,0,0,0,0,0,0,0,0
CSIQ,0,0,0,0,0,0,0,0,0,0,0,0,0,0,0,0,0,0
CSL,0,0,0,0,0,0,0,0,0,0,0,0,0,0,0,0,0,0
CSPI,0,0,0,0,0,0,0,0,0,0,0,0,0,0,0,0,0,0
CSQ,0,0,0,0,0,0,0,0,0,0,0,0,0,0,0,0,0,0
CSR,0,0,0,0,0,0,0,0,0,0,0,0,0,0,0,0,0,0
CSTE,0,0,0,0,0,0,0,0,0,0,0,0,0,0,0,0,0,0
CSTL,0,0,0,0,0,0,0,0,0,0,0,0,0,0,0,0,0,0
CSTM,0,0,0,0,0,0,0,0,0,0,0,0,0,0,0,0,0,0
CSV,0,0,0,0,0,0,0,0,0,0,0,0,1,12,2,0,0,0
CSW,0,0,0,0,0,0,0,0,0,0,0,0,0,0,0,0,0,0
CSWC,0,0,0,0,0,0,0,0,0,0,0,0,0,0,0,0,0,0
CSWCZ,0,0,0,0,0,0,0,0,0,0,0,0,0,0,0,0,0,0
CSX,0,0,0,0,0,0,1,1,3,1,81,47,1,90,55,0,0,0
CTAS,0,0,0,0,0,0,0,0,0,0,0,0,0,0,0,0,0,0
CTBB,0,0,0,0,0,0,0,0,0,0,0,0,0,0,0,0,0,0
CTBI,0,0,0,0,0,0,0,0,0,0,0,0,0,0,0,0,0,0
CTDD,0,0,0,0,0,0,0,0,0,0,0,0,0,0,0,0,0,0
CTEV,0,0,0,0,0,0,0,0,0,0,0,0,0,0,0,0,0,0
CTGO,0,0,0,0,0,0,0,0,0,0,0,0,0,0,0,0,0,0
CTKB,0,0,0,0,0,0,0,0,0,0,0,0,0,0,0,0,0,0
CTLP,0,0,0,0,0,0,0,0,0,0,0,0,0,0,0,0,0,0
CTM,0,0,0,0,0,0,0,0,0,1,30,24,1,40,25,1,3,1
CTMX,0,0,0,0,0,0,0,0,0,0,0,0,0,0,0,0,0,0
CTNM,0,0,0,0,0,0,0,0,0,0,0,0,0,0,0,0,0,0
CTNT,0,0,0,0,0,0,0,0,0,0,0,0,0,0,0,0,0,0
CTO,0,0,0,0,0,0,0,0,0,0,0,0,0,0,0,0,0,0
CTOR,0,0,0,0,0,0,0,0,0,0,0,0,0,0,0,0,0,0
CTOS,0,0,0,0,0,0,0,0,0,0,0,0,0,0,0,0,0,0
CTRA,0,0,0,0,0,0,0,0,0,0,0,0,0,0,0,0,0,0
CTRE,0,0,0,0,0,0,0,0,0,0,0,0,0,0,0,0,0,0
CTRI,0,0,0,0,0,0,0,0,0,0,0,0,0,0,0,0,0,0
CTRM,0,0,0,0,0,0,0,0,0,0,0,0,0,0,0,0,0,0
CTRN,0,0,0,0,0,0,0,0,0,0,0,0,0,0,0,0,0,0
CTS,0,0,0,0,0,0,0,0,0,0,0,0,0,0,0,0,0,0
CTSH,0,0,0,0,0,0,0,0,0,0,0,0,0,0,0,0,0,0
CTSO,0,0,0,0,0,0,0,0,0,0,0,0,0,0,0,0,0,0
CTVA,0,0,0,0,0,0,0,0,0,0,0,0,0,0,0,0,0,0
CTXR,0,0,0,0,0,0,0,0,0,0,0,0,0,0,0,0,0,0
CUBB,0,0,0,0,0,0,0,0,0,0,0,0,0,0,0,0,0,0
CUBWU,0,0,0,0,0,0,0,0,0,0,0,0,0,0,0,0,0,0
CUBWW,0,0,0,0,0,0,0,0,0,0,0,0,0,0,0,0,0,0
CUK,0,0,0,0,0,0,0,0,0,0,0,0,0,0,0,0,0,0
CULP,0,0,0,0,0,0,0,0,0,0,0,0,0,0,0,0,0,0
CUPR,0,0,0,0,0,0,0,0,0,0,0,0,0,0,0,0,0,0
CURI,0,0,0,2,8,2,2,102,42,0,0,0,0,0,0,0,0,0
CURIW,0,0,0,0,0,0,0,0,0,0,0,0,0,0,0,0,0,0
CURV,0,0,0,0,0,0,0,0,0,0,0,0,0,0,0,0,0,0
CUZ,0,0,0,0,0,0,0,0,0,0,0,0,0,0,0,1,5,12
CV,1,39,1,0,0,0,0,0,0,0,0,0,0,0,0,0,0,0
CVAC,0,0,0,0,0,0,0,0,0,0,0,0,0,0,0,0,0,0
CVBF,0,0,0,0,0,0,0,0,0,0,0,0,0,0,0,0,0,0
CVCO,0,0,0,0,0,0,0,0,0,0,0,0,0,0,0,0,0,0
CVE,0,0,0,0,0,0,0,0,0,0,0,0,0,0,0,0,0,0
CVEO,0,0,0,0,0,0,0,0,0,0,0,0,0,0,0,0,0,0
CVGI,0,0,0,0,0,0,0,0,0,0,0,0,0,0,0,0,0,0
CVGW,0,0,0,0,0,0,0,0,0,0,0,0,0,0,0,0,0,0
CVI,0,0,0,0,0,0,0,0,0,0,0,0,0,0,0,0,0,0
CVKD,0,0,0,0,0,0,0,0,0,0,0,0,0,0,0,0,0,0
CVLG,0,0,0,0,0,0,0,0,0,0,0,0,0,0,0,0,0,0
CVLT,0,0,0,0,0,0,0,0,0,0,0,0,0,0,0,0,0,0
CVM,0,0,0,0,0,0,0,0,0,0,0,0,0,0,0,0,0,0
CVNA,1,1,2,3,2255,1029,5,8395,2478,2,9,5,2,9,5,0,0,0
CVR,0,0,0,0,0,0,0,0,0,0,0,0,0,0,0,0,0,0
CVRX,0,0,0,0,0,0,0,0,0,0,0,0,0,0,0,0,0,0
CVS,0,0,0,0,0,0,0,0,0,0,0,0,0,0,0,0,0,0
CVU,0,0,0,0,0,0,0,0,0,0,0,0,0,0,0,0,0,0
CVV,0,0,0,0,0,0,0,0,0,0,0,0,0,0,0,0,0,0
CVX,0,0,0,0,0,0,1,36,16,1,208,67,1,327,96,0,0,0
CW,0,0,0,0,0,0,0,0,0,0,0,0,0,0,0,0,0,0
CWAN,0,0,0,0,0,0,0,0,0,0,0,0,0,0,0,0,0,0
CWBC,0,0,0,0,0,0,0,0,0,0,0,0,0,0,0,0,0,0
CWCO,0,0,0,0,0,0,0,0,0,0,0,0,0,0,0,0,0,0
CWD,0,0,0,0,0,0,0,0,0,0,0,0,0,0,0,0,0,0
CWEN,0,0,0,0,0,0,0,0,0,0,0,0,0,0,0,0,0,0
CWH,0,0,0,0,0,0,0,0,0,0,0,0,0,0,0,0,0,0
CWK,0,0,0,0,0,0,0,0,0,0,0,0,0,0,0,0,0,0
CWST,0,0,0,0,0,0,0,0,0,0,0,0,0,0,0,0,0,0
CWT,0,0,0,0,0,0,0,0,0,0,0,0,0,0,0,0,0,0
CX,0,0,0,0,0,0,0,0,0,0,0,0,0,0,0,0,0,0
CXAI,0,0,0,0,0,0,0,0,0,0,0,0,0,0,0,0,0,0
CXAIW,0,0,0,0,0,0,0,0,0,0,0,0,0,0,0,0,0,0
CXDO,0,0,0,0,0,0,0,0,0,0,0,0,0,0,0,0,0,0
CXE,0,0,0,0,0,0,0,0,0,0,0,0,0,0,0,0,0,0
CXH,0,0,0,0,0,0,0,0,0,0,0,0,0,0,0,0,0,0
CXM,0,0,0,0,0,0,0,0,0,0,0,0,0,0,0,0,0,0
CXT,0,0,0,0,0,0,0,0,0,0,0,0,0,0,0,0,0,0
CXW,0,0,0,0,0,0,0,0,0,0,0,0,0,0,0,0,0,0
CYBN,0,0,0,0,0,0,0,0,0,0,0,0,0,0,0,0,0,0
CYBR,0,0,0,0,0,0,0,0,0,0,0,0,0,0,0,0,0,0
CYCC,0,0,0,0,0,0,0,0,0,0,0,0,0,0,0,0,0,0
CYCCP,0,0,0,0,0,0,0,0,0,0,0,0,0,0,0,0,0,0
CYCN,0,0,0,0,0,0,0,0,0,0,0,0,0,0,0,0,0,0
CYCU,0,0,0,0,0,0,0,0,0,0,0,0,0,0,0,0,0,0
CYCUW,0,0,0,0,0,0,0,0,0,0,0,0,0,0,0,0,0,0
CYD,0,0,0,0,0,0,0,0,0,0,0,0,0,0,0,0,0,0
CYH,0,0,0,0,0,0,0,0,0,0,0,0,0,0,0,0,0,0
CYN,0,0,0,0,0,0,0,0,0,0,0,0,0,0,0,0,0,0
CYRX,0,0,0,0,0,0,0,0,0,0,0,0,0,0,0,0,0,0
CYTK,0,0,0,0,0,0,0,0,0,0,0,0,0,0,0,0,0,0
CZFS,0,0,0,0,0,0,0,0,0,0,0,0,0,0,0,0,0,0
CZNC,0,0,0,0,0,0,0,0,0,0,0,0,0,0,0,0,0,0
CZR,1,37,47,1,34,48,0,0,0,0,0,0,0,0,0,0,0,0
CZWI,0,0,0,0,0,0,0,0,0,0,0,0,0,0,0,0,0,0
DAAQ,0,0,0,0,0,0,0,0,0,0,0,0,0,0,0,0,0,0
DAAQU,0,0,0,0,0,0,0,0,0,0,0,0,0,0,0,0,0,0
DAAQW,0,0,0,0,0,0,0,0,0,0,0,0,0,0,0,0,0,0
DAC,0,0,0,0,0,0,0,0,0,0,0,0,0,0,0,0,0,0
DAIC,0,0,0,0,0,0,0,0,0,0,0,0,0,0,0,0,0,0
DAICW,0,0,0,0,0,0,0,0,0,0,0,0,0,0,0,0,0,0
DAIO,0,0,0,0,0,0,0,0,0,0,0,0,0,0,0,0,0,0
DAKT,0,0,0,0,0,0,0,0,0,0,0,0,0,0,0,0,0,0
DALN,0,0,0,0,0,0,0,0,0,0,0,0,0,0,0,0,0,0
DATS,0,0,0,0,0,0,0,0,0,0,0,0,0,0,0,1,5,8
DATSW,0,0,0,0,0,0,0,0,0,0,0,0,0,0,0,0,0,0
DAVA,0,0,0,0,0,0,0,0,0,0,0,0,0,0,0,0,0,0
DAVEW,0,0,0,0,0,0,0,0,0,0,0,0,0,0,0,0,0,0
DB,0,0,0,0,0,0,0,0,0,0,0,0,0,0,0,0,0,0
DBD,0,0,0,0,0,0,0,0,0,0,0,0,0,0,0,0,0,0
DBI,0,0,0,0,0,0,0,0,0,0,0,0,0,0,0,0,0,0
DBL,0,0,0,0,0,0,0,0,0,0,0,0,0,0,0,0,0,0
DBRG,0,0,0,0,0,0,0,0,0,0,0,0,0,0,0,0,0,0
DBVT,0,0,0,0,0,0,0,0,0,0,0,0,0,0,0,0,0,0
DBX,0,0,0,0,0,0,0,0,0,0,0,0,0,0,0,0,0,0
DC,0,0,0,0,0,0,0,0,0,0,0,0,0,0,0,0,0,0
DCBO,0,0,0,0,0,0,0,0,0,0,0,0,0,0,0,0,0,0
DCGO,0,0,0,0,0,0,0,0,0,0,0,0,0,0,0,0,0,0
DCI,0,0,0,0,0,0,0,0,0,0,0,0,0,0,0,0,0,0
DCO,0,0,0,0,0,0,0,0,0,0,0,0,0,0,0,0,0,0
DCOM,0,0,0,0,0,0,0,0,0,0,0,0,0,0,0,0,0,0
DCOMG,0,0,0,0,0,0,0,0,0,0,0,0,0,0,0,0,0,0
DCOMP,0,0,0,0,0,0,0,0,0,0,0,0,0,0,0,0,0,0
DCTH,0,0,0,0,0,0,0,0,0,0,0,0,0,0,0,0,0,0
DDC,0,0,0,0,0,0,0,0,0,0,0,0,0,0,0,0,0,0
DDD,0,0,0,0,0,0,0,0,0,0,0,0,0,0,0,0,0,0
DDI,0,0,0,0,0,0,0,0,0,0,0,0,0,0,0,0,0,0
DDL,0,0,0,0,0,0,0,0,0,0,0,0,0,0,0,0,0,0
DDOG,0,0,0,0,0,0,0,0,0,0,0,0,0,0,0,0,0,0
DDS,0,0,0,0,0,0,0,0,0,0,0,0,0,0,0,0,0,0
DDT,0,0,0,0,0,0,0,0,0,0,0,0,0,0,0,0,0,0
DEA,0,0,0,1,2,4,1,3,3,0,0,0,0,0,0,0,0,0
DEC,1,38,22,2,38,36,1,1,32,0,0,0,0,0,0,1,76,54
DEI,0,0,0,1,33,15,1,42,39,0,0,0,0,0,0,0,0,0
DENN,0,0,0,0,0,0,0,0,0,0,0,0,0,0,0,0,0,0
DEO,0,0,0,0,0,0,0,0,0,0,0,0,0,0,0,0,0,0
DEVS,1,3,1,0,0,0,0,0,0,0,0,0,0,0,0,0,0,0
DFDV,0,0,0,0,0,0,0,0,0,0,0,0,0,0,0,0,0,0
DFH,0,0,0,0,0,0,0,0,0,0,0,0,0,0,0,0,0,0
DFIN,0,0,0,0,0,0,0,0,0,0,0,0,0,0,0,0,0,0
DFLI,0,0,0,0,0,0,0,0,0,0,0,0,0,0,0,0,0,0
DFLIW,0,0,0,0,0,0,0,0,0,0,0,0,0,0,0,0,0,0
DFP,0,0,0,0,0,0,0,0,0,0,0,0,0,0,0,0,0,0
DFSC,0,0,0,0,0,0,0,0,0,0,0,0,0,0,0,0,0,0
DFSCW,0,0,0,0,0,0,0,0,0,0,0,0,0,0,0,0,0,0
DG,0,0,0,0,0,0,0,0,0,0,0,0,0,0,0,0,0,0
DGICA,0,0,0,0,0,0,0,0,0,0,0,0,0,0,0,0,0,0
DGICB,0,0,0,0,0,0,0,0,0,0,0,0,0,0,0,0,0,0
DGII,0,0,0,0,0,0,0,0,0,0,0,0,0,0,0,0,0,0
DGLY,0,0,0,0,0,0,0,0,0,0,0,0,0,0,0,0,0,0
DGNX,0,0,0,0,0,0,0,0,0,0,0,0,0,0,0,0,0,0
DGX,0,0,0,0,0,0,0,0,0,0,0,0,0,0,0,0,0,0
DGXX,0,0,0,0,0,0,0,0,0,0,0,0,0,0,0,0,0,0
DH,0,0,0,0,0,0,0,0,0,0,0,0,0,0,0,0,0,0
DHAIW,0,0,0,0,0,0,0,0,0,0,0,0,0,0,0,0,0,0
DHC,0,0,0,0,0,0,0,0,0,0,0,0,0,0,0,0,0,0
DHCNI,0,0,0,0,0,0,0,0,0,0,0,0,0,0,0,0,0,0
DHCNL,0,0,0,0,0,0,0,0,0,0,0,0,0,0,0,0,0,0
DHF,0,0,0,0,0,0,0,0,0,0,0,0,0,0,0,0,0,0
DHI,0,0,0,0,0,0,0,0,0,0,0,0,0,0,0,0,0,0
DHIL,0,0,0,0,0,0,0,0,0,0,0,0,0,0,0,0,0,0
DHR,0,0,0,0,0,0,0,0,0,0,0,0,0,0,0,0,0,0
DHT,0,0,0,0,0,0,0,0,0,0,0,0,0,0,0,0,0,0
DHX,0,0,0,0,0,0,0,0,0,0,0,0,0,0,0,0,0,0
DHY,0,0,0,0,0,0,0,0,0,0,0,0,0,0,0,0,0,0
DIAX,0,0,0,0,0,0,0,0,0,0,0,0,0,0,0,0,0,0
DINO,0,0,0,0,0,0,0,0,0,0,0,0,0,0,0,0,0,0
DIOD,0,0,0,0,0,0,0,0,0,0,0,0,0,0,0,0,0,0
DJCO,0,0,0,0,0,0,0,0,0,0,0,0,0,0,0,0,0,0
DJT,0,0,0,1,2,4,1,3,3,0,0,0,0,0,0,0,0,0
DJTWW,0,0,0,0,0,0,0,0,0,0,0,0,0,0,0,0,0,0
DK,0,0,0,0,0,0,0,0,0,0,0,0,0,0,0,0,0,0
DKL,0,0,0,0,0,0,0,0,0,0,0,0,0,0,0,0,0,0
DKNG,0,0,0,0,0,0,0,0,0,0,0,0,0,0,0,0,0,0
DKS,0,0,0,0,0,0,0,0,0,0,0,0,0,0,0,0,0,0
DLB,0,0,0,0,0,0,0,0,0,0,0,0,0,0,0,0,0,0
DLHC,0,0,0,0,0,0,0,0,0,0,0,0,0,0,0,0,0,0
DLNG,0,0,0,0,0,0,0,0,0,0,0,0,0,0,0,0,0,0
DLO,0,0,0,0,0,0,0,0,0,0,0,0,0,0,0,0,0,0
DLPN,0,0,0,0,0,0,0,0,0,0,0,0,0,0,0,0,0,0
DLR,0,0,0,0,0,0,0,0,0,0,0,0,0,0,0,0,0,0
DLTH,0,0,0,0,0,0,0,0,0,0,0,0,0,0,0,0,0,0
DLTR,0,0,0,0,0,0,0,0,0,0,0,0,0,0,0,0,0,0
DLX,0,0,0,0,0,0,0,0,0,0,0,0,0,0,0,0,0,0
DLXY,0,0,0,0,0,0,0,0,0,0,0,0,0,0,0,0,0,0
DLY,0,0,0,0,0,0,0,0,0,0,0,0,0,0,0,0,0,0
DMA,0,0,0,0,0,0,0,0,0,0,0,0,0,0,0,0,0,0
DMAA,0,0,0,0,0,0,0,0,0,0,0,0,0,0,0,0,0,0
DMAAR,0,0,0,0,0,0,0,0,0,0,0,0,0,0,0,0,0,0
DMAAU,0,0,0,0,0,0,0,0,0,0,0,0,0,0,0,0,0,0
DMAC,0,0,0,0,0,0,0,0,0,0,0,0,0,0,0,0,0,0
DMB,0,0,0,0,0,0,0,0,0,0,0,0,0,0,0,0,0,0
DMLP,0,0,0,0,0,0,0,0,0,0,0,0,0,0,0,0,0,0
DMO,0,0,0,0,0,0,0,0,0,0,0,0,0,0,0,0,0,0
DMRC,0,0,0,0,0,0,0,0,0,0,0,0,0,0,0,0,0,0
DMYY,0,0,0,0,0,0,0,0,0,0,0,0,0,0,0,0,0,0
DNA,1,1,1,1,4,2,1,3,2,1,3,2,1,4,2,0,0,0
DNB,0,0,0,0,0,0,0,0,0,0,0,0,0,0,0,0,0,0
DNLI,0,0,0,0,0,0,0,0,0,0,0,0,0,0,0,0,0,0
DNN,0,0,0,0,0,0,1,3,3,1,28,18,1,35,19,0,0,0
DNOW,0,0,0,0,0,0,0,0,0,0,0,0,0,0,0,0,0,0
DNP,0,0,0,0,0,0,0,0,0,0,0,0,0,0,0,0,0,0
DNTH,0,0,0,0,0,0,0,0,0,0,0,0,0,0,0,0,0,0
DNUT,0,0,0,0,0,0,0,0,0,0,0,0,0,0,0,0,0,0
DOCN,1,294,117,0,0,0,0,0,0,0,0,0,0,0,0,0,0,0
DOCS,0,0,0,0,0,0,0,0,0,0,0,0,1,94,32,0,0,0
DOCU,0,0,0,0,0,0,0,0,0,0,0,0,0,0,0,0,0,0
DOGZ,0,0,0,0,0,0,0,0,0,0,0,0,0,0,0,0,0,0
DOMH,0,0,0,0,0,0,0,0,0,0,0,0,0,0,0,0,0,0
DOMO,0,0,0,0,0,0,0,0,0,0,0,0,0,0,0,0,0,0
DOOO,0,0,0,0,0,0,0,0,0,0,0,0,0,0,0,0,0,0
DOV,0,0,0,0,0,0,0,0,0,0,0,0,0,0,0,0,0,0
DOX,0,0,0,0,0,0,0,0,0,0,0,0,0,0,0,0,0,0
DOYU,0,0,0,0,0,0,0,0,0,0,0,0,0,0,0,0,0,0
DPG,0,0,0,0,0,0,0,0,0,0,0,0,0,0,0,0,0,0
DPRO,0,0,0,0,0,0,0,0,0,0,0,0,0,0,0,0,0,0
DPZ,0,0,0,0,0,0,0,0,0,0,0,0,0,0,0,0,0,0
DQ,0,0,0,0,0,0,0,0,0,0,0,0,0,0,0,0,0,0
DRCT,0,0,0,0,0,0,0,0,0,0,0,0,0,0,0,0,0,0
DRD,0,0,0,0,0,0,0,0,0,0,0,0,0,0,0,0,0,0
DRDB,0,0,0,0,0,0,0,0,0,0,0,0,0,0,0,0,0,0
DRDBU,0,0,0,0,0,0,0,0,0,0,0,0,0,0,0,0,0,0
DRDBW,0,0,0,0,0,0,0,0,0,0,0,0,0,0,0,0,0,0
DRH,0,0,0,0,0,0,0,0,0,0,0,0,0,0,0,0,0,0
DRI,0,0,0,0,0,0,0,0,0,0,0,0,0,0,0,0,0,0
DRIO,0,0,0,0,0,0,0,0,0,0,0,0,0,0,0,0,0,0
DRMA,0,0,0,0,0,0,0,0,0,0,0,0,0,0,0,0,0,0
DRMAW,0,0,0,0,0,0,0,0,0,0,0,0,0,0,0,0,0,0
DRRX,0,0,0,0,0,0,0,0,0,0,0,0,0,0,0,0,0,0
DRS,0,0,0,0,0,0,0,0,0,0,0,0,0,0,0,0,0,0
DRTS,0,0,0,0,0,0,0,0,0,0,0,0,0,0,0,0,0,0
DRTSW,0,0,0,0,0,0,0,0,0,0,0,0,0,0,0,0,0,0
DRVN,0,0,0,0,0,0,0,0,0,0,0,0,0,0,0,0,0,0
DSGN,0,0,0,0,0,0,0,0,0,0,0,0,0,0,0,0,0,0
DSGR,0,0,0,0,0,0,0,0,0,0,0,0,0,0,0,0,0,0
DSGX,0,0,0,0,0,0,0,0,0,0,0,0,0,0,0,0,0,0
DSL,0,0,0,0,0,0,0,0,0,0,0,0,0,0,0,0,0,0
DSM,0,0,0,0,0,0,0,0,0,0,0,0,0,0,0,0,0,0
DSP,0,0,0,0,0,0,0,0,0,0,0,0,0,0,0,0,0,0
DSS,0,0,0,0,0,0,0,0,0,0,0,0,0,0,0,0,0,0
DSU,0,0,0,0,0,0,0,0,0,0,0,0,0,0,0,0,0,0
DSWL,0,0,0,0,0,0,0,0,0,0,0,0,0,0,0,0,0,0
DSX,0,0,0,0,0,0,0,0,0,0,0,0,0,0,0,0,0,0
DSY,0,0,0,0,0,0,0,0,0,0,0,0,0,0,0,0,0,0
DSYWW,0,0,0,0,0,0,0,0,0,0,0,0,0,0,0,0,0,0
DT,0,0,0,0,0,0,0,0,0,0,0,0,0,0,0,0,0,0
DTB,0,0,0,0,0,0,0,0,0,0,0,0,0,0,0,0,0,0
DTC,3,170,56,2,42,24,0,0,0,0,0,0,0,0,0,0,0,0
DTCK,0,0,0,0,0,0,0,0,0,0,0,0,0,0,0,0,0,0
DTE,1,3,2,2,10,3,0,0,0,0,0,0,0,0,0,1,6,6
DTF,0,0,0,0,0,0,0,0,0,0,0,0,0,0,0,0,0,0
DTG,0,0,0,0,0,0,0,0,0,0,0,0,0,0,0,0,0,0
DTI,0,0,0,0,0,0,0,0,0,0,0,0,0,0,0,0,0,0
DTIL,0,0,0,0,0,0,0,0,0,0,0,0,0,0,0,0,0,0
DTM,0,0,0,0,0,0,0,0,0,0,0,0,0,0,0,0,0,0
DTSQ,0,0,0,0,0,0,0,0,0,0,0,0,0,0,0,0,0,0
DTSQR,0,0,0,0,0,0,0,0,0,0,0,0,0,0,0,0,0,0
DTSS,0,0,0,0,0,0,0,0,0,0,0,0,0,0,0,0,0,0
DTST,0,0,0,0,0,0,0,0,0,0,0,0,0,0,0,0,0,0
DTSTW,0,0,0,0,0,0,0,0,0,0,0,0,0,0,0,0,0,0
DTW,0,0,0,0,0,0,0,0,0,0,0,0,0,0,0,0,0,0
DUK,0,0,0,0,0,0,0,0,0,0,0,0,0,0,0,0,0,0
DUKB,0,0,0,0,0,0,0,0,0,0,0,0,0,0,0,0,0,0
DUOL,0,0,0,0,0,0,0,0,0,0,0,0,0,0,0,0,0,0
DUOT,0,0,0,0,0,0,0,0,0,0,0,0,0,0,0,0,0,0
DV,0,0,0,0,0,0,0,0,0,0,0,0,0,0,0,0,0,0
DVA,0,0,0,0,0,0,0,0,0,0,0,0,0,0,0,0,0,0
DVAX,0,0,0,0,0,0,0,0,0,0,0,0,0,0,0,0,0,0
DVLT,0,0,0,0,0,0,0,0,0,0,0,0,0,0,0,0,0,0
DVN,0,0,0,0,0,0,0,0,0,0,0,0,0,0,0,0,0,0
DVS,0,0,0,0,0,0,0,0,0,0,0,0,0,0,0,0,0,0
DWSN,0,0,0,0,0,0,0,0,0,0,0,0,0,0,0,0,0,0
DWTX,0,0,0,0,0,0,0,0,0,0,0,0,0,0,0,0,0,0
DX,0,0,0,0,0,0,0,0,0,0,0,0,0,0,0,0,0,0
DXC,0,0,0,0,0,0,0,0,0,0,0,0,0,0,0,0,0,0
DXCM,0,0,0,1,3,3,1,5,6,0,0,0,0,0,0,0,0,0
DXF,0,0,0,0,0,0,0,0,0,0,0,0,0,0,0,0,0,0
DXLG,0,0,0,0,0,0,0,0,0,0,0,0,0,0,0,0,0,0
DXPE,0,0,0,0,0,0,0,0,0,0,0,0,0,0,0,0,0,0
DXR,0,0,0,0,0,0,0,0,0,0,0,0,0,0,0,0,0,0
DXST,0,0,0,0,0,0,0,0,0,0,0,0,0,0,0,0,0,0
DXYZ,0,0,0,0,0,0,0,0,0,0,0,0,0,0,0,0,0,0
DY,0,0,0,0,0,0,0,0,0,0,0,0,0,0,0,0,0,0
DYAI,0,0,0,0,0,0,0,0,0,0,0,0,0,0,0,0,0,0
DYCQ,0,0,0,0,0,0,0,0,0,0,0,0,0,0,0,0,0,0
DYCQR,0,0,0,0,0,0,0,0,0,0,0,0,0,0,0,0,0,0
DYN,0,0,0,0,0,0,0,0,0,0,0,0,0,0,0,0,0,0
DYNX,1,15,12,1,18,12,1,18,12,1,19,14,1,20,15,0,0,0
DYNXU,0,0,0,0,0,0,0,0,0,0,0,0,0,0,0,0,0,0
DYNXW,1,15,12,1,18,12,1,18,12,1,19,14,1,20,15,0,0,0
EAD,0,0,0,0,0,0,0,0,0,0,0,0,0,0,0,0,0,0
EAF,0,0,0,0,0,0,0,0,0,0,0,0,0,0,0,0,0,0
EAI,0,0,0,0,0,0,0,0,0,0,0,0,0,0,0,0,0,0
EB,0,0,0,0,0,0,0,0,0,0,0,0,0,0,0,0,0,0
EBAY,0,0,0,0,0,0,0,0,0,0,0,0,0,0,0,0,0,0
EBC,0,0,0,0,0,0,0,0,0,0,0,0,0,0,0,0,0,0
EBF,0,0,0,0,0,0,0,0,0,0,0,0,0,0,0,0,0,0
EBMT,0,0,0,0,0,0,0,0,0,0,0,0,0,0,0,0,0,0
EBR,0,0,0,0,0,0,0,0,0,0,0,0,0,0,0,0,0,0
EBS,0,0,0,0,0,0,0,0,0,0,0,0,0,0,0,0,0,0
EC,0,0,0,0,0,0,0,0,0,0,0,0,0,0,0,0,0,0
ECAT,0,0,0,0,0,0,0,0,0,0,0,0,0,0,0,0,0,0
ECBK,0,0,0,0,0,0,0,0,0,0,0,0,0,0,0,0,0,0
ECCC,0,0,0,0,0,0,0,0,0,0,0,0,0,0,0,0,0,0
ECCF,0,0,0,0,0,0,0,0,0,0,0,0,0,0,0,0,0,0
ECCU,0,0,0,0,0,0,0,0,0,0,0,0,0,0,0,0,0,0
ECCV,0,0,0,0,0,0,0,0,0,0,0,0,0,0,0,0,0,0
ECCW,0,0,0,0,0,0,0,0,0,0,0,0,0,0,0,0,0,0
ECCX,0,0,0,0,0,0,0,0,0,0,0,0,0,0,0,0,0,0
ECDA,0,0,0,0,0,0,0,0,0,0,0,0,0,0,0,0,0,0
ECDAW,0,0,0,0,0,0,0,0,0,0,0,0,0,0,0,0,0,0
ECF,0,0,0,0,0,0,0,0,0,0,0,0,0,0,0,0,0,0
ECG,0,0,0,0,0,0,0,0,0,0,0,0,0,0,0,0,0,0
ECL,0,0,0,0,0,0,0,0,0,0,0,0,0,0,0,0,0,0
ECO,0,0,0,0,0,0,0,0,0,0,0,0,0,0,0,0,0,0
ECOR,0,0,0,0,0,0,0,0,0,0,0,0,0,0,0,0,0,0
ECPG,0,0,0,0,0,0,0,0,0,0,0,0,0,0,0,0,0,0
ECVT,0,0,0,0,0,0,0,0,0,0,0,0,0,0,0,0,0,0
ECX,0,0,0,0,0,0,0,0,0,0,0,0,0,0,0,0,0,0
ECXWW,0,0,0,0,0,0,0,0,0,0,0,0,0,0,0,0,0,0
EDAP,0,0,0,0,0,0,0,0,0,0,0,0,0,0,0,0,0,0
EDBL,0,0,0,0,0,0,0,0,0,0,0,0,0,0,0,0,0,0
EDBLW,0,0,0,0,0,0,0,0,0,0,0,0,0,0,0,0,0,0
EDD,0,0,0,0,0,0,0,0,0,0,0,0,0,0,0,0,0,0
EDF,0,0,0,0,0,0,0,0,0,0,0,0,0,0,0,0,0,0
EDHL,0,0,0,0,0,0,0,0,0,0,0,0,0,0,0,0,0,0
EDN,0,0,0,0,0,0,0,0,0,0,0,0,0,0,0,0,0,0
EDRY,0,0,0,0,0,0,0,0,0,0,0,0,0,0,0,0,0,0
EDSA,0,0,0,0,0,0,0,0,0,0,0,0,0,0,0,0,0,0
EDTK,0,0,0,0,0,0,0,0,0,0,0,0,0,0,0,0,0,0
EDU,0,0,0,0,0,0,1,10,23,1,19,46,1,21,48,0,0,0
EDUC,0,0,0,0,0,0,0,0,0,0,0,0,0,0,0,0,0,0
EE,0,0,0,0,0,0,0,0,0,0,0,0,0,0,0,0,0,0
EEA,0,0,0,0,0,0,0,0,0,0,0,0,0,0,0,0,0,0
EEFT,0,0,0,0,0,0,0,0,0,0,0,0,0,0,0,0,0,0
EEIQ,0,0,0,0,0,0,0,0,0,0,0,0,0,0,0,0,0,0
EEX,0,0,0,0,0,0,0,0,0,0,0,0,0,0,0,0,0,0
EFC,0,0,0,0,0,0,0,0,0,0,0,0,0,0,0,0,0,0
EFOI,0,0,0,0,0,0,0,0,0,0,0,0,0,0,0,0,0,0
EFR,0,0,0,0,0,0,0,0,0,0,0,0,0,0,0,0,0,0
EFSC,0,0,0,0,0,0,0,0,0,0,0,0,0,0,0,0,0,0
EFSCP,0,0,0,0,0,0,0,0,0,0,0,0,0,0,0,0,0,0
EFSI,0,0,0,0,0,0,0,0,0,0,0,0,0,0,0,0,0,0
EFX,0,0,0,0,0,0,0,0,0,0,0,0,0,0,0,0,0,0
EFXT,0,0,0,0,0,0,0,0,0,0,0,0,0,0,0,0,0,0
EG,0,0,0,0,0,0,0,0,0,0,0,0,0,0,0,0,0,0
EGAN,0,0,0,0,0,0,0,0,0,0,0,0,0,0,0,0,0,0
EGBN,0,0,0,0,0,0,0,0,0,0,0,0,0,0,0,0,0,0
EGHA,0,0,0,0,0,0,0,0,0,0,0,0,0,0,0,0,0,0
EGY,0,0,0,0,0,0,0,0,0,0,0,0,0,0,0,0,0,0
EHAB,0,0,0,0,0,0,0,0,0,0,0,0,0,0,0,0,0,0
EHC,0,0,0,0,0,0,0,0,0,0,0,0,0,0,0,0,0,0
EHGO,0,0,0,0,0,0,0,0,0,0,0,0,0,0,0,0,0,0
EHI,0,0,0,0,0,0,0,0,0,0,0,0,0,0,0,0,0,0
EHLD,0,0,0,0,0,0,0,0,0,0,0,0,0,0,0,0,0,0
EHTH,0,0,0,0,0,0,0,0,0,0,0,0,0,0,0,0,0,0
EIC,0,0,0,0,0,0,0,0,0,0,0,0,0,0,0,0,0,0
EICA,0,0,0,0,0,0,0,0,0,0,0,0,0,0,0,0,0,0
EICB,0,0,0,0,0,0,0,0,0,0,0,0,0,0,0,0,0,0
EICC,0,0,0,0,0,0,0,0,0,0,0,0,0,0,0,0,0,0
EIG,0,0,0,0,0,0,0,0,0,0,0,0,0,0,0,0,0,0
EIIA,0,0,0,0,0,0,0,0,0,0,0,0,0,0,0,0,0,0
EIM,0,0,0,0,0,0,0,0,0,0,0,0,0,0,0,0,0,0
EIX,0,0,0,0,0,0,0,0,0,0,0,0,0,0,0,0,0,0
EJH,0,0,0,0,0,0,0,0,0,0,0,0,0,0,0,0,0,0
EKSO,0,0,0,0,0,0,0,0,0,0,0,0,0,0,0,0,0,0
ELA,0,0,0,0,0,0,0,0,0,0,0,0,0,0,0,0,0,0
ELAB,0,0,0,0,0,0,0,0,0,0,0,0,0,0,0,0,0,0
ELAN,0,0,0,0,0,0,0,0,0,0,0,0,0,0,0,0,0,0
ELBM,0,0,0,0,0,0,0,0,0,0,0,0,0,0,0,0,0,0
ELC,0,0,0,0,0,0,0,0,0,0,0,0,0,0,0,0,0,0
ELDN,0,0,0,0,0,0,0,0,0,0,0,0,0,0,0,0,0,0
ELEV,0,0,0,0,0,0,0,0,0,0,0,0,0,0,0,0,0,0
ELLO,0,0,0,0,0,0,0,0,0,0,0,0,0,0,0,0,0,0
ELMD,0,0,0,0,0,0,0,0,0,0,0,0,0,0,0,0,0,0
ELME,0,0,0,0,0,0,0,0,0,0,0,0,0,0,0,0,0,0
ELP,0,0,0,0,0,0,0,0,0,0,0,0,0,0,0,0,0,0
ELPC,0,0,0,0,0,0,0,0,0,0,0,0,0,0,0,0,0,0
ELPW,0,0,0,0,0,0,0,0,0,0,0,0,0,0,0,0,0,0
ELTK,0,0,0,0,0,0,0,0,0,0,0,0,0,0,0,0,0,0
ELTX,0,0,0,0,0,0,0,0,0,0,0,0,0,0,0,0,0,0
ELUT,0,0,0,0,0,0,0,0,0,0,0,0,0,0,0,0,0,0
ELV,0,0,0,0,0,0,0,0,0,0,0,0,0,0,0,0,0,0
ELVA,0,0,0,0,0,0,0,0,0,0,0,0,0,0,0,0,0,0
ELVN,0,0,0,0,0,0,0,0,0,0,0,0,0,0,0,0,0,0
ELWS,0,0,0,0,0,0,0,0,0,0,0,0,0,0,0,0,0,0
EMA,0,0,0,0,0,0,0,0,0,0,0,0,0,0,0,0,0,0
EMBC,0,0,0,0,0,0,0,0,0,0,0,0,0,0,0,0,0,0
EMCG,0,0,0,0,0,0,0,0,0,0,0,0,0,0,0,0,0,0
EMCGR,0,0,0,0,0,0,0,0,0,0,0,0,0,0,0,0,0,0
EMD,0,0,0,0,0,0,0,0,0,0,0,0,0,0,0,0,0,0
EMF,0,0,0,0,0,0,0,0,0,0,0,0,0,0,0,0,0,0
EML,0,0,0,0,0,0,0,0,0,0,0,0,0,0,0,0,0,0
EMN,0,0,0,0,0,0,0,0,0,0,0,0,0,0,0,0,0,0
EMO,0,0,0,0,0,0,0,0,0,0,0,0,0,0,0,0,0,0
EMP,0,0,0,0,0,0,0,0,0,0,0,0,0,0,0,0,0,0
EMPG,0,0,0,0,0,0,0,0,0,0,0,0,0,0,0,0,0,0
EMR,0,0,0,0,0,0,0,0,0,0,0,0,0,0,0,0,0,0
EMX,0,0,0,0,0,0,0,0,0,0,0,0,0,0,0,0,0,0
ENB,0,0,0,0,0,0,0,0,0,0,0,0,0,0,0,0,0,0
ENFY,0,0,0,0,0,0,0,0,0,0,0,0,0,0,0,0,0,0
ENGN,0,0,0,0,0,0,0,0,0,0,0,0,0,0,0,0,0,0
ENGNW,0,0,0,0,0,0,0,0,0,0,0,0,0,0,0,0,0,0
ENGS,0,0,0,0,0,0,0,0,0,0,0,0,0,0,0,0,0,0
ENIC,0,0,0,0,0,0,0,0,0,0,0,0,0,0,0,0,0,0
ENJ,0,0,0,0,0,0,0,0,0,0,0,0,0,0,0,0,0,0
ENLT,0,0,0,0,0,0,0,0,0,0,0,0,0,0,0,0,0,0
ENLV,0,0,0,0,0,0,0,0,0,0,0,0,0,0,0,0,0,0
ENO,0,0,0,0,0,0,0,0,0,0,0,0,0,0,0,0,0,0
ENOV,0,0,0,0,0,0,0,0,0,0,0,0,0,0,0,0,0,0
ENPH,0,0,0,0,0,0,0,0,0,0,0,0,0,0,0,0,0,0
ENR,0,0,0,0,0,0,0,0,0,0,0,0,0,0,0,0,0,0
ENSC,0,0,0,0,0,0,0,0,0,0,0,0,0,0,0,0,0,0
ENSG,0,0,0,0,0,0,0,0,0,0,0,0,0,0,0,0,0,0
ENTA,0,0,0,0,0,0,0,0,0,0,0,0,0,0,0,0,0,0
ENTG,0,0,0,0,0,0,0,0,0,0,0,0,0,0,0,0,0,0
ENTO,0,0,0,0,0,0,0,0,0,0,0,0,0,0,0,0,0,0
ENTX,0,0,0,0,0,0,0,0,0,0,0,0,0,0,0,0,0,0
ENVA,0,0,0,0,0,0,0,0,0,0,0,0,0,0,0,0,0,0
ENVB,0,0,0,0,0,0,0,0,0,0,0,0,0,0,0,0,0,0
ENVX,0,0,0,0,0,0,0,0,0,0,0,0,1,3,3,0,0,0
ENVXW,0,0,0,0,0,0,0,0,0,0,0,0,1,3,3,0,0,0
ENX,0,0,0,0,0,0,0,0,0,0,0,0,0,0,0,0,0,0
EOD,1,175,129,1,199,188,0,0,0,0,0,0,0,0,0,0,0,0
EOG,0,0,0,0,0,0,0,0,0,0,0,0,0,0,0,0,0,0
EOI,0,0,0,0,0,0,0,0,0,0,0,0,0,0,0,0,0,0
EOLS,0,0,0,0,0,0,0,0,0,0,0,0,0,0,0,0,0,0
EONR,0,0,0,0,0,0,0,0,0,0,0,0,0,0,0,0,0,0
EOS,0,0,0,0,0,0,0,0,0,0,0,0,0,0,0,0,0,0
EOSE,0,0,0,0,0,0,0,0,0,0,0,0,0,0,0,0,0,0
EOSEW,0,0,0,0,0,0,0,0,0,0,0,0,0,0,0,0,0,0
EOT,0,0,0,0,0,0,0,0,0,0,0,0,0,0,0,0,0,0
EP,0,0,0,0,0,0,0,0,0,0,0,0,0,0,0,0,0,0
EPAC,0,0,0,0,0,0,0,0,0,0,0,0,0,0,0,0,0,0
EPAM,0,0,0,0,0,0,0,0,0,0,0,0,0,0,0,0,0,0
EPC,0,0,0,0,0,0,0,0,0,0,0,0,0,0,0,0,0,0
EPD,0,0,0,0,0,0,0,0,0,0,0,0,0,0,0,0,0,0
EPIX,0,0,0,0,0,0,0,0,0,0,0,0,0,0,0,0,0,0
EPM,0,0,0,0,0,0,0,0,0,0,0,0,0,0,0,0,0,0
EPOW,0,0,0,0,0,0,0,0,0,0,0,0,0,0,0,0,0,0
EPR,0,0,0,0,0,0,0,0,0,0,0,0,0,0,0,0,0,0
EPRT,0,0,0,0,0,0,0,0,0,0,0,0,0,0,0,0,0,0
EPRX,0,0,0,0,0,0,0,0,0,0,0,0,0,0,0,0,0,0
EPSM,0,0,0,0,0,0,0,0,0,0,0,0,0,0,0,0,0,0
EPSN,0,0,0,0,0,0,0,0,0,0,0,0,0,0,0,0,0,0
EPWK,0,0,0,0,0,0,0,0,0,0,0,0,0,0,0,0,0,0
EQ,0,0,0,0,0,0,0,0,0,0,0,0,0,0,0,1,3,1
EQBK,0,0,0,0,0,0,0,0,0,0,0,0,0,0,0,0,0,0
EQH,0,0,0,0,0,0,0,0,0,0,0,0,0,0,0,0,0,0
EQIX,0,0,0,0,0,0,0,0,0,0,0,0,0,0,0,0,0,0
EQNR,0,0,0,0,0,0,0,0,0,0,0,0,0,0,0,0,0,0
EQR,0,0,0,0,0,0,0,0,0,0,0,0,0,0,0,0,0,0
EQS,0,0,0,0,0,0,0,0,0,0,0,0,0,0,0,0,0,0
EQT,0,0,0,0,0,0,0,0,0,0,0,0,0,0,0,0,0,0
EQV,0,0,0,0,0,0,0,0,0,0,0,0,0,0,0,0,0,0
EQX,0,0,0,0,0,0,0,0,0,0,0,0,0,0,0,0,0,0
ERAS,0,0,0,0,0,0,0,0,0,0,0,0,0,0,0,0,0,0
ERC,0,0,0,0,0,0,0,0,0,0,0,0,0,0,0,0,0,0
ERH,0,0,0,0,0,0,0,0,0,0,0,0,0,0,0,0,0,0
ERII,0,0,0,0,0,0,0,0,0,0,0,0,0,0,0,0,0,0
ERJ,0,0,0,0,0,0,0,0,0,0,0,0,0,0,0,0,0,0
ERNA,0,0,0,0,0,0,0,0,0,0,0,0,0,0,0,0,0,0
ERO,0,0,0,0,0,0,0,0,0,0,0,0,0,0,0,0,0,0
ESAB,0,0,0,0,0,0,0,0,0,0,0,0,0,0,0,0,0,0
ESE,0,0,0,0,0,0,0,0,0,0,0,0,0,0,0,0,0,0
ESEA,0,0,0,0,0,0,0,0,0,0,0,0,0,0,0,0,0,0
ESGL,0,0,0,0,0,0,0,0,0,0,0,0,0,0,0,0,0,0
ESGLW,0,0,0,0,0,0,0,0,0,0,0,0,0,0,0,0,0,0
ESHA,0,0,0,0,0,0,0,0,0,0,0,0,0,0,0,0,0,0
ESI,0,0,0,0,0,0,0,0,0,0,0,0,0,0,0,0,0,0
ESLA,0,0,0,0,0,0,0,0,0,0,0,0,0,0,0,0,0,0
ESLAW,0,0,0,0,0,0,0,0,0,0,0,0,0,0,0,0,0,0
ESLT,0,0,0,0,0,0,0,0,0,0,0,0,0,0,0,0,0,0
ESNT,0,0,0,0,0,0,0,0,0,0,0,0,0,0,0,0,0,0
ESOA,0,0,0,0,0,0,0,0,0,0,0,0,0,0,0,0,0,0
ESP,1,51,91,1,55,102,0,0,0,0,0,0,0,0,0,0,0,0
ESPR,0,0,0,0,0,0,0,0,0,0,0,0,0,0,0,0,0,0
ESQ,0,0,0,0,0,0,0,0,0,0,0,0,0,0,0,0,0,0
ESRT,0,0,0,0,0,0,0,0,0,0,0,0,0,0,0,0,0,0
ESSA,0,0,0,0,0,0,0,0,0,0,0,0,0,0,0,0,0,0
ESTA,0,0,0,0,0,0,0,0,0,0,0,0,0,0,0,0,0,0
ESTC,0,0,0,0,0,0,0,0,0,0,0,0,0,0,0,0,0,0
ET,2,2,10,2,9,13,3,11,23,4,14,44,5,15,73,1,0,9
ETB,0,0,0,0,0,0,0,0,0,0,0,0,0,0,0,0,0,0
ETD,0,0,0,0,0,0,0,0,0,0,0,0,0,0,0,0,0,0
ETG,0,0,0,0,0,0,0,0,0,0,0,0,0,0,0,0,0,0
ETJ,0,0,0,0,0,0,0,0,0,0,0,0,0,0,0,0,0,0
ETN,0,0,0,0,0,0,0,0,0,0,0,0,0,0,0,0,0,0
ETNB,0,0,0,0,0,0,0,0,0,0,0,0,0,0,0,0,0,0
ETO,0,0,0,0,0,0,0,0,0,0,0,0,0,0,0,0,0,0
ETON,0,0,0,0,0,0,0,0,0,0,0,0,0,0,0,0,0,0
ETOR,0,0,0,0,0,0,0,0,0,0,0,0,0,0,0,0,0,0
ETR,0,0,0,0,0,0,0,0,0,0,0,0,0,0,0,0,0,0
ETSY,0,0,0,0,0,0,0,0,0,0,0,0,0,0,0,0,0,0
ETV,0,0,0,0,0,0,0,0,0,0,0,0,0,0,0,0,0,0
ETW,0,0,0,0,0,0,1,6,5,1,8,5,0,0,0,0,0,0
ETWO,0,0,0,0,0,0,0,0,0,0,0,0,0,0,0,0,0,0
ETY,0,0,0,0,0,0,0,0,0,0,0,0,0,0,0,0,0,0
EUDA,0,0,0,0,0,0,0,0,0,0,0,0,0,0,0,0,0,0
EUDAW,0,0,0,0,0,0,0,0,0,0,0,0,0,0,0,0,0,0
EURK,0,0,0,0,0,0,0,0,0,0,0,0,0,0,0,0,0,0
EVAX,0,0,0,0,0,0,0,0,0,0,0,0,0,0,0,0,0,0
EVC,0,0,0,0,0,0,0,0,0,0,0,0,0,0,0,0,0,0
EVCM,0,0,0,0,0,0,0,0,0,0,0,0,0,0,0,0,0,0
EVEX,0,0,0,0,0,0,0,0,0,0,0,0,0,0,0,0,0,0
EVF,0,0,0,0,0,0,0,0,0,0,0,0,0,0,0,0,0,0
EVG,0,0,0,0,0,0,0,0,0,0,0,0,0,0,0,0,0,0
EVGN,0,0,0,0,0,0,0,0,0,0,0,0,0,0,0,0,0,0
EVGO,0,0,0,0,0,0,0,0,0,0,0,0,0,0,0,0,0,0
EVGOW,0,0,0,0,0,0,0,0,0,0,0,0,0,0,0,0,0,0
EVH,0,0,0,0,0,0,0,0,0,0,0,0,0,0,0,0,0,0
EVI,0,0,0,0,0,0,0,0,0,0,0,0,0,0,0,0,0,0
EVLV,0,0,0,0,0,0,0,0,0,0,0,0,0,0,0,0,0,0
EVLVW,0,0,0,0,0,0,0,0,0,0,0,0,0,0,0,0,0,0
EVM,0,0,0,0,0,0,0,0,0,0,0,0,0,0,0,0,0,0
EVN,0,0,0,0,0,0,0,0,0,0,0,0,0,0,0,0,0,0
EVO,0,0,0,0,0,0,0,0,0,0,0,0,0,0,0,0,0,0
EVOK,0,0,0,0,0,0,0,0,0,0,0,0,0,0,0,0,0,0
EVR,0,0,0,0,0,0,0,0,0,0,0,0,0,0,0,0,0,0
EVRG,0,0,0,0,0,0,0,0,0,0,0,0,0,0,0,0,0,0
EVT,0,0,0,0,0,0,0,0,0,0,0,0,0,0,0,0,0,0
EVTC,0,0,0,0,0,0,0,0,0,0,0,0,0,0,0,0,0,0
EVTL,0,0,0,0,0,0,0,0,0,0,0,0,0,0,0,0,0,0
EVTV,0,0,0,0,0,0,0,0,0,0,0,0,0,0,0,0,0,0
EVV,0,0,0,0,0,0,0,0,0,0,0,0,0,0,0,0,0,0
EW,0,0,0,0,0,0,0,0,0,0,0,0,0,0,0,0,0,0
EWBC,0,0,0,0,0,0,0,0,0,0,0,0,0,0,0,0,0,0
EWCZ,0,0,0,0,0,0,0,0,0,0,0,0,0,0,0,0,0,0
EWTX,0,0,0,0,0,0,0,0,0,0,0,0,0,0,0,0,0,0
EXAS,0,0,0,0,0,0,0,0,0,0,0,0,0,0,0,0,0,0
EXC,0,0,0,0,0,0,0,0,0,0,0,0,0,0,0,0,0,0
EXE,0,0,0,0,0,0,0,0,0,0,0,0,0,0,0,0,0,0
EXEEL,0,0,0,0,0,0,0,0,0,0,0,0,0,0,0,0,0,0
EXEL,0,0,0,0,0,0,0,0,0,0,0,0,0,0,0,0,0,0
EXFY,0,0,0,0,0,0,0,0,0,0,0,0,0,0,0,0,0,0
EXG,0,0,0,0,0,0,0,0,0,0,0,0,0,0,0,0,0,0
EXK,0,0,0,0,0,0,0,0,0,0,0,0,0,0,0,0,0,0
EXLS,0,0,0,0,0,0,0,0,0,0,0,0,0,0,0,0,0,0
EXOD,0,0,0,0,0,0,0,0,0,0,0,0,0,0,0,0,0,0
EXOZ,0,0,0,0,0,0,0,0,0,0,0,0,0,0,0,0,0,0
EXP,0,0,0,1,60,19,0,0,0,0,0,0,0,0,0,1,6,8
EXPD,0,0,0,0,0,0,0,0,0,0,0,0,0,0,0,0,0,0
EXPE,0,0,0,0,0,0,0,0,0,0,0,0,0,0,0,0,0,0
EXPI,0,0,0,0,0,0,0,0,0,0,0,0,0,0,0,0,0,0
EXPO,1,1,1,1,3,3,0,0,0,0,0,0,0,0,0,0,0,0
EXR,0,0,0,0,0,0,0,0,0,0,0,0,0,0,0,0,0,0
EXTR,0,0,0,0,0,0,0,0,0,0,0,0,0,0,0,0,0,0
EYPT,0,0,0,0,0,0,0,0,0,0,0,0,0,0,0,0,0,0
EZGO,0,0,0,0,0,0,0,0,0,0,0,0,0,0,0,0,0,0
EZPW,0,0,0,0,0,0,0,0,0,0,0,0,0,0,0,0,0,0
FAAS,0,0,0,0,0,0,0,0,0,0,0,0,0,0,0,0,0,0
FAASW,0,0,0,0,0,0,0,0,0,0,0,0,0,0,0,0,0,0
FAF,0,0,0,0,0,0,0,0,0,0,0,0,0,0,0,0,0,0
FAMI,0,0,0,0,0,0,0,0,0,0,0,0,0,0,0,0,0,0
FATBB,0,0,0,0,0,0,0,0,0,0,0,0,0,0,0,0,0,0
FATBP,0,0,0,0,0,0,0,0,0,0,0,0,0,0,0,0,0,0
FATN,0,0,0,0,0,0,0,0,0,0,0,0,0,0,0,0,0,0
FAX,0,0,0,0,0,0,0,0,0,0,0,0,0,0,0,0,0,0
FBGL,0,0,0,0,0,0,0,0,0,0,0,0,0,0,0,0,0,0
FBIN,0,0,0,0,0,0,0,0,0,0,0,0,0,0,0,0,0,0
FBIO,0,0,0,0,0,0,0,0,0,0,0,0,0,0,0,0,0,0
FBIOP,0,0,0,0,0,0,0,0,0,0,0,0,0,0,0,0,0,0
FBIZ,0,0,0,0,0,0,0,0,0,0,0,0,0,0,0,0,0,0
FBK,0,0,0,0,0,0,0,0,0,0,0,0,0,0,0,0,0,0
FBLA,0,0,0,0,0,0,0,0,0,0,0,0,0,0,0,0,0,0
FBLG,0,0,0,0,0,0,0,0,0,0,0,0,0,0,0,0,0,0
FBNC,0,0,0,0,0,0,0,0,0,0,0,0,0,0,0,0,0,0
FBP,0,0,0,0,0,0,0,0,0,0,0,0,0,0,0,0,0,0
FBRT,0,0,0,0,0,0,0,0,0,0,0,0,0,0,0,0,0,0
FBRX,0,0,0,0,0,0,0,0,0,0,0,0,0,0,0,0,0,0
FBYD,0,0,0,0,0,0,0,0,0,0,0,0,0,0,0,0,0,0
FBYDW,0,0,0,0,0,0,0,0,0,0,0,0,0,0,0,0,0,0
FC,0,0,0,0,0,0,0,0,0,0,0,0,0,0,0,0,0,0
FCAP,0,0,0,0,0,0,0,0,0,0,0,0,0,0,0,0,0,0
FCBC,0,0,0,0,0,0,0,0,0,0,0,0,0,0,0,0,0,0
FCCO,0,0,0,0,0,0,0,0,0,0,0,0,0,0,0,0,0,0
FCEL,0,0,0,0,0,0,0,0,0,0,0,0,0,0,0,0,0,0
FCF,0,0,0,0,0,0,0,0,0,0,0,0,0,0,0,0,0,0
FCFS,0,0,0,0,0,0,0,0,0,0,0,0,0,0,0,0,0,0
FCN,0,0,0,0,0,0,0,0,0,0,0,0,0,0,0,0,0,0
FCNCA,0,0,0,0,0,0,0,0,0,0,0,0,0,0,0,0,0,0
FCNCO,0,0,0,0,0,0,0,0,0,0,0,0,0,0,0,0,0,0
FCNCP,0,0,0,0,0,0,0,0,0,0,0,0,0,0,0,0,0,0
FCO,0,0,0,0,0,0,0,0,0,0,0,0,0,0,0,0,0,0
FCPT,0,0,0,0,0,0,0,0,0,0,0,0,0,0,0,0,0,0
FCRX,0,0,0,0,0,0,0,0,0,0,0,0,0,0,0,0,0,0
FCT,0,0,0,0,0,0,0,0,0,0,0,0,0,0,0,0,0,0
FCUV,0,0,0,0,0,0,0,0,0,0,0,0,0,0,0,0,0,0
FCX,0,0,0,0,0,0,0,0,0,0,0,0,0,0,0,0,0,0
FDBC,0,0,0,0,0,0,0,0,0,0,0,0,0,0,0,0,0,0
FDMT,0,0,0,0,0,0,0,0,0,0,0,0,0,0,0,0,0,0
FDP,0,0,0,0,0,0,0,0,0,0,0,0,0,0,0,0,0,0
FDS,0,0,0,0,0,0,1,420,135,0,0,0,0,0,0,0,0,0
FDSB,0,0,0,0,0,0,0,0,0,0,0,0,0,0,0,0,0,0
FDUS,0,0,0,0,0,0,0,0,0,0,0,0,0,0,0,0,0,0
FDX,0,0,0,0,0,0,0,0,0,0,0,0,0,0,0,0,0,0
FEAM,0,0,0,0,0,0,0,0,0,0,0,0,0,0,0,0,0,0
FEBO,0,0,0,0,0,0,0,0,0,0,0,0,0,0,0,0,0,0
FEDU,0,0,0,0,0,0,0,0,0,0,0,0,0,0,0,0,0,0
FEIM,0,0,0,0,0,0,0,0,0,0,0,0,0,0,0,0,0,0
FELE,0,0,0,0,0,0,0,0,0,0,0,0,0,0,0,0,0,0
FEMY,0,0,0,0,0,0,0,0,0,0,0,0,0,0,0,0,0,0
FENC,0,0,0,0,0,0,0,0,0,0,0,0,0,0,0,0,0,0
FENG,0,0,0,0,0,0,0,0,0,0,0,0,0,0,0,0,0,0
FER,0,0,0,1,33,15,1,42,39,0,0,0,0,0,0,0,0,0
FERA,0,0,0,0,0,0,0,0,0,0,0,0,0,0,0,0,0,0
FERAR,0,0,0,0,0,0,0,0,0,0,0,0,0,0,0,0,0,0
FERAU,0,0,0,0,0,0,0,0,0,0,0,0,0,0,0,0,0,0
FERG,0,0,0,0,0,0,0,0,0,0,0,0,0,0,0,0,0,0
FF,0,0,0,0,0,0,0,0,0,0,0,0,0,0,0,0,0,0
FFA,0,0,0,0,0,0,0,0,0,0,0,0,0,0,0,0,0,0
FFAI,0,0,0,0,0,0,0,0,0,0,0,0,0,0,0,0,0,0
FFAIW,0,0,0,0,0,0,0,0,0,0,0,0,0,0,0,0,0,0
FFBC,0,0,0,0,0,0,0,0,0,0,0,0,0,0,0,0,0,0
FFC,0,0,0,0,0,0,0,0,0,0,0,0,0,0,0,0,0,0
FFIC,0,0,0,0,0,0,0,0,0,0,0,0,0,0,0,0,0,0
FFIN,0,0,0,0,0,0,0,0,0,0,0,0,0,0,0,0,0,0
FFIV,0,0,0,0,0,0,0,0,0,0,0,0,0,0,0,0,0,0
FFWM,0,0,0,0,0,0,0,0,0,0,0,0,0,0,0,0,0,0
FG,0,0,0,0,0,0,0,0,0,0,0,0,0,0,0,0,0,0
FGBI,0,0,0,0,0,0,0,0,0,0,0,0,0,0,0,0,0,0
FGBIP,0,0,0,0,0,0,0,0,0,0,0,0,0,0,0,0,0,0
FGEN,0,0,0,0,0,0,0,0,0,0,0,0,0,0,0,0,0,0
FGF,0,0,0,0,0,0,0,0,0,0,0,0,0,0,0,0,0,0
FGFPP,0,0,0,0,0,0,0,0,0,0,0,0,0,0,0,0,0,0
FGI,0,0,0,0,0,0,0,0,0,0,0,0,0,0,0,0,0,0
FGL,0,0,0,0,0,0,0,0,0,0,0,0,0,0,0,0,0,0
FGMC,0,0,0,0,0,0,0,0,0,0,0,0,0,0,0,0,0,0
FGMCR,0,0,0,0,0,0,0,0,0,0,0,0,0,0,0,0,0,0
FGMCU,0,0,0,0,0,0,0,0,0,0,0,0,0,0,0,0,0,0
FGN,0,0,0,0,0,0,0,0,0,0,0,0,0,0,0,0,0,0
FGSN,0,0,0,0,0,0,0,0,0,0,0,0,0,0,0,0,0,0
FHB,0,0,0,0,0,0,0,0,0,0,0,0,0,0,0,0,0,0
FHI,0,0,0,0,0,0,0,0,0,0,0,0,0,0,0,0,0,0
FHN,0,0,0,0,0,0,0,0,0,0,0,0,0,0,0,0,0,0
FHTX,0,0,0,0,0,0,0,0,0,0,0,0,0,0,0,0,0,0
FIBK,0,0,0,0,0,0,0,0,0,0,0,0,0,0,0,0,0,0
FIEE,0,0,0,0,0,0,0,0,0,0,0,0,0,0,0,0,0,0
FIGS,0,0,0,0,0,0,0,0,0,0,0,0,0,0,0,0,0,0
FIGXU,0,0,0,0,0,0,0,0,0,0,0,0,0,0,0,0,0,0
FIHL,0,0,0,0,0,0,0,0,0,0,0,0,0,0,0,0,0,0
FINS,0,0,0,0,0,0,0,0,0,0,0,0,0,0,0,0,0,0
FINV,0,0,0,0,0,0,0,0,0,0,0,0,0,0,0,0,0,0
FINW,0,0,0,0,0,0,0,0,0,0,0,0,0,0,0,0,0,0
FIS,0,0,0,0,0,0,0,0,0,0,0,0,0,0,0,0,0,0
FISI,0,0,0,0,0,0,0,0,0,0,0,0,0,0,0,0,0,0
FITB,0,0,0,0,0,0,0,0,0,0,0,0,0,0,0,0,0,0
FITBI,0,0,0,0,0,0,0,0,0,0,0,0,0,0,0,0,0,0
FITBO,0,0,0,0,0,0,0,0,0,0,0,0,0,0,0,0,0,0
FITBP,0,0,0,0,0,0,0,0,0,0,0,0,0,0,0,0,0,0
FIVN,0,0,0,0,0,0,0,0,0,0,0,0,0,0,0,0,0,0
FKWL,0,0,0,0,0,0,0,0,0,0,0,0,0,0,0,0,0,0
FL,0,0,0,0,0,0,0,0,0,1,7,4,1,9,6,0,0,0
FLC,0,0,0,0,0,0,0,0,0,0,0,0,0,0,0,0,0,0
FLD,0,0,0,0,0,0,0,0,0,0,0,0,0,0,0,0,0,0
FLDDW,0,0,0,0,0,0,0,0,0,0,0,0,0,0,0,0,0,0
FLG,0,0,0,0,0,0,0,0,0,0,0,0,0,0,0,0,0,0
FLGC,0,0,0,0,0,0,0,0,0,0,0,0,0,0,0,0,0,0
FLGT,0,0,0,0,0,0,0,0,0,0,0,0,0,0,0,0,0,0
FLL,0,0,0,0,0,0,0,0,0,0,0,0,0,0,0,0,0,0
FLNC,0,0,0,0,0,0,0,0,0,0,0,0,0,0,0,0,0,0
FLNG,0,0,0,0,0,0,0,0,0,0,0,0,0,0,0,0,0,0
FLNT,0,0,0,0,0,0,0,0,0,0,0,0,0,0,0,0,0,0
FLR,0,0,0,0,0,0,0,0,0,0,0,0,0,0,0,0,0,0
FLS,0,0,0,0,0,0,0,0,0,0,0,0,0,0,0,0,0,0
FLUT,0,0,0,0,0,0,0,0,0,0,0,0,0,0,0,0,0,0
FLWS,1,15,9,1,16,9,0,0,0,0,0,0,0,0,0,0,0,0
FLX,0,0,0,0,0,0,0,0,0,0,0,0,0,0,0,0,0,0
FLXS,0,0,0,0,0,0,0,0,0,0,0,0,0,0,0,0,0,0
FLYE,0,0,0,0,0,0,0,0,0,0,0,0,0,0,0,0,0,0
FLYW,0,0,0,0,0,0,0,0,0,0,0,0,0,0,0,0,0,0
FLYX,0,0,0,0,0,0,0,0,0,0,0,0,0,0,0,0,0,0
FLYY,0,0,0,0,0,0,0,0,0,0,0,0,0,0,0,0,0,0
FMAO,0,0,0,0,0,0,0,0,0,0,0,0,0,0,0,0,0,0
FMBH,0,0,0,0,0,0,0,0,0,0,0,0,0,0,0,0,0,0
FMC,0,0,0,0,0,0,0,0,0,0,0,0,0,0,0,0,0,0
FMFC,0,0,0,0,0,0,0,0,0,0,0,0,0,0,0,0,0,0
FMN,0,0,0,0,0,0,0,0,0,0,0,0,0,0,0,0,0,0
FMNB,0,0,0,0,0,0,0,0,0,0,0,0,0,0,0,0,0,0
FMS,0,0,0,0,0,0,0,0,0,0,0,0,0,0,0,0,0,0
FMST,0,0,0,0,0,0,0,0,0,0,0,0,0,0,0,0,0,0
FMSTW,0,0,0,0,0,0,0,0,0,0,0,0,0,0,0,0,0,0
FMX,0,0,0,0,0,0,0,0,0,0,0,0,0,0,0,0,0,0
FMY,0,0,0,0,0,0,0,0,0,0,0,0,0,0,0,0,0,0
FN,0,0,0,0,0,0,0,0,0,0,0,0,0,0,0,0,0,0
FNB,0,0,0,0,0,0,0,0,0,0,0,0,0,0,0,0,0,0
FND,0,0,0,0,0,0,0,0,0,0,0,0,0,0,0,0,0,0
FNF,0,0,0,0,0,0,0,0,0,0,0,0,0,0,0,0,0,0
FNGR,0,0,0,0,0,0,0,0,0,0,0,0,0,0,0,0,0,0
FNKO,0,0,0,0,0,0,0,0,0,0,0,0,0,0,0,0,0,0
FNLC,0,0,0,0,0,0,0,0,0,0,0,0,0,0,0,0,0,0
FNV,0,0,0,0,0,0,0,0,0,0,0,0,0,0,0,0,0,0
FNWB,0,0,0,0,0,0,0,0,0,0,0,0,0,0,0,0,0,0
FNWD,0,0,0,0,0,0,0,0,0,0,0,0,0,0,0,0,0,0
FOA,0,0,0,0,0,0,0,0,0,0,0,0,0,0,0,0,0,0
FOF,0,0,0,0,0,0,0,0,0,0,0,0,0,0,0,0,0,0
FONR,0,0,0,0,0,0,0,0,0,0,0,0,0,0,0,0,0,0
FORL,0,0,0,0,0,0,0,0,0,0,0,0,0,0,0,0,0,0
FORLW,0,0,0,0,0,0,0,0,0,0,0,0,0,0,0,0,0,0
FORR,0,0,0,0,0,0,0,0,0,0,0,0,0,0,0,0,0,0
FOSL,0,0,0,0,0,0,0,0,0,0,0,0,0,0,0,0,0,0
FOSLL,0,0,0,0,0,0,0,0,0,0,0,0,0,0,0,0,0,0
FOXA,0,0,0,0,0,0,0,0,0,0,0,0,0,0,0,0,0,0
FOXF,0,0,0,0,0,0,0,0,0,0,0,0,0,0,0,0,0,0
FOXO,0,0,0,0,0,0,0,0,0,0,0,0,0,0,0,0,0,0
FOXX,0,0,0,0,0,0,0,0,0,0,0,0,0,0,0,0,0,0
FOXXW,0,0,0,0,0,0,0,0,0,0,0,0,0,0,0,0,0,0
FPAY,0,0,0,0,0,0,0,0,0,0,0,0,0,0,0,0,0,0
FPF,0,0,0,0,0,0,0,0,0,0,0,0,0,0,0,0,0,0
FPH,0,0,0,0,0,0,0,0,0,0,0,0,0,0,0,0,0,0
FPI,0,0,0,0,0,0,0,0,0,0,0,0,0,0,0,0,0,0
FR,0,0,0,0,0,0,0,0,0,0,0,0,0,0,0,0,0,0
FRAF,0,0,0,0,0,0,0,0,0,0,0,0,0,0,0,0,0,0
FRBA,0,0,0,0,0,0,0,0,0,0,0,0,0,0,0,0,0,0
FRD,0,0,0,0,0,0,0,0,0,0,0,0,0,0,0,0,0,0
FRGE,0,0,0,0,0,0,0,0,0,0,0,0,0,0,0,0,0,0
FRGT,0,0,0,0,0,0,0,0,0,0,0,0,0,0,0,0,0,0
FRHC,0,0,0,0,0,0,0,0,0,0,0,0,0,0,0,0,0,0
FRME,0,0,0,0,0,0,0,0,0,0,0,0,0,0,0,0,0,0
FRMEP,0,0,0,0,0,0,0,0,0,0,0,0,0,0,0,0,0,0
FRPH,0,0,0,0,0,0,0,0,0,0,0,0,0,0,0,0,0,0
FRPT,0,0,0,0,0,0,0,0,0,0,0,0,0,0,0,0,0,0
FRSH,0,0,0,0,0,0,0,0,0,0,0,0,0,0,0,0,0,0
FRST,0,0,0,0,0,0,0,0,0,0,0,0,0,0,0,0,0,0
FRSX,0,0,0,0,0,0,0,0,0,0,0,0,0,0,0,0,0,0
FRT,0,0,0,0,0,0,0,0,0,0,0,0,0,0,0,0,0,0
FSBC,0,0,0,0,0,0,0,0,0,0,0,0,0,0,0,0,0,0
FSBW,0,0,0,0,0,0,0,0,0,0,0,0,0,0,0,0,0,0
FSCO,0,0,0,0,0,0,0,0,0,0,0,0,0,0,0,0,0,0
FSEA,0,0,0,0,0,0,0,0,0,0,0,0,0,0,0,0,0,0
FSFG,0,0,0,0,0,0,0,0,0,0,0,0,0,0,0,0,0,0
FSHP,0,0,0,0,0,0,0,0,0,0,0,0,0,0,0,0,0,0
FSHPR,0,0,0,0,0,0,0,0,0,0,0,0,0,0,0,0,0,0
FSI,0,0,0,0,0,0,0,0,0,0,0,0,0,0,0,0,0,0
FSK,0,0,0,0,0,0,0,0,0,0,0,0,0,0,0,0,0,0
FSLR,0,0,0,0,0,0,0,0,0,0,0,0,0,0,0,0,0,0
FSLY,0,0,0,0,0,0,0,0,0,0,0,0,0,0,0,0,0,0
FSM,0,0,0,0,0,0,0,0,0,0,0,0,0,0,0,0,0,0
FSP,0,0,0,0,0,0,0,0,0,0,0,0,0,0,0,0,0,0
FSS,0,0,0,0,0,0,0,0,0,0,0,0,0,0,0,0,0,0
FSTR,0,0,0,0,0,0,0,0,0,0,0,0,0,0,0,0,0,0
FSUN,0,0,0,0,0,0,0,0,0,0,0,0,0,0,0,0,0,0
FSV,0,0,0,0,0,0,0,0,0,0,0,0,0,0,0,0,0,0
FT,0,0,0,0,0,0,0,0,0,0,0,0,0,0,0,1,5,8
FTAI,0,0,0,0,0,0,0,0,0,0,0,0,0,0,0,0,0,0
FTAIM,0,0,0,0,0,0,0,0,0,0,0,0,0,0,0,0,0,0
FTAIN,0,0,0,0,0,0,0,0,0,0,0,0,0,0,0,0,0,0
FTCI,0,0,0,0,0,0,0,0,0,0,0,0,0,0,0,0,0,0
FTDR,0,0,0,0,0,0,0,0,0,0,0,0,0,0,0,0,0,0
FTEK,0,0,0,0,0,0,0,0,0,0,0,0,0,0,0,0,0,0
FTEL,0,0,0,0,0,0,0,0,0,0,0,0,0,0,0,0,0,0
FTF,0,0,0,0,0,0,0,0,0,0,0,0,0,0,0,0,0,0
FTFT,0,0,0,0,0,0,0,0,0,0,0,0,0,0,0,0,0,0
FTHM,0,0,0,0,0,0,0,0,0,0,0,0,0,0,0,0,0,0
FTHY,0,0,0,0,0,0,0,0,0,0,0,0,0,0,0,0,0,0
FTI,0,0,0,0,0,0,0,0,0,0,0,0,0,0,0,0,0,0
FTK,0,0,0,0,0,0,0,0,0,0,0,0,0,0,0,0,0,0
FTLF,0,0,0,0,0,0,0,0,0,0,0,0,0,0,0,0,0,0
FTNT,0,0,0,0,0,0,0,0,0,0,0,0,0,0,0,0,0,0
FTRE,0,0,0,0,0,0,0,0,0,0,0,0,0,0,0,0,0,0
FTRK,0,0,0,0,0,0,0,0,0,0,0,0,0,0,0,0,0,0
FTS,0,0,0,0,0,0,0,0,0,0,0,0,0,0,0,0,0,0
FTV,0,0,0,0,0,0,0,0,0,0,0,0,0,0,0,0,0,0
FUBO,4,1311,144,3,5344,263,1,307,28,0,0,0,0,0,0,0,0,0
FUFU,0,0,0,0,0,0,0,0,0,0,0,0,0,0,0,0,0,0
FUFUW,0,0,0,0,0,0,0,0,0,0,0,0,0,0,0,0,0,0
FUL,0,0,0,0,0,0,0,0,0,0,0,0,0,0,0,0,0,0
FULC,0,0,0,0,0,0,0,0,0,0,0,0,0,0,0,0,0,0
FULT,0,0,0,0,0,0,0,0,0,0,0,0,0,0,0,0,0,0
FULTP,0,0,0,0,0,0,0,0,0,0,0,0,0,0,0,0,0,0
FUNC,0,0,0,0,0,0,0,0,0,0,0,0,0,0,0,0,0,0
FUSB,0,0,0,0,0,0,0,0,0,0,0,0,0,0,0,0,0,0
FUTU,0,0,0,0,0,0,0,0,0,0,0,0,0,0,0,0,0,0
FVCB,0,0,0,0,0,0,0,0,0,0,0,0,0,0,0,0,0,0
FVN,0,0,0,0,0,0,0,0,0,0,0,0,0,0,0,0,0,0
FVNNR,0,0,0,0,0,0,0,0,0,0,0,0,0,0,0,0,0,0
FVNNU,0,0,0,0,0,0,0,0,0,0,0,0,0,0,0,0,0,0
FVR,0,0,0,0,0,0,0,0,0,0,0,0,0,0,0,0,0,0
FVRR,0,0,0,0,0,0,0,0,0,0,0,0,0,0,0,0,0,0
FWONA,0,0,0,0,0,0,0,0,0,0,0,0,0,0,0,0,0,0
FWONK,0,0,0,0,0,0,0,0,0,0,0,0,0,0,0,0,0,0
FWRD,0,0,0,0,0,0,0,0,0,0,0,0,0,0,0,0,0,0
FWRG,0,0,0,0,0,0,0,0,0,0,0,0,0,0,0,0,0,0
FXNC,0,0,0,0,0,0,0,0,0,0,0,0,0,0,0,0,0,0
FYBR,0,0,0,0,0,0,0,0,0,0,0,0,0,0,0,0,0,0
GABC,0,0,0,0,0,0,0,0,0,0,0,0,0,0,0,0,0,0
GAINI,0,0,0,0,0,0,0,0,0,0,0,0,0,0,0,0,0,0
GAINL,0,0,0,0,0,0,0,0,0,0,0,0,0,0,0,0,0,0
GAINN,0,0,0,0,0,0,0,0,0,0,0,0,0,0,0,0,0,0
GAINZ,0,0,0,0,0,0,1,20,5,1,20,5,0,0,0,0,0,0
GANX,0,0,0,0,0,0,0,0,0,0,0,0,0,0,0,0,0,0
GASS,0,0,0,0,0,0,0,0,0,0,0,0,0,0,0,0,0,0
GATX,0,0,0,0,0,0,0,0,0,0,0,0,0,0,0,0,0,0
GAUZ,0,0,0,0,0,0,0,0,0,0,0,0,0,0,0,0,0,0
GB,0,0,0,0,0,0,0,0,0,0,0,0,0,0,0,0,0,0
GBAB,0,0,0,0,0,0,0,0,0,0,0,0,0,0,0,0,0,0
GBCI,0,0,0,0,0,0,0,0,0,0,0,0,0,0,0,0,0,0
GBDC,0,0,0,0,0,0,0,0,0,0,0,0,0,0,0,0,0,0
GBFH,0,0,0,0,0,0,0,0,0,0,0,0,0,0,0,0,0,0
GBIO,0,0,0,0,0,0,0,0,0,0,0,0,0,0,0,0,0,0
GBLI,0,0,0,0,0,0,0,0,0,0,0,0,0,0,0,0,0,0
GBR,0,0,0,0,0,0,0,0,0,0,0,0,0,0,0,0,0,0
GBTG,0,0,0,0,0,0,0,0,0,0,0,0,0,0,0,0,0,0
GBX,0,0,0,0,0,0,0,0,0,0,0,0,0,0,0,0,0,0
GCBC,0,0,0,0,0,0,0,0,0,0,0,0,0,0,0,0,0,0
GCI,0,0,0,0,0,0,0,0,0,0,0,0,0,0,0,0,0,0
GCL,0,0,0,0,0,0,0,0,0,0,0,0,0,0,0,0,0,0
GCLWW,0,0,0,0,0,0,0,0,0,0,0,0,0,0,0,0,0,0
GCMG,0,0,0,0,0,0,0,0,0,0,0,0,0,0,0,0,0,0
GCMGW,0,0,0,0,0,0,0,0,0,0,0,0,0,0,0,0,0,0
GCO,0,0,0,0,0,0,0,0,0,0,0,0,0,0,0,0,0,0
GCT,0,0,0,0,0,0,0,0,0,0,0,0,0,0,0,0,0,0
GCTK,0,0,0,0,0,0,0,0,0,0,0,0,0,0,0,0,0,0
GCTS,0,0,0,0,0,0,0,0,0,0,0,0,0,0,0,0,0,0
GCV,0,0,0,0,0,0,0,0,0,0,0,0,0,0,0,0,0,0
GD,0,0,0,0,0,0,0,0,0,0,0,0,0,0,0,0,0,0
GDC,0,0,0,0,0,0,0,0,0,0,0,0,0,0,0,0,0,0
GDDY,0,0,0,0,0,0,0,0,0,0,0,0,0,0,0,0,0,0
GDEN,0,0,0,0,0,0,0,0,0,0,0,0,0,0,0,0,0,0
GDEV,0,0,0,0,0,0,0,0,0,0,0,0,0,0,0,0,0,0
GDEVW,0,0,0,0,0,0,0,0,0,0,0,0,0,0,0,0,0,0
GDHG,0,0,0,0,0,0,0,0,0,0,0,0,0,0,0,0,0,0
GDL,0,0,0,0,0,0,0,0,0,0,0,0,0,0,0,0,0,0
GDO,0,0,0,0,0,0,0,0,0,0,0,0,0,0,0,0,0,0
GDOT,0,0,0,0,0,0,0,0,0,0,0,0,0,0,0,0,0,0
GDRX,0,0,0,0,0,0,0,0,0,0,0,0,0,0,0,0,0,0
GDS,0,0,0,0,0,0,0,0,0,0,0,0,0,0,0,0,0,0
GDTC,0,0,0,0,0,0,0,0,0,0,0,0,0,0,0,0,0,0
GDV,0,0,0,0,0,0,0,0,0,0,0,0,0,0,0,0,0,0
GDYN,0,0,0,0,0,0,0,0,0,0,0,0,0,0,0,0,0,0
GECC,0,0,0,0,0,0,0,0,0,0,0,0,0,0,0,0,0,0
GECCH,0,0,0,0,0,0,0,0,0,0,0,0,0,0,0,0,0,0
GECCI,0,0,0,0,0,0,0,0,0,0,0,0,0,0,0,0,0,0
GECCO,0,0,0,0,0,0,0,0,0,0,0,0,0,0,0,0,0,0
GECCZ,0,0,0,0,0,0,0,0,0,0,0,0,0,0,0,0,0,0
GEF,0,0,0,0,0,0,0,0,0,0,0,0,0,0,0,0,0,0
GEG,0,0,0,0,0,0,0,0,0,0,0,0,0,0,0,0,0,0
GEGGL,0,0,0,0,0,0,0,0,0,0,0,0,0,0,0,0,0,0
GEHC,0,0,0,0,0,0,0,0,0,0,0,0,0,0,0,0,0,0
GELS,0,0,0,0,0,0,0,0,0,0,0,0,0,0,0,0,0,0
GENC,0,0,0,0,0,0,0,0,0,0,0,0,0,0,0,0,0,0
GENI,0,0,0,0,0,0,0,0,0,0,0,0,0,0,0,0,0,0
GENK,0,0,0,0,0,0,0,0,0,0,0,0,0,0,0,0,0,0
GENVR,0,0,0,0,0,0,0,0,0,0,0,0,0,0,0,0,0,0
GEOS,0,0,0,0,0,0,0,0,0,0,0,0,0,0,0,0,0,0
GERN,0,0,0,0,0,0,0,0,0,0,0,0,0,0,0,0,0,0
GETY,0,0,0,0,0,0,0,0,0,0,0,0,0,0,0,0,0,0
GEV,0,0,0,0,0,0,0,0,0,0,0,0,0,0,0,0,0,0
GEVO,0,0,0,0,0,0,0,0,0,0,0,0,1,15,16,0,0,0
GF,0,0,0,0,0,0,1,31,8,0,0,0,0,0,0,0,0,0
GFAI,0,0,0,0,0,0,0,0,0,0,0,0,0,0,0,0,0,0
GFAIW,0,0,0,0,0,0,0,0,0,0,0,0,0,0,0,0,0,0
GFF,0,0,0,0,0,0,0,0,0,0,0,0,0,0,0,0,0,0
GFI,0,0,0,0,0,0,0,0,0,0,0,0,0,0,0,0,0,0
GFL,0,0,0,0,0,0,0,0,0,0,0,0,0,0,0,0,0,0
GFR,0,0,0,0,0,0,0,0,0,0,0,0,0,0,0,0,0,0
GFS,0,0,0,0,0,0,0,0,0,0,0,0,0,0,0,0,0,0
GGAL,0,0,0,0,0,0,0,0,0,0,0,0,0,0,0,0,0,0
GGB,0,0,0,0,0,0,0,0,0,0,0,0,0,0,0,0,0,0
GGG,0,0,0,0,0,0,0,0,0,0,0,0,0,0,0,0,0,0
GGN,0,0,0,0,0,0,0,0,0,0,0,0,0,0,0,0,0,0
GGR,0,0,0,0,0,0,0,0,0,0,0,0,0,0,0,0,0,0
GGROW,0,0,0,0,0,0,0,0,0,0,0,0,0,0,0,0,0,0
GGT,0,0,0,0,0,0,0,0,0,0,0,0,0,0,0,0,0,0
GGZ,0,0,0,0,0,0,0,0,0,0,0,0,0,0,0,0,0,0
GH,0,0,0,0,0,0,0,0,0,0,0,0,0,0,0,0,0,0
GHC,0,0,0,0,0,0,0,0,0,0,0,0,0,0,0,0,0,0
GHG,0,0,0,0,0,0,0,0,0,0,0,0,0,0,0,0,0,0
GHI,0,0,0,0,0,0,0,0,0,0,0,0,0,0,0,0,0,0
GHLD,0,0,0,0,0,0,0,0,0,0,0,0,0,0,0,0,0,0
GHM,0,0,0,0,0,0,0,0,0,0,0,0,0,0,0,0,0,0
GHRS,0,0,0,0,0,0,0,0,0,0,0,0,0,0,0,0,0,0
GHY,0,0,0,0,0,0,0,0,0,0,0,0,0,0,0,0,0,0
GIBO,5,135,202,4,126,200,4,135,236,3,54,128,3,53,135,0,0,0
GIBOW,0,0,0,0,0,0,0,0,0,0,0,0,0,0,0,0,0,0
GIC,0,0,0,0,0,0,0,0,0,0,0,0,0,0,0,0,0,0
GIFI,0,0,0,0,0,0,0,0,0,0,0,0,0,0,0,0,0,0
GIGGU,0,0,0,0,0,0,0,0,0,0,0,0,0,0,0,0,0,0
GIGGW,0,0,0,0,0,0,0,0,0,0,0,0,0,0,0,0,0,0
GIGM,0,0,0,0,0,0,0,0,0,0,0,0,0,0,0,0,0,0
GIII,0,0,0,0,0,0,0,0,0,0,0,0,0,0,0,0,0,0
GIPR,0,0,0,0,0,0,0,0,0,0,0,0,0,0,0,0,0,0
GIPRW,0,0,0,0,0,0,0,0,0,0,0,0,0,0,0,0,0,0
GIS,0,0,0,0,0,0,0,0,0,0,0,0,0,0,0,0,0,0
GITS,0,0,0,0,0,0,0,0,0,0,0,0,0,0,0,0,0,0
GJH,0,0,0,0,0,0,0,0,0,0,0,0,0,0,0,0,0,0
GJP,0,0,0,0,0,0,0,0,0,0,0,0,0,0,0,0,0,0
GJS,0,0,0,0,0,0,0,0,0,0,0,0,0,0,0,0,0,0
GJT,0,0,0,0,0,0,0,0,0,0,0,0,0,0,0,0,0,0
GKOS,0,0,0,0,0,0,0,0,0,0,0,0,0,0,0,0,0,0
GL,0,0,0,0,0,0,0,0,0,1,521,70,1,660,87,0,0,0
GLADZ,0,0,0,0,0,0,0,0,0,0,0,0,0,0,0,0,0,0
GLBE,0,0,0,0,0,0,0,0,0,0,0,0,0,0,0,0,0,0
GLBS,0,0,0,0,0,0,0,0,0,0,0,0,0,0,0,0,0,0
GLBZ,0,0,0,0,0,0,0,0,0,0,0,0,0,0,0,0,0,0
GLDD,0,0,0,0,0,0,0,0,0,0,0,0,0,0,0,0,0,0
GLDG,0,0,0,0,0,0,0,0,0,0,0,0,0,0,0,0,0,0
GLE,0,0,0,0,0,0,0,0,0,0,0,0,0,0,0,0,0,0
GLIBA,0,0,0,0,0,0,0,0,0,0,0,0,0,0,0,0,0,0
GLIBK,0,0,0,0,0,0,0,0,0,0,0,0,0,0,0,0,0,0
GLMD,0,0,0,0,0,0,0,0,0,0,0,0,0,0,0,0,0,0
GLNG,0,0,0,0,0,0,0,0,0,0,0,0,0,0,0,0,0,0
GLO,0,0,0,0,0,0,0,0,0,0,0,0,0,0,0,0,0,0
GLOB,0,0,0,0,0,0,0,0,0,0,0,0,0,0,0,0,0,0
GLP,0,0,0,1,35,18,1,0,10,0,0,0,0,0,0,0,0,0
GLPG,0,0,0,0,0,0,0,0,0,0,0,0,0,0,0,0,0,0
GLPI,0,0,0,0,0,0,0,0,0,0,0,0,0,0,0,0,0,0
GLQ,0,0,0,0,0,0,0,0,0,0,0,0,0,0,0,0,0,0
GLRE,0,0,0,0,0,0,0,0,0,0,0,0,0,0,0,0,0,0
GLSI,0,0,0,0,0,0,0,0,0,0,0,0,0,0,0,0,0,0
GLTO,0,0,0,0,0,0,0,0,0,0,0,0,0,0,0,0,0,0
GLU,0,0,0,0,0,0,0,0,0,0,0,0,0,0,0,0,0,0
GLV,0,0,0,0,0,0,0,0,0,0,0,0,0,0,0,0,0,0
GLW,0,0,0,0,0,0,0,0,0,0,0,0,0,0,0,0,0,0
GLXG,0,0,0,0,0,0,0,0,0,0,0,0,0,0,0,0,0,0
GLXY,2,189,134,2,198,138,0,0,0,0,0,0,0,0,0,0,0,0
GM,1,0,1,0,0,0,0,0,0,0,0,0,0,0,0,0,0,0
GMAB,0,0,0,0,0,0,0,0,0,0,0,0,0,0,0,0,0,0
GME,0,0,0,0,0,0,0,0,0,1,1,1,1,2,2,0,0,0
GMED,0,0,0,0,0,0,0,0,0,0,0,0,0,0,0,0,0,0
GMGI,0,0,0,0,0,0,0,0,0,0,0,0,0,0,0,0,0,0
GMHS,0,0,0,0,0,0,0,0,0,0,0,0,0,0,0,0,0,0
GMM,0,0,0,0,0,0,0,0,0,0,0,0,0,0,0,0,0,0
GMRE,0,0,0,0,0,0,0,0,0,0,0,0,0,0,0,0,0,0
GMS,0,0,0,0,0,0,0,0,0,0,0,0,0,0,0,0,0,0
GNE,0,0,0,0,0,0,0,0,0,0,0,0,0,0,0,0,0,0
GNFT,0,0,0,0,0,0,0,0,0,0,0,0,0,0,0,0,0,0
GNK,0,0,0,0,0,0,0,0,0,0,0,0,0,0,0,0,0,0
GNL,0,0,0,0,0,0,0,0,0,0,0,0,0,0,0,0,0,0
GNLN,0,0,0,0,0,0,0,0,0,0,0,0,0,0,0,0,0,0
GNLX,0,0,0,0,0,0,0,0,0,0,0,0,0,0,0,0,0,0
GNPX,0,0,0,0,0,0,0,0,0,0,0,0,0,0,0,0,0,0
GNRC,0,0,0,0,0,0,0,0,0,0,0,0,0,0,0,0,0,0
GNS,0,0,0,0,0,0,0,0,0,0,0,0,0,0,0,0,0,0
GNSS,0,0,0,0,0,0,0,0,0,0,0,0,0,0,0,0,0,0
GNT,0,0,0,0,0,0,0,0,0,0,0,0,0,0,0,0,0,0
GNTA,0,0,0,0,0,0,0,0,0,0,0,0,0,0,0,0,0,0
GNTX,0,0,0,0,0,0,0,0,0,0,0,0,0,0,0,0,0,0
GNTY,0,0,0,0,0,0,0,0,0,0,0,0,0,0,0,0,0,0
GNW,0,0,0,0,0,0,0,0,0,0,0,0,0,0,0,0,0,0
GOCO,0,0,0,0,0,0,0,0,0,0,0,0,0,0,0,0,0,0
GOF,0,0,0,0,0,0,0,0,0,0,0,0,0,0,0,0,0,0
GOGL,0,0,0,0,0,0,0,0,0,0,0,0,0,0,0,0,0,0
GOODN,0,0,0,0,0,0,0,0,0,0,0,0,0,0,0,0,0,0
GOODO,0,0,0,0,0,0,0,0,0,0,0,0,0,0,0,0,0,0
GOOG,0,0,0,0,0,0,0,0,0,0,0,0,1,244,81,0,0,0
GOOGL,2,1381,436,1,483,276,0,0,0,0,0,0,0,0,0,0,0,0
GOOS,0,0,0,0,0,0,0,0,0,0,0,0,0,0,0,0,0,0
GORO,0,0,0,0,0,0,1,6,5,1,8,5,1,23,9,1,3,1
GORV,0,0,0,0,0,0,0,0,0,0,0,0,0,0,0,0,0,0
GOSS,0,0,0,0,0,0,0,0,0,0,0,0,0,0,0,0,0,0
GOTU,0,0,0,0,0,0,0,0,0,0,0,0,0,0,0,0,0,0
GOVX,0,0,0,0,0,0,0,0,0,0,0,0,0,0,0,0,0,0
GOVXW,0,0,0,0,0,0,0,0,0,0,0,0,0,0,0,0,0,0
GP,0,0,0,0,0,0,0,0,0,0,0,0,0,0,0,0,0,0
GPAT,0,0,0,0,0,0,0,0,0,0,0,0,0,0,0,0,0,0
GPATW,0,0,0,0,0,0,0,0,0,0,0,0,0,0,0,0,0,0
GPC,0,0,0,0,0,0,0,0,0,0,0,0,0,0,0,0,0,0
GPCR,0,0,0,0,0,0,0,0,0,0,0,0,0,0,0,0,0,0
GPI,0,0,0,0,0,0,0,0,0,0,0,0,0,0,0,0,0,0
GPJA,0,0,0,0,0,0,0,0,0,0,0,0,0,0,0,0,0,0
GPK,0,0,0,0,0,0,0,0,0,0,0,0,0,0,0,0,0,0
GPMT,0,0,0,0,0,0,0,0,0,0,0,0,0,0,0,0,0,0
GPN,0,0,0,0,0,0,0,0,0,0,0,0,0,0,0,0,0,0
GPOR,0,0,0,0,0,0,0,0,0,0,0,0,0,0,0,0,0,0
GPRE,0,0,0,0,0,0,0,0,0,0,0,0,0,0,0,0,0,0
GPRK,0,0,0,0,0,0,0,0,0,0,0,0,0,0,0,0,0,0
GPRO,0,0,0,0,0,0,0,0,0,1,2,1,2,72,48,0,0,0
GPUS,0,0,0,1,0,22,0,0,0,1,61,20,1,92,42,1,466,151
GRABW,0,0,0,0,0,0,0,0,0,0,0,0,0,0,0,0,0,0
GRAF,0,0,0,0,0,0,0,0,0,0,0,0,0,0,0,0,0,0
GRAL,0,0,0,0,0,0,0,0,0,0,0,0,0,0,0,0,0,0
GRAN,0,0,0,0,0,0,0,0,0,0,0,0,0,0,0,0,0,0
GRBK,0,0,0,0,0,0,0,0,0,0,0,0,0,0,0,0,0,0
GRC,0,0,0,0,0,0,0,0,0,0,0,0,0,0,0,0,0,0
GRCE,0,0,0,0,0,0,0,0,0,0,0,0,0,0,0,0,0,0
GRDN,0,0,0,0,0,0,0,0,0,0,0,0,0,0,0,0,0,0
GREEL,0,0,0,0,0,0,0,0,0,0,0,0,0,0,0,0,0,0
GRF,0,0,0,0,0,0,0,0,0,0,0,0,0,0,0,0,0,0
GRFS,0,0,0,0,0,0,0,0,0,0,0,0,0,0,0,0,0,0
GRI,0,0,0,0,0,0,0,0,0,0,0,0,0,0,0,0,0,0
GRMN,0,0,0,0,0,0,0,0,0,0,0,0,0,0,0,0,0,0
GRND,0,0,0,0,0,0,0,0,0,0,0,0,0,0,0,0,0,0
GRNQ,0,0,0,0,0,0,0,0,0,0,0,0,0,0,0,0,0,0
GRNT,0,0,0,0,0,0,0,0,0,0,0,0,0,0,0,0,0,0
GRO,0,0,0,0,0,0,0,0,0,0,0,0,1,0,6,0,0,0
GROV,0,0,0,0,0,0,0,0,0,0,0,0,0,0,0,0,0,0
GROY,0,0,0,0,0,0,0,0,0,0,0,0,0,0,0,0,0,0
GRPN,0,0,0,0,0,0,0,0,0,0,0,0,0,0,0,0,0,0
GRRR,0,0,0,0,0,0,0,0,0,0,0,0,0,0,0,0,0,0
GRRRW,0,0,0,0,0,0,0,0,0,0,0,0,0,0,0,0,0,0
GRVY,0,0,0,0,0,0,0,0,0,0,0,0,0,0,0,0,0,0
GRWG,0,0,0,0,0,0,0,0,0,0,0,0,0,0,0,0,0,0
GRX,0,0,0,0,0,0,0,0,0,0,0,0,0,0,0,0,0,0
GRYP,0,0,0,0,0,0,0,0,0,0,0,0,0,0,0,0,0,0
GS,0,0,0,0,0,0,0,0,0,0,0,0,0,0,0,0,0,0
GSAT,0,0,0,0,0,0,0,0,0,0,0,0,0,0,0,0,0,0
GSBC,0,0,0,0,0,0,0,0,0,0,0,0,0,0,0,0,0,0
GSBD,0,0,0,0,0,0,0,0,0,0,0,0,0,0,0,0,0,0
GSHD,0,0,0,0,0,0,0,0,0,0,0,0,0,0,0,0,0,0
GSHR,0,0,0,0,0,0,0,0,0,0,0,0,0,0,0,0,0,0
GSHRU,0,0,0,0,0,0,0,0,0,0,0,0,0,0,0,0,0,0
GSHRW,0,0,0,0,0,0,0,0,0,0,0,0,0,0,0,0,0,0
GSIT,0,0,0,0,0,0,0,0,0,0,0,0,0,0,0,0,0,0
GSIW,0,0,0,0,0,0,0,0,0,0,0,0,0,0,0,0,0,0
GSK,0,0,0,0,0,0,0,0,0,0,0,0,0,0,0,0,0,0
GSL,0,0,0,0,0,0,0,0,0,0,0,0,0,0,0,0,0,0
GSM,0,0,0,0,0,0,0,0,0,0,0,0,0,0,0,0,0,0
GSRT,0,0,0,0,0,0,0,0,0,0,0,0,0,0,0,0,0,0
GSRTR,0,0,0,0,0,0,0,0,0,0,0,0,0,0,0,0,0,0
GSUN,0,0,0,0,0,0,0,0,0,0,0,0,0,0,0,0,0,0
GT,0,0,0,0,0,0,0,0,0,0,0,0,0,0,0,0,0,0
GTBP,0,0,0,0,0,0,0,0,0,0,0,0,0,0,0,0,0,0
GTE,0,0,0,0,0,0,0,0,0,0,0,0,0,0,0,0,0,0
GTEC,0,0,0,0,0,0,0,0,0,0,0,0,0,0,0,0,0,0
GTEN,0,0,0,0,0,0,0,0,0,0,0,0,0,0,0,0,0,0
GTENU,0,0,0,0,0,0,0,0,0,0,0,0,0,0,0,0,0,0
GTENW,0,0,0,0,0,0,0,0,0,0,0,0,0,0,0,0,0,0
GTERU,0,0,0,0,0,0,0,0,0,0,0,0,0,0,0,0,0,0
GTES,0,0,0,0,0,0,0,0,0,0,0,0,0,0,0,0,0,0
GTI,1,91,97,1,170,144,0,0,0,0,0,0,0,0,0,0,0,0
GTIM,0,0,0,0,0,0,0,0,0,0,0,0,0,0,0,0,0,0
GTLB,0,0,0,0,0,0,0,0,0,0,0,0,0,0,0,0,0,0
GTLS,0,0,0,0,0,0,0,0,0,0,0,0,0,0,0,0,0,0
GTM,0,0,0,0,0,0,0,0,0,0,0,0,0,0,0,0,0,0
GTN,0,0,0,0,0,0,0,0,0,0,0,0,0,0,0,0,0,0
GTX,0,0,0,0,0,0,0,0,0,0,0,0,0,0,0,0,0,0
GTY,0,0,0,0,0,0,0,0,0,0,0,0,0,0,0,0,0,0
GUG,0,0,0,0,0,0,0,0,0,0,0,0,0,0,0,0,0,0
GURE,0,0,0,0,0,0,0,0,0,0,0,0,0,0,0,0,0,0
GUTS,0,0,0,0,0,0,0,0,0,0,0,0,0,0,0,0,0,0
GV,0,0,0,0,0,0,0,0,0,0,0,0,0,0,0,0,0,0
GVA,0,0,0,0,0,0,0,0,0,0,0,0,0,0,0,0,0,0
GVH,0,0,0,0,0,0,0,0,0,0,0,0,0,0,0,0,0,0
GWAV,0,0,0,0,0,0,0,0,0,0,0,0,0,0,0,0,0,0
GWH,0,0,0,0,0,0,0,0,0,0,0,0,0,0,0,0,0,0
GWRE,0,0,0,0,0,0,0,0,0,0,0,0,0,0,0,0,0,0
GWRS,0,0,0,0,0,0,0,0,0,0,0,0,0,0,0,0,0,0
GWW,0,0,0,0,0,0,0,0,0,0,0,0,0,0,0,0,0,0
GXAI,0,0,0,0,0,0,0,0,0,0,0,0,0,0,0,0,0,0
GXO,0,0,0,0,0,0,0,0,0,0,0,0,0,0,0,0,0,0
HAE,0,0,0,0,0,0,0,0,0,0,0,0,0,0,0,0,0,0
HAFC,0,0,0,0,0,0,0,0,0,0,0,0,0,0,0,0,0,0
HAFN,0,0,0,0,0,0,0,0,0,0,0,0,0,0,0,0,0,0
HASI,0,0,0,0,0,0,0,0,0,0,0,0,0,0,0,0,0,0
HAYW,0,0,0,0,0,0,0,0,0,0,0,0,0,0,0,0,0,0
HBAN,0,0,0,0,0,0,0,0,0,0,0,0,0,0,0,0,0,0
HBANL,0,0,0,0,0,0,0,0,0,0,0,0,0,0,0,0,0,0
HBANM,0,0,0,0,0,0,0,0,0,0,0,0,0,0,0,0,0,0
HBANP,0,0,0,0,0,0,0,0,0,0,0,0,0,0,0,0,0,0
HBB,0,0,0,0,0,0,0,0,0,0,0,0,0,0,0,0,0,0
HBCP,0,0,0,0,0,0,0,0,0,0,0,0,0,0,0,0,0,0
HBI,0,0,0,0,0,0,0,0,0,0,0,0,0,0,0,0,0,0
HBIO,0,0,0,0,0,0,0,0,0,0,0,0,0,0,0,0,0,0
HBM,0,0,0,0,0,0,0,0,0,0,0,0,0,0,0,0,0,0
HBNB,0,0,0,0,0,0,0,0,0,0,0,0,0,0,0,0,0,0
HBNC,0,0,0,0,0,0,0,0,0,0,0,0,0,0,0,0,0,0
HBT,0,0,0,0,0,0,0,0,0,0,0,0,0,0,0,0,0,0
HCA,0,0,0,0,0,0,0,0,0,0,0,0,0,0,0,0,0,0
HCAI,0,0,0,0,0,0,0,0,0,0,0,0,0,0,0,0,0,0
HCAT,0,0,0,0,0,0,0,0,0,0,0,0,0,0,0,0,0,0
HCC,0,0,0,0,0,0,0,0,0,0,0,0,0,0,0,0,0,0
HCHL,0,0,0,0,0,0,0,0,0,0,0,0,0,0,0,0,0,0
HCI,0,0,0,0,0,0,0,0,0,0,0,0,0,0,0,0,0,0
HCKT,0,0,0,0,0,0,0,0,0,0,0,0,0,0,0,0,0,0
HCM,0,0,0,0,0,0,0,0,0,0,0,0,0,0,0,0,0,0
HCSG,0,0,0,0,0,0,0,0,0,0,0,0,0,0,0,0,0,0
HCTI,4,97,58,4,94,58,3,62,36,3,63,36,3,68,36,0,0,0
HCWB,0,0,0,0,0,0,0,0,0,0,0,0,0,0,0,0,0,0
HCWC,0,0,0,0,0,0,0,0,0,0,0,0,0,0,0,0,0,0
HCXY,0,0,0,0,0,0,0,0,0,0,0,0,0,0,0,0,0,0
HD,0,0,0,0,0,0,0,0,0,0,0,0,0,0,0,0,0,0
HDB,0,0,0,0,0,0,0,0,0,0,0,0,0,0,0,0,0,0
HDL,0,0,0,0,0,0,0,0,0,0,0,0,0,0,0,0,0,0
HDSN,0,0,0,0,0,0,0,0,0,0,0,0,0,0,0,0,0,0
HEPS,0,0,0,0,0,0,0,0,0,0,0,0,0,0,0,0,0,0
HEQ,0,0,0,0,0,0,0,0,0,0,0,0,0,0,0,0,0,0
HERZ,0,0,0,0,0,0,0,0,0,0,0,0,0,0,0,0,0,0
HESM,0,0,0,0,0,0,0,0,0,0,0,0,0,0,0,0,0,0
HFBL,0,0,0,0,0,0,0,0,0,0,0,0,0,0,0,0,0,0
HFFG,0,0,0,0,0,0,0,0,0,0,0,0,0,0,0,0,0,0
HFRO,0,0,0,0,0,0,0,0,0,0,0,0,0,0,0,0,0,0
HFWA,0,0,0,0,0,0,0,0,0,0,0,0,0,0,0,0,0,0
HG,0,0,0,0,0,0,1,10,23,1,19,46,1,21,48,0,0,0
HGBL,0,0,0,0,0,0,0,0,0,0,0,0,0,0,0,0,0,0
HGLB,0,0,0,0,0,0,0,0,0,0,0,0,0,0,0,0,0,0
HGTY,0,0,0,0,0,0,0,0,0,0,0,0,0,0,0,0,0,0
HGV,0,0,0,0,0,0,0,0,0,0,0,0,0,0,0,0,0,0
HHH,0,0,0,0,0,0,0,0,0,0,0,0,0,0,0,0,0,0
HHS,0,0,0,0,0,0,0,0,0,0,0,0,0,0,0,1,0,4
HIFS,0,0,0,0,0,0,0,0,0,0,0,0,0,0,0,0,0,0
HIG,0,0,0,0,0,0,0,0,0,0,0,0,0,0,0,0,0,0
HIHO,0,0,0,0,0,0,0,0,0,0,0,0,0,0,0,0,0,0
HII,0,0,0,0,0,0,0,0,0,0,0,0,0,0,0,0,0,0
HIMS,1,17,8,3,74,32,2,40,25,2,1024,122,2,1213,146,0,0,0
HIMX,0,0,0,0,0,0,0,0,0,0,0,0,0,0,0,0,0,0
HIO,0,0,0,0,0,0,0,0,0,0,0,0,0,0,0,0,0,0
HIPO,0,0,0,0,0,0,0,0,0,0,0,0,0,0,0,0,0,0
HITI,0,0,0,0,0,0,0,0,0,0,0,0,0,0,0,0,0,0
HIW,0,0,0,0,0,0,0,0,0,0,0,0,0,0,0,0,0,0
HIX,0,0,0,0,0,0,0,0,0,0,0,0,0,0,0,0,0,0
HKD,0,0,0,0,0,0,0,0,0,0,0,0,0,0,0,0,0,0
HKIT,0,0,0,0,0,0,0,0,0,0,0,0,0,0,0,0,0,0
HKPD,0,0,0,0,0,0,0,0,0,0,0,0,0,0,0,0,0,0
HL,0,0,0,0,0,0,0,0,0,1,10,4,1,16,5,0,0,0
HLF,0,0,0,0,0,0,0,0,0,0,0,0,0,0,0,0,0,0
HLI,0,0,0,0,0,0,0,0,0,0,0,0,0,0,0,0,0,0
HLIO,0,0,0,0,0,0,0,0,0,0,0,0,0,0,0,0,0,0
HLIT,0,0,0,0,0,0,0,0,0,0,0,0,0,0,0,0,0,0
HLLY,0,0,0,0,0,0,0,0,0,0,0,0,0,0,0,0,0,0
HLMN,0,0,0,0,0,0,0,0,0,0,0,0,0,0,0,0,0,0
HLN,0,0,0,0,0,0,0,0,0,0,0,0,0,0,0,0,0,0
HLNE,0,0,0,0,0,0,0,0,0,0,0,0,0,0,0,0,0,0
HLP,0,0,0,0,0,0,0,0,0,0,0,0,0,0,0,0,0,0
HLT,0,0,0,0,0,0,0,0,0,0,0,0,0,0,0,0,0,0
HLVX,0,0,0,0,0,0,0,0,0,0,0,0,0,0,0,0,0,0
HLX,0,0,0,0,0,0,0,0,0,0,0,0,0,0,0,0,0,0
HLXB,0,0,0,0,0,0,0,0,0,0,0,0,0,0,0,0,0,0
HMC,0,0,0,0,0,0,0,0,0,0,0,0,0,0,0,0,0,0
HMN,0,0,0,0,0,0,0,0,0,0,0,0,0,0,0,0,0,0
HMR,0,0,0,0,0,0,0,0,0,0,0,0,0,0,0,0,0,0
HMST,0,0,0,0,0,0,0,0,0,0,0,0,0,0,0,0,0,0
HMY,0,0,0,0,0,0,0,0,0,0,0,0,0,0,0,0,0,0
HNGE,0,0,0,0,0,0,0,0,0,0,0,0,0,0,0,0,0,0
HNI,0,0,0,0,0,0,0,0,0,0,0,0,0,0,0,0,0,0
HNNA,0,0,0,0,0,0,0,0,0,0,0,0,0,0,0,0,0,0
HNNAZ,0,0,0,0,0,0,0,0,0,0,0,0,0,0,0,0,0,0
HNRG,0,0,0,0,0,0,0,0,0,0,0,0,0,0,0,0,0,0
HNST,0,0,0,0,0,0,0,0,0,0,0,0,0,0,0,0,0,0
HNVR,0,0,0,0,0,0,0,0,0,0,0,0,0,0,0,0,0,0
HNW,0,0,0,0,0,0,0,0,0,0,0,0,0,0,0,0,0,0
HOFT,0,0,0,0,0,0,0,0,0,0,0,0,0,0,0,0,0,0
HOLO,0,0,0,0,0,0,0,0,0,0,0,0,0,0,0,0,0,0
HOLOW,0,0,0,0,0,0,0,0,0,0,0,0,0,0,0,0,0,0
HOLX,0,0,0,0,0,0,0,0,0,0,0,0,0,0,0,0,0,0
HOMB,0,0,0,0,0,0,0,0,0,0,0,0,0,0,0,0,0,0
HOND,0,0,0,0,0,0,0,0,0,0,0,0,0,0,0,0,0,0
HONDU,0,0,0,0,0,0,0,0,0,0,0,0,0,0,0,0,0,0
HONDW,0,0,0,0,0,0,0,0,0,0,0,0,0,0,0,0,0,0
HOTH,0,0,0,0,0,0,0,0,0,0,0,0,0,0,0,0,0,0
HOUS,0,0,0,0,0,0,0,0,0,0,0,0,0,0,0,0,0,0
HOV,0,0,0,0,0,0,0,0,0,0,0,0,0,0,0,0,0,0
HOVNP,0,0,0,0,0,0,0,0,0,0,0,0,0,0,0,0,0,0
HOVR,0,0,0,0,0,0,0,0,0,0,0,0,0,0,0,0,0,0
HOVRW,0,0,0,0,0,0,0,0,0,0,0,0,0,0,0,0,0,0
HP,0,0,0,0,0,0,0,0,0,0,0,0,0,0,0,0,0,0
HPAI,0,0,0,0,0,0,0,0,0,0,0,0,0,0,0,0,0,0
HPAIW,0,0,0,0,0,0,0,0,0,0,0,0,0,0,0,0,0,0
HPE,0,0,0,0,0,0,0,0,0,0,0,0,0,0,0,0,0,0
HPF,0,0,0,0,0,0,0,0,0,0,0,0,0,0,0,0,0,0
HPI,0,0,0,0,0,0,0,0,0,0,0,0,0,0,0,0,0,0
HPK,0,0,0,0,0,0,0,0,0,0,0,0,0,0,0,0,0,0
HPKEW,0,0,0,0,0,0,0,0,0,0,0,0,0,0,0,0,0,0
HPP,0,0,0,0,0,0,0,0,0,0,0,0,0,0,0,0,0,0
HPQ,0,0,0,0,0,0,0,0,0,0,0,0,0,0,0,0,0,0
HPS,0,0,0,0,0,0,0,0,0,0,0,0,0,0,0,0,0,0
HQH,0,0,0,0,0,0,0,0,0,0,0,0,0,0,0,0,0,0
HQI,0,0,0,0,0,0,0,0,0,0,0,0,0,0,0,0,0,0
HQL,0,0,0,0,0,0,0,0,0,0,0,0,0,0,0,0,0,0
HQY,0,0,0,0,0,0,0,0,0,0,0,0,0,0,0,0,0,0
HR,1,39,1,0,0,0,0,0,0,0,0,0,0,0,0,0,0,0
HRB,0,0,0,0,0,0,0,0,0,0,0,0,0,0,0,0,0,0
HRI,0,0,0,0,0,0,0,0,0,0,0,0,0,0,0,0,0,0
HRL,0,0,0,0,0,0,0,0,0,0,0,0,0,0,0,0,0,0
HRMY,0,0,0,0,0,0,0,0,0,0,0,0,0,0,0,0,0,0
HROW,0,0,0,0,0,0,0,0,0,0,0,0,0,0,0,0,0,0
HROWL,0,0,0,0,0,0,0,0,0,0,0,0,0,0,0,0,0,0
HROWM,0,0,0,0,0,0,0,0,0,0,0,0,0,0,0,0,0,0
HRTG,0,0,0,0,0,0,0,0,0,0,0,0,0,0,0,0,0,0
HRTX,0,0,0,0,0,0,0,0,0,0,0,0,0,0,0,0,0,0
HRZN,0,0,0,0,0,0,0,0,0,0,0,0,0,0,0,0,0,0
HSAI,0,0,0,0,0,0,0,0,0,0,0,0,0,0,0,0,0,0
HSBC,0,0,0,0,0,0,0,0,0,0,0,0,0,0,0,0,0,0
HSCS,0,0,0,0,0,0,0,0,0,0,0,0,0,0,0,0,0,0
HSCSW,0,0,0,0,0,0,0,0,0,0,0,0,0,0,0,0,0,0
HSDT,0,0,0,0,0,0,0,0,0,0,0,0,0,0,0,0,0,0
HSHP,0,0,0,0,0,0,0,0,0,0,0,0,0,0,0,0,0,0
HSIC,0,0,0,0,0,0,0,0,0,0,0,0,0,0,0,0,0,0
HSII,0,0,0,0,0,0,0,0,0,0,0,0,0,0,0,0,0,0
HSON,0,0,0,0,0,0,0,0,0,0,0,0,0,0,0,0,0,0
HSPO,0,0,0,0,0,0,0,0,0,0,0,0,0,0,0,0,0,0
HSPOR,0,0,0,0,0,0,0,0,0,0,0,0,0,0,0,0,0,0
HSPOW,0,0,0,0,0,0,0,0,0,0,0,0,0,0,0,0,0,0
HSPT,0,0,0,0,0,0,0,0,0,0,0,0,0,0,0,0,0,0
HSPTR,0,0,0,0,0,0,0,0,0,0,0,0,0,0,0,0,0,0
HST,0,0,0,0,0,0,0,0,0,0,0,0,0,0,0,0,0,0
HSTM,0,0,0,0,0,0,0,0,0,0,0,0,0,0,0,0,0,0
HSY,0,0,0,0,0,0,0,0,0,0,0,0,0,0,0,0,0,0
HTB,0,0,0,0,0,0,0,0,0,0,0,0,0,0,0,0,0,0
HTBK,0,0,0,0,0,0,0,0,0,0,0,0,0,0,0,0,0,0
HTCO,0,0,0,0,0,0,0,0,0,0,0,0,0,0,0,0,0,0
HTCR,0,0,0,0,0,0,0,0,0,0,0,0,0,0,0,0,0,0
HTD,0,0,0,0,0,0,0,0,0,0,0,0,0,0,0,0,0,0
HTFB,0,0,0,0,0,0,0,0,0,0,0,0,0,0,0,0,0,0
HTFC,0,0,0,0,0,0,0,0,0,0,0,0,0,0,0,0,0,0
HTGC,0,0,0,0,0,0,0,0,0,0,0,0,0,0,0,0,0,0
HTH,0,0,0,0,0,0,0,0,0,0,0,0,0,0,0,0,0,0
HTHT,0,0,0,0,0,0,0,0,0,0,0,0,0,0,0,0,0,0
HTLD,0,0,0,0,0,0,0,0,0,0,0,0,0,0,0,0,0,0
HTLM,0,0,0,0,0,0,0,0,0,0,0,0,0,0,0,0,0,0
HTO,0,0,0,0,0,0,0,0,0,0,0,0,0,0,0,0,0,0
HTOO,0,0,0,0,0,0,0,0,0,0,0,0,0,0,0,0,0,0
HTOOW,0,0,0,0,0,0,0,0,0,0,0,0,0,0,0,0,0,0
HTZ,0,0,0,0,0,0,0,0,0,0,0,0,0,0,0,0,0,0
HTZWW,0,0,0,0,0,0,0,0,0,0,0,0,0,0,0,0,0,0
HUBC,0,0,0,0,0,0,0,0,0,0,0,0,0,0,0,0,0,0
HUBCW,0,0,0,0,0,0,0,0,0,0,0,0,0,0,0,0,0,0
HUBCZ,0,0,0,0,0,0,0,0,0,0,0,0,0,0,0,0,0,0
HUBG,0,0,0,0,0,0,0,0,0,0,0,0,0,0,0,0,0,0
HUBS,0,0,0,0,0,0,0,0,0,0,0,0,0,0,0,0,0,0
HUDI,0,0,0,0,0,0,0,0,0,0,0,0,0,0,0,0,0,0
HUHU,0,0,0,0,0,0,0,0,0,0,0,0,0,0,0,0,0,0
HUIZ,0,0,0,0,0,0,0,0,0,0,0,0,0,0,0,0,0,0
HUMAW,0,0,0,0,0,0,0,0,0,0,0,0,0,0,0,0,0,0
HURC,0,0,0,0,0,0,0,0,0,0,0,0,0,0,0,0,0,0
HURN,0,0,0,0,0,0,0,0,0,0,0,0,0,0,0,0,0,0
HUSA,0,0,0,0,0,0,0,0,0,0,0,0,0,0,0,0,0,0
HUYA,0,0,0,0,0,0,0,0,0,0,0,0,0,0,0,0,0,0
HVII,0,0,0,0,0,0,0,0,0,0,0,0,0,0,0,0,0,0
HVIIU,0,0,0,0,0,0,0,0,0,0,0,0,0,0,0,0,0,0
HVT,0,0,0,0,0,0,0,0,0,0,0,0,0,0,0,0,0,0
HWBK,0,0,0,0,0,0,0,0,0,0,0,0,0,0,0,0,0,0
HWC,0,0,0,0,0,0,0,0,0,0,0,0,0,0,0,0,0,0
HWCPZ,0,0,0,0,0,0,0,0,0,0,0,0,0,0,0,0,0,0
HWH,0,0,0,0,0,0,0,0,0,0,0,0,0,0,0,0,0,0
HWKN,0,0,0,0,0,0,0,0,0,0,0,0,0,0,0,0,0,0
HWM,0,0,0,0,0,0,0,0,0,0,0,0,0,0,0,0,0,0
HXHX,0,0,0,0,0,0,0,0,0,0,0,0,0,0,0,0,0,0
HXL,0,0,0,0,0,0,0,0,0,0,0,0,0,0,0,0,0,0
HYAC,0,0,0,0,0,0,0,0,0,0,0,0,0,0,0,0,0,0
HYFM,0,0,0,0,0,0,0,0,0,0,0,0,0,0,0,0,0,0
HYI,0,0,0,0,0,0,0,0,0,0,0,0,0,0,0,0,0,0
HYLN,0,0,0,0,0,0,0,0,0,0,0,0,0,0,0,0,0,0
HYMC,0,0,0,0,0,0,0,0,0,0,0,0,0,0,0,0,0,0
HYMCL,0,0,0,0,0,0,0,0,0,0,0,0,0,0,0,0,0,0
HYPD,0,0,0,0,0,0,0,0,0,0,0,0,0,0,0,0,0,0
HYPR,0,0,0,0,0,0,0,0,0,0,0,0,0,0,0,0,0,0
HYT,0,0,0,0,0,0,0,0,0,0,0,0,0,0,0,0,0,0
HZO,0,0,0,0,0,0,0,0,0,0,0,0,0,0,0,0,0,0
IAC,0,0,0,0,0,0,0,0,0,0,0,0,0,0,0,0,0,0
IAE,0,0,0,0,0,0,0,0,0,0,0,0,0,0,0,0,0,0
IAF,0,0,0,0,0,0,0,0,0,0,0,0,0,0,0,0,0,0
IAG,0,0,0,0,0,0,0,0,0,0,0,0,0,0,0,0,0,0
IART,0,0,0,0,0,0,0,0,0,0,0,0,0,0,0,0,0,0
IAS,0,0,0,0,0,0,0,0,0,0,0,0,0,0,0,0,0,0
IAUX,0,0,0,0,0,0,0,0,0,0,0,0,0,0,0,0,0,0
IBAC,0,0,0,0,0,0,0,0,0,0,0,0,0,0,0,0,0,0
IBACR,0,0,0,0,0,0,0,0,0,0,0,0,0,0,0,0,0,0
IBCP,0,0,0,0,0,0,0,0,0,0,0,0,0,0,0,0,0,0
IBG,0,0,0,0,0,0,0,0,0,0,0,0,0,0,0,0,0,0
IBIO,0,0,0,0,0,0,0,0,0,0,0,0,0,0,0,0,0,0
IBKR,4,33,14,3,7,44,0,0,0,0,0,0,1,12,2,0,0,0
IBM,0,0,0,0,0,0,0,0,0,0,0,0,0,0,0,0,0,0
IBN,0,0,0,0,0,0,0,0,0,0,0,0,0,0,0,0,0,0
IBOC,0,0,0,0,0,0,0,0,0,0,0,0,0,0,0,0,0,0
IBP,0,0,0,0,0,0,0,0,0,0,0,0,0,0,0,0,0,0
IBRX,0,0,0,0,0,0,0,0,0,0,0,0,0,0,0,0,0,0
IBTA,0,0,0,0,0,0,0,0,0,0,0,0,0,0,0,0,0,0
ICCC,0,0,0,0,0,0,0,0,0,0,0,0,0,0,0,0,0,0
ICCM,0,0,0,0,0,0,0,0,0,0,0,0,0,0,0,0,0,0
ICFI,0,0,0,0,0,0,0,0,0,0,0,0,0,0,0,0,0,0
ICG,0,0,0,0,0,0,0,0,0,0,0,0,0,0,0,0,0,0
ICHR,0,0,0,0,0,0,0,0,0,0,0,0,0,0,0,0,0,0
ICL,0,0,0,0,0,0,0,0,0,0,0,0,0,0,0,0,0,0
ICLR,0,0,0,0,0,0,0,0,0,0,0,0,0,0,0,0,0,0
ICMB,0,0,0,0,0,0,0,0,0,0,0,0,0,0,0,0,0,0
ICU,1,20,23,0,0,0,0,0,0,0,0,0,0,0,0,0,0,0
ICUCW,0,0,0,0,0,0,0,0,0,0,0,0,0,0,0,0,0,0
ICUI,0,0,0,0,0,0,0,0,0,0,0,0,0,0,0,0,0,0
IDAI,0,0,0,0,0,0,0,0,0,0,0,0,0,0,0,0,0,0
IDCC,0,0,0,0,0,0,0,0,0,0,0,0,0,0,0,0,0,0
IDN,0,0,0,0,0,0,0,0,0,0,0,0,0,0,0,0,0,0
IDR,0,0,0,0,0,0,0,0,0,0,0,0,0,0,0,0,0,0
IDT,0,0,0,0,0,0,0,0,0,0,0,0,0,0,0,0,0,0
IDXX,0,0,0,0,0,0,0,0,0,0,0,0,0,0,0,0,0,0
IDYA,0,0,0,0,0,0,0,0,0,0,0,0,0,0,0,0,0,0
IEP,0,0,0,0,0,0,0,0,0,0,0,0,0,0,0,0,0,0
IESC,0,0,0,0,0,0,0,0,0,0,0,0,0,0,0,0,0,0
IEX,0,0,0,0,0,0,0,0,0,0,0,0,0,0,0,0,0,0
IFBD,0,0,0,0,0,0,0,0,0,0,0,0,0,0,0,0,0,0
IFF,0,0,0,0,0,0,0,0,0,0,0,0,0,0,0,0,0,0
IFN,0,0,0,0,0,0,0,0,0,0,0,0,0,0,0,0,0,0
IFRX,0,0,0,0,0,0,0,0,0,0,0,0,0,0,0,0,0,0
IFS,0,0,0,0,0,0,0,0,0,0,0,0,0,0,0,0,0,0
IGA,0,0,0,0,0,0,0,0,0,0,0,0,0,0,0,0,0,0
IGC,0,0,0,1,2,4,1,3,3,0,0,0,0,0,0,0,0,0
IGD,0,0,0,0,0,0,0,0,0,0,0,0,0,0,0,0,0,0
IGI,0,0,0,0,0,0,0,0,0,0,0,0,0,0,0,0,0,0
IGIC,0,0,0,0,0,0,0,0,0,0,0,0,0,0,0,0,0,0
IGMS,0,0,0,0,0,0,0,0,0,0,0,0,0,0,0,0,0,0
IGR,0,0,0,0,0,0,0,0,0,0,0,0,0,0,0,0,0,0
IH,0,0,0,0,0,0,0,0,0,0,0,0,0,0,0,0,0,0
IHD,0,0,0,0,0,0,0,0,0,0,0,0,0,0,0,0,0,0
IHG,0,0,0,0,0,0,0,0,0,0,0,0,0,0,0,0,0,0
IHRT,0,0,0,0,0,0,0,0,0,0,0,0,0,0,0,0,0,0
IHS,0,0,0,0,0,0,0,0,0,0,0,0,0,0,0,0,0,0
IHT,0,0,0,0,0,0,0,0,0,0,0,0,0,0,0,0,0,0
IIF,0,0,0,0,0,0,0,0,0,0,0,0,0,0,0,0,0,0
III,0,0,0,1,2,4,2,3,4,2,2,3,2,3,3,0,0,0
IIIN,0,0,0,0,0,0,0,0,0,0,0,0,0,0,0,0,0,0
IIIV,0,0,0,0,0,0,0,0,0,0,0,0,0,0,0,0,0,0
IIM,0,0,0,0,0,0,0,0,0,0,0,0,0,0,0,0,0,0
IINN,0,0,0,0,0,0,0,0,0,0,0,0,0,0,0,0,0,0
IINNW,0,0,0,0,0,0,0,0,0,0,0,0,0,0,0,0,0,0
IIPR,0,0,0,0,0,0,0,0,0,0,0,0,0,0,0,0,0,0
IKNA,0,0,0,0,0,0,0,0,0,0,0,0,0,0,0,0,0,0
IKT,0,0,0,0,0,0,0,0,0,0,0,0,0,0,0,0,0,0
ILAG,0,0,0,0,0,0,0,0,0,0,0,0,0,0,0,0,0,0
ILLR,0,0,0,0,0,0,0,0,0,0,0,0,0,0,0,0,0,0
ILLRW,0,0,0,0,0,0,0,0,0,0,0,0,0,0,0,0,0,0
ILMN,0,0,0,0,0,0,0,0,0,0,0,0,0,0,0,0,0,0
ILPT,0,0,0,0,0,0,0,0,0,0,0,0,0,0,0,0,0,0
IMAB,0,0,0,0,0,0,0,0,0,0,0,0,0,0,0,0,0,0
IMAX,0,0,0,0,0,0,0,0,0,0,0,0,0,0,0,0,0,0
IMCC,0,0,0,0,0,0,0,0,0,0,0,0,0,0,0,0,0,0
IMCR,0,0,0,0,0,0,0,0,0,0,0,0,0,0,0,0,0,0
IMDX,0,0,0,0,0,0,0,0,0,0,0,0,0,0,0,0,0,0
IMG,1,12,24,1,13,24,0,0,0,0,0,0,0,0,0,0,0,0
IMKTA,0,0,0,0,0,0,0,0,0,0,0,0,0,0,0,0,0,0
IMMP,0,0,0,0,0,0,0,0,0,0,0,0,0,0,0,0,0,0
IMMR,0,0,0,0,0,0,0,0,0,0,0,0,0,0,0,0,0,0
IMMX,0,0,0,0,0,0,0,0,0,0,0,0,0,0,0,0,0,0
IMNM,0,0,0,0,0,0,0,0,0,0,0,0,0,0,0,0,0,0
IMNN,0,0,0,0,0,0,0,0,0,0,0,0,0,0,0,0,0,0
IMO,3,63,71,3,84,105,0,0,0,0,0,0,0,0,0,1,5,12
IMOS,0,0,0,0,0,0,0,0,0,0,0,0,0,0,0,0,0,0
IMPP,0,0,0,0,0,0,0,0,0,0,0,0,0,0,0,0,0,0
IMPPP,0,0,0,0,0,0,0,0,0,0,0,0,0,0,0,0,0,0
IMRN,0,0,0,0,0,0,0,0,0,0,0,0,0,0,0,0,0,0
IMRX,0,0,0,0,0,0,0,0,0,0,0,0,0,0,0,0,0,0
IMTE,0,0,0,0,0,0,0,0,0,0,0,0,0,0,0,0,0,0
IMTX,0,0,0,0,0,0,0,0,0,0,0,0,0,0,0,0,0,0
IMUX,0,0,0,0,0,0,0,0,0,1,0,1,0,0,0,0,0,0
IMVT,0,0,0,0,0,0,0,0,0,0,0,0,0,0,0,0,0,0
IMXI,0,0,0,0,0,0,0,0,0,0,0,0,0,0,0,0,0,0
INAB,0,0,0,0,0,0,0,0,0,0,0,0,0,0,0,0,0,0
INACU,0,0,0,0,0,0,0,0,0,0,0,0,0,0,0,0,0,0
INBK,0,0,0,0,0,0,0,0,0,0,0,0,0,0,0,0,0,0
INBKZ,0,0,0,0,0,0,0,0,0,0,0,0,0,0,0,0,0,0
INBS,0,0,0,0,0,0,0,0,0,0,0,0,0,0,0,0,0,0
INBX,0,0,0,0,0,0,0,0,0,0,0,0,0,0,0,0,0,0
INCR,0,0,0,0,0,0,0,0,0,0,0,0,0,0,0,0,0,0
INCY,0,0,0,0,0,0,0,0,0,0,0,0,0,0,0,0,0,0
INDB,0,0,0,0,0,0,0,0,0,0,0,0,0,0,0,0,0,0
INDI,0,0,0,0,0,0,0,0,0,0,0,0,0,0,0,0,0,0
INDO,0,0,0,0,0,0,0,0,0,0,0,0,0,0,0,0,0,0
INDP,0,0,0,0,0,0,0,0,0,0,0,0,0,0,0,0,0,0
INDV,0,0,0,0,0,0,0,0,0,0,0,0,0,0,0,0,0,0
INEO,0,0,0,0,0,0,0,0,0,0,0,0,0,0,0,0,0,0
INFA,0,0,0,0,0,0,0,0,0,0,0,0,0,0,0,0,0,0
INFU,0,0,0,0,0,0,0,0,0,0,0,0,0,0,0,0,0,0
INFY,0,0,0,0,0,0,0,0,0,0,0,0,0,0,0,0,0,0
INGM,0,0,0,0,0,0,0,0,0,0,0,0,0,0,0,0,0,0
INGN,0,0,0,0,0,0,0,0,0,0,0,0,0,0,0,0,0,0
INGR,0,0,0,0,0,0,0,0,0,0,0,0,0,0,0,0,0,0
INHD,0,0,0,0,0,0,0,0,0,0,0,0,0,0,0,0,0,0
INKT,0,0,0,0,0,0,0,0,0,0,0,0,0,0,0,0,0,0
INLF,0,0,0,0,0,0,0,0,0,0,0,0,0,0,0,0,0,0
INLX,0,0,0,0,0,0,0,0,0,0,0,0,0,0,0,0,0,0
INM,0,0,0,0,0,0,1,0,2,0,0,0,0,0,0,0,0,0
INMB,0,0,0,0,0,0,0,0,0,0,0,0,0,0,0,0,0,0
INMD,0,0,0,0,0,0,0,0,0,0,0,0,0,0,0,0,0,0
INNV,0,0,0,0,0,0,0,0,0,0,0,0,0,0,0,0,0,0
INOD,0,0,0,0,0,0,0,0,0,0,0,0,0,0,0,0,0,0
INR,1,1,1,0,0,0,0,0,0,0,0,0,0,0,0,0,0,0
INSE,0,0,0,0,0,0,0,0,0,0,0,0,0,0,0,0,0,0
INSG,0,0,0,0,0,0,0,0,0,0,0,0,0,0,0,0,0,0
INSM,0,0,0,0,0,0,0,0,0,1,3,6,1,8,9,0,0,0
INSP,0,0,0,0,0,0,0,0,0,0,0,0,0,0,0,0,0,0
INSW,0,0,0,0,0,0,0,0,0,0,0,0,0,0,0,0,0,0
INTA,0,0,0,0,0,0,0,0,0,0,0,0,0,0,0,0,0,0
INTC,0,0,0,0,0,0,1,12,13,1,27,28,1,30,28,0,0,0
INTG,0,0,0,0,0,0,0,0,0,0,0,0,0,0,0,0,0,0
INTJ,0,0,0,0,0,0,0,0,0,0,0,0,0,0,0,0,0,0
INTR,0,0,0,0,0,0,0,0,0,0,0,0,0,0,0,0,0,0
INTS,1,1,8,1,0,9,0,0,0,0,0,0,0,0,0,0,0,0
INTT,0,0,0,0,0,0,0,0,0,0,0,0,0,0,0,0,0,0
INTU,0,0,0,0,0,0,0,0,0,0,0,0,0,0,0,0,0,0
INTZ,0,0,0,0,0,0,0,0,0,0,0,0,0,0,0,0,0,0
INUV,0,0,0,0,0,0,0,0,0,0,0,0,0,0,0,0,0,0
INV,0,0,0,0,0,0,0,0,0,0,0,0,0,0,0,0,0,0
INVA,0,0,0,0,0,0,0,0,0,0,0,0,0,0,0,0,0,0
INVE,0,0,0,0,0,0,0,0,0,0,0,0,0,0,0,0,0,0
INVH,0,0,0,0,0,0,0,0,0,0,0,0,0,0,0,0,0,0
INVX,0,0,0,0,0,0,0,0,0,0,0,0,0,0,0,0,0,0
INVZ,0,0,0,0,0,0,0,0,0,0,0,0,0,0,0,0,0,0
INVZW,0,0,0,0,0,0,0,0,0,0,0,0,0,0,0,0,0,0
IOBT,0,0,0,0,0,0,0,0,0,1,8,5,1,8,6,0,0,0
IONQ,1,669,265,1,728,282,0,0,0,0,0,0,0,0,0,0,0,0
IONR,0,0,0,0,0,0,0,0,0,0,0,0,0,0,0,0,0,0
IONS,0,0,0,0,0,0,0,0,0,0,0,0,0,0,0,0,0,0
IOR,0,0,0,0,0,0,0,0,0,0,0,0,0,0,0,0,0,0
IOSP,0,0,0,0,0,0,0,0,0,0,0,0,0,0,0,0,0,0
IOT,0,0,0,0,0,0,0,0,0,1,29,26,1,35,31,1,4,3
IOTR,0,0,0,0,0,0,0,0,0,0,0,0,0,0,0,0,0,0
IOVA,1,44,31,0,0,0,0,0,0,0,0,0,0,0,0,0,0,0
IP,1,2,3,1,11,4,3,24,16,2,14,13,3,19,17,1,13,13
IPA,0,0,0,0,0,0,0,0,0,0,0,0,0,0,0,0,0,0
IPAR,0,0,0,0,0,0,0,0,0,0,0,0,0,0,0,0,0,0
IPCX,0,0,0,0,0,0,0,0,0,0,0,0,0,0,0,0,0,0
IPCXR,0,0,0,0,0,0,0,0,0,0,0,0,0,0,0,0,0,0
IPCXU,0,0,0,0,0,0,0,0,0,0,0,0,0,0,0,0,0,0
IPDN,0,0,0,0,0,0,0,0,0,0,0,0,0,0,0,0,0,0
IPG,0,0,0,0,0,0,0,0,0,0,0,0,0,0,0,0,0,0
IPGP,0,0,0,0,0,0,0,0,0,0,0,0,0,0,0,0,0,0
IPHA,0,0,0,0,0,0,0,0,0,0,0,0,0,0,0,0,0,0
IPI,0,0,0,0,0,0,0,0,0,0,0,0,0,0,0,0,0,0
IPM,0,0,0,0,0,0,0,0,0,0,0,0,0,0,0,0,0,0
IPOD,0,0,0,0,0,0,0,0,0,0,0,0,0,0,0,0,0,0
IPODU,0,0,0,0,0,0,0,0,0,0,0,0,0,0,0,0,0,0
IPODW,0,0,0,0,0,0,0,0,0,0,0,0,0,0,0,0,0,0
IPSC,0,0,0,0,0,0,0,0,0,0,0,0,0,0,0,0,0,0
IPW,0,0,0,0,0,0,0,0,0,0,0,0,0,0,0,0,0,0
IPWR,0,0,0,0,0,0,0,0,0,0,0,0,0,0,0,0,0,0
IPX,0,0,0,0,0,0,0,0,0,0,0,0,0,0,0,0,0,0
IQ,0,0,0,0,0,0,0,0,0,0,0,0,0,0,0,0,0,0
IQI,0,0,0,0,0,0,0,0,0,0,0,0,0,0,0,0,0,0
IQST,0,0,0,0,0,0,0,0,0,0,0,0,0,0,0,0,0,0
IQV,0,0,0,0,0,0,0,0,0,0,0,0,0,0,0,0,0,0
IR,2,25,34,1,16,15,1,1,3,1,81,47,2,93,58,0,0,0
IRBT,0,0,0,0,0,0,0,0,0,0,0,0,0,0,0,0,0,0
IRD,0,0,0,0,0,0,0,0,0,0,0,0,0,0,0,0,0,0
IRDM,0,0,0,0,0,0,0,0,0,0,0,0,0,0,0,0,0,0
IREN,0,0,0,0,0,0,0,0,0,0,0,0,0,0,0,0,0,0
IRIX,0,0,0,0,0,0,0,0,0,0,0,0,0,0,0,0,0,0
IRM,0,0,0,0,0,0,0,0,0,0,0,0,0,0,0,0,0,0
IRMD,0,0,0,0,0,0,0,0,0,0,0,0,0,0,0,0,0,0
IROH,0,0,0,0,0,0,0,0,0,0,0,0,0,0,0,0,0,0
IROHR,0,0,0,0,0,0,0,0,0,0,0,0,0,0,0,0,0,0
IROHU,0,0,0,0,0,0,0,0,0,0,0,0,0,0,0,0,0,0
IROHW,0,0,0,0,0,0,0,0,0,0,0,0,0,0,0,0,0,0
IROQ,0,0,0,0,0,0,0,0,0,0,0,0,0,0,0,0,0,0
IRS,0,0,0,0,0,0,0,0,0,0,0,0,0,0,0,0,0,0
IRT,0,0,0,0,0,0,0,0,0,0,0,0,0,0,0,0,0,0
IRTC,0,0,0,0,0,0,0,0,0,0,0,0,0,0,0,0,0,0
IRWD,0,0,0,0,0,0,0,0,0,0,0,0,0,0,0,0,0,0
ISD,0,0,0,0,0,0,0,0,0,0,0,0,0,0,0,0,0,0
ISOU,0,0,0,0,0,0,0,0,0,0,0,0,0,0,0,0,0,0
ISPC,0,0,0,0,0,0,0,0,0,0,0,0,0,0,0,0,0,0
ISPO,0,0,0,0,0,0,0,0,0,0,0,0,0,0,0,0,0,0
ISPOW,0,0,0,0,0,0,0,0,0,0,0,0,0,0,0,0,0,0
ISPR,0,0,0,0,0,0,0,0,0,0,0,0,0,0,0,0,0,0
ISRG,0,0,0,0,0,0,0,0,0,0,0,0,0,0,0,0,0,0
ISRL,0,0,0,0,0,0,0,0,0,0,0,0,0,0,0,0,0,0
ISRLW,0,0,0,0,0,0,0,0,0,0,0,0,0,0,0,0,0,0
ISSC,0,0,0,0,0,0,0,0,0,0,0,0,0,0,0,0,0,0
ISTR,0,0,0,0,0,0,0,0,0,0,0,0,0,0,0,0,0,0
ITGR,0,0,0,0,0,0,0,0,0,0,0,0,0,0,0,0,0,0
ITIC,0,0,0,0,0,0,0,0,0,0,0,0,0,0,0,0,0,0
ITOS,0,0,0,0,0,0,0,0,0,0,0,0,0,0,0,0,0,0
ITP,0,0,0,0,0,0,0,0,0,0,0,0,0,0,0,1,39,21
ITRG,0,0,0,0,0,0,0,0,0,0,0,0,0,0,0,0,0,0
ITRI,0,0,0,0,0,0,0,0,0,0,0,0,0,0,0,0,0,0
ITRM,0,0,0,0,0,0,0,0,0,1,3,22,1,0,44,0,0,0
ITRN,0,0,0,0,0,0,0,0,0,0,0,0,0,0,0,0,0,0
ITT,0,0,0,0,0,0,0,0,0,0,0,0,0,0,0,1,6,2
ITUB,0,0,0,0,0,0,0,0,0,0,0,0,0,0,0,0,0,0
ITW,0,0,0,0,0,0,0,0,0,0,0,0,0,0,0,0,0,0
IVDA,0,0,0,0,0,0,0,0,0,0,0,0,0,0,0,0,0,0
IVDAW,0,0,0,0,0,0,0,0,0,0,0,0,0,0,0,0,0,0
IVF,0,0,0,0,0,0,0,0,0,0,0,0,0,0,0,0,0,0
IVP,0,0,0,0,0,0,0,0,0,0,0,0,0,0,0,0,0,0
IVR,0,0,0,0,0,0,0,0,0,0,0,0,0,0,0,0,0,0
IVT,0,0,0,0,0,0,0,0,0,0,0,0,0,0,0,0,0,0
IVVD,0,0,0,0,0,0,0,0,0,0,0,0,0,0,0,0,0,0
IVZ,0,0,0,0,0,0,0,0,0,0,0,0,0,0,0,0,0,0
IX,1,44,20,1,43,20,0,0,0,0,0,0,1,0,6,0,0,0
IXHL,3,84,42,5,97,53,9,264,362,7,164,266,6,181,279,1,3,1
IZEA,0,0,0,0,0,0,0,0,0,0,0,0,0,0,0,0,0,0
IZM,0,0,0,0,0,0,0,0,0,0,0,0,0,0,0,0,0,0
JACS,0,0,0,0,0,0,0,0,0,0,0,0,0,0,0,0,0,0
JAGX,0,0,0,0,0,0,0,0,0,0,0,0,0,0,0,0,0,0
JAKK,0,0,0,0,0,0,0,0,0,0,0,0,0,0,0,0,0,0
JAMF,0,0,0,0,0,0,0,0,0,0,0,0,0,0,0,0,0,0
JANX,0,0,0,0,0,0,0,0,0,0,0,0,0,0,0,0,0,0
JBDI,0,0,0,0,0,0,0,0,0,0,0,0,0,0,0,0,0,0
JBGS,0,0,0,0,0,0,0,0,0,0,0,0,0,0,0,0,0,0
JBHT,0,0,0,0,0,0,0,0,0,0,0,0,0,0,0,0,0,0
JBI,0,0,0,0,0,0,0,0,0,0,0,0,0,0,0,0,0,0
JBIO,0,0,0,0,0,0,0,0,0,0,0,0,0,0,0,0,0,0
JBK,0,0,0,0,0,0,0,0,0,0,0,0,0,0,0,0,0,0
JBL,0,0,0,0,0,0,0,0,0,0,0,0,0,0,0,0,0,0
JBLU,0,0,0,0,0,0,0,0,0,0,0,0,0,0,0,0,0,0
JBS,0,0,0,0,0,0,0,0,0,0,0,0,0,0,0,0,0,0
JBSS,0,0,0,0,0,0,0,0,0,0,0,0,0,0,0,0,0,0
JBTM,0,0,0,0,0,0,0,0,0,0,0,0,0,0,0,0,0,0
JCAP,0,0,0,0,0,0,0,0,0,0,0,0,0,0,0,0,0,0
JCE,0,0,0,0,0,0,0,0,0,0,0,0,0,0,0,0,0,0
JCI,0,0,0,0,0,0,0,0,0,0,0,0,0,0,0,0,0,0
JCSE,0,0,0,0,0,0,0,0,0,0,0,0,0,0,0,0,0,0
JCTC,0,0,0,0,0,0,0,0,0,0,0,0,0,0,0,0,0,0
JD,0,0,0,0,0,0,0,0,0,0,0,0,0,0,0,0,0,0
JDZG,0,0,0,0,0,0,0,0,0,0,0,0,0,0,0,0,0,0
JELD,0,0,0,0,0,0,0,0,0,0,0,0,0,0,0,0,0,0
JENA,0,0,0,0,0,0,0,0,0,0,0,0,0,0,0,0,0,0
JEQ,0,0,0,0,0,0,0,0,0,0,0,0,0,0,0,0,0,0
JFB,0,0,0,0,0,0,0,0,0,0,0,0,0,0,0,0,0,0
JFBR,0,0,0,0,0,0,0,0,0,0,0,0,0,0,0,0,0,0
JFBRW,0,0,0,0,0,0,0,0,0,0,0,0,0,0,0,0,0,0
JFIN,0,0,0,0,0,0,0,0,0,0,0,0,0,0,0,0,0,0
JFR,0,0,0,0,0,0,0,0,0,0,0,0,0,0,0,0,0,0
JFU,0,0,0,0,0,0,0,0,0,0,0,0,0,0,0,0,0,0
JG,0,0,0,0,0,0,0,0,0,0,0,0,0,0,0,0,0,0
JGH,0,0,0,0,0,0,0,0,0,0,0,0,0,0,0,0,0,0
JHG,0,0,0,0,0,0,0,0,0,0,0,0,0,0,0,0,0,0
JHI,0,0,0,0,0,0,0,0,0,0,0,0,0,0,0,0,0,0
JHS,0,0,0,0,0,0,0,0,0,0,0,0,0,0,0,0,0,0
JHX,0,0,0,0,0,0,0,0,0,0,0,0,0,0,0,0,0,0
JJSF,0,0,0,0,0,0,0,0,0,0,0,0,0,0,0,0,0,0
JKHY,0,0,0,0,0,0,0,0,0,0,0,0,0,0,0,0,0,0
JKS,0,0,0,0,0,0,0,0,0,0,0,0,0,0,0,0,0,0
JL,0,0,0,0,0,0,0,0,0,0,0,0,0,0,0,0,0,0
JLHL,0,0,0,0,0,0,0,0,0,0,0,0,0,0,0,0,0,0
JLL,0,0,0,0,0,0,0,0,0,0,0,0,0,0,0,0,0,0
JLS,0,0,0,0,0,0,0,0,0,0,0,0,0,0,0,0,0,0
JMIA,0,0,0,0,0,0,0,0,0,0,0,0,0,0,0,0,0,0
JMM,0,0,0,0,0,0,0,0,0,0,0,0,0,0,0,0,0,0
JMSB,0,0,0,0,0,0,0,0,0,0,0,0,0,0,0,0,0,0
JNJ,0,0,0,0,0,0,0,0,0,0,0,0,0,0,0,0,0,0
JOBY,0,0,0,0,0,0,0,0,0,0,0,0,0,0,0,0,0,0
JOF,0,0,0,0,0,0,0,0,0,0,0,0,0,0,0,0,0,0
JOUT,0,0,0,0,0,0,0,0,0,0,0,0,0,0,0,0,0,0
JOYY,0,0,0,0,0,0,0,0,0,0,0,0,0,0,0,0,0,0
JPC,0,0,0,0,0,0,0,0,0,0,0,0,0,0,0,0,0,0
JPI,0,0,0,0,0,0,0,0,0,0,0,0,0,0,0,0,0,0
JPM,0,0,0,0,0,0,0,0,0,0,0,0,0,0,0,0,0,0
JQC,0,0,0,0,0,0,0,0,0,0,0,0,0,0,0,0,0,0
JRI,0,0,0,0,0,0,0,0,0,0,0,0,0,0,0,0,0,0
JRS,0,0,0,0,0,0,0,0,0,0,0,0,0,0,0,0,0,0
JRSH,0,0,0,0,0,0,0,0,0,0,0,0,0,0,0,0,0,0
JRVR,0,0,0,0,0,0,0,0,0,0,0,0,0,0,0,0,0,0
JSM,0,0,0,0,0,0,0,0,0,0,0,0,0,0,0,0,0,0
JSPR,0,0,0,0,0,0,0,0,0,0,0,0,0,0,0,0,0,0
JTAI,0,0,0,0,0,0,0,0,0,0,0,0,0,0,0,0,0,0
JUNS,0,0,0,0,0,0,0,0,0,0,0,0,0,0,0,0,0,0
JVA,0,0,0,0,0,0,0,0,0,0,0,0,0,0,0,0,0,0
JWEL,0,0,0,0,0,0,0,0,0,0,0,0,0,0,0,0,0,0
JXG,0,0,0,0,0,0,0,0,0,0,0,0,0,0,0,0,0,0
JXN,0,0,0,0,0,0,0,0,0,0,0,0,0,0,0,0,0,0
JYD,0,0,0,0,0,0,0,0,0,0,0,0,0,0,0,0,0,0
JYNT,0,0,0,0,0,0,0,0,0,0,0,0,0,0,0,0,0,0
JZ,0,0,0,0,0,0,0,0,0,0,0,0,0,0,0,0,0,0
JZXN,0,0,0,0,0,0,0,0,0,0,0,0,0,0,0,0,0,0
KALU,0,0,0,0,0,0,0,0,0,0,0,0,0,0,0,0,0,0
KALV,0,0,0,0,0,0,0,0,0,0,0,0,0,0,0,0,0,0
KAR,0,0,0,0,0,0,0,0,0,0,0,0,0,0,0,0,0,0
KAVL,0,0,0,0,0,0,0,0,0,0,0,0,0,0,0,0,0,0
KB,0,0,0,0,0,0,0,0,0,0,0,0,0,0,0,0,0,0
KBDC,0,0,0,0,0,0,0,0,0,0,0,0,0,0,0,0,0,0
KBH,0,0,0,0,0,0,0,0,0,0,0,0,0,0,0,0,0,0
KBR,0,0,0,0,0,0,0,0,0,0,0,0,0,0,0,0,0,0
KBSX,0,0,0,0,0,0,0,0,0,0,0,0,0,0,0,0,0,0
KC,0,0,0,0,0,0,0,0,0,0,0,0,0,0,0,0,0,0
KCHV,0,0,0,0,0,0,0,0,0,0,0,0,0,0,0,0,0,0
KCHVR,0,0,0,0,0,0,0,0,0,0,0,0,0,0,0,0,0,0
KCHVU,0,0,0,0,0,0,0,0,0,0,0,0,0,0,0,0,0,0
KD,0,0,0,0,0,0,0,0,0,0,0,0,0,0,0,0,0,0
KDP,0,0,0,0,0,0,0,0,0,0,0,0,0,0,0,0,0,0
KE,0,0,0,0,0,0,0,0,0,0,0,0,0,0,0,0,0,0
KELYA,0,0,0,0,0,0,0,0,0,0,0,0,0,0,0,0,0,0
KELYB,0,0,0,0,0,0,0,0,0,0,0,0,0,0,0,0,0,0
KEQU,0,0,0,0,0,0,0,0,0,0,0,0,0,0,0,0,0,0
KEYS,0,0,0,0,0,0,0,0,0,0,0,0,0,0,0,0,0,0
KF,0,0,0,0,0,0,0,0,0,0,0,0,0,0,0,0,0,0
KFFB,0,0,0,0,0,0,0,0,0,0,0,0,0,0,0,0,0,0
KFII,0,0,0,0,0,0,0,0,0,0,0,0,0,0,0,0,0,0
KFIIR,0,0,0,0,0,0,0,0,0,0,0,0,0,0,0,0,0,0
KFRC,0,0,0,0,0,0,0,0,0,0,0,0,0,0,0,0,0,0
KFS,0,0,0,0,0,0,0,0,0,0,0,0,0,0,0,0,0,0
KFY,0,0,0,0,0,0,0,0,0,0,0,0,0,0,0,0,0,0
KG,0,0,0,0,0,0,1,10,23,1,19,46,1,21,48,0,0,0
KGC,0,0,0,0,0,0,0,0,0,0,0,0,0,0,0,0,0,0
KGEI,0,0,0,0,0,0,0,0,0,0,0,0,0,0,0,0,0,0
KGS,0,0,0,0,0,0,0,0,0,0,0,0,0,0,0,0,0,0
KHC,0,0,0,0,0,0,0,0,0,0,0,0,0,0,0,0,0,0
KIDZ,0,0,0,0,0,0,0,0,0,0,0,0,0,0,0,0,0,0
KIDZW,0,0,0,0,0,0,0,0,0,0,0,0,0,0,0,0,0,0
KINS,0,0,0,0,0,0,0,0,0,0,0,0,0,0,0,0,0,0
KIO,0,0,0,0,0,0,0,0,0,0,0,0,0,0,0,0,0,0
KITT,0,0,0,0,0,0,0,0,0,0,0,0,0,0,0,0,0,0
KITTW,0,0,0,0,0,0,0,0,0,0,0,0,0,0,0,0,0,0
KKR,0,0,0,0,0,0,0,0,0,0,0,0,0,0,0,0,0,0
KKRS,0,0,0,0,0,0,0,0,0,0,0,0,0,0,0,0,0,0
KKRT,0,0,0,0,0,0,0,0,0,0,0,0,0,0,0,0,0,0
KLAC,0,0,0,0,0,0,0,0,0,0,0,0,0,0,0,0,0,0
KLC,0,0,0,0,0,0,0,0,0,0,0,0,0,0,0,0,0,0
KLG,0,0,0,0,0,0,0,0,0,0,0,0,0,0,0,0,0,0
KLIC,0,0,0,0,0,0,0,0,0,0,0,0,0,0,0,0,0,0
KLRS,0,0,0,0,0,0,0,0,0,0,0,0,0,0,0,0,0,0
KLTO,0,0,0,0,0,0,0,0,0,0,0,0,0,0,0,0,0,0
KLTOW,0,0,0,0,0,0,0,0,0,0,0,0,0,0,0,0,0,0
KLTR,0,0,0,0,0,0,0,0,0,0,0,0,0,0,0,0,0,0
KLXE,0,0,0,0,0,0,0,0,0,0,0,0,0,0,0,0,0,0
KMB,0,0,0,0,0,0,0,0,0,0,0,0,0,0,0,0,0,0
KMDA,0,0,0,0,0,0,0,0,0,0,0,0,0,0,0,0,0,0
KMI,0,0,0,0,0,0,0,0,0,0,0,0,0,0,0,0,0,0
KMPB,0,0,0,0,0,0,0,0,0,0,0,0,0,0,0,0,0,0
KMPR,0,0,0,0,0,0,0,0,0,0,0,0,0,0,0,0,0,0
KMRK,0,0,0,0,0,0,0,0,0,0,0,0,0,0,0,0,0,0
KMT,0,0,0,0,0,0,0,0,0,0,0,0,0,0,0,0,0,0
KMTS,0,0,0,0,0,0,0,0,0,0,0,0,0,0,0,0,0,0
KMX,0,0,0,0,0,0,0,0,0,0,0,0,0,0,0,0,0,0
KN,0,0,0,0,0,0,0,0,0,0,0,0,0,0,0,0,0,0
KNDI,0,0,0,0,0,0,0,0,0,0,0,0,0,0,0,0,0,0
KNF,0,0,0,0,0,0,0,0,0,0,0,0,0,0,0,0,0,0
KNSA,0,0,0,0,0,0,0,0,0,0,0,0,0,0,0,0,0,0
KNSL,0,0,0,0,0,0,0,0,0,0,0,0,0,0,0,0,0,0
KNTK,0,0,0,0,0,0,0,0,0,0,0,0,0,0,0,0,0,0
KNW,0,0,0,0,0,0,0,0,0,0,0,0,0,0,0,0,0,0
KNX,0,0,0,0,0,0,0,0,0,0,0,0,0,0,0,0,0,0
KOD,0,0,0,0,0,0,0,0,0,0,0,0,0,0,0,0,0,0
KODK,0,0,0,0,0,0,0,0,0,0,0,0,0,0,0,0,0,0
KOF,0,0,0,0,0,0,0,0,0,0,0,0,0,0,0,0,0,0
KOPN,0,0,0,0,0,0,0,0,0,0,0,0,0,0,0,0,0,0
KOSS,0,0,0,0,0,0,0,0,0,0,0,0,0,0,0,0,0,0
KPLT,0,0,0,0,0,0,0,0,0,0,0,0,0,0,0,0,0,0
KPLTW,0,0,0,0,0,0,0,0,0,0,0,0,0,0,0,0,0,0
KPRX,0,0,0,0,0,0,0,0,0,0,0,0,0,0,0,0,0,0
KPTI,0,0,0,0,0,0,0,0,0,0,0,0,0,0,0,0,0,0
KR,1,48,11,1,53,14,1,53,14,0,0,0,0,0,0,0,0,0
KRC,0,0,0,0,0,0,0,0,0,0,0,0,0,0,0,0,0,0
KREF,0,0,0,0,0,0,0,0,0,0,0,0,0,0,0,0,0,0
KRG,0,0,0,0,0,0,0,0,0,0,0,0,0,0,0,0,0,0
KRKR,0,0,0,0,0,0,0,0,0,0,0,0,0,0,0,0,0,0
KRMD,0,0,0,0,0,0,0,0,0,0,0,0,0,0,0,0,0,0
KRMN,0,0,0,0,0,0,0,0,0,0,0,0,0,0,0,0,0,0
KRNT,0,0,0,0,0,0,0,0,0,0,0,0,0,0,0,0,0,0
KRNY,0,0,0,0,0,0,0,0,0,0,0,0,0,0,0,0,0,0
KRO,0,0,0,0,0,0,0,0,0,0,0,0,0,0,0,0,0,0
KROS,0,0,0,0,0,0,0,0,0,0,0,0,0,0,0,0,0,0
KRP,0,0,0,0,0,0,0,0,0,0,0,0,0,0,0,0,0,0
KRRO,0,0,0,0,0,0,0,0,0,0,0,0,0,0,0,0,0,0
KRT,0,0,0,0,0,0,0,0,0,0,0,0,0,0,0,0,0,0
KRUS,0,0,0,0,0,0,0,0,0,0,0,0,0,0,0,0,0,0
KRYS,0,0,0,0,0,0,0,0,0,0,0,0,0,0,0,0,0,0
KSCP,0,0,0,0,0,0,0,0,0,0,0,0,0,0,0,0,0,0
KSPI,0,0,0,0,0,0,0,0,0,0,0,0,0,0,0,0,0,0
KSS,2,63,45,2,61,45,0,0,0,0,0,0,0,0,0,0,0,0
KT,0,0,0,0,0,0,0,0,0,0,0,0,0,0,0,0,0,0
KTB,0,0,0,0,0,0,0,0,0,0,0,0,0,0,0,0,0,0
KTCC,0,0,0,0,0,0,0,0,0,0,0,0,0,0,0,0,0,0
KTF,0,0,0,0,0,0,0,0,0,0,0,0,0,0,0,0,0,0
KTH,0,0,0,0,0,0,0,0,0,0,0,0,0,0,0,0,0,0
KTN,0,0,0,0,0,0,0,0,0,0,0,0,0,0,0,0,0,0
KTOS,0,0,0,0,0,0,0,0,0,0,0,0,0,0,0,0,0,0
KTTA,0,0,0,0,0,0,0,0,0,0,0,0,0,0,0,0,0,0
KUKE,0,0,0,0,0,0,0,0,0,0,0,0,0,0,0,0,0,0
KULR,0,0,0,0,0,0,0,0,0,0,0,0,0,0,0,0,0,0
KURA,0,0,0,0,0,0,0,0,0,0,0,0,0,0,0,0,0,0
KVAC,0,0,0,0,0,0,0,0,0,0,0,0,0,0,0,0,0,0
KVACW,0,0,0,0,0,0,0,0,0,0,0,0,0,0,0,0,0,0
KVHI,0,0,0,0,0,0,0,0,0,0,0,0,0,0,0,0,0,0
KVUE,0,0,0,0,0,0,0,0,0,0,0,0,0,0,0,0,0,0
KVYO,0,0,0,0,0,0,0,0,0,0,0,0,0,0,0,0,0,0
KW,0,0,0,0,0,0,0,0,0,0,0,0,0,0,0,0,0,0
KWM,0,0,0,0,0,0,0,0,0,0,0,0,0,0,0,0,0,0
KWMWW,0,0,0,0,0,0,0,0,0,0,0,0,0,0,0,0,0,0
KWR,0,0,0,0,0,0,0,0,0,0,0,0,0,0,0,0,0,0
KXIN,0,0,0,0,0,0,0,0,0,0,0,0,0,0,0,0,0,0
KYMR,0,0,0,0,0,0,0,0,0,0,0,0,0,0,0,0,0,0
KYN,0,0,0,0,0,0,0,0,0,0,0,0,0,0,0,0,0,0
KYTX,0,0,0,0,0,0,0,0,0,0,0,0,0,0,0,0,0,0
KZIA,0,0,0,0,0,0,0,0,0,0,0,0,0,0,0,0,0,0
KZR,0,0,0,0,0,0,0,0,0,0,0,0,0,0,0,0,0,0
LADR,0,0,0,0,0,0,0,0,0,0,0,0,0,0,0,0,0,0
LAES,0,0,0,0,0,0,0,0,0,0,0,0,0,0,0,0,0,0
LAMR,0,0,0,0,0,0,0,0,0,0,0,0,0,0,0,0,0,0
LANDM,0,0,0,0,0,0,0,0,0,0,0,0,0,0,0,0,0,0
LANDO,0,0,0,0,0,0,0,0,0,0,0,0,0,0,0,0,0,0
LANDP,0,0,0,0,0,0,0,0,0,0,0,0,0,0,0,0,0,0
LANV,0,0,0,0,0,0,0,0,0,0,0,0,0,0,0,0,0,0
LASE,0,0,0,0,0,0,0,0,0,0,0,0,0,0,0,0,0,0
LASR,0,0,0,0,0,0,0,0,0,0,0,0,0,0,0,0,0,0
LAWR,0,0,0,0,0,0,0,0,0,0,0,0,0,0,0,0,0,0
LAZR,0,0,0,0,0,0,0,0,0,0,0,0,0,0,0,0,0,0
LB,0,0,0,0,0,0,1,5,2,1,7,2,1,9,2,0,0,0
LBGJ,0,0,0,0,0,0,0,0,0,0,0,0,0,0,0,0,0,0
LBRDA,0,0,0,0,0,0,0,0,0,0,0,0,0,0,0,0,0,0
LBRDK,0,0,0,0,0,0,0,0,0,0,0,0,0,0,0,0,0,0
LBRDP,0,0,0,0,0,0,0,0,0,0,0,0,0,0,0,0,0,0
LBRT,0,0,0,0,0,0,0,0,0,0,0,0,0,0,0,0,0,0
LBTYA,0,0,0,0,0,0,0,0,0,0,0,0,0,0,0,0,0,0
LBTYB,0,0,0,0,0,0,0,0,0,0,0,0,0,0,0,0,0,0
LBTYK,0,0,0,0,0,0,0,0,0,0,0,0,0,0,0,0,0,0
LC,1,3,10,1,33,29,1,42,44,1,43,44,1,44,44,0,0,0
LCCC,0,0,0,0,0,0,0,0,0,0,0,0,0,0,0,0,0,0
LCCCR,0,0,0,0,0,0,0,0,0,0,0,0,0,0,0,0,0,0
LCCCU,0,0,0,0,0,0,0,0,0,0,0,0,0,0,0,0,0,0
LCFY,0,0,0,0,0,0,0,0,0,0,0,0,0,0,0,0,0,0
LCFYW,0,0,0,0,0,0,0,0,0,0,0,0,0,0,0,0,0,0
LCID,1,9,6,0,0,0,0,0,0,0,0,0,0,0,0,0,0,0
LCII,0,0,0,0,0,0,0,0,0,0,0,0,0,0,0,0,0,0
LCNB,0,0,0,0,0,0,0,0,0,0,0,0,0,0,0,0,0,0
LCTX,0,0,0,0,0,0,0,0,0,0,0,0,0,0,0,0,0,0
LCUT,0,0,0,0,0,0,0,0,0,0,0,0,0,0,0,0,0,0
LDI,0,0,0,0,0,0,0,0,0,0,0,0,0,0,0,0,0,0
LDOS,0,0,0,0,0,0,0,0,0,0,0,0,0,0,0,0,0,0
LDP,0,0,0,0,0,0,0,0,0,0,0,0,0,0,0,0,0,0
LDWY,0,0,0,0,0,0,0,0,0,0,0,0,0,0,0,0,0,0
LE,0,0,0,0,0,0,0,0,0,0,0,0,0,0,0,2,5,21
LECO,0,0,0,0,0,0,0,0,0,0,0,0,0,0,0,0,0,0
LEDS,0,0,0,0,0,0,0,0,0,0,0,0,0,0,0,0,0,0
LEGH,0,0,0,0,0,0,0,0,0,0,0,0,0,0,0,0,0,0
LEGN,0,0,0,0,0,0,0,0,0,0,0,0,0,0,0,0,0,0
LEGT,0,0,0,0,0,0,0,0,0,0,0,0,0,0,0,0,0,0
LENZ,0,0,0,0,0,0,0,0,0,0,0,0,0,0,0,0,0,0
LESL,0,0,0,0,0,0,0,0,0,0,0,0,0,0,0,0,0,0
LEXX,0,0,0,0,0,0,0,0,0,0,0,0,0,0,0,0,0,0
LEXXW,0,0,0,0,0,0,0,0,0,0,0,0,0,0,0,0,0,0
LFCR,0,0,0,0,0,0,0,0,0,0,0,0,0,0,0,0,0,0
LFMD,0,0,0,0,0,0,0,0,0,0,0,0,0,0,0,0,0,0
LFMDP,0,0,0,0,0,0,0,0,0,0,0,0,0,0,0,0,0,0
LFST,0,0,0,0,0,0,0,0,0,0,0,0,0,0,0,0,0,0
LFT,0,0,0,0,0,0,0,0,0,0,0,0,0,0,0,0,0,0
LFUS,0,0,0,0,0,0,0,0,0,0,0,0,0,0,0,0,0,0
LFVN,0,0,0,0,0,0,0,0,0,0,0,0,0,0,0,0,0,0
LFWD,0,0,0,0,0,0,0,0,0,0,0,0,0,0,0,0,0,0
LGCB,0,0,0,0,0,0,0,0,0,0,0,0,0,0,0,0,0,0
LGCL,0,0,0,0,0,0,0,0,0,0,0,0,0,0,0,0,0,0
LGCY,0,0,0,0,0,0,0,0,0,0,0,0,0,0,0,0,0,0
LGHL,0,0,0,0,0,0,0,0,0,0,0,0,0,0,0,0,0,0
LGI,0,0,0,0,0,0,0,0,0,0,0,0,0,0,0,0,0,0
LGIH,0,0,0,0,0,0,0,0,0,0,0,0,0,0,0,0,0,0
LGL,0,0,0,0,0,0,0,0,0,0,0,0,0,0,0,0,0,0
LGND,0,0,0,0,0,0,0,0,0,0,0,0,0,0,0,0,0,0
LGO,0,0,0,0,0,0,0,0,0,0,0,0,0,0,0,0,0,0
LGPS,1,15,12,1,18,12,1,18,12,1,19,14,1,20,15,0,0,0
LGVN,0,0,0,0,0,0,1,0,3,1,0,3,0,0,0,0,0,0
LH,0,0,0,0,0,0,0,0,0,0,0,0,0,0,0,0,0,0
LHSW,0,0,0,0,0,0,0,0,0,0,0,0,0,0,0,0,0,0
LHX,0,0,0,0,0,0,0,0,0,0,0,0,0,0,0,0,0,0
LICN,0,0,0,0,0,0,0,0,0,0,0,0,0,0,0,0,0,0
LIDR,2,15,13,1,18,12,1,18,12,1,19,14,1,20,15,0,0,0
LIDRW,0,0,0,0,0,0,0,0,0,0,0,0,0,0,0,0,0,0
LII,0,0,0,0,0,0,0,0,0,0,0,0,0,0,0,0,0,0
LILAK,0,0,0,0,0,0,0,0,0,0,0,0,0,0,0,0,0,0
LIMNW,0,0,0,0,0,0,0,0,0,0,0,0,0,0,0,0,0,0
LINC,0,0,0,0,0,0,0,0,0,0,0,0,0,0,0,0,0,0
LIND,0,0,0,0,0,0,0,0,0,0,0,0,0,0,0,0,0,0
LIQT,0,0,0,0,0,0,0,0,0,0,0,0,0,0,0,0,0,0
LITB,0,0,0,0,0,0,0,0,0,0,0,0,0,0,0,0,0,0
LITM,0,0,0,0,0,0,0,0,0,0,0,0,0,0,0,0,0,0
LIVN,0,0,0,0,0,0,0,0,0,0,0,0,0,0,0,0,0,0
LIXT,0,0,0,0,0,0,0,0,0,0,0,0,0,0,0,0,0,0
LIXTW,0,0,0,0,0,0,0,0,0,0,0,0,0,0,0,0,0,0
LKFN,0,0,0,0,0,0,0,0,0,0,0,0,0,0,0,0,0,0
LKQ,0,0,0,0,0,0,0,0,0,0,0,0,0,0,0,0,0,0
LLY,0,0,0,0,0,0,0,0,0,0,0,0,0,0,0,0,0,0
LLYVA,0,0,0,0,0,0,0,0,0,0,0,0,0,0,0,0,0,0
LLYVK,0,0,0,0,0,0,0,0,0,0,0,0,0,0,0,0,0,0
LMAT,0,0,0,1,3,3,1,5,6,0,0,0,0,0,0,0,0,0
LMB,0,0,0,0,0,0,0,0,0,0,0,0,0,0,0,0,0,0
LMFA,0,0,0,0,0,0,0,0,0,0,0,0,0,0,0,0,0,0
LMND,0,0,0,0,0,0,0,0,0,0,0,0,0,0,0,0,0,0
LMNR,0,0,0,0,0,0,0,0,0,0,0,0,0,0,0,0,0,0
LMT,0,0,0,0,0,0,0,0,0,0,0,0,0,0,0,0,0,0
LNC,0,0,0,0,0,0,0,0,0,0,0,0,0,0,0,0,0,0
LND,0,0,0,0,0,0,0,0,0,0,0,0,0,0,0,0,0,0
LNG,0,0,0,0,0,0,0,0,0,0,0,0,0,0,0,0,0,0
LNKB,0,0,0,0,0,0,0,0,0,0,0,0,0,0,0,0,0,0
LNKS,0,0,0,0,0,0,0,0,0,0,0,0,0,0,0,0,0,0
LNN,0,0,0,0,0,0,0,0,0,0,0,0,0,0,0,0,0,0
LNSR,0,0,0,0,0,0,0,0,0,0,0,0,0,0,0,0,0,0
LNT,0,0,0,0,0,0,0,0,0,0,0,0,0,0,0,0,0,0
LNTH,0,0,0,0,0,0,0,0,0,0,0,0,0,0,0,0,0,0
LNW,0,0,0,0,0,0,0,0,0,0,0,0,0,0,0,0,0,0
LNZA,0,0,0,0,0,0,0,0,0,0,0,0,0,0,0,0,0,0
LNZAW,0,0,0,0,0,0,0,0,0,0,0,0,0,0,0,0,0,0
LOAR,0,0,0,0,0,0,0,0,0,0,0,0,0,0,0,0,0,0
LOCL,0,0,0,0,0,0,0,0,0,0,0,0,0,0,0,0,0,0
LOGI,0,0,0,0,0,0,0,0,0,0,0,0,0,0,0,0,0,0
LOKV,0,0,0,0,0,0,0,0,0,0,0,0,0,0,0,0,0,0
LOKVW,0,0,0,0,0,0,0,0,0,0,0,0,0,0,0,0,0,0
LOTWW,0,0,0,0,0,0,0,0,0,0,0,0,0,0,0,0,0,0
LPA,0,0,0,0,0,0,0,0,0,0,0,0,0,0,0,0,0,0
LPAA,0,0,0,0,0,0,0,0,0,0,0,0,0,0,0,0,0,0
LPAAU,0,0,0,0,0,0,0,0,0,0,0,0,0,0,0,0,0,0
LPAAW,0,0,0,0,0,0,0,0,0,0,0,0,0,0,0,0,0,0
LPBB,0,0,0,0,0,0,0,0,0,0,0,0,0,0,0,0,0,0
LPBBW,0,0,0,0,0,0,0,0,0,0,0,0,0,0,0,0,0,0
LPCN,0,0,0,0,0,0,0,0,0,0,0,0,0,0,0,0,0,0
LPG,0,0,0,0,0,0,0,0,0,0,0,0,0,0,0,0,0,0
LPL,0,0,0,0,0,0,0,0,0,0,0,0,0,0,0,0,0,0
LPLA,0,0,0,0,0,0,0,0,0,0,0,0,0,0,0,0,0,0
LPRO,0,0,0,0,0,0,0,0,0,0,0,0,0,0,0,0,0,0
LPSN,0,0,0,0,0,0,0,0,0,0,0,0,0,0,0,0,0,0
LPTH,0,0,0,0,0,0,0,0,0,0,0,0,0,0,0,0,0,0
LPTX,0,0,0,0,0,0,0,0,0,0,0,0,0,0,0,0,0,0
LPX,0,0,0,0,0,0,0,0,0,0,0,0,0,0,0,0,0,0
LQDA,0,0,0,0,0,0,0,0,0,0,0,0,0,0,0,0,0,0
LQDT,0,0,0,0,0,0,0,0,0,0,0,0,0,0,0,0,0,0
LRCX,0,0,0,0,0,0,0,0,0,0,0,0,0,0,0,0,0,0
LRE,0,0,0,0,0,0,0,0,0,0,0,0,0,0,0,0,0,0
LRHC,0,0,0,0,0,0,0,0,0,0,0,0,0,0,0,0,0,0
LRMR,0,0,0,0,0,0,0,0,0,0,0,0,0,0,0,0,0,0
LRN,0,0,0,0,0,0,0,0,0,0,0,0,0,0,0,0,0,0
LSAK,0,0,0,0,0,0,0,0,0,0,0,0,0,0,0,0,0,0
LSB,0,0,0,0,0,0,0,0,0,0,0,0,0,0,0,0,0,0
LSBK,0,0,0,0,0,0,0,0,0,0,0,0,0,0,0,0,0,0
LSCC,0,0,0,0,0,0,0,0,0,0,0,0,0,0,0,0,0,0
LSE,0,0,0,0,0,0,0,0,0,0,0,0,0,0,0,0,0,0
LSF,0,0,0,0,0,0,0,0,0,0,0,0,0,0,0,0,0,0
LSH,0,0,0,0,0,0,0,0,0,0,0,0,0,0,0,0,0,0
LSPD,0,0,0,0,0,0,0,0,0,0,0,0,0,0,0,0,0,0
LSTA,0,0,0,0,0,0,0,0,0,0,0,0,0,0,0,0,0,0
LSTR,0,0,0,0,0,0,0,0,0,0,0,0,0,0,0,0,0,0
LTBR,0,0,0,0,0,0,0,0,0,0,0,0,0,0,0,0,0,0
LTC,0,0,0,0,0,0,0,0,0,1,5,3,1,5,3,0,0,0
LTH,0,0,0,0,0,0,0,0,0,0,0,0,0,0,0,0,0,0
LTM,0,0,0,0,0,0,0,0,0,0,0,0,0,0,0,0,0,0
LTRN,0,0,0,0,0,0,0,0,0,0,0,0,0,0,0,0,0,0
LTRX,0,0,0,0,0,0,0,0,0,0,0,0,0,0,0,0,0,0
LTRYW,0,0,0,0,0,0,0,0,0,0,0,0,0,0,0,0,0,0
LUCD,0,0,0,0,0,0,0,0,0,0,0,0,0,0,0,0,0,0
LUCYW,0,0,0,0,0,0,0,0,0,0,0,0,0,0,0,0,0,0
LUD,0,0,0,0,0,0,0,0,0,0,0,0,0,0,0,0,0,0
LUMN,0,0,0,0,0,0,0,0,0,0,0,0,0,0,0,0,0,0
LUNR,0,0,0,0,0,0,0,0,0,0,0,0,0,0,0,1,76,54
LUV,0,0,0,0,0,0,0,0,0,0,0,0,0,0,0,0,0,0
LVLU,0,0,0,0,0,0,0,0,0,0,0,0,0,0,0,0,0,0
LVO,0,0,0,0,0,0,0,0,0,0,0,0,0,0,0,0,0,0
LVRO,0,0,0,0,0,0,0,0,0,0,0,0,0,0,0,0,0,0
LVROW,0,0,0,0,0,0,0,0,0,0,0,0,0,0,0,0,0,0
LVS,0,0,0,0,0,0,0,0,0,0,0,0,0,0,0,0,0,0
LVTX,0,0,0,0,0,0,0,0,0,0,0,0,0,0,0,0,0,0
LVWR,0,0,0,0,0,0,0,0,0,0,0,0,0,0,0,0,0,0
LW,0,0,0,0,0,0,0,0,0,0,0,0,0,0,0,0,0,0
LWACU,0,0,0,0,0,0,0,0,0,0,0,0,0,0,0,0,0,0
LWAY,0,0,0,0,0,0,0,0,0,0,0,0,0,0,0,0,0,0
LWLG,0,0,0,0,0,0,0,0,0,0,0,0,0,0,0,0,0,0
LX,0,0,0,0,0,0,0,0,0,0,0,0,0,0,0,0,0,0
LXEH,0,0,0,0,0,0,0,0,0,0,0,0,0,0,0,0,0,0
LXEO,0,0,0,0,0,0,0,0,0,0,0,0,0,0,0,0,0,0
LXFR,0,0,0,0,0,0,0,0,0,0,0,0,0,0,0,0,0,0
LXP,0,0,0,0,0,0,0,0,0,0,0,0,0,0,0,0,0,0
LXRX,0,0,0,0,0,0,0,0,0,0,0,0,0,0,0,0,0,0
LXU,0,0,0,0,0,0,0,0,0,0,0,0,0,0,0,0,0,0
LYB,0,0,0,0,0,0,0,0,0,0,0,0,0,0,0,0,0,0
LYEL,0,0,0,0,0,0,0,0,0,0,0,0,0,0,0,0,0,0
LYFT,0,0,0,0,0,0,0,0,0,1,7,16,1,6,23,0,0,0
LYG,0,0,0,0,0,0,0,0,0,0,0,0,0,0,0,0,0,0
LYTS,0,0,0,0,0,0,0,0,0,0,0,0,0,0,0,0,0,0
LYV,0,0,0,0,0,0,0,0,0,0,0,0,0,0,0,0,0,0
LZ,0,0,0,0,0,0,0,0,0,0,0,0,0,0,0,0,0,0
LZB,0,0,0,0,0,0,0,0,0,0,0,0,0,0,0,0,0,0
LZM,0,0,0,0,0,0,0,0,0,0,0,0,0,0,0,0,0,0
LZMH,0,0,0,0,0,0,0,0,0,0,0,0,0,0,0,0,0,0
MAA,0,0,0,0,0,0,0,0,0,0,0,0,0,0,0,0,0,0
MAAS,0,0,0,0,0,0,0,0,0,0,0,0,0,0,0,0,0,0
MACI,0,0,0,0,0,0,0,0,0,0,0,0,0,0,0,0,0,0
MACIW,0,0,0,0,0,0,0,0,0,0,0,0,0,0,0,0,0,0
MAGN,0,0,0,0,0,0,0,0,0,0,0,0,0,0,0,0,0,0
MAMA,0,0,0,0,0,0,0,0,0,0,0,0,0,0,0,0,0,0
MAMK,0,0,0,0,0,0,0,0,0,0,0,0,0,0,0,0,0,0
MANH,0,0,0,0,0,0,0,0,0,0,0,0,0,0,0,0,0,0
MANU,0,0,0,0,0,0,0,0,0,0,0,0,0,0,0,0,0,0
MAPS,0,0,0,1,6,1,2,82,67,0,0,0,0,0,0,0,0,0
MAPSW,0,0,0,0,0,0,0,0,0,0,0,0,0,0,0,0,0,0
MARPS,0,0,0,0,0,0,0,0,0,0,0,0,0,0,0,0,0,0
MASI,0,0,0,0,0,0,0,0,0,0,0,0,0,0,0,0,0,0
MATV,0,0,0,0,0,0,0,0,0,0,0,0,0,0,0,0,0,0
MATW,0,0,0,0,0,0,0,0,0,0,0,0,0,0,0,0,0,0
MATX,0,0,0,0,0,0,0,0,0,0,0,0,0,0,0,0,0,0
MAV,0,0,0,0,0,0,0,0,0,0,0,0,0,0,0,0,0,0
MAXN,0,0,0,0,0,0,0,0,0,0,0,0,0,0,0,0,0,0
MAYAR,0,0,0,0,0,0,0,0,0,0,0,0,0,0,0,0,0,0
MAYAU,0,0,0,0,0,0,0,0,0,0,0,0,0,0,0,0,0,0
MAYS,0,0,0,0,0,0,0,0,0,0,0,0,0,0,0,0,0,0
MB,0,0,0,0,0,0,0,0,0,0,0,0,0,0,0,0,0,0
MBAV,0,0,0,0,0,0,0,0,0,0,0,0,0,0,0,0,0,0
MBAVU,0,0,0,0,0,0,0,0,0,0,0,0,0,0,0,0,0,0
MBAVW,0,0,0,0,0,0,0,0,0,0,0,0,0,0,0,0,0,0
MBBC,0,0,0,0,0,0,0,0,0,0,0,0,0,0,0,0,0,0
MBC,0,0,0,0,0,0,0,0,0,0,0,0,0,0,0,0,0,0
MBCN,0,0,0,0,0,0,0,0,0,0,0,0,0,0,0,0,0,0
MBI,0,0,0,0,0,0,0,0,0,0,0,0,0,0,0,0,0,0
MBIN,0,0,0,0,0,0,0,0,0,0,0,0,0,0,0,0,0,0
MBINL,0,0,0,0,0,0,0,0,0,0,0,0,0,0,0,0,0,0
MBINM,0,0,0,0,0,0,0,0,0,0,0,0,0,0,0,0,0,0
MBINN,0,0,0,0,0,0,0,0,0,0,0,0,0,0,0,0,0,0
MBIO,0,0,0,0,0,0,0,0,0,0,0,0,0,0,0,0,0,0
MBLY,0,0,0,0,0,0,0,0,0,0,0,0,0,0,0,0,0,0
MBNKO,0,0,0,0,0,0,0,0,0,0,0,0,0,0,0,0,0,0
MBOT,1,42,35,0,0,0,0,0,0,0,0,0,0,0,0,0,0,0
MBRX,1,3,2,1,3,2,0,0,0,0,0,0,0,0,0,0,0,0
MBUU,0,0,0,0,0,0,0,0,0,0,0,0,0,0,0,0,0,0
MBWM,0,0,0,0,0,0,0,0,0,0,0,0,0,0,0,0,0,0
MBX,0,0,0,0,0,0,0,0,0,0,0,0,0,0,0,0,0,0
MC,0,0,0,0,0,0,0,0,0,0,0,0,0,0,0,0,0,0
MCB,0,0,0,0,0,0,0,0,0,0,0,0,0,0,0,0,0,0
MCBS,0,0,0,0,0,0,0,0,0,0,0,0,0,0,0,0,0,0
MCD,0,0,0,0,0,0,0,0,0,0,0,0,0,0,0,0,0,0
MCFT,0,0,0,0,0,0,0,0,0,0,0,0,0,0,0,0,0,0
MCHP,0,0,0,0,0,0,0,0,0,0,0,0,0,0,0,0,0,0
MCHPP,0,0,0,0,0,0,0,0,0,0,0,0,0,0,0,0,0,0
MCHX,0,0,0,0,0,0,0,0,0,0,0,0,0,0,0,0,0,0
MCI,0,0,0,0,0,0,0,0,0,0,0,0,0,0,0,0,0,0
MCK,0,0,0,0,0,0,0,0,0,0,0,0,0,0,0,0,0,0
MCN,0,0,0,0,0,0,0,0,0,0,0,0,0,0,0,0,0,0
MCO,0,0,0,0,0,0,0,0,0,0,0,0,0,0,0,0,0,0
MCR,0,0,0,0,0,0,0,0,0,0,0,0,0,0,0,0,0,0
MCRB,0,0,0,0,0,0,0,0,0,0,0,0,0,0,0,0,0,0
MCRI,0,0,0,0,0,0,0,0,0,0,0,0,0,0,0,0,0,0
MCRP,0,0,0,0,0,0,0,0,0,0,0,0,0,0,0,0,0,0
MCS,0,0,0,0,0,0,0,0,0,0,0,0,0,0,0,0,0,0
MCTR,0,0,0,0,0,0,0,0,0,0,0,0,0,0,0,0,0,0
MCVT,0,0,0,0,0,0,0,0,0,0,0,0,0,0,0,0,0,0
MCW,0,0,0,0,0,0,0,0,0,0,0,0,0,0,0,0,0,0
MCY,0,0,0,0,0,0,0,0,0,0,0,0,0,0,0,0,0,0
MD,0,0,0,0,0,0,1,26,25,1,47,107,1,53,121,0,0,0
MDAI,0,0,0,0,0,0,0,0,0,0,0,0,0,0,0,1,13,13
MDAIW,0,0,0,0,0,0,0,0,0,0,0,0,0,0,0,0,0,0
MDB,0,0,0,0,0,0,0,0,0,0,0,0,0,0,0,0,0,0
MDBH,0,0,0,0,0,0,0,0,0,0,0,0,0,0,0,0,0,0
MDCX,0,0,0,0,0,0,0,0,0,0,0,0,0,0,0,0,0,0
MDCXW,0,0,0,0,0,0,0,0,0,0,0,0,0,0,0,0,0,0
MDGL,0,0,0,0,0,0,0,0,0,0,0,0,0,0,0,0,0,0
MDIA,0,0,0,0,0,0,0,0,0,0,0,0,0,0,0,0,0,0
MDLZ,0,0,0,0,0,0,0,0,0,0,0,0,0,0,0,0,0,0
MDRR,0,0,0,0,0,0,0,0,0,0,0,0,0,0,0,0,0,0
MDT,0,0,0,0,0,0,0,0,0,0,0,0,0,0,0,0,0,0
MDU,0,0,0,0,0,0,0,0,0,0,0,0,0,0,0,0,0,0
MDV,0,0,0,0,0,0,0,0,0,0,0,0,0,0,0,0,0,0
MDWD,0,0,0,0,0,0,0,0,0,0,0,0,0,0,0,0,0,0
MDXG,0,0,0,0,0,0,0,0,0,0,0,0,0,0,0,0,0,0
MDXH,0,0,0,0,0,0,0,0,0,0,0,0,0,0,0,0,0,0
MEC,0,0,0,0,0,0,0,0,0,0,0,0,0,0,0,0,0,0
MED,0,0,0,0,0,0,0,0,0,0,0,0,0,0,0,0,0,0
MEDP,0,0,0,0,0,0,0,0,0,0,0,0,0,0,0,0,0,0
MEGI,0,0,0,0,0,0,0,0,0,0,0,0,0,0,0,0,0,0
MEGL,0,0,0,0,0,0,0,0,0,0,0,0,0,0,0,0,0,0
MEI,0,0,0,0,0,0,0,0,0,0,0,0,0,0,0,0,0,0
MEIP,0,0,0,0,0,0,0,0,0,0,0,0,0,0,0,0,0,0
MELI,0,0,0,0,0,0,0,0,0,0,0,0,0,0,0,0,0,0
MENS,0,0,0,0,0,0,0,0,0,0,0,0,0,0,0,0,0,0
MEOH,0,0,0,0,0,0,0,0,0,0,0,0,0,0,0,0,0,0
MERC,0,0,0,0,0,0,0,0,0,0,0,0,0,0,0,0,0,0
METC,0,0,0,0,0,0,0,0,0,0,0,0,0,0,0,0,0,0
METCB,0,0,0,0,0,0,0,0,0,0,0,0,0,0,0,0,0,0
METCL,0,0,0,0,0,0,0,0,0,0,0,0,0,0,0,0,0,0
METCZ,0,0,0,0,0,0,0,0,0,0,0,0,0,0,0,0,0,0
MFA,0,0,0,0,0,0,0,0,0,0,0,0,0,0,0,0,0,0
MFAN,0,0,0,0,0,0,0,0,0,0,0,0,0,0,0,0,0,0
MFAO,0,0,0,0,0,0,0,0,0,0,0,0,0,0,0,0,0,0
MFC,0,0,0,0,0,0,0,0,0,0,0,0,0,0,0,0,0,0
MFG,0,0,0,0,0,0,0,0,0,1,1,5,1,3,5,0,0,0
MFH,0,0,0,0,0,0,0,0,0,0,0,0,0,0,0,0,0,0
MFI,0,0,0,0,0,0,0,0,0,0,0,0,0,0,0,0,0,0
MFIC,0,0,0,0,0,0,0,0,0,0,0,0,0,0,0,0,0,0
MFICL,0,0,0,0,0,0,0,0,0,0,0,0,0,0,0,0,0,0
MFIN,0,0,0,0,0,0,0,0,0,0,0,0,0,0,0,0,0,0
MFM,0,0,0,0,0,0,0,0,0,0,0,0,0,0,0,0,0,0
MG,0,0,0,0,0,0,0,0,0,0,0,0,0,0,0,0,0,0
MGA,0,0,0,0,0,0,0,0,0,0,0,0,0,0,0,0,0,0
MGEE,0,0,0,0,0,0,0,0,0,0,0,0,0,0,0,0,0,0
MGF,0,0,0,0,0,0,0,0,0,0,0,0,0,0,0,0,0,0
MGIC,0,0,0,0,0,0,0,0,0,0,0,0,0,0,0,0,0,0
MGIH,0,0,0,0,0,0,0,0,0,0,0,0,0,0,0,0,0,0
MGLD,0,0,0,0,0,0,0,0,0,0,0,0,0,0,0,0,0,0
MGM,0,0,0,0,0,0,0,0,0,0,0,0,0,0,0,0,0,0
MGNI,0,0,0,0,0,0,0,0,0,0,0,0,0,0,0,0,0,0
MGNX,0,0,0,0,0,0,0,0,0,0,0,0,0,0,0,0,0,0
MGPI,0,0,0,0,0,0,0,0,0,0,0,0,0,0,0,0,0,0
MGR,0,0,0,0,0,0,0,0,0,0,0,0,0,0,0,0,0,0
MGRB,0,0,0,0,0,0,0,0,0,0,0,0,0,0,0,0,0,0
MGRC,0,0,0,0,0,0,0,0,0,0,0,0,0,0,0,0,0,0
MGRD,0,0,0,0,0,0,0,0,0,0,0,0,0,0,0,0,0,0
MGRE,0,0,0,0,0,0,0,0,0,0,0,0,0,0,0,0,0,0
MGRM,0,0,0,0,0,0,0,0,0,0,0,0,0,0,0,0,0,0
MGRT,0,0,0,0,0,0,0,0,0,0,0,0,0,0,0,0,0,0
MGRX,0,0,0,0,0,0,0,0,0,0,0,0,0,0,0,0,0,0
MGTX,0,0,0,0,0,0,0,0,0,0,0,0,0,0,0,0,0,0
MGX,0,0,0,0,0,0,0,0,0,0,0,0,0,0,0,0,0,0
MGY,0,0,0,0,0,0,0,0,0,0,0,0,0,0,0,0,0,0
MGYR,0,0,0,0,0,0,0,0,0,0,0,0,0,0,0,0,0,0
MHD,0,0,0,0,0,0,0,0,0,0,0,0,0,0,0,0,0,0
MHF,0,0,0,0,0,0,0,0,0,0,0,0,0,0,0,0,0,0
MHH,0,0,0,0,0,0,0,0,0,0,0,0,0,0,0,0,0,0
MHI,0,0,0,0,0,0,0,0,0,0,0,0,0,0,0,0,0,0
MHK,0,0,0,0,0,0,0,0,0,0,0,0,0,0,0,0,0,0
MHLA,0,0,0,0,0,0,0,0,0,0,0,0,0,0,0,0,0,0
MHN,0,0,0,0,0,0,0,0,0,0,0,0,0,0,0,0,0,0
MHNC,0,0,0,0,0,0,0,0,0,0,0,0,0,0,0,0,0,0
MHUA,0,0,0,0,0,0,1,0,1,1,0,2,1,0,2,0,0,0
MIDD,0,0,0,0,0,0,0,0,0,0,0,0,0,0,0,0,0,0
MIGI,0,0,0,0,0,0,0,0,0,0,0,0,0,0,0,0,0,0
MIO,0,0,0,0,0,0,0,0,0,0,0,0,0,0,0,0,0,0
MIRM,0,0,0,0,0,0,0,0,0,0,0,0,0,0,0,0,0,0
MITK,0,0,0,0,0,0,0,0,0,0,0,0,0,0,0,0,0,0
MITN,0,0,0,0,0,0,0,0,0,0,0,0,0,0,0,0,0,0
MITP,0,0,0,0,0,0,0,0,0,0,0,0,0,0,0,0,0,0
MITQ,0,0,0,0,0,0,0,0,0,0,0,0,0,0,0,0,0,0
MIY,0,0,0,0,0,0,0,0,0,0,0,0,0,0,0,0,0,0
MJID,0,0,0,0,0,0,0,0,0,0,0,0,0,0,0,0,0,0
MKC,0,0,0,0,0,0,0,0,0,0,0,0,0,0,0,0,0,0
MKDW,0,0,0,0,0,0,0,0,0,0,0,0,0,0,0,0,0,0
MKDWW,0,0,0,0,0,0,0,0,0,0,0,0,0,0,0,0,0,0
MKL,0,0,0,0,0,0,0,0,0,0,0,0,0,0,0,0,0,0
MKSI,0,0,0,0,0,0,0,0,0,0,0,0,0,0,0,0,0,0
MKTW,0,0,0,0,0,0,0,0,0,0,0,0,0,0,0,0,0,0
MKTX,0,0,0,0,0,0,0,0,0,0,0,0,0,0,0,0,0,0
MKZR,0,0,0,0,0,0,0,0,0,0,0,0,0,0,0,0,0,0
MLAB,0,0,0,0,0,0,0,0,0,0,0,0,0,0,0,0,0,0
MLAC,0,0,0,0,0,0,0,0,0,0,0,0,0,0,0,0,0,0
MLACR,0,0,0,0,0,0,0,0,0,0,0,0,0,0,0,0,0,0
MLACU,0,0,0,0,0,0,0,0,0,0,0,0,0,0,0,0,0,0
MLCO,0,0,0,0,0,0,0,0,0,0,0,0,0,0,0,0,0,0
MLEC,0,0,0,0,0,0,0,0,0,0,0,0,0,0,0,0,0,0
MLECW,0,0,0,0,0,0,0,0,0,0,0,0,0,0,0,0,0,0
MLGO,0,0,0,0,0,0,0,0,0,0,0,0,0,0,0,0,0,0
MLI,0,0,0,0,0,0,0,0,0,0,0,0,0,0,0,0,0,0
MLKN,0,0,0,0,0,0,0,0,0,0,0,0,0,0,0,0,0,0
MLM,0,0,0,0,0,0,0,0,0,0,0,0,0,0,0,0,0,0
MLNK,0,0,0,0,0,0,0,0,0,0,0,0,0,0,0,0,0,0
MLP,0,0,0,0,0,0,0,0,0,0,0,0,0,0,0,0,0,0
MLR,0,0,0,0,0,0,0,0,0,0,0,0,0,0,0,0,0,0
MLSS,0,0,0,0,0,0,0,0,0,0,0,0,0,0,0,0,0,0
MLTX,0,0,0,0,0,0,0,0,0,0,0,0,0,0,0,0,0,0
MLYS,0,0,0,0,0,0,0,0,0,0,0,0,0,0,0,0,0,0
MMA,0,0,0,0,0,0,0,0,0,0,0,0,0,0,0,0,0,0
MMC,0,0,0,0,0,0,0,0,0,0,0,0,0,0,0,0,0,0
MMD,0,0,0,0,0,0,0,0,0,0,0,0,0,0,0,0,0,0
MMI,0,0,0,0,0,0,0,0,0,0,0,0,0,0,0,0,0,0
MMLP,0,0,0,0,0,0,0,0,0,0,0,0,0,0,0,0,0,0
MMM,0,0,0,0,0,0,0,0,0,0,0,0,0,0,0,0,0,0
MMS,0,0,0,0,0,0,0,0,0,0,0,0,0,0,0,0,0,0
MMSI,0,0,0,0,0,0,0,0,0,0,0,0,0,0,0,0,0,0
MMT,0,0,0,0,0,0,0,0,0,0,0,0,0,0,0,0,0,0
MMU,0,0,0,0,0,0,0,0,0,0,0,0,0,0,0,0,0,0
MMYT,0,0,0,0,0,0,0,0,0,0,0,0,0,0,0,0,0,0
MNDO,0,0,0,0,0,0,0,0,0,0,0,0,0,0,0,0,0,0
MNDR,0,0,0,0,0,0,0,0,0,0,0,0,0,0,0,0,0,0
MNDY,0,0,0,0,0,0,0,0,0,0,0,0,0,0,0,0,0,0
MNKD,0,0,0,0,0,0,0,0,0,0,0,0,0,0,0,0,0,0
MNMD,0,0,0,0,0,0,0,0,0,0,0,0,0,0,0,0,0,0
MNOV,0,0,0,0,0,0,0,0,0,0,0,0,0,0,0,0,0,0
MNPR,0,0,0,0,0,0,0,0,0,0,0,0,0,0,0,0,0,0
MNR,0,0,0,0,0,0,0,0,0,0,0,0,0,0,0,0,0,0
MNRO,0,0,0,0,0,0,0,0,0,0,0,0,0,0,0,0,0,0
MNSB,0,0,0,0,0,0,0,0,0,0,0,0,0,0,0,0,0,0
MNSBP,0,0,0,0,0,0,0,0,0,0,0,0,0,0,0,0,0,0
MNSO,0,0,0,0,0,0,0,0,0,0,0,0,0,0,0,0,0,0
MNST,0,0,0,0,0,0,0,0,0,0,0,0,0,0,0,0,0,0
MNTK,0,0,0,0,0,0,0,0,0,0,0,0,0,0,0,0,0,0
MNTN,0,0,0,0,0,0,0,0,0,0,0,0,0,0,0,0,0,0
MNTS,0,0,0,0,0,0,0,0,0,0,0,0,0,0,0,0,0,0
MNTSW,0,0,0,0,0,0,0,0,0,0,0,0,0,0,0,0,0,0
MNY,0,0,0,0,0,0,0,0,0,0,0,0,0,0,0,0,0,0
MNYWW,0,0,0,0,0,0,0,0,0,0,0,0,0,0,0,0,0,0
MOBBW,0,0,0,0,0,0,0,0,0,0,0,0,0,0,0,0,0,0
MOBX,0,0,0,0,0,0,0,0,0,0,0,0,0,0,0,0,0,0
MOBXW,0,0,0,0,0,0,0,0,0,0,0,0,0,0,0,0,0,0
MODD,0,0,0,0,0,0,0,0,0,0,0,0,0,0,0,0,0,0
MODG,0,0,0,0,0,0,0,0,0,0,0,0,0,0,0,0,0,0
MODV,0,0,0,0,0,0,0,0,0,0,0,0,0,0,0,0,0,0
MOFG,0,0,0,0,0,0,0,0,0,0,0,0,0,0,0,0,0,0
MOGU,0,0,0,0,0,0,0,0,0,0,0,0,0,0,0,0,0,0
MOH,0,0,0,0,0,0,0,0,0,0,0,0,0,0,0,0,0,0
MOLN,0,0,0,0,0,0,0,0,0,0,0,0,0,0,0,0,0,0
MOS,0,0,0,0,0,0,0,0,0,0,0,0,0,0,0,0,0,0
MOV,0,0,0,0,0,0,0,0,0,0,0,0,0,0,0,0,0,0
MP,0,0,0,0,0,0,0,0,0,1,45,16,1,84,22,0,0,0
MPA,0,0,0,0,0,0,0,0,0,0,0,0,0,0,0,0,0,0
MPAA,0,0,0,0,0,0,0,0,0,0,0,0,0,0,0,0,0,0
MPB,0,0,0,0,0,0,0,0,0,0,0,0,0,0,0,0,0,0
MPC,0,0,0,0,0,0,0,0,0,0,0,0,0,0,0,0,0,0
MPLX,0,0,0,0,0,0,0,0,0,0,0,0,0,0,0,0,0,0
MPTI,0,0,0,0,0,0,0,0,0,0,0,0,0,0,0,0,0,0
MPU,0,0,0,0,0,0,0,0,0,0,0,0,0,0,0,0,0,0
MPV,0,0,0,0,0,0,0,0,0,0,0,0,0,0,0,0,0,0
MPW,0,0,0,0,0,0,1,22,18,1,26,18,1,27,18,0,0,0
MPWR,0,0,0,0,0,0,0,0,0,0,0,0,0,0,0,0,0,0
MPX,0,0,0,0,0,0,0,0,0,0,0,0,0,0,0,0,0,0
MQ,0,0,0,0,0,0,0,0,0,0,0,0,0,0,0,0,0,0
MQT,0,0,0,0,0,0,0,0,0,0,0,0,0,0,0,0,0,0
MQY,0,0,0,0,0,0,0,0,0,0,0,0,0,0,0,0,0,0
MRAM,0,0,0,0,0,0,0,0,0,0,0,0,0,0,0,0,0,0
MRBK,0,0,0,0,0,0,0,0,0,0,0,0,0,0,0,0,0,0
MRC,0,0,0,0,0,0,0,0,0,0,0,0,0,0,0,0,0,0
MRCC,0,0,0,0,0,0,0,0,0,0,0,0,0,0,0,0,0,0
MRCY,0,0,0,0,0,0,0,0,0,0,0,0,0,0,0,0,0,0
MREO,0,0,0,0,0,0,0,0,0,0,0,0,0,0,0,0,0,0
MRK,0,0,0,0,0,0,0,0,0,0,0,0,0,0,0,0,0,0
MRKR,0,0,0,0,0,0,0,0,0,0,0,0,0,0,0,0,0,0
MRM,0,0,0,0,0,0,0,0,0,0,0,0,0,0,0,0,0,0
MRNA,0,0,0,0,0,0,0,0,0,0,0,0,0,0,0,0,0,0
MRNO,0,0,0,0,0,0,0,0,0,0,0,0,0,0,0,0,0,0
MRNOW,0,0,0,0,0,0,0,0,0,0,0,0,0,0,0,0,0,0
MRP,0,0,0,0,0,0,0,0,0,0,0,0,0,0,0,0,0,0
MRSN,0,0,0,0,0,0,0,0,0,0,0,0,0,0,0,0,0,0
MRT,0,0,0,0,0,0,0,0,0,0,0,0,0,0,0,0,0,0
MRTN,0,0,0,0,0,0,0,0,0,0,0,0,0,0,0,0,0,0
MRUS,0,0,0,0,0,0,0,0,0,0,0,0,0,0,0,0,0,0
MRVI,0,0,0,0,0,0,0,0,0,0,0,0,0,0,0,0,0,0
MRVL,0,0,0,0,0,0,0,0,0,0,0,0,0,0,0,0,0,0
MRX,0,0,0,0,0,0,0,0,0,0,0,0,0,0,0,0,0,0
MS,0,0,0,1,11,4,1,10,4,0,0,0,0,0,0,1,1,1
MSA,0,0,0,0,0,0,0,0,0,0,0,0,0,0,0,0,0,0
MSAI,0,0,0,0,0,0,0,0,0,0,0,0,0,0,0,0,0,0
MSAIW,0,0,0,0,0,0,0,0,0,0,0,0,0,0,0,0,0,0
MSB,0,0,0,0,0,0,0,0,0,0,0,0,0,0,0,0,0,0
MSBI,0,0,0,0,0,0,0,0,0,0,0,0,0,0,0,0,0,0
MSBIP,0,0,0,0,0,0,0,0,0,0,0,0,0,0,0,0,0,0
MSC,0,0,0,0,0,0,0,0,0,0,0,0,0,0,0,0,0,0
MSCI,0,0,0,0,0,0,0,0,0,0,0,0,0,0,0,0,0,0
MSD,0,0,0,0,0,0,0,0,0,0,0,0,0,0,0,0,0,0
MSDL,0,0,0,0,0,0,0,0,0,0,0,0,0,0,0,0,0,0
MSEX,0,0,0,0,0,0,0,0,0,0,0,0,0,0,0,0,0,0
MSFT,1,1,4,2,727,236,5,121,35,2,10,17,3,9,34,1,466,151
MSGE,0,0,0,0,0,0,0,0,0,0,0,0,0,0,0,0,0,0
MSGM,0,0,0,0,0,0,0,0,0,0,0,0,0,0,0,0,0,0
MSGS,0,0,0,0,0,0,0,0,0,0,0,0,0,0,0,0,0,0
MSGY,0,0,0,0,0,0,0,0,0,0,0,0,0,0,0,0,0,0
MSI,0,0,0,0,0,0,0,0,0,0,0,0,0,0,0,0,0,0
MSIF,0,0,0,0,0,0,0,0,0,0,0,0,0,0,0,0,0,0
MSM,0,0,0,0,0,0,0,0,0,0,0,0,0,0,0,0,0,0
MSN,0,0,0,0,0,0,0,0,0,0,0,0,0,0,0,0,0,0
MSPR,0,0,0,0,0,0,0,0,0,0,0,0,0,0,0,0,0,0
MSPRW,0,0,0,0,0,0,0,0,0,0,0,0,0,0,0,0,0,0
MSPRZ,0,0,0,0,0,0,0,0,0,0,0,0,0,0,0,0,0,0
MSS,0,0,0,0,0,0,0,0,0,0,0,0,0,0,0,0,0,0
MSTR,1,40,18,1,38,21,1,44,25,1,1451,133,2,1872,222,0,0,0
MSW,0,0,0,0,0,0,0,0,0,0,0,0,0,0,0,0,0,0
MT,0,0,0,0,0,0,0,0,0,0,0,0,0,0,0,0,0,0
MTA,0,0,0,0,0,0,0,0,0,0,0,0,0,0,0,0,0,0
MTAL,0,0,0,0,0,0,0,0,0,0,0,0,0,0,0,0,0,0
MTB,0,0,0,0,0,0,0,0,0,0,0,0,0,0,0,0,0,0
MTC,0,0,0,0,0,0,0,0,0,0,0,0,0,0,0,0,0,0
MTCH,0,0,0,0,0,0,0,0,0,0,0,0,0,0,0,0,0,0
MTD,0,0,0,0,0,0,0,0,0,0,0,0,0,0,0,0,0,0
MTDR,0,0,0,0,0,0,0,0,0,0,0,0,0,0,0,0,0,0
MTEK,0,0,0,0,0,0,0,0,0,0,0,0,0,0,0,0,0,0
MTEKW,0,0,0,0,0,0,0,0,0,0,0,0,0,0,0,0,0,0
MTEN,0,0,0,0,0,0,0,0,0,0,0,0,0,0,0,0,0,0
MTEX,0,0,0,0,0,0,0,0,0,0,0,0,0,0,0,0,0,0
MTG,0,0,0,0,0,0,0,0,0,0,0,0,0,0,0,0,0,0
MTH,0,0,0,0,0,0,0,0,0,0,0,0,0,0,0,0,0,0
MTLS,0,0,0,0,0,0,0,0,0,0,0,0,0,0,0,0,0,0
MTN,0,0,0,0,0,0,0,0,0,0,0,0,0,0,0,0,0,0
MTNB,0,0,0,0,0,0,0,0,0,0,0,0,0,0,0,0,0,0
MTR,0,0,0,0,0,0,0,0,0,0,0,0,0,0,0,0,0,0
MTRN,0,0,0,0,0,0,0,0,0,0,0,0,0,0,0,0,0,0
MTRX,0,0,0,0,0,0,0,0,0,0,0,0,0,0,0,0,0,0
MTSI,0,0,0,0,0,0,0,0,0,0,0,0,0,0,0,0,0,0
MTSR,0,0,0,0,0,0,0,0,0,0,0,0,0,0,0,0,0,0
MTUS,0,0,0,0,0,0,0,0,0,0,0,0,0,0,0,0,0,0
MTVA,0,0,0,0,0,0,0,0,0,0,0,0,0,0,0,0,0,0
MTW,0,0,0,0,0,0,0,0,0,0,0,0,0,0,0,0,0,0
MTX,0,0,0,0,0,0,0,0,0,0,0,0,0,0,0,0,0,0
MTZ,0,0,0,0,0,0,0,0,0,0,0,0,0,0,0,0,0,0
MUA,0,0,0,0,0,0,0,0,0,0,0,0,0,0,0,0,0,0
MUC,0,0,0,0,0,0,0,0,0,0,0,0,0,0,0,0,0,0
MUE,0,0,0,0,0,0,0,0,0,0,0,0,0,0,0,0,0,0
MUFG,0,0,0,0,0,0,0,0,0,1,1,5,1,3,5,0,0,0
MUJ,0,0,0,0,0,0,0,0,0,0,0,0,0,0,0,0,0,0
MULN,0,0,0,0,0,0,0,0,0,0,0,0,0,0,0,0,0,0
MUR,0,0,0,0,0,0,0,0,0,0,0,0,0,0,0,0,0,0
MVBF,0,0,0,0,0,0,0,0,0,0,0,0,0,0,0,0,0,0
MVF,0,0,0,0,0,0,0,0,0,0,0,0,0,0,0,0,0,0
MVIS,1,11,5,1,12,5,0,0,0,0,0,0,0,0,0,0,0,0
MVO,0,0,0,0,0,0,0,0,0,0,0,0,0,0,0,0,0,0
MVST,1,24,10,1,41,30,0,0,0,0,0,0,0,0,0,0,0,0
MVSTW,0,0,0,0,0,0,0,0,0,0,0,0,0,0,0,0,0,0
MVT,0,0,0,0,0,0,0,0,0,0,0,0,0,0,0,0,0,0
MWG,0,0,0,0,0,0,0,0,0,0,0,0,0,0,0,0,0,0
MWYN,0,0,0,0,0,0,0,0,0,0,0,0,0,0,0,0,0,0
MX,0,0,0,0,0,0,0,0,0,0,0,0,0,0,0,0,0,0
MXC,0,0,0,0,0,0,0,0,0,0,0,0,0,0,0,0,0,0
MXCT,0,0,0,0,0,0,0,0,0,0,0,0,0,0,0,0,0,0
MXE,0,0,0,0,0,0,0,0,0,0,0,0,0,0,0,0,0,0
MXF,0,0,0,0,0,0,0,0,0,0,0,0,0,0,0,0,0,0
MXL,0,0,0,0,0,0,0,0,0,0,0,0,0,0,0,0,0,0
MYD,0,0,0,0,0,0,0,0,0,0,0,0,0,0,0,0,0,0
MYE,0,0,0,0,0,0,0,0,0,0,0,0,0,0,0,0,0,0
MYFW,0,0,0,0,0,0,0,0,0,0,0,0,0,0,0,0,0,0
MYGN,0,0,0,0,0,0,0,0,0,0,0,0,0,0,0,0,0,0
MYI,0,0,0,0,0,0,0,0,0,0,0,0,0,0,0,0,0,0
MYN,0,0,0,0,0,0,0,0,0,0,0,0,0,0,0,0,0,0
MYND,0,0,0,0,0,0,0,0,0,0,0,0,0,0,0,0,0,0
MYNZ,0,0,0,0,0,0,0,0,0,0,0,0,0,0,0,0,0,0
MYO,0,0,0,0,0,0,0,0,0,0,0,0,0,0,0,0,0,0
MYPS,0,0,0,0,0,0,0,0,0,0,0,0,0,0,0,0,0,0
MYPSW,0,0,0,0,0,0,0,0,0,0,0,0,0,0,0,0,0,0
MYRG,0,0,0,0,0,0,0,0,0,0,0,0,0,0,0,0,0,0
MYSZ,0,0,0,0,0,0,0,0,0,0,0,0,0,0,0,0,0,0
MZTI,0,0,0,0,0,0,0,0,0,0,0,0,0,0,0,0,0,0
NAAS,0,0,0,0,0,0,0,0,0,0,0,0,0,0,0,0,0,0
NABL,0,0,0,0,0,0,0,0,0,0,0,0,0,0,0,0,0,0
NAC,0,0,0,0,0,0,0,0,0,0,0,0,0,0,0,0,0,0
NAD,0,0,0,0,0,0,0,0,0,0,0,0,0,0,0,0,0,0
NAGE,0,0,0,0,0,0,0,0,0,0,0,0,0,0,0,0,0,0
NAII,0,0,0,0,0,0,0,0,0,0,0,0,0,0,0,0,0,0
NAKA,0,0,0,0,0,0,0,0,0,0,0,0,0,0,0,0,0,0
NAKAW,0,0,0,0,0,0,0,0,0,0,0,0,0,0,0,0,0,0
NAMI,0,0,0,0,0,0,0,0,0,0,0,0,0,0,0,0,0,0
NAMM,0,0,0,0,0,0,0,0,0,0,0,0,0,0,0,0,0,0
NAMMW,0,0,0,0,0,0,0,0,0,0,0,0,0,0,0,0,0,0
NAMS,0,0,0,0,0,0,0,0,0,0,0,0,0,0,0,0,0,0
NAMSW,0,0,0,0,0,0,0,0,0,0,0,0,0,0,0,0,0,0
NAOV,0,0,0,0,0,0,0,0,0,0,0,0,0,0,0,0,0,0
NATH,0,0,0,0,0,0,0,0,0,0,0,0,0,0,0,0,0,0
NATL,0,0,0,0,0,0,0,0,0,0,0,0,0,0,0,0,0,0
NAVI,0,0,0,0,0,0,0,0,0,0,0,0,0,0,0,0,0,0
NAZ,0,0,0,0,0,0,0,0,0,0,0,0,0,0,0,0,0,0
NB,0,0,0,0,0,0,1,0,1,1,0,2,1,0,2,0,0,0
NBB,0,0,0,0,0,0,0,0,0,0,0,0,0,0,0,0,0,0
NBBK,0,0,0,0,0,0,0,0,0,0,0,0,0,0,0,0,0,0
NBH,0,0,0,0,0,0,0,0,0,0,0,0,0,0,0,0,0,0
NBHC,0,0,0,0,0,0,0,0,0,0,0,0,0,0,0,0,0,0
NBIS,0,0,0,0,0,0,1,15,4,0,0,0,0,0,0,0,0,0
NBIX,0,0,0,0,0,0,0,0,0,0,0,0,0,0,0,0,0,0
NBN,0,0,0,0,0,0,0,0,0,0,0,0,0,0,0,0,0,0
NBR,0,0,0,0,0,0,0,0,0,0,0,0,0,0,0,0,0,0
NBTB,0,0,0,0,0,0,0,0,0,0,0,0,0,0,0,0,0,0
NBTX,0,0,0,0,0,0,0,0,0,0,0,0,0,0,0,0,0,0
NBXG,0,0,0,0,0,0,0,0,0,0,0,0,0,0,0,0,0,0
NBY,0,0,0,0,0,0,0,0,0,0,0,0,0,0,0,0,0,0
NC,1,3,3,1,16,15,0,0,0,0,0,0,0,0,0,0,0,0
NCA,0,0,0,0,0,0,0,0,0,0,0,0,0,0,0,0,0,0
NCDL,0,0,0,0,0,0,0,0,0,0,0,0,0,0,0,0,0,0
NCEW,0,0,0,0,0,0,0,0,0,0,0,0,0,0,0,0,0,0
NCI,0,0,0,0,0,0,0,0,0,0,0,0,0,0,0,0,0,0
NCL,0,0,0,0,0,0,0,0,0,0,0,0,0,0,0,0,0,0
NCLH,0,0,0,0,0,0,0,0,0,0,0,0,0,0,0,0,0,0
NCMI,0,0,0,0,0,0,0,0,0,0,0,0,0,0,0,0,0,0
NCNA,2,60,53,1,33,22,1,7,11,1,15,18,1,37,32,2,43,40
NCNO,0,0,0,0,0,0,0,0,0,0,0,0,0,0,0,0,0,0
NCPL,0,0,0,0,0,0,0,0,0,0,0,0,0,0,0,0,0,0
NCPLW,0,0,0,0,0,0,0,0,0,0,0,0,0,0,0,0,0,0
NCRA,0,0,0,0,0,0,0,0,0,0,0,0,0,0,0,0,0,0
NCSM,0,0,0,0,0,0,0,0,0,0,0,0,0,0,0,0,0,0
NCT,0,0,0,0,0,0,0,0,0,0,0,0,0,0,0,0,0,0
NCTY,0,0,0,0,0,0,0,0,0,0,0,0,0,0,0,0,0,0
NCV,0,0,0,0,0,0,0,0,0,0,0,0,0,0,0,0,0,0
NCZ,0,0,0,0,0,0,0,0,0,0,0,0,0,0,0,0,0,0
NDAQ,0,0,0,0,0,0,0,0,0,0,0,0,0,0,0,0,0,0
NDLS,0,0,0,0,0,0,0,0,0,0,0,0,0,0,0,0,0,0
NDMO,0,0,0,0,0,0,0,0,0,0,0,0,0,0,0,0,0,0
NDRA,0,0,0,0,0,0,0,0,0,0,0,0,0,0,0,0,0,0
NDSN,0,0,0,0,0,0,0,0,0,0,0,0,0,0,0,0,0,0
NECB,0,0,0,0,0,0,0,0,0,0,0,0,0,0,0,0,0,0
NEGG,2,23,41,1,23,38,1,29,44,1,31,46,1,35,46,0,0,0
NEHC,0,0,0,0,0,0,0,0,0,0,0,0,0,0,0,0,0,0
NEHCW,0,0,0,0,0,0,0,0,0,0,0,0,0,0,0,0,0,0
NEM,0,0,0,0,0,0,0,0,0,0,0,0,0,0,0,0,0,0
NEN,0,0,0,0,0,0,0,0,0,0,0,0,0,0,0,0,0,0
NEOG,0,0,0,0,0,0,0,0,0,0,0,0,0,0,0,0,0,0
NEOV,0,0,0,0,0,0,0,0,0,0,0,0,0,0,0,0,0,0
NEOVW,0,0,0,0,0,0,0,0,0,0,0,0,0,0,0,0,0,0
NEPH,0,0,0,0,0,0,0,0,0,0,0,0,0,0,0,0,0,0
NERV,0,0,0,0,0,0,0,0,0,0,0,0,0,0,0,0,0,0
NESR,0,0,0,0,0,0,0,0,0,0,0,0,0,0,0,0,0,0
NETD,0,0,0,0,0,0,0,0,0,0,0,0,0,0,0,0,0,0
NETDW,0,0,0,0,0,0,0,0,0,0,0,0,0,0,0,0,0,0
NEU,0,0,0,0,0,0,0,0,0,0,0,0,0,0,0,0,0,0
NEUE,0,0,0,0,0,0,0,0,0,0,0,0,0,0,0,0,0,0
NEUP,0,0,0,0,0,0,0,0,0,0,0,0,0,0,0,0,0,0
NEWP,0,0,0,0,0,0,0,0,0,0,0,0,0,0,0,0,0,0
NEWTG,0,0,0,0,0,0,0,0,0,0,0,0,0,0,0,0,0,0
NEWTH,0,0,0,0,0,0,0,0,0,0,0,0,0,0,0,0,0,0
NEWTI,0,0,0,0,0,0,0,0,0,0,0,0,0,0,0,0,0,0
NEWTZ,0,0,0,0,0,0,0,0,0,0,0,0,0,0,0,0,0,0
NEXA,0,0,0,0,0,0,0,0,0,0,0,0,0,0,0,0,0,0
NEXM,0,0,0,0,0,0,0,0,0,0,0,0,0,0,0,0,0,0
NEXN,0,0,0,0,0,0,0,0,0,0,0,0,0,0,0,0,0,0
NFBK,0,0,0,0,0,0,0,0,0,0,0,0,0,0,0,0,0,0
NFE,0,0,0,0,0,0,0,0,0,0,0,0,0,0,0,0,0,0
NFG,0,0,0,0,0,0,0,0,0,0,0,0,0,0,0,0,0,0
NFGC,0,0,0,0,0,0,0,0,0,0,0,0,0,0,0,0,0,0
NFJ,0,0,0,0,0,0,0,0,0,0,0,0,0,0,0,0,0,0
NFLX,0,0,0,0,0,0,0,0,0,0,0,0,0,0,0,1,30,28
NG,0,0,0,0,0,0,0,0,0,0,0,0,0,0,0,0,0,0
NGD,0,0,0,0,0,0,0,0,0,0,0,0,0,0,0,0,0,0
NGG,0,0,0,0,0,0,0,0,0,0,0,0,0,0,0,0,0,0
NGL,0,0,0,0,0,0,1,55,135,1,83,177,1,92,193,0,0,0
NGNE,0,0,0,0,0,0,0,0,0,0,0,0,0,0,0,0,0,0
NGS,0,0,0,0,0,0,0,0,0,0,0,0,0,0,0,0,0,0
NGVC,0,0,0,0,0,0,0,0,0,0,0,0,0,0,0,0,0,0
NGVT,0,0,0,0,0,0,0,0,0,0,0,0,0,0,0,0,0,0
NHC,0,0,0,0,0,0,0,0,0,0,0,0,0,0,0,0,0,0
NHI,0,0,0,0,0,0,0,0,0,0,0,0,0,0,0,0,0,0
NHIC,0,0,0,0,0,0,0,0,0,0,0,0,0,0,0,0,0,0
NHICU,0,0,0,0,0,0,0,0,0,0,0,0,0,0,0,0,0,0
NHICW,0,0,0,0,0,0,0,0,0,0,0,0,0,0,0,0,0,0
NHPAP,0,0,0,0,0,0,0,0,0,0,0,0,0,0,0,0,0,0
NHPBP,0,0,0,0,0,0,0,0,0,0,0,0,0,0,0,0,0,0
NHS,0,0,0,0,0,0,0,0,0,1,3,1,1,3,1,1,0,4
NHTC,0,0,0,0,0,0,0,0,0,0,0,0,0,0,0,0,0,0
NIC,0,0,0,0,0,0,0,0,0,0,0,0,0,0,0,0,0,0
NIE,0,0,0,0,0,0,0,0,0,0,0,0,0,0,0,0,0,0
NIO,0,0,0,0,0,0,0,0,0,0,0,0,0,0,0,0,0,0
NIOBW,0,0,0,0,0,0,0,0,0,0,0,0,0,0,0,0,0,0
NIPG,0,0,0,0,0,0,0,0,0,0,0,0,0,0,0,0,0,0
NISN,0,0,0,0,0,0,0,0,0,0,0,0,0,0,0,0,0,0
NIU,0,0,0,0,0,0,0,0,0,0,0,0,0,0,0,0,0,0
NIVF,0,0,0,0,0,0,0,0,0,0,0,0,0,0,0,0,0,0
NIVFW,0,0,0,0,0,0,0,0,0,0,0,0,0,0,0,0,0,0
NIXX,0,0,0,0,0,0,0,0,0,0,0,0,0,0,0,0,0,0
NIXXW,0,0,0,0,0,0,0,0,0,0,0,0,0,0,0,0,0,0
NJR,0,0,0,0,0,0,0,0,0,0,0,0,0,0,0,0,0,0
NKE,0,0,0,0,0,0,0,0,0,1,232,144,1,397,217,0,0,0
NKSH,0,0,0,0,0,0,0,0,0,0,0,0,0,0,0,0,0,0
NKTR,0,0,0,0,0,0,0,0,0,0,0,0,0,0,0,0,0,0
NKTX,0,0,0,0,0,0,0,0,0,0,0,0,0,0,0,0,0,0
NKX,0,0,0,0,0,0,0,0,0,0,0,0,0,0,0,0,0,0
NL,0,0,0,0,0,0,0,0,0,0,0,0,0,0,0,0,0,0
NLOP,0,0,0,0,0,0,0,0,0,0,0,0,0,0,0,0,0,0
NLSP,0,0,0,0,0,0,0,0,0,0,0,0,0,0,0,0,0,0
NLSPW,0,0,0,0,0,0,0,0,0,0,0,0,0,0,0,0,0,0
NLY,0,0,0,0,0,0,0,0,0,0,0,0,0,0,0,0,0,0
NMAI,0,0,0,0,0,0,0,0,0,0,0,0,0,0,0,0,0,0
NMAX,0,0,0,0,0,0,0,0,0,0,0,0,0,0,0,0,0,0
NMCO,0,0,0,0,0,0,0,0,0,0,0,0,0,0,0,0,0,0
NMFC,0,0,0,0,0,0,0,0,0,0,0,0,0,0,0,0,0,0
NMFCZ,0,0,0,0,0,0,0,0,0,0,0,0,0,0,0,0,0,0
NMG,0,0,0,0,0,0,0,0,0,0,0,0,0,0,0,0,0,0
NMI,0,0,0,0,0,0,0,0,0,0,0,0,0,0,0,0,0,0
NMIH,0,0,0,0,0,0,0,0,0,0,0,0,0,0,0,0,0,0
NML,0,0,0,0,0,0,0,0,0,0,0,0,0,0,0,0,0,0
NMM,0,0,0,0,0,0,0,0,0,0,0,0,0,0,0,0,0,0
NMPAU,0,0,0,0,0,0,0,0,0,0,0,0,0,0,0,0,0,0
NMR,0,0,0,0,0,0,0,0,0,0,0,0,0,0,0,0,0,0
NMRA,0,0,0,0,0,0,0,0,0,0,0,0,0,0,0,0,0,0
NMRK,0,0,0,0,0,0,0,0,0,0,0,0,0,0,0,0,0,0
NMS,0,0,0,0,0,0,0,0,0,0,0,0,0,0,0,0,0,0
NMT,0,0,0,0,0,0,0,0,0,0,0,0,0,0,0,0,0,0
NMTC,0,0,0,0,0,0,0,0,0,0,0,0,0,0,0,0,0,0
NMZ,0,0,0,0,0,0,0,0,0,0,0,0,0,0,0,0,0,0
NN,0,0,0,0,0,0,0,0,0,0,0,0,0,0,0,0,0,0
NNAVW,0,0,0,0,0,0,0,0,0,0,0,0,0,0,0,0,0,0
NNBR,0,0,0,0,0,0,0,0,0,0,0,0,0,0,0,0,0,0
NNDM,0,0,0,0,0,0,0,0,0,0,0,0,0,0,0,0,0,0
NNE,0,0,0,0,0,0,0,0,0,0,0,0,0,0,0,0,0,0
NNI,0,0,0,0,0,0,0,0,0,0,0,0,0,0,0,0,0,0
NNN,0,0,0,0,0,0,0,0,0,0,0,0,0,0,0,0,0,0
NNNN,0,0,0,0,0,0,0,0,0,0,0,0,0,0,0,0,0,0
NNOX,0,0,0,0,0,0,0,0,0,0,0,0,0,0,0,0,0,0
NNVC,0,0,0,0,0,0,0,0,0,0,0,0,0,0,0,0,0,0
NNY,0,0,0,0,0,0,0,0,0,0,0,0,0,0,0,0,0,0
NOC,0,0,0,0,0,0,0,0,0,0,0,0,0,0,0,0,0,0
NODK,0,0,0,0,0,0,0,0,0,0,0,0,0,0,0,0,0,0
NOEM,0,0,0,0,0,0,0,0,0,0,0,0,0,0,0,0,0,0
NOEMR,0,0,0,0,0,0,0,0,0,0,0,0,0,0,0,0,0,0
NOEMW,0,0,0,0,0,0,0,0,0,0,0,0,0,0,0,0,0,0
NOK,0,0,0,0,0,0,0,0,0,0,0,0,0,0,0,0,0,0
NOM,0,0,0,0,0,0,0,0,0,0,0,0,0,0,0,0,0,0
NOMD,0,0,0,0,0,0,0,0,0,0,0,0,0,0,0,0,0,0
NOTV,0,0,0,0,0,0,0,0,0,0,0,0,0,0,0,0,0,0
NOV,0,0,0,0,0,0,0,0,0,0,0,0,1,68,43,0,0,0
NOVT,0,0,0,0,0,0,0,0,0,0,0,0,0,0,0,0,0,0
NPAC,0,0,0,0,0,0,0,0,0,0,0,0,0,0,0,0,0,0
NPACU,0,0,0,0,0,0,0,0,0,0,0,0,0,0,0,0,0,0
NPACW,0,0,0,0,0,0,0,0,0,0,0,0,0,0,0,0,0,0
NPB,0,0,0,0,0,0,0,0,0,0,0,0,0,0,0,0,0,0
NPCE,0,0,0,0,0,0,0,0,0,0,0,0,0,0,0,0,0,0
NPCT,0,0,0,0,0,0,0,0,0,0,0,0,0,0,0,0,0,0
NPFD,0,0,0,0,0,0,0,0,0,0,0,0,0,0,0,0,0,0
NPK,0,0,0,0,0,0,0,0,0,0,0,0,0,0,0,0,0,0
NPKI,0,0,0,0,0,0,0,0,0,0,0,0,0,0,0,0,0,0
NPO,0,0,0,0,0,0,0,0,0,0,0,0,0,0,0,0,0,0
NPV,0,0,0,0,0,0,0,0,0,0,0,0,0,0,0,0,0,0
NPWR,0,0,0,0,0,0,0,0,0,0,0,0,0,0,0,0,0,0
NQP,0,0,0,0,0,0,0,0,0,0,0,0,0,0,0,0,0,0
NRC,0,0,0,0,0,0,0,0,0,0,0,0,0,0,0,0,0,0
NRDS,0,0,0,0,0,0,0,0,0,0,0,0,0,0,0,0,0,0
NRDY,0,0,0,0,0,0,0,0,0,0,0,0,0,0,0,0,0,0
NREF,0,0,0,0,0,0,0,0,0,0,0,0,0,0,0,0,0,0
NRG,0,0,0,0,0,0,0,0,0,0,0,0,0,0,0,0,0,0
NRGV,0,0,0,0,0,0,0,0,0,0,0,0,0,0,0,0,0,0
NRIM,0,0,0,0,0,0,0,0,0,0,0,0,0,0,0,0,0,0
NRIX,0,0,0,0,0,0,0,0,0,0,0,0,0,0,0,0,0,0
NRK,0,0,0,0,0,0,0,0,0,0,0,0,0,0,0,0,0,0
NRO,0,0,0,0,0,0,0,0,0,0,0,0,0,0,0,0,0,0
NRP,0,0,0,0,0,0,0,0,0,0,0,0,0,0,0,0,0,0
NRSN,0,0,0,0,0,0,0,0,0,0,0,0,0,0,0,0,0,0
NRSNW,0,0,0,0,0,0,0,0,0,0,0,0,0,0,0,0,0,0
NRT,0,0,0,0,0,0,0,0,0,0,0,0,0,0,0,0,0,0
NRUC,0,0,0,0,0,0,0,0,0,0,0,0,0,0,0,0,0,0
NRXP,0,0,0,0,0,0,0,0,0,0,0,0,0,0,0,0,0,0
NRXPW,0,0,0,0,0,0,0,0,0,0,0,0,0,0,0,0,0,0
NRXS,0,0,0,0,0,0,0,0,0,0,0,0,0,0,0,0,0,0
NSA,0,0,0,0,0,0,0,0,0,0,0,0,0,0,0,0,0,0
NSC,0,0,0,0,0,0,0,0,0,0,0,0,0,0,0,0,0,0
NSIT,0,0,0,0,0,0,0,0,0,0,0,0,0,0,0,0,0,0
NSP,0,0,0,0,0,0,0,0,0,0,0,0,0,0,0,0,0,0
NSPR,0,0,0,0,0,0,0,0,0,0,0,0,0,0,0,0,0,0
NSSC,0,0,0,0,0,0,0,0,0,0,0,0,0,0,0,0,0,0
NSTS,0,0,0,0,0,0,0,0,0,0,0,0,0,0,0,0,0,0
NSYS,0,0,0,0,0,0,0,0,0,0,0,0,0,0,0,0,0,0
NTAP,0,0,0,0,0,0,0,0,0,0,0,0,0,0,0,0,0,0
NTB,0,0,0,0,0,0,0,0,0,0,0,0,0,0,0,1,0,4
NTCL,0,0,0,0,0,0,0,0,0,0,0,0,0,0,0,0,0,0
NTCT,0,0,0,0,0,0,0,0,0,0,0,0,0,0,0,0,0,0
NTES,0,0,0,0,0,0,0,0,0,0,0,0,0,0,0,0,0,0
NTGR,0,0,0,0,0,0,0,0,0,0,0,0,0,0,0,0,0,0
NTHI,0,0,0,0,0,0,0,0,0,0,0,0,0,0,0,0,0,0
NTIC,0,0,0,0,0,0,0,0,0,0,0,0,0,0,0,0,0,0
NTIP,0,0,0,0,0,0,0,0,0,0,0,0,0,0,0,0,0,0
NTLA,0,0,0,0,0,0,0,0,0,0,0,0,0,0,0,0,0,0
NTNX,0,0,0,0,0,0,0,0,0,0,0,0,0,0,0,0,0,0
NTR,0,0,0,0,0,0,0,0,0,0,0,0,0,0,0,0,0,0
NTRA,0,0,0,0,0,0,0,0,0,0,0,0,0,0,0,0,0,0
NTRB,0,0,0,0,0,0,0,0,0,0,0,0,0,0,0,0,0,0
NTRBW,0,0,0,0,0,0,0,0,0,0,0,0,0,0,0,0,0,0
NTRP,0,0,0,0,0,0,0,0,0,0,0,0,0,0,0,0,0,0
NTRS,0,0,0,0,0,0,0,0,0,0,0,0,0,0,0,0,0,0
NTRSO,0,0,0,0,0,0,0,0,0,0,0,0,0,0,0,0,0,0
NTST,0,0,0,0,0,0,0,0,0,0,0,0,0,0,0,0,0,0
NTWK,0,0,0,0,0,0,0,0,0,0,0,0,0,0,0,0,0,0
NTWO,0,0,0,0,0,0,0,0,0,0,0,0,0,0,0,0,0,0
NTWOW,0,0,0,0,0,0,0,0,0,0,0,0,0,0,0,0,0,0
NTZ,0,0,0,0,0,0,0,0,0,0,0,0,0,0,0,0,0,0
NUE,0,0,0,0,0,0,0,0,0,0,0,0,0,0,0,0,0,0
NUKK,0,0,0,0,0,0,0,0,0,0,0,0,0,0,0,0,0,0
NUKKW,0,0,0,0,0,0,0,0,0,0,0,0,0,0,0,0,0,0
NUS,0,0,0,0,0,0,0,0,0,0,0,0,0,0,0,0,0,0
NUTX,0,0,0,0,0,0,0,0,0,0,0,0,0,0,0,0,0,0
NUV,0,0,0,0,0,0,0,0,0,0,0,0,0,0,0,0,0,0
NUVB,0,0,0,0,0,0,0,0,0,0,0,0,0,0,0,0,0,0
NUVL,0,0,0,0,0,0,0,0,0,0,0,0,0,0,0,0,0,0
NUW,0,0,0,0,0,0,0,0,0,0,0,0,0,0,0,0,0,0
NUWE,0,0,0,0,0,0,0,0,0,0,0,0,0,0,0,0,0,0
NVA,0,0,0,0,0,0,0,0,0,0,0,0,0,0,0,0,0,0
NVAWW,0,0,0,0,0,0,0,0,0,0,0,0,0,0,0,0,0,0
NVAX,0,0,0,0,0,0,0,0,0,0,0,0,0,0,0,0,0,0
NVCR,0,0,0,0,0,0,0,0,0,0,0,0,0,0,0,0,0,0
NVCT,0,0,0,0,0,0,0,0,0,0,0,0,0,0,0,0,0,0
NVDA,4,157,68,6,1287,204,11,1648,352,7,1322,186,7,1754,287,3,7,17
NVEC,0,0,0,0,0,0,0,0,0,0,0,0,0,0,0,0,0,0
NVEE,0,0,0,0,0,0,0,0,0,0,0,0,0,0,0,0,0,0
NVFY,0,0,0,0,0,0,0,0,0,0,0,0,0,0,0,0,0,0
NVG,0,0,0,0,0,0,0,0,0,0,0,0,0,0,0,0,0,0
NVGS,0,0,0,0,0,0,0,0,0,0,0,0,0,0,0,0,0,0
NVMI,0,0,0,0,0,0,0,0,0,0,0,0,0,0,0,0,0,0
NVNI,2,50,44,2,55,20,4,121,180,5,158,221,6,220,266,1,3,1
NVNIW,0,0,0,0,0,0,0,0,0,0,0,0,0,0,0,0,0,0
NVNO,0,0,0,0,0,0,0,0,0,0,0,0,0,0,0,0,0,0
NVO,2,1022,403,2,1039,418,2,3,4,3,16,16,2,21,8,0,0,0
NVR,0,0,0,0,0,0,0,0,0,0,0,0,0,0,0,0,0,0
NVRI,0,0,0,0,0,0,0,0,0,0,0,0,0,0,0,0,0,0
NVS,0,0,0,0,0,0,0,0,0,0,0,0,0,0,0,0,0,0
NVST,0,0,0,0,0,0,0,0,0,0,0,0,0,0,0,0,0,0
NVT,0,0,0,0,0,0,0,0,0,0,0,0,0,0,0,0,0,0
NVTS,1,15,12,1,18,12,2,31,22,2,22,16,2,26,17,0,0,0
NVVE,0,0,0,0,0,0,0,0,0,0,0,0,0,0,0,0,0,0
NVVEW,0,0,0,0,0,0,0,0,0,0,0,0,0,0,0,0,0,0
NVX,0,0,0,0,0,0,0,0,0,0,0,0,0,0,0,0,0,0
NWBI,0,0,0,0,0,0,0,0,0,0,0,0,0,0,0,0,0,0
NWE,0,0,0,0,0,0,0,0,0,0,0,0,0,0,0,0,0,0
NWFL,0,0,0,0,0,0,0,0,0,0,0,0,0,0,0,0,0,0
NWG,0,0,0,0,0,0,0,0,0,0,0,0,0,0,0,0,0,0
NWGL,0,0,0,0,0,0,0,0,0,0,0,0,0,0,0,0,0,0
NWL,0,0,0,0,0,0,0,0,0,0,0,0,0,0,0,0,0,0
NWN,0,0,0,0,0,0,0,0,0,0,0,0,0,0,0,0,0,0
NWPX,0,0,0,0,0,0,0,0,0,0,0,0,0,0,0,0,0,0
NWS,0,0,0,0,0,0,0,0,0,0,0,0,0,0,0,0,0,0
NWSA,0,0,0,0,0,0,0,0,0,0,0,0,0,0,0,0,0,0
NWTG,0,0,0,0,0,0,0,0,0,0,0,0,0,0,0,0,0,0
NWTN,0,0,0,0,0,0,0,0,0,0,0,0,0,0,0,0,0,0
NWTNW,0,0,0,0,0,0,0,0,0,0,0,0,0,0,0,0,0,0
NX,0,0,0,0,0,0,0,0,0,0,0,0,0,0,0,0,0,0
NXC,0,0,0,0,0,0,0,0,0,0,0,0,0,0,0,0,0,0
NXDR,0,0,0,0,0,0,0,0,0,0,0,0,0,0,0,0,0,0
NXDT,0,0,0,0,0,0,0,0,0,0,0,0,0,0,0,0,0,0
NXE,0,0,0,0,0,0,1,5,2,1,7,2,1,9,2,0,0,0
NXG,0,0,0,0,0,0,0,0,0,0,0,0,0,0,0,0,0,0
NXGL,0,0,0,0,0,0,0,0,0,0,0,0,0,0,0,0,0,0
NXGLW,0,0,0,0,0,0,0,0,0,0,0,0,0,0,0,0,0,0
NXJ,0,0,0,0,0,0,0,0,0,0,0,0,0,0,0,0,0,0
NXL,0,0,0,0,0,0,0,0,0,0,0,0,0,0,0,0,0,0
NXLIW,0,0,0,0,0,0,0,0,0,0,0,0,0,0,0,0,0,0
NXN,0,0,0,0,0,0,0,0,0,0,0,0,0,0,0,0,0,0
NXP,0,0,0,0,0,0,0,0,0,0,0,0,0,0,0,0,0,0
NXPI,0,0,0,0,0,0,0,0,0,0,0,0,0,0,0,0,0,0
NXPL,0,0,0,0,0,0,0,0,0,0,0,0,0,0,0,0,0,0
NXPLW,0,0,0,0,0,0,0,0,0,0,0,0,0,0,0,0,0,0
NXRT,0,0,0,0,0,0,0,0,0,0,0,0,0,0,0,0,0,0
NXST,0,0,0,0,0,0,0,0,0,0,0,0,0,0,0,0,0,0
NXT,0,0,0,0,0,0,0,0,0,0,0,0,0,0,0,0,0,0
NXTC,0,0,0,0,0,0,0,0,0,0,0,0,0,0,0,0,0,0
NXTT,0,0,0,0,0,0,0,0,0,0,0,0,0,0,0,0,0,0
NXXT,0,0,0,0,0,0,0,0,0,0,0,0,0,0,0,0,0,0
NYAX,0,0,0,0,0,0,0,0,0,0,0,0,0,0,0,0,0,0
NYC,0,0,0,0,0,0,0,0,0,0,0,0,0,0,0,0,0,0
NYMT,0,0,0,0,0,0,0,0,0,0,0,0,0,0,0,0,0,0
NYMTG,0,0,0,0,0,0,0,0,0,0,0,0,0,0,0,0,0,0
NYMTH,0,0,0,0,0,0,0,0,0,0,0,0,0,0,0,0,0,0
NYMTI,0,0,0,0,0,0,0,0,0,0,0,0,0,0,0,0,0,0
NYMTL,0,0,0,0,0,0,0,0,0,0,0,0,0,0,0,0,0,0
NYMTM,0,0,0,0,0,0,0,0,0,0,0,0,0,0,0,0,0,0
NYMTN,0,0,0,0,0,0,0,0,0,0,0,0,0,0,0,0,0,0
NYMTZ,0,0,0,0,0,0,0,0,0,0,0,0,0,0,0,0,0,0
NYT,0,0,0,0,0,0,0,0,0,0,0,0,0,0,0,0,0,0
NYXH,0,0,0,0,0,0,1,0,7,1,0,7,0,0,0,0,0,0
NZF,0,0,0,0,0,0,0,0,0,0,0,0,0,0,0,0,0,0
OABI,0,0,0,0,0,0,0,0,0,0,0,0,0,0,0,0,0,0
OABIW,0,0,0,0,0,0,0,0,0,0,0,0,0,0,0,0,0,0
OACC,0,0,0,0,0,0,0,0,0,0,0,0,0,0,0,0,0,0
OACCW,0,0,0,0,0,0,0,0,0,0,0,0,0,0,0,0,0,0
OAKU,0,0,0,0,0,0,0,0,0,0,0,0,0,0,0,0,0,0
OAKUR,0,0,0,0,0,0,0,0,0,0,0,0,0,0,0,0,0,0
OAKUW,0,0,0,0,0,0,0,0,0,0,0,0,0,0,0,0,0,0
OBAWU,0,0,0,0,0,0,0,0,0,0,0,0,0,0,0,0,0,0
OBDC,0,0,0,0,0,0,0,0,0,0,0,0,0,0,0,0,0,0
OBIO,0,0,0,0,0,0,0,0,0,0,0,0,0,0,0,0,0,0
OBK,0,0,0,0,0,0,0,0,0,0,0,0,0,0,0,0,0,0
OBLG,0,0,0,0,0,0,0,0,0,0,0,0,0,0,0,0,0,0
OBT,0,0,0,0,0,0,0,0,0,0,0,0,0,0,0,0,0,0
OC,0,0,0,0,0,0,0,0,0,0,0,0,0,0,0,0,0,0
OCC,0,0,0,1,60,19,0,0,0,1,0,35,0,0,0,0,0,0
OCCI,0,0,0,0,0,0,0,0,0,0,0,0,0,0,0,0,0,0
OCCIM,0,0,0,0,0,0,0,0,0,0,0,0,0,0,0,0,0,0
OCCIN,0,0,0,0,0,0,0,0,0,0,0,0,0,0,0,0,0,0
OCCIO,0,0,0,0,0,0,0,0,0,0,0,0,0,0,0,0,0,0
OCFC,0,0,0,0,0,0,0,0,0,0,0,0,0,0,0,0,0,0
OCFT,0,0,0,0,0,0,0,0,0,0,0,0,0,0,0,0,0,0
OCG,0,0,0,0,0,0,0,0,0,0,0,0,0,0,0,0,0,0
OCGN,0,0,0,0,0,0,0,0,0,0,0,0,0,0,0,0,0,0
OCS,0,0,0,0,0,0,1,4,10,1,4,10,1,4,10,0,0,0
OCSAW,0,0,0,0,0,0,0,0,0,0,0,0,0,0,0,0,0,0
OCSL,0,0,0,0,0,0,0,0,0,0,0,0,0,0,0,0,0,0
OCTO,0,0,0,0,0,0,0,0,0,0,0,0,0,0,0,0,0,0
OCUL,0,0,0,0,0,0,0,0,0,0,0,0,0,0,0,0,0,0
ODC,0,0,0,0,0,0,0,0,0,0,0,0,0,0,0,0,0,0
ODFL,0,0,0,0,0,0,0,0,0,0,0,0,0,0,0,0,0,0
ODP,0,0,0,0,0,0,0,0,0,0,0,0,0,0,0,0,0,0
ODV,0,0,0,0,0,0,0,0,0,0,0,0,0,0,0,0,0,0
ODVWZ,0,0,0,0,0,0,0,0,0,0,0,0,0,0,0,0,0,0
ODYS,0,0,0,0,0,0,0,0,0,0,0,0,0,0,0,0,0,0
OEC,0,0,0,0,0,0,0,0,0,0,0,0,0,0,0,0,0,0
OESX,0,0,0,0,0,0,0,0,0,0,0,0,0,0,0,0,0,0
OFAL,0,0,0,0,0,0,0,0,0,0,0,0,0,0,0,0,0,0
OFG,0,0,0,0,0,0,0,0,0,0,0,0,0,0,0,0,0,0
OFIX,0,0,0,0,0,0,0,0,0,0,0,0,0,0,0,0,0,0
OFLX,0,0,0,0,0,0,0,0,0,0,0,0,0,0,0,0,0,0
OFS,0,0,0,0,0,0,0,0,0,0,0,0,0,0,0,0,0,0
OFSSH,0,0,0,0,0,0,0,0,0,0,0,0,0,0,0,0,0,0
OGE,0,0,0,0,0,0,0,0,0,0,0,0,0,0,0,0,0,0
OGEN,0,0,0,0,0,0,0,0,0,0,0,0,0,0,0,0,0,0
OGI,0,0,0,0,0,0,0,0,0,0,0,0,0,0,0,0,0,0
OGN,0,0,0,0,0,0,0,0,0,0,0,0,0,0,0,0,0,0
OGS,0,0,0,0,0,0,0,0,0,0,0,0,0,0,0,0,0,0
OHI,0,0,0,0,0,0,0,0,0,0,0,0,0,0,0,0,0,0
OI,3,999,249,2,32,37,1,20,13,1,20,13,1,21,13,0,0,0
OIA,0,0,0,0,0,0,0,0,0,0,0,0,0,0,0,0,0,0
OIS,0,0,0,0,0,0,0,0,0,0,0,0,0,0,0,0,0,0
OKE,0,0,0,0,0,0,0,0,0,0,0,0,0,0,0,0,0,0
OKLO,0,0,0,0,0,0,0,0,0,1,10,6,1,20,7,0,0,0
OKTA,0,0,0,0,0,0,0,0,0,0,0,0,0,0,0,0,0,0
OKUR,0,0,0,0,0,0,0,0,0,0,0,0,0,0,0,0,0,0
OKYO,0,0,0,0,0,0,0,0,0,0,0,0,0,0,0,0,0,0
OLB,2,55,66,2,55,66,0,0,0,0,0,0,0,0,0,1,5,8
OLED,0,0,0,0,0,0,0,0,0,0,0,0,0,0,0,0,0,0
OLLI,0,0,0,0,0,0,0,0,0,0,0,0,0,0,0,0,0,0
OLMA,0,0,0,0,0,0,0,0,0,0,0,0,0,0,0,0,0,0
OLN,0,0,0,0,0,0,0,0,0,0,0,0,0,0,0,0,0,0
OLO,0,0,0,0,0,0,0,0,0,0,0,0,0,0,0,0,0,0
OLP,0,0,0,0,0,0,0,0,0,0,0,0,0,0,0,0,0,0
OLPX,0,0,0,0,0,0,0,0,0,0,0,0,0,0,0,0,0,0
OMAB,0,0,0,0,0,0,0,0,0,0,0,0,0,0,0,0,0,0
OMC,0,0,0,0,0,0,0,0,0,0,0,0,0,0,0,0,0,0
OMCC,0,0,0,0,0,0,0,0,0,0,0,0,0,0,0,0,0,0
OMCL,0,0,0,0,0,0,0,0,0,0,0,0,0,0,0,0,0,0
OMDA,0,0,0,0,0,0,1,420,135,0,0,0,0,0,0,0,0,0
OMEX,0,0,0,0,0,0,0,0,0,0,0,0,0,0,0,0,0,0
OMF,0,0,0,0,0,0,0,0,0,0,0,0,0,0,0,0,0,0
OMH,0,0,0,0,0,0,0,0,0,0,0,0,0,0,0,0,0,0
OMI,0,0,0,0,0,0,0,0,0,0,0,0,0,0,0,0,0,0
OMSE,0,0,0,0,0,0,0,0,0,0,0,0,0,0,0,0,0,0
ONB,0,0,0,0,0,0,0,0,0,0,0,0,0,0,0,0,0,0
ONBPO,0,0,0,0,0,0,0,0,0,0,0,0,0,0,0,0,0,0
ONBPP,0,0,0,0,0,0,0,0,0,0,0,0,0,0,0,0,0,0
ONC,0,0,0,0,0,0,0,0,0,0,0,0,0,0,0,0,0,0
ONCHU,0,0,0,0,0,0,0,0,0,0,0,0,0,0,0,0,0,0
ONCO,0,0,0,0,0,0,0,0,0,0,0,0,0,0,0,0,0,0
ONCY,0,0,0,0,0,0,0,0,0,0,0,0,0,0,0,0,0,0
ONDS,0,0,0,0,0,0,0,0,0,1,2,50,0,0,0,0,0,0
ONEG,0,0,0,0,0,0,0,0,0,0,0,0,0,0,0,0,0,0
ONEW,0,0,0,0,0,0,0,0,0,0,0,0,0,0,0,0,0,0
ONFO,0,0,0,0,0,0,0,0,0,0,0,0,0,0,0,0,0,0
ONFOW,0,0,0,0,0,0,0,0,0,0,0,0,0,0,0,0,0,0
ONIT,0,0,0,0,0,0,0,0,0,0,0,0,0,0,0,0,0,0
ONL,0,0,0,0,0,0,0,0,0,0,0,0,0,0,0,0,0,0
ONMD,0,0,0,0,0,0,0,0,0,0,0,0,0,0,0,0,0,0
ONMDW,0,0,0,0,0,0,0,0,0,0,0,0,0,0,0,0,0,0
ONON,0,0,0,0,0,0,0,0,0,0,0,0,0,0,0,0,0,0
ONTF,0,0,0,0,0,0,0,0,0,0,0,0,0,0,0,0,0,0
OOMA,0,0,0,0,0,0,0,0,0,0,0,0,0,0,0,0,0,0
OP,2,6,49,2,11,3,1,5,2,1,5,3,1,5,3,0,0,0
OPAD,0,0,0,0,0,0,0,0,0,0,0,0,0,0,0,0,0,0
OPBK,0,0,0,0,0,0,0,0,0,0,0,0,0,0,0,0,0,0
OPCH,0,0,0,0,0,0,0,0,0,0,0,0,0,0,0,0,0,0
OPFI,0,0,0,0,0,0,0,0,0,0,0,0,0,0,0,0,0,0
OPHC,0,0,0,0,0,0,0,0,0,0,0,0,0,0,0,0,0,0
OPI,0,0,0,0,0,0,0,0,0,0,0,0,0,0,0,0,0,0
OPINL,0,0,0,0,0,0,0,0,0,0,0,0,0,0,0,0,0,0
OPK,0,0,0,0,0,0,0,0,0,0,0,0,0,0,0,0,0,0
OPOF,0,0,0,0,0,0,0,0,0,0,0,0,0,0,0,0,0,0
OPP,0,0,0,0,0,0,0,0,0,0,0,0,0,0,0,0,0,0
OPRA,0,0,0,0,0,0,0,0,0,0,0,0,0,0,0,0,0,0
OPRT,0,0,0,0,0,0,0,0,0,0,0,0,0,0,0,0,0,0
OPRX,0,0,0,0,0,0,0,0,0,0,0,0,0,0,0,0,0,0
OPTT,1,0,34,0,0,0,1,3,3,1,28,18,1,35,19,0,0,0
OPTX,0,0,0,0,0,0,0,0,0,0,0,0,0,0,0,0,0,0
OPTXW,0,0,0,0,0,0,0,0,0,0,0,0,0,0,0,0,0,0
OPXS,0,0,0,0,0,0,0,0,0,0,0,0,0,0,0,0,0,0
OPY,0,0,0,0,0,0,0,0,0,0,0,0,0,0,0,0,0,0
ORCL,0,0,0,0,0,0,0,0,0,1,688,73,1,1119,99,0,0,0
ORGN,0,0,0,0,0,0,0,0,0,0,0,0,0,0,0,0,0,0
ORGNW,0,0,0,0,0,0,0,0,0,0,0,0,0,0,0,0,0,0
ORGO,0,0,0,0,0,0,0,0,0,0,0,0,0,0,0,0,0,0
ORI,0,0,0,0,0,0,0,0,0,0,0,0,0,0,0,0,0,0
ORIC,0,0,0,0,0,0,0,0,0,0,0,0,0,0,0,0,0,0
ORIQU,0,0,0,0,0,0,0,0,0,0,0,0,0,0,0,0,0,0
ORIS,0,0,0,0,0,0,0,0,0,0,0,0,0,0,0,0,0,0
ORKA,0,0,0,0,0,0,0,0,0,0,0,0,0,0,0,0,0,0
ORKT,0,0,0,0,0,0,0,0,0,0,0,0,0,0,0,0,0,0
ORLA,0,0,0,0,0,0,0,0,0,0,0,0,0,0,0,0,0,0
ORLY,0,0,0,0,0,0,0,0,0,0,0,0,0,0,0,0,0,0
ORMP,0,0,0,0,0,0,0,0,0,0,0,0,0,0,0,0,0,0
ORN,0,0,0,0,0,0,0,0,0,0,0,0,0,0,0,0,0,0
ORRF,0,0,0,0,0,0,0,0,0,0,0,0,0,0,0,0,0,0
OSBC,0,0,0,0,0,0,0,0,0,0,0,0,0,0,0,0,0,0
OSCR,0,0,0,1,12,5,0,0,0,0,0,0,0,0,0,0,0,0
OSIS,0,0,0,0,0,0,0,0,0,0,0,0,0,0,0,0,0,0
OSK,0,0,0,0,0,0,0,0,0,0,0,0,0,0,0,0,0,0
OSPN,0,0,0,0,0,0,0,0,0,0,0,0,0,0,0,0,0,0
OSRH,0,0,0,0,0,0,0,0,0,0,0,0,0,0,0,0,0,0
OSRHW,0,0,0,0,0,0,0,0,0,0,0,0,0,0,0,0,0,0
OSS,0,0,0,0,0,0,0,0,0,0,0,0,0,0,0,0,0,0
OST,0,0,0,0,0,0,0,0,0,0,0,0,0,0,0,0,0,0
OSTX,0,0,0,0,0,0,0,0,0,0,0,0,0,0,0,0,0,0
OSUR,0,0,0,0,0,0,0,0,0,0,0,0,0,0,0,0,0,0
OSW,0,0,0,0,0,0,0,0,0,0,0,0,0,0,0,0,0,0
OTEX,0,0,0,0,0,0,0,0,0,0,0,0,0,0,0,0,0,0
OTF,0,0,0,0,0,0,0,0,0,0,0,0,0,0,0,0,0,0
OTLK,0,0,0,0,0,0,0,0,0,0,0,0,0,0,0,0,0,0
OTLY,0,0,0,0,0,0,0,0,0,0,0,0,0,0,0,0,0,0
OTRK,0,0,0,0,0,0,0,0,0,0,0,0,0,0,0,0,0,0
OTTR,0,0,0,0,0,0,0,0,0,0,0,0,0,0,0,0,0,0
OUSTW,0,0,0,0,0,0,0,0,0,0,0,0,0,0,0,0,0,0
OUSTZ,0,0,0,0,0,0,0,0,0,0,0,0,0,0,0,0,0,0
OVBC,0,0,0,0,0,0,0,0,0,0,0,0,0,0,0,0,0,0
OVID,0,0,0,0,0,0,0,0,0,0,0,0,0,0,0,0,0,0
OVLY,0,0,0,0,0,0,0,0,0,0,0,0,0,0,0,0,0,0
OVV,0,0,0,0,0,0,0,0,0,0,0,0,0,0,0,0,0,0
OWLT,0,0,0,0,0,0,0,0,0,0,0,0,0,0,0,0,0,0
OXBR,0,0,0,0,0,0,0,0,0,0,0,0,0,0,0,0,0,0
OXBRW,0,0,0,0,0,0,0,0,0,0,0,0,0,0,0,0,0,0
OXLC,0,0,0,0,0,0,0,0,0,0,0,0,0,0,0,0,0,0
OXLCG,0,0,0,0,0,0,0,0,0,0,0,0,0,0,0,0,0,0
OXLCI,0,0,0,0,0,0,0,0,0,0,0,0,0,0,0,0,0,0
OXLCL,0,0,0,0,0,0,0,0,0,0,0,0,0,0,0,0,0,0
OXLCN,0,0,0,0,0,0,0,0,0,0,0,0,0,0,0,0,0,0
OXLCO,0,0,0,0,0,0,0,0,0,0,0,0,0,0,0,0,0,0
OXLCP,0,0,0,0,0,0,0,0,0,0,0,0,0,0,0,0,0,0
OXLCZ,0,0,0,0,0,0,0,0,0,0,0,0,0,0,0,0,0,0
OXM,0,0,0,0,0,0,0,0,0,0,0,0,0,0,0,0,0,0
OXSQ,0,0,0,0,0,0,0,0,0,0,0,0,0,0,0,0,0,0
OXSQG,0,0,0,0,0,0,0,0,0,0,0,0,0,0,0,0,0,0
OXSQZ,0,0,0,0,0,0,0,0,0,0,0,0,0,0,0,0,0,0
OYSE,0,0,0,0,0,0,0,0,0,0,0,0,0,0,0,0,0,0
OYSER,0,0,0,0,0,0,0,0,0,0,0,0,0,0,0,0,0,0
OYSEU,0,0,0,0,0,0,0,0,0,0,0,0,0,0,0,0,0,0
OZ,3,4,12,3,12,15,3,11,23,3,11,22,3,12,26,0,0,0
OZK,0,0,0,0,0,0,0,0,0,0,0,0,0,0,0,0,0,0
OZKAP,0,0,0,0,0,0,0,0,0,0,0,0,0,0,0,0,0,0
PAA,0,0,0,0,0,0,0,0,0,0,0,0,0,0,0,0,0,0
PAAS,0,0,0,0,0,0,0,0,0,0,0,0,0,0,0,0,0,0
PACB,0,0,0,0,0,0,0,0,0,0,0,0,0,0,0,0,0,0
PACHU,0,0,0,0,0,0,0,0,0,0,0,0,0,0,0,0,0,0
PACS,0,0,0,0,0,0,0,0,0,0,0,0,0,0,0,0,0,0
PAG,0,0,0,0,0,0,0,0,0,0,0,0,0,0,0,0,0,0
PAGP,0,0,0,0,0,0,0,0,0,0,0,0,0,0,0,0,0,0
PAGS,0,0,0,0,0,0,0,0,0,0,0,0,0,0,0,0,0,0
PAHC,0,0,0,0,0,0,0,0,0,0,0,0,0,0,0,0,0,0
PAI,0,0,0,0,0,0,0,0,0,0,0,0,0,0,0,0,0,0
PAMT,0,0,0,0,0,0,0,0,0,0,0,0,0,0,0,0,0,0
PANL,0,0,0,0,0,0,0,0,0,0,0,0,0,0,0,0,0,0
PANW,0,0,0,0,0,0,0,0,0,0,0,0,0,0,0,0,0,0
PAPL,0,0,0,0,0,0,0,0,0,0,0,0,0,0,0,0,0,0
PARAA,0,0,0,0,0,0,0,0,0,0,0,0,0,0,0,0,0,0
PASG,0,0,0,0,0,0,0,0,0,0,0,0,0,0,0,0,0,0
PATK,0,0,0,0,0,0,0,0,0,0,0,0,0,0,0,0,0,0
PAVM,0,0,0,0,0,0,0,0,0,0,0,0,0,0,0,0,0,0
PAVS,0,0,0,0,0,0,0,0,0,0,0,0,0,0,0,0,0,0
PAXS,0,0,0,0,0,0,0,0,0,0,0,0,0,0,0,0,0,0
PAYC,0,0,0,0,0,0,0,0,0,0,0,0,0,0,0,0,0,0
PAYO,0,0,0,0,0,0,0,0,0,0,0,0,0,0,0,0,0,0
PAYX,0,0,0,0,0,0,0,0,0,0,0,0,0,0,0,0,0,0
PB,1,0,34,0,0,0,0,0,0,0,0,0,0,0,0,0,0,0
PBA,0,0,0,0,0,0,0,0,0,0,0,0,0,0,0,0,0,0
PBBK,0,0,0,0,0,0,0,0,0,0,0,0,0,0,0,0,0,0
PBF,0,0,0,0,0,0,0,0,0,0,0,0,0,0,0,0,0,0
PBFS,0,0,0,0,0,0,0,0,0,0,0,0,0,0,0,0,0,0
PBH,0,0,0,0,0,0,0,0,0,0,0,0,0,0,0,0,0,0
PBHC,0,0,0,0,0,0,0,0,0,0,0,0,0,0,0,0,0,0
PBI,0,0,0,0,0,0,0,0,0,0,0,0,0,0,0,0,0,0
PBM,0,0,0,0,0,0,0,0,0,0,0,0,0,0,0,0,0,0
PBMWW,0,0,0,0,0,0,0,0,0,0,0,0,0,0,0,0,0,0
PBPB,0,0,0,0,0,0,0,0,0,0,0,0,0,0,0,0,0,0
PBR,0,0,0,0,0,0,0,0,0,0,0,0,0,0,0,0,0,0
PBT,0,0,0,0,0,0,0,0,0,0,0,0,0,0,0,0,0,0
PBYI,0,0,0,0,0,0,0,0,0,0,0,0,0,0,0,0,0,0
PC,0,0,0,0,0,0,0,0,0,0,0,0,0,0,0,0,0,0
PCAP,0,0,0,0,0,0,0,0,0,0,0,0,0,0,0,0,0,0
PCAPU,0,0,0,0,0,0,0,0,0,0,0,0,0,0,0,0,0,0
PCAPW,0,0,0,0,0,0,0,0,0,0,0,0,0,0,0,0,0,0
PCAR,0,0,0,0,0,0,0,0,0,0,0,0,0,0,0,0,0,0
PCB,0,0,0,0,0,0,0,0,0,0,0,0,0,0,0,0,0,0
PCF,0,0,0,0,0,0,0,0,0,0,0,0,0,0,0,0,0,0
PCG,0,0,0,0,0,0,0,0,0,0,0,0,0,0,0,0,0,0
PCH,0,0,0,0,0,0,0,0,0,0,0,0,0,0,0,0,0,0
PCK,0,0,0,0,0,0,0,0,0,0,0,0,0,0,0,0,0,0
PCLA,0,0,0,0,0,0,0,0,0,0,0,0,0,0,0,0,0,0
PCM,0,0,0,0,0,0,0,0,0,0,0,0,0,0,0,0,0,0
PCN,0,0,0,0,0,0,0,0,0,0,0,0,0,0,0,0,0,0
PCOR,0,0,0,0,0,0,0,0,0,0,0,0,0,0,0,0,0,0
PCQ,0,0,0,0,0,0,0,0,0,0,0,0,0,0,0,0,0,0
PCRX,0,0,0,0,0,0,0,0,0,0,0,0,0,0,0,0,0,0
PCSA,0,0,0,0,0,0,0,0,0,0,0,0,0,0,0,0,0,0
PCSC,0,0,0,0,0,0,0,0,0,0,0,0,0,0,0,0,0,0
PCT,0,0,0,0,0,0,0,0,0,0,0,0,0,0,0,0,0,0
PCTTU,0,0,0,0,0,0,0,0,0,0,0,0,0,0,0,0,0,0
PCTTW,0,0,0,0,0,0,0,0,0,0,0,0,0,0,0,0,0,0
PCTY,0,0,0,0,0,0,0,0,0,0,0,0,0,0,0,0,0,0
PCVX,0,0,0,0,0,0,0,0,0,0,0,0,0,0,0,0,0,0
PCYO,0,0,0,0,0,0,0,0,0,0,0,0,0,0,0,0,0,0
PD,1,5,8,0,0,0,0,0,0,0,0,0,0,0,0,0,0,0
PDCC,0,0,0,0,0,0,0,0,0,0,0,0,0,0,0,0,0,0
PDD,0,0,0,0,0,0,0,0,0,0,0,0,0,0,0,0,0,0
PDEX,0,0,0,0,0,0,0,0,0,0,0,0,0,0,0,0,0,0
PDFS,0,0,0,0,0,0,0,0,0,0,0,0,0,0,0,0,0,0
PDI,0,0,0,0,0,0,0,0,0,0,0,0,0,0,0,0,0,0
PDLB,0,0,0,0,0,0,0,0,0,0,0,0,0,0,0,0,0,0
PDM,0,0,0,0,0,0,0,0,0,0,0,0,0,0,0,0,0,0
PDO,0,0,0,0,0,0,0,0,0,0,0,0,0,0,0,0,0,0
PDPA,0,0,0,0,0,0,0,0,0,0,0,0,0,0,0,0,0,0
PDS,0,0,0,0,0,0,0,0,0,0,0,0,0,0,0,0,0,0
PDSB,0,0,0,0,0,0,0,0,0,0,0,0,0,0,0,0,0,0
PDT,0,0,0,0,0,0,0,0,0,0,0,0,1,0,13,0,0,0
PDX,0,0,0,0,0,0,0,0,0,0,0,0,0,0,0,0,0,0
PDYN,0,0,0,0,0,0,0,0,0,0,0,0,0,0,0,0,0,0
PDYNW,0,0,0,0,0,0,0,0,0,0,0,0,0,0,0,0,0,0
PEB,0,0,0,0,0,0,0,0,0,0,0,0,0,0,0,0,0,0
PEBK,0,0,0,0,0,0,0,0,0,0,0,0,0,0,0,0,0,0
PEBO,0,0,0,0,0,0,0,0,0,0,0,0,0,0,0,0,0,0
PECO,0,0,0,0,0,0,0,0,0,0,0,0,0,0,0,0,0,0
PELI,0,0,0,0,0,0,0,0,0,0,0,0,0,0,0,0,0,0
PELIR,0,0,0,0,0,0,0,0,0,0,0,0,0,0,0,0,0,0
PENG,0,0,0,0,0,0,0,0,0,0,0,0,0,0,0,0,0,0
PENN,0,0,0,0,0,0,0,0,0,0,0,0,0,0,0,0,0,0
PEO,0,0,0,0,0,0,0,0,0,0,0,0,0,0,0,0,0,0
PEPG,0,0,0,0,0,0,0,0,0,0,0,0,0,0,0,0,0,0
PERF,0,0,0,0,0,0,0,0,0,0,0,0,0,0,0,0,0,0
PESI,0,0,0,0,0,0,0,0,0,0,0,0,0,0,0,0,0,0
PETS,0,0,0,1,2,40,0,0,0,0,0,0,0,0,0,0,0,0
PETWW,0,0,0,0,0,0,0,0,0,0,0,0,0,0,0,0,0,0
PETZ,0,0,0,0,0,0,0,0,0,0,0,0,0,0,0,0,0,0
PFAI,0,0,0,0,0,0,0,0,0,0,0,0,0,0,0,0,0,0
PFBC,0,0,0,0,0,0,0,0,0,0,0,0,0,0,0,0,0,0
PFD,0,0,0,0,0,0,0,0,0,0,0,0,0,0,0,0,0,0
PFE,0,0,0,0,0,0,0,0,0,0,0,0,0,0,0,0,0,0
PFG,0,0,0,0,0,0,0,0,0,0,0,0,0,0,0,0,0,0
PFGC,0,0,0,0,0,0,0,0,0,0,0,0,0,0,0,0,0,0
PFH,0,0,0,0,0,0,0,0,0,0,0,0,0,0,0,0,0,0
PFIS,0,0,0,0,0,0,0,0,0,0,0,0,0,0,0,0,0,0
PFL,0,0,0,0,0,0,0,0,0,0,0,0,0,0,0,0,0,0
PFLT,0,0,0,0,0,0,0,0,0,0,0,0,0,0,0,0,0,0
PFN,0,0,0,0,0,0,0,0,0,0,0,0,0,0,0,0,0,0
PFO,0,0,0,0,0,0,0,0,0,0,0,0,0,0,0,0,0,0
PFS,0,0,0,0,0,0,0,0,0,1,8,5,1,8,6,0,0,0
PFSA,1,16,27,1,19,32,2,21,41,2,21,41,1,3,6,0,0,0
PFSI,0,0,0,0,0,0,0,0,0,0,0,0,0,0,0,0,0,0
PFX,0,0,0,0,0,0,0,0,0,0,0,0,0,0,0,0,0,0
PFXNZ,0,0,0,0,0,0,0,0,0,0,0,0,0,0,0,0,0,0
PG,1,1,6,1,2,6,1,2,6,0,0,0,0,0,0,0,0,0
PGC,0,0,0,0,0,0,0,0,0,0,0,0,0,0,0,0,0,0
PGEN,0,0,0,0,0,0,0,0,0,0,0,0,0,0,0,0,0,0
PGNY,0,0,0,0,0,0,0,0,0,0,0,0,0,0,0,0,0,0
PGP,0,0,0,0,0,0,0,0,0,0,0,0,0,0,0,0,0,0
PGR,0,0,0,0,0,0,0,0,0,0,0,0,0,0,0,0,0,0
PGRE,0,0,0,0,0,0,0,0,0,0,0,0,0,0,0,0,0,0
PGY,0,0,0,0,0,0,0,0,0,0,0,0,0,0,0,0,0,0
PGYWW,0,0,0,0,0,0,0,0,0,0,0,0,0,0,0,0,0,0
PGZ,0,0,0,0,0,0,0,0,0,0,0,0,0,0,0,0,0,0
PH,0,0,0,1,0,1,2,2,11,0,0,0,0,0,0,0,0,0
PHAR,0,0,0,0,0,0,0,0,0,0,0,0,0,0,0,0,0,0
PHAT,0,0,0,0,0,0,0,0,0,0,0,0,0,0,0,0,0,0
PHD,0,0,0,0,0,0,0,0,0,0,0,0,0,0,0,0,0,0
PHG,0,0,0,0,0,0,0,0,0,0,0,0,0,0,0,0,0,0
PHGE,0,0,0,0,0,0,0,0,0,0,0,0,0,0,0,0,0,0
PHH,0,0,0,0,0,0,0,0,0,0,0,0,0,0,0,0,0,0
PHIN,0,0,0,0,0,0,0,0,0,0,0,0,0,0,0,0,0,0
PHIO,0,0,0,0,0,0,0,0,0,1,2,2,0,0,0,0,0,0
PHK,0,0,0,0,0,0,0,0,0,0,0,0,0,0,0,0,0,0
PHLT,0,0,0,0,0,0,0,0,0,0,0,0,0,0,0,0,0,0
PHM,0,0,0,0,0,0,0,0,0,0,0,0,0,0,0,0,0,0
PHOE,0,0,0,0,0,0,0,0,0,0,0,0,0,0,0,0,0,0
PHR,0,0,0,0,0,0,0,0,0,0,0,0,0,0,0,0,0,0
PHT,0,0,0,0,0,0,0,0,0,0,0,0,0,0,0,0,0,0
PHUN,0,0,0,0,0,0,0,0,0,0,0,0,0,0,0,0,0,0
PHVS,0,0,0,0,0,0,0,0,0,0,0,0,0,0,0,0,0,0
PII,0,0,0,0,0,0,0,0,0,0,0,0,0,0,0,0,0,0
PIII,0,0,0,0,0,0,0,0,0,0,0,0,0,0,0,0,0,0
PIIIW,0,0,0,0,0,0,0,0,0,0,0,0,0,0,0,0,0,0
PINC,0,0,0,0,0,0,0,0,0,0,0,0,0,0,0,0,0,0
PINS,0,0,0,0,0,0,0,0,0,0,0,0,0,0,0,0,0,0
PIPR,0,0,0,0,0,0,0,0,0,0,0,0,0,0,0,0,0,0
PJT,0,0,0,0,0,0,0,0,0,0,0,0,0,0,0,0,0,0
PK,0,0,0,0,0,0,0,0,0,0,0,0,0,0,0,0,0,0
PKBK,0,0,0,0,0,0,0,0,0,0,0,0,0,0,0,0,0,0
PKE,0,0,0,0,0,0,0,0,0,0,0,0,0,0,0,0,0,0
PKG,0,0,0,0,0,0,0,0,0,0,0,0,0,0,0,0,0,0
PKOH,0,0,0,0,0,0,0,0,0,0,0,0,0,0,0,0,0,0
PKST,0,0,0,0,0,0,0,0,0,0,0,0,0,0,0,0,0,0
PKX,0,0,0,0,0,0,0,0,0,0,0,0,0,0,0,0,0,0
PL,0,0,0,0,0,0,1,3,38,0,0,0,0,0,0,0,0,0
PLAB,0,0,0,0,0,0,0,0,0,0,0,0,0,0,0,0,0,0
PLAG,0,0,0,0,0,0,0,0,0,0,0,0,0,0,0,0,0,0
PLBC,0,0,0,0,0,0,0,0,0,0,0,0,0,0,0,0,0,0
PLBY,0,0,0,0,0,0,0,0,0,0,0,0,0,0,0,0,0,0
PLCE,0,0,0,0,0,0,0,0,0,0,0,0,0,0,0,0,0,0
PLD,0,0,0,0,0,0,0,0,0,0,0,0,0,0,0,0,0,0
PLG,0,0,0,0,0,0,0,0,0,0,0,0,0,0,0,0,0,0
PLL,0,0,0,0,0,0,0,0,0,0,0,0,0,0,0,0,0,0
PLMK,0,0,0,0,0,0,0,0,0,0,0,0,0,0,0,0,0,0
PLMKW,0,0,0,0,0,0,0,0,0,0,0,0,0,0,0,0,0,0
PLMR,0,0,0,0,0,0,0,0,0,0,0,0,0,0,0,0,0,0
PLNT,0,0,0,0,0,0,0,0,0,0,0,0,0,0,0,0,0,0
PLPC,0,0,0,0,0,0,0,0,0,0,0,0,0,0,0,0,0,0
PLRX,0,0,0,0,0,0,0,0,0,0,0,0,0,0,0,0,0,0
PLRZ,0,0,0,0,0,0,0,0,0,0,0,0,0,0,0,0,0,0
PLSE,0,0,0,0,0,0,0,0,0,0,0,0,0,0,0,0,0,0
PLTK,0,0,0,0,0,0,0,0,0,0,0,0,0,0,0,0,0,0
PLTR,3,2309,300,3,2355,305,5,176,52,2,31,15,3,279,96,0,0,0
PLUR,0,0,0,0,0,0,0,0,0,0,0,0,0,0,0,0,0,0
PLUT,0,0,0,0,0,0,0,0,0,0,0,0,0,0,0,0,0,0
PLX,0,0,0,0,0,0,0,0,0,0,0,0,0,0,0,0,0,0
PLXS,0,0,0,0,0,0,0,0,0,0,0,0,0,0,0,0,0,0
PLYM,0,0,0,0,0,0,0,0,0,0,0,0,0,0,0,0,0,0
PM,4,48,29,3,46,29,1,31,8,1,0,3,1,1,4,1,3,1
PMAX,0,0,0,0,0,0,0,0,0,0,0,0,0,0,0,0,0,0
PMCB,0,0,0,0,0,0,0,0,0,0,0,0,0,0,0,0,0,0
PMEC,0,0,0,0,0,0,0,0,0,0,0,0,0,0,0,0,0,0
PMF,0,0,0,0,0,0,0,0,0,0,0,0,0,0,0,0,0,0
PML,0,0,0,0,0,0,0,0,0,0,0,0,0,0,0,0,0,0
PMM,0,0,0,0,0,0,0,0,0,0,0,0,0,0,0,0,0,0
PMN,0,0,0,0,0,0,0,0,0,0,0,0,0,0,0,1,39,21
PMNT,0,0,0,0,0,0,0,0,0,0,0,0,0,0,0,0,0,0
PMO,0,0,0,0,0,0,0,0,0,0,0,0,0,0,0,0,0,0
PMT,0,0,0,0,0,0,0,0,0,0,0,0,0,0,0,0,0,0
PMTR,0,0,0,0,0,0,0,0,0,0,0,0,0,0,0,0,0,0
PMTRU,0,0,0,0,0,0,0,0,0,0,0,0,0,0,0,0,0,0
PMTRW,0,0,0,0,0,0,0,0,0,0,0,0,0,0,0,0,0,0
PMTS,0,0,0,0,0,0,0,0,0,0,0,0,0,0,0,0,0,0
PMTU,0,0,0,0,0,0,0,0,0,0,0,0,0,0,0,0,0,0
PMTV,0,0,0,0,0,0,0,0,0,0,0,0,0,0,0,0,0,0
PMTW,0,0,0,0,0,0,0,0,0,0,0,0,0,0,0,0,0,0
PMVP,0,0,0,0,0,0,0,0,0,0,0,0,0,0,0,0,0,0
PMX,0,0,0,0,0,0,0,0,0,0,0,0,0,0,0,0,0,0
PN,0,0,0,0,0,0,0,0,0,0,0,0,0,0,0,0,0,0
PNBK,0,0,0,0,0,0,0,0,0,0,0,0,0,0,0,0,0,0
PNC,0,0,0,0,0,0,0,0,0,0,0,0,0,0,0,0,0,0
PNF,0,0,0,0,0,0,0,0,0,0,0,0,0,0,0,0,0,0
PNFP,0,0,0,0,0,0,0,0,0,0,0,0,0,0,0,0,0,0
PNFPP,0,0,0,0,0,0,0,0,0,0,0,0,0,0,0,0,0,0
PNI,0,0,0,0,0,0,0,0,0,0,0,0,0,0,0,0,0,0
PNNT,0,0,0,0,0,0,0,0,0,0,0,0,0,0,0,0,0,0
PNR,0,0,0,0,0,0,0,0,0,0,0,0,0,0,0,0,0,0
PNRG,0,0,0,0,0,0,0,0,0,0,0,0,0,0,0,0,0,0
PNTG,0,0,0,0,0,0,0,0,0,0,0,0,0,0,0,0,0,0
PNW,0,0,0,0,0,0,0,0,0,0,0,0,0,0,0,0,0,0
POAI,0,0,0,0,0,0,0,0,0,0,0,0,0,0,0,0,0,0
POCI,0,0,0,0,0,0,0,0,0,0,0,0,0,0,0,0,0,0
PODC,0,0,0,0,0,0,0,0,0,0,0,0,0,0,0,0,0,0
PODD,0,0,0,0,0,0,0,0,0,0,0,0,0,0,0,0,0,0
POLA,0,0,0,0,0,0,0,0,0,0,0,0,0,0,0,0,0,0
POLEW,0,0,0,0,0,0,0,0,0,0,0,0,0,0,0,0,0,0
POR,0,0,0,0,0,0,0,0,0,0,0,0,0,0,0,0,0,0
POWI,0,0,0,0,0,0,0,0,0,0,0,0,0,0,0,0,0,0
POWL,0,0,0,0,0,0,0,0,0,0,0,0,0,0,0,0,0,0
POWW,0,0,0,0,0,0,0,0,0,0,0,0,0,0,0,0,0,0
POWWP,0,0,0,0,0,0,0,0,0,0,0,0,0,0,0,0,0,0
PPBI,0,0,0,0,0,0,0,0,0,0,0,0,0,0,0,0,0,0
PPBT,0,0,0,0,0,0,0,0,0,0,0,0,0,0,0,0,0,0
PPC,0,0,0,0,0,0,0,0,0,0,0,0,0,0,0,0,0,0
PPG,0,0,0,0,0,0,0,0,0,0,0,0,0,0,0,0,0,0
PPIH,0,0,0,0,0,0,0,0,0,0,0,0,0,0,0,0,0,0
PPL,0,0,0,0,0,0,0,0,0,0,0,0,0,0,0,0,0,0
PPSI,0,0,0,0,0,0,0,0,0,0,0,0,0,0,0,0,0,0
PPT,0,0,0,0,0,0,0,0,0,0,0,0,0,0,0,0,0,0
PPTA,0,0,0,0,0,0,0,0,0,0,0,0,0,0,0,0,0,0
PR,5,55,70,3,63,36,3,6,14,3,132,68,3,151,77,1,3,2
PRA,0,0,0,0,0,0,0,0,0,0,0,0,0,0,0,0,0,0
PRAA,0,0,0,0,0,0,0,0,0,0,0,0,0,0,0,0,0,0
PRAX,0,0,0,0,0,0,0,0,0,0,0,0,0,0,0,0,0,0
PRCH,0,0,0,0,0,0,0,0,0,0,0,0,0,0,0,0,0,0
PRCT,0,0,0,0,0,0,0,0,0,0,0,0,0,0,0,0,0,0
PRDO,0,0,0,0,0,0,0,0,0,0,0,0,0,0,0,0,0,0
PRENW,0,0,0,0,0,0,0,0,0,0,0,0,0,0,0,0,0,0
PRFX,0,0,0,0,0,0,0,0,0,0,0,0,0,0,0,0,0,0
PRG,0,0,0,0,0,0,0,0,0,0,0,0,0,0,0,0,0,0
PRGO,0,0,0,0,0,0,0,0,0,0,0,0,0,0,0,0,0,0
PRGS,0,0,0,0,0,0,0,0,0,0,0,0,0,0,0,0,0,0
PRH,0,0,0,0,0,0,0,0,0,0,0,0,0,0,0,0,0,0
PRI,0,0,0,0,0,0,0,0,0,0,0,0,0,0,0,0,0,0
PRK,0,0,0,0,0,0,0,0,0,0,0,0,0,0,0,0,0,0
PRKS,0,0,0,0,0,0,0,0,0,0,0,0,0,0,0,0,0,0
PRLB,0,0,0,0,0,0,0,0,0,0,0,0,0,0,0,0,0,0
PRLD,0,0,0,0,0,0,0,0,0,0,0,0,0,0,0,0,0,0
PRM,0,0,0,0,0,0,0,0,0,0,0,0,0,0,0,0,0,0
PRMB,0,0,0,0,0,0,0,0,0,0,0,0,0,0,0,0,0,0
PRME,0,0,0,0,0,0,0,0,0,0,0,0,0,0,0,0,0,0
PROK,0,0,0,0,0,0,0,0,0,0,0,0,0,0,0,0,0,0
PROV,0,0,0,0,0,0,0,0,0,0,0,0,0,0,0,0,0,0
PRPH,0,0,0,0,0,0,0,0,0,0,0,0,0,0,0,0,0,0
PRPL,0,0,0,0,0,0,0,0,0,0,0,0,0,0,0,0,0,0
PRPO,0,0,0,0,0,0,0,0,0,0,0,0,0,0,0,0,0,0
PRQR,0,0,0,0,0,0,0,0,0,0,0,0,0,0,0,0,0,0
PRS,0,0,0,0,0,0,1,6,16,1,14,21,1,16,25,0,0,0
PRSO,0,0,0,0,0,0,0,0,0,0,0,0,0,0,0,0,0,0
PRSU,0,0,0,0,0,0,0,0,0,0,0,0,0,0,0,0,0,0
PRT,0,0,0,0,0,0,0,0,0,0,0,0,0,0,0,0,0,0
PRTA,0,0,0,0,0,0,0,0,0,0,0,0,0,0,0,0,0,0
PRTC,0,0,0,0,0,0,0,0,0,0,0,0,0,0,0,0,0,0
PRTG,0,0,0,0,0,0,0,0,0,0,0,0,0,0,0,0,0,0
PRTH,0,0,0,0,0,0,0,0,0,0,0,0,0,0,0,0,0,0
PRTS,0,0,0,0,0,0,0,0,0,0,0,0,0,0,0,0,0,0
PRU,0,0,0,0,0,0,0,0,0,0,0,0,0,0,0,0,0,0
PRVA,0,0,0,0,0,0,0,0,0,0,0,0,0,0,0,0,0,0
PRZO,0,0,0,0,0,0,0,0,0,0,0,0,0,0,0,0,0,0
PSA,0,0,0,0,0,0,0,0,0,0,0,0,0,0,0,0,0,0
PSBD,0,0,0,0,0,0,0,0,0,0,0,0,0,0,0,0,0,0
PSEC,0,0,0,0,0,0,0,0,0,0,0,0,0,0,0,0,0,0
PSF,0,0,0,0,0,0,0,0,0,0,0,0,0,0,0,0,0,0
PSFE,0,0,0,0,0,0,0,0,0,0,0,0,0,0,0,0,0,0
PSHG,0,0,0,0,0,0,0,0,0,0,0,0,0,0,0,0,0,0
PSIG,0,0,0,0,0,0,0,0,0,0,0,0,0,0,0,0,0,0
PSIX,0,0,0,0,0,0,0,0,0,0,0,0,0,0,0,0,0,0
PSMT,0,0,0,0,0,0,0,0,0,0,0,0,0,0,0,0,0,0
PSN,0,0,0,0,0,0,1,0,1,1,0,2,1,0,2,0,0,0
PSNL,0,0,0,0,0,0,0,0,0,0,0,0,0,0,0,0,0,0
PSNY,0,0,0,0,0,0,1,12,12,0,0,0,0,0,0,0,0,0
PSNYW,0,0,0,0,0,0,0,0,0,0,0,0,0,0,0,0,0,0
PSO,0,0,0,0,0,0,0,0,0,0,0,0,0,0,0,0,0,0
PSQH,0,0,0,0,0,0,0,0,0,0,0,0,0,0,0,0,0,0
PSTG,0,0,0,0,0,0,0,0,0,0,0,0,0,0,0,0,0,0
PSTL,0,0,0,0,0,0,0,0,0,0,0,0,0,0,0,0,0,0
PSTV,0,0,0,0,0,0,1,26,25,1,47,107,1,53,121,0,0,0
PSX,0,0,0,0,0,0,0,0,0,0,0,0,0,0,0,0,0,0
PT,1,14,4,1,19,6,2,43,26,1,9,10,2,20,21,0,0,0
PTA,0,0,0,0,0,0,0,0,0,0,0,0,0,0,0,0,0,0
PTC,0,0,0,0,0,0,0,0,0,0,0,0,0,0,0,0,0,0
PTCT,0,0,0,0,0,0,0,0,0,0,0,0,0,0,0,0,0,0
PTEN,0,0,0,0,0,0,0,0,0,0,0,0,0,0,0,0,0,0
PTGX,0,0,0,0,0,0,0,0,0,0,0,0,0,0,0,0,0,0
PTHL,1,4,1,1,3,2,1,3,4,1,3,4,1,3,4,0,0,0
PTHS,0,0,0,0,0,0,0,0,0,0,0,0,0,0,0,0,0,0
PTIX,0,0,0,0,0,0,0,0,0,0,0,0,0,0,0,0,0,0
PTIXW,0,0,0,0,0,0,0,0,0,0,0,0,0,0,0,0,0,0
PTLE,0,0,0,1,4,1,1,3,1,1,4,1,1,4,1,0,0,0
PTLO,0,0,0,0,0,0,0,0,0,0,0,0,0,0,0,1,5,12
PTMN,0,0,0,0,0,0,0,0,0,0,0,0,0,0,0,0,0,0
PTNM,0,0,0,0,0,0,0,0,0,0,0,0,0,0,0,0,0,0
PTON,0,0,0,0,0,0,0,0,0,0,0,0,0,0,0,0,0,0
PTY,0,0,0,0,0,0,0,0,0,0,0,0,0,0,0,0,0,0
PUBM,0,0,0,0,0,0,0,0,0,0,0,0,0,0,0,0,0,0
PUK,0,0,0,0,0,0,0,0,0,0,0,0,0,0,0,0,0,0
PULM,0,0,0,0,0,0,0,0,0,0,0,0,0,0,0,0,0,0
PVBC,0,0,0,0,0,0,0,0,0,0,0,0,0,0,0,0,0,0
PVH,0,0,0,0,0,0,0,0,0,0,0,0,0,0,0,0,0,0
PVL,0,0,0,0,0,0,0,0,0,0,0,0,0,0,0,0,0,0
PVLA,0,0,0,0,0,0,0,0,0,0,0,0,0,0,0,0,0,0
PW,0,0,0,0,0,0,0,0,0,0,0,0,0,0,0,0,0,0
PWM,0,0,0,0,0,0,0,0,0,0,0,0,0,0,0,0,0,0
PWOD,0,0,0,0,0,0,0,0,0,0,0,0,0,0,0,0,0,0
PWP,0,0,0,0,0,0,0,0,0,0,0,0,0,0,0,0,0,0
PWR,0,0,0,0,0,0,0,0,0,0,0,0,0,0,0,0,0,0
PX,0,0,0,0,0,0,0,0,0,0,0,0,0,0,0,0,0,0
PXLW,0,0,0,0,0,0,0,0,0,0,0,0,0,0,0,0,0,0
PXS,0,0,0,0,0,0,0,0,0,0,0,0,0,0,0,0,0,0
PXSAW,0,0,0,0,0,0,0,0,0,0,0,0,0,0,0,0,0,0
PYN,0,0,0,0,0,0,0,0,0,0,0,0,0,0,0,0,0,0
PYPD,0,0,0,0,0,0,0,0,0,0,0,0,0,0,0,0,0,0
PYPL,1,1,6,1,2,6,1,2,6,0,0,0,0,0,0,0,0,0
PYXS,0,0,0,0,0,0,0,0,0,0,0,0,0,0,0,0,0,0
PZC,0,0,0,0,0,0,0,0,0,0,0,0,0,0,0,0,0,0
PZG,0,0,0,0,0,0,0,0,0,0,0,0,0,0,0,0,0,0
PZZA,0,0,0,0,0,0,0,0,0,0,0,0,0,0,0,0,0,0
QBTS,0,0,0,0,0,0,0,0,0,0,0,0,0,0,0,0,0,0
QCOM,1,1,4,1,7,7,1,5,7,1,6,7,1,5,11,0,0,0
QCRH,0,0,0,0,0,0,0,0,0,0,0,0,0,0,0,0,0,0
QD,0,0,0,0,0,0,0,0,0,0,0,0,0,0,0,0,0,0
QDEL,0,0,0,0,0,0,0,0,0,0,0,0,0,0,0,0,0,0
QETA,0,0,0,0,0,0,0,0,0,0,0,0,0,0,0,0,0,0
QFIN,0,0,0,0,0,0,0,0,0,0,0,0,0,0,0,0,0,0
QGEN,0,0,0,0,0,0,0,0,0,0,0,0,0,0,0,0,0,0
QH,0,0,0,0,0,0,0,0,0,0,0,0,0,0,0,0,0,0
QIPT,0,0,0,0,0,0,0,0,0,0,0,0,0,0,0,0,0,0
QLGN,0,0,0,0,0,0,0,0,0,0,0,0,0,0,0,1,2,1
QLYS,0,0,0,0,0,0,0,0,0,0,0,0,0,0,0,0,0,0
QMCO,0,0,0,0,0,0,0,0,0,0,0,0,0,0,0,0,0,0
QMMM,0,0,0,0,0,0,0,0,0,0,0,0,0,0,0,0,0,0
QNCX,0,0,0,0,0,0,0,0,0,0,0,0,0,0,0,0,0,0
QNRX,0,0,0,0,0,0,0,0,0,0,0,0,0,0,0,0,0,0
QNST,0,0,0,0,0,0,0,0,0,0,0,0,0,0,0,0,0,0
QNTM,0,0,0,0,0,0,0,0,0,0,0,0,0,0,0,1,1,1
QQQX,0,0,0,0,0,0,0,0,0,0,0,0,0,0,0,0,0,0
QRHC,0,0,0,0,0,0,0,0,0,0,0,0,0,0,0,0,0,0
QRVO,0,0,0,0,0,0,0,0,0,0,0,0,0,0,0,0,0,0
QS,1,135,38,1,146,42,0,0,0,0,0,0,0,0,0,0,0,0
QSEA,0,0,0,0,0,0,0,0,0,0,0,0,0,0,0,0,0,0
QSEAR,0,0,0,0,0,0,0,0,0,0,0,0,0,0,0,0,0,0
QSG,0,0,0,0,0,0,0,0,0,0,0,0,0,0,0,0,0,0
QSI,0,0,0,0,0,0,0,0,0,0,0,0,0,0,0,0,0,0
QSIAW,0,0,0,0,0,0,0,0,0,0,0,0,0,0,0,0,0,0
QSR,0,0,0,0,0,0,0,0,0,0,0,0,0,0,0,0,0,0
QTRX,0,0,0,0,0,0,0,0,0,0,0,0,0,0,0,0,0,0
QTTB,0,0,0,0,0,0,0,0,0,0,0,0,0,0,0,0,0,0
QTWO,0,0,0,0,0,0,0,0,0,0,0,0,0,0,0,0,0,0
QUBT,0,0,0,0,0,0,0,0,0,0,0,0,0,0,0,0,0,0
QUIK,0,0,0,0,0,0,0,0,0,0,0,0,0,0,0,0,0,0
QURE,0,0,0,0,0,0,0,0,0,0,0,0,0,0,0,0,0,0
QVCC,0,0,0,0,0,0,0,0,0,0,0,0,0,0,0,0,0,0
QVCD,0,0,0,0,0,0,0,0,0,0,0,0,0,0,0,0,0,0
QVCGA,0,0,0,0,0,0,0,0,0,0,0,0,0,0,0,0,0,0
QVCGP,0,0,0,0,0,0,0,0,0,0,0,0,0,0,0,0,0,0
QXO,0,0,0,0,0,0,0,0,0,0,0,0,0,0,0,0,0,0
RAAQ,0,0,0,0,0,0,0,0,0,0,0,0,0,0,0,0,0,0
RAAQU,0,0,0,0,0,0,0,0,0,0,0,0,0,0,0,0,0,0
RAAQW,0,0,0,0,0,0,0,0,0,0,0,0,0,0,0,0,0,0
RAC,0,0,0,0,0,0,0,0,0,0,0,0,0,0,0,0,0,0
RADX,1,4,1,1,4,1,0,0,0,0,0,0,0,0,0,0,0,0
RAINW,0,0,0,0,0,0,0,0,0,0,0,0,0,0,0,0,0,0
RAL,0,0,0,0,0,0,0,0,0,0,0,0,0,0,0,0,0,0
RANGR,0,0,0,0,0,0,0,0,0,0,0,0,0,0,0,0,0,0
RAPP,0,0,0,0,0,0,0,0,0,0,0,0,0,0,0,0,0,0
RBA,0,0,0,0,0,0,0,0,0,0,0,0,0,0,0,0,0,0
RBB,0,0,0,0,0,0,0,0,0,0,0,0,0,0,0,0,0,0
RBBN,0,0,0,0,0,0,0,0,0,0,0,0,0,0,0,0,0,0
RBC,0,0,0,0,0,0,0,0,0,0,0,0,0,0,0,0,0,0
RBCAA,0,0,0,0,0,0,0,0,0,0,0,0,0,0,0,0,0,0
RBKB,0,0,0,0,0,0,0,0,0,0,0,0,0,0,0,0,0,0
RBLX,0,0,0,0,0,0,1,21,10,0,0,0,0,0,0,0,0,0
RBNE,0,0,0,0,0,0,0,0,0,0,0,0,0,0,0,0,0,0
RBOT,0,0,0,0,0,0,0,0,0,0,0,0,0,0,0,0,0,0
RBRK,0,0,0,0,0,0,0,0,0,0,0,0,0,0,0,0,0,0
RC,1,2,1,0,0,0,0,0,0,0,0,0,0,0,0,0,0,0
RCAT,1,0,34,0,0,0,0,0,0,0,0,0,0,0,0,0,0,0
RCB,0,0,0,0,0,0,0,0,0,0,0,0,0,0,0,0,0,0
RCC,0,0,0,0,0,0,0,0,0,0,0,0,0,0,0,0,0,0
RCD,0,0,0,0,0,0,0,0,0,0,0,0,0,0,0,0,0,0
RCEL,0,0,0,0,0,0,0,0,0,0,0,0,0,0,0,0,0,0
RCG,0,0,0,0,0,0,0,0,0,0,0,0,0,0,0,0,0,0
RCI,0,0,0,0,0,0,0,0,0,0,0,0,0,0,0,0,0,0
RCKT,0,0,0,0,0,0,0,0,0,0,0,0,0,0,0,0,0,0
RCKTW,0,0,0,0,0,0,0,0,0,0,0,0,0,0,0,0,0,0
RCKY,0,0,0,0,0,0,0,0,0,0,0,0,0,0,0,0,0,0
RCL,0,0,0,0,0,0,0,0,0,0,0,0,0,0,0,0,0,0
RCMT,0,0,0,0,0,0,0,0,0,0,0,0,0,0,0,0,0,0
RCON,0,0,0,0,0,0,0,0,0,0,0,0,0,0,0,0,0,0
RCS,0,0,0,0,0,0,0,0,0,0,0,0,0,0,0,0,0,0
RCT,0,0,0,0,0,0,0,0,0,0,0,0,0,0,0,0,0,0
RCUS,0,0,0,0,0,0,0,0,0,0,0,0,0,0,0,0,0,0
RDAC,0,0,0,0,0,0,0,0,0,0,0,0,0,0,0,0,0,0
RDAG,0,0,0,0,0,0,0,0,0,0,0,0,0,0,0,0,0,0
RDAGU,0,0,0,0,0,0,0,0,0,0,0,0,0,0,0,0,0,0
RDAGW,0,0,0,0,0,0,0,0,0,0,0,0,0,0,0,0,0,0
RDCM,0,0,0,0,0,0,0,0,0,0,0,0,0,0,0,0,0,0
RDDT,4,477,265,3,492,289,12,804,310,15,2609,518,12,3430,533,0,0,0
RDGT,0,0,0,0,0,0,0,0,0,0,0,0,0,0,0,0,0,0
RDHL,0,0,0,0,0,0,0,0,0,0,0,0,0,0,0,0,0,0
RDI,0,0,0,0,0,0,0,0,0,0,0,0,0,0,0,0,0,0
RDIB,0,0,0,0,0,0,0,0,0,0,0,0,0,0,0,0,0,0
RDN,0,0,0,0,0,0,0,0,0,0,0,0,0,0,0,0,0,0
RDNT,0,0,0,0,0,0,0,0,0,0,0,0,0,0,0,0,0,0
RDVT,0,0,0,0,0,0,0,0,0,0,0,0,0,0,0,0,0,0
RDW,0,0,0,0,0,0,1,1,3,1,2,4,1,2,4,0,0,0
RDWR,0,0,0,0,0,0,0,0,0,0,0,0,0,0,0,0,0,0
RDY,0,0,0,0,0,0,0,0,0,0,0,0,0,0,0,0,0,0
RDZN,0,0,0,0,0,0,0,0,0,0,0,0,0,0,0,0,0,0
RDZNW,0,0,0,0,0,0,0,0,0,0,0,0,0,0,0,0,0,0
REAX,0,0,0,0,0,0,0,0,0,0,0,0,0,0,0,0,0,0
REBN,0,0,0,0,0,0,0,0,0,0,0,0,0,0,0,0,0,0
REFI,0,0,0,0,0,0,0,0,0,0,0,0,0,0,0,0,0,0
REFR,0,0,0,0,0,0,0,0,0,0,0,0,0,0,0,0,0,0
REGCO,0,0,0,0,0,0,0,0,0,0,0,0,0,0,0,0,0,0
REGCP,0,0,0,0,0,0,0,0,0,0,0,0,0,0,0,0,0,0
REGN,0,0,0,0,0,0,0,0,0,0,0,0,0,0,0,0,0,0
REI,0,0,0,0,0,0,0,0,0,0,0,0,0,0,0,0,0,0
REKR,0,0,0,0,0,0,0,0,0,0,0,0,0,0,0,0,0,0
RELI,0,0,0,0,0,0,0,0,0,0,0,0,0,0,0,0,0,0
RELIW,0,0,0,0,0,0,0,0,0,0,0,0,0,0,0,0,0,0
RELL,0,0,0,0,0,0,0,0,0,0,0,0,0,0,0,0,0,0
RELX,0,0,0,0,0,0,0,0,0,0,0,0,0,0,0,0,0,0
RENB,0,0,0,0,0,0,0,0,0,0,0,0,0,0,0,0,0,0
REPL,0,0,0,1,3,4,1,5,4,1,5,4,1,6,4,0,0,0
REPX,0,0,0,0,0,0,0,0,0,0,0,0,0,0,0,0,0,0
RERE,0,0,0,0,0,0,0,0,0,0,0,0,0,0,0,0,0,0
RES,0,0,0,0,0,0,0,0,0,0,0,0,1,1,0,0,0,0
RETO,0,0,0,0,0,0,0,0,0,0,0,0,0,0,0,0,0,0
REVB,0,0,0,0,0,0,0,0,0,0,0,0,0,0,0,0,0,0
REVBW,0,0,0,0,0,0,0,0,0,0,0,0,0,0,0,0,0,0
REVG,0,0,0,0,0,0,0,0,0,0,0,0,0,0,0,0,0,0
REXR,0,0,0,0,0,0,0,0,0,0,0,0,0,0,0,0,0,0
REYN,0,0,0,0,0,0,0,0,0,0,0,0,0,0,0,0,0,0
REZI,0,0,0,0,0,0,0,0,0,0,0,0,0,0,0,0,0,0
RF,1,0,1,1,2,1,2,4,2,1,2,1,1,2,1,1,4,3
RFAI,0,0,0,0,0,0,0,0,0,0,0,0,0,0,0,0,0,0
RFAIR,0,0,0,0,0,0,0,0,0,0,0,0,0,0,0,0,0,0
RFI,0,0,0,0,0,0,0,0,0,0,0,0,0,0,0,0,0,0
RFIL,0,0,0,0,0,0,0,0,0,0,0,0,0,0,0,0,0,0
RFL,0,0,0,0,0,0,0,0,0,0,0,0,0,0,0,0,0,0
RFM,0,0,0,0,0,0,0,0,0,0,0,0,0,0,0,0,0,0
RFMZ,0,0,0,0,0,0,0,0,0,0,0,0,0,0,0,0,0,0
RGA,0,0,0,0,0,0,0,0,0,0,0,0,0,0,0,0,0,0
RGC,0,0,0,0,0,0,0,0,0,0,0,0,0,0,0,0,0,0
RGCO,0,0,0,0,0,0,0,0,0,0,0,0,0,0,0,0,0,0
RGEN,1,12,24,1,13,24,0,0,0,0,0,0,0,0,0,0,0,0
RGLD,0,0,0,0,0,0,0,0,0,0,0,0,0,0,0,0,0,0
RGNX,0,0,0,0,0,0,0,0,0,0,0,0,0,0,0,0,0,0
RGP,0,0,0,0,0,0,0,0,0,0,0,0,0,0,0,0,0,0
RGR,0,0,0,0,0,0,0,0,0,0,0,0,0,0,0,0,0,0
RGS,0,0,0,0,0,0,0,0,0,0,0,0,0,0,0,0,0,0
RGT,0,0,0,0,0,0,0,0,0,0,0,0,0,0,0,0,0,0
RGTI,0,0,0,0,0,0,0,0,0,0,0,0,1,289,34,0,0,0
RGTIW,0,0,0,0,0,0,0,0,0,0,0,0,0,0,0,0,0,0
RH,1,4387,744,1,4897,806,2,152,33,1,251,45,1,265,45,0,0,0
RHI,0,0,0,0,0,0,0,0,0,0,0,0,0,0,0,0,0,0
RHLD,0,0,0,0,0,0,0,0,0,0,0,0,0,0,0,0,0,0
RHP,0,0,0,0,0,0,0,0,0,0,0,0,0,0,0,0,0,0
RIBB,0,0,0,0,0,0,0,0,0,0,0,0,0,0,0,0,0,0
RIBBR,0,0,0,0,0,0,0,0,0,0,0,0,0,0,0,0,0,0
RIGL,0,0,0,0,0,0,0,0,0,0,0,0,0,0,0,0,0,0
RILY,0,0,0,0,0,0,0,0,0,0,0,0,0,0,0,0,0,0
RILYG,0,0,0,0,0,0,0,0,0,0,0,0,0,0,0,0,0,0
RILYK,0,0,0,0,0,0,0,0,0,0,0,0,0,0,0,0,0,0
RILYL,0,0,0,0,0,0,0,0,0,0,0,0,0,0,0,0,0,0
RILYN,0,0,0,0,0,0,0,0,0,0,0,0,0,0,0,0,0,0
RILYP,0,0,0,0,0,0,0,0,0,0,0,0,0,0,0,0,0,0
RILYT,0,0,0,0,0,0,0,0,0,0,0,0,0,0,0,0,0,0
RILYZ,0,0,0,0,0,0,0,0,0,0,0,0,0,0,0,0,0,0
RITM,0,0,0,0,0,0,0,0,0,0,0,0,0,0,0,0,0,0
RITR,0,0,0,0,0,0,0,0,0,0,0,0,0,0,0,0,0,0
RIV,0,0,0,0,0,0,0,0,0,0,0,0,0,0,0,0,0,0
RIVN,1,38,45,1,46,45,0,0,0,0,0,0,0,0,0,0,0,0
RJF,0,0,0,0,0,0,0,0,0,0,0,0,0,0,0,0,0,0
RKDA,0,0,0,0,0,0,0,0,0,0,0,0,0,0,0,0,0,0
RKLB,1,0,3,0,0,0,0,0,0,0,0,0,0,0,0,0,0,0
RKT,4,170,53,3,71,40,4,163,130,5,194,130,4,213,99,1,28,95
RL,0,0,0,0,0,0,0,0,0,0,0,0,0,0,0,0,0,0
RLAY,0,0,0,0,0,0,0,0,0,0,0,0,0,0,0,0,0,0
RLGT,0,0,0,0,0,0,0,0,0,0,0,0,0,0,0,0,0,0
RLI,0,0,0,0,0,0,0,0,0,0,0,0,0,0,0,0,0,0
RLJ,0,0,0,0,0,0,0,0,0,0,0,0,0,0,0,0,0,0
RLMD,0,0,0,0,0,0,0,0,0,0,0,0,0,0,0,0,0,0
RLTY,0,0,0,0,0,0,0,0,0,0,0,0,0,0,0,0,0,0
RLX,0,0,0,0,0,0,0,0,0,0,0,0,0,0,0,0,0,0
RLYB,0,0,0,0,0,0,0,0,0,0,0,0,0,0,0,0,0,0
RM,0,0,0,0,0,0,0,0,0,0,0,0,0,0,0,0,0,0
RMAX,0,0,0,0,0,0,0,0,0,0,0,0,0,0,0,0,0,0
RMBI,0,0,0,0,0,0,0,0,0,0,0,0,0,0,0,0,0,0
RMBL,0,0,0,0,0,0,0,0,0,0,0,0,0,0,0,0,0,0
RMBS,0,0,0,0,0,0,0,0,0,0,0,0,0,0,0,0,0,0
RMCF,0,0,0,0,0,0,0,0,0,0,0,0,0,0,0,0,0,0
RMCO,0,0,0,0,0,0,0,0,0,0,0,0,0,0,0,0,0,0
RMCOW,0,0,0,0,0,0,0,0,0,0,0,0,0,0,0,0,0,0
RMD,0,0,0,0,0,0,0,0,0,0,0,0,0,0,0,0,0,0
RMI,0,0,0,0,0,0,0,0,0,0,0,0,0,0,0,0,0,0
RMM,0,0,0,0,0,0,0,0,0,0,0,0,0,0,0,0,0,0
RMMZ,0,0,0,0,0,0,0,0,0,0,0,0,0,0,0,0,0,0
RMNI,0,0,0,0,0,0,0,0,0,0,0,0,0,0,0,0,0,0
RMR,0,0,0,0,0,0,0,0,0,0,0,0,0,0,0,0,0,0
RMSG,0,0,0,0,0,0,0,0,0,0,0,0,0,0,0,0,0,0
RMSGW,0,0,0,0,0,0,0,0,0,0,0,0,0,0,0,0,0,0
RMT,0,0,0,0,0,0,0,0,0,0,0,0,0,0,0,0,0,0
RMTI,0,0,0,0,0,0,0,0,0,0,0,0,0,0,0,0,0,0
RNA,0,0,0,0,0,0,0,0,0,0,0,0,0,0,0,1,3,1
RNAC,0,0,0,0,0,0,0,0,0,0,0,0,0,0,0,0,0,0
RNAZ,0,0,0,0,0,0,0,0,0,0,0,0,0,0,0,0,0,0
RNG,0,0,0,0,0,0,0,0,0,0,0,0,0,0,0,0,0,0
RNGR,0,0,0,0,0,0,0,0,0,0,0,0,0,0,0,0,0,0
RNP,0,0,0,0,0,0,0,0,0,0,0,0,0,0,0,0,0,0
RNR,0,0,0,0,0,0,0,0,0,0,0,0,0,0,0,0,0,0
RNST,0,0,0,0,0,0,0,0,0,0,0,0,0,0,0,0,0,0
RNTX,0,0,0,0,0,0,0,0,0,0,0,0,0,0,0,0,0,0
RNW,0,0,0,0,0,0,0,0,0,0,0,0,0,0,0,0,0,0
RNWWW,0,0,0,0,0,0,0,0,0,0,0,0,0,0,0,0,0,0
RNXT,0,0,0,0,0,0,0,0,0,1,2,1,1,3,1,0,0,0
ROIV,0,0,0,0,0,0,0,0,0,0,0,0,0,0,0,0,0,0
ROKU,1,296,64,0,0,0,0,0,0,0,0,0,0,0,0,0,0,0
ROL,0,0,0,0,0,0,0,0,0,0,0,0,0,0,0,0,0,0
ROLR,0,0,0,0,0,0,0,0,0,0,0,0,0,0,0,0,0,0
ROMA,0,0,0,0,0,0,0,0,0,0,0,0,0,0,0,0,0,0
ROP,0,0,0,0,0,0,0,0,0,0,0,0,0,0,0,0,0,0
ROST,0,0,0,0,0,0,0,0,0,0,0,0,0,0,0,0,0,0
RPAY,0,0,0,0,0,0,0,0,0,0,0,0,0,0,0,0,0,0
RPD,0,0,0,0,0,0,0,0,0,0,0,0,0,0,0,0,0,0
RPID,0,0,0,0,0,0,0,0,0,0,0,0,0,0,0,0,0,0
RPM,0,0,0,0,0,0,0,0,0,0,0,0,0,0,0,0,0,0
RPRX,0,0,0,0,0,0,0,0,0,0,0,0,0,0,0,0,0,0
RPT,0,0,0,0,0,0,0,0,0,0,0,0,0,0,0,0,0,0
RPTX,0,0,0,0,0,0,0,0,0,0,0,0,0,0,0,0,0,0
RQI,0,0,0,0,0,0,0,0,0,0,0,0,0,0,0,0,0,0
RR,3,43,15,3,70,22,1,3,3,1,28,18,1,35,19,0,0,0
RRBI,0,0,0,0,0,0,0,0,0,0,0,0,0,0,0,0,0,0
RRC,0,0,0,0,0,0,0,0,0,0,0,0,0,0,0,0,0,0
RRGB,0,0,0,0,0,0,0,0,0,0,0,0,0,0,0,0,0,0
RRR,0,0,0,0,0,0,0,0,0,0,0,0,0,0,0,0,0,0
RRX,0,0,0,0,0,0,0,0,0,0,0,0,0,0,0,0,0,0
RS,5,1144,304,4,119,53,3,72,46,1,12,30,2,53,54,0,0,0
RSF,0,0,0,0,0,0,0,0,0,0,0,0,0,0,0,0,0,0
RSG,0,0,0,0,0,0,0,0,0,0,0,0,0,0,0,0,0,0
RSI,3,435,224,3,449,237,3,27,47,3,10,38,4,17,58,1,28,95
RSKD,0,0,0,0,0,0,0,0,0,0,0,0,0,0,0,0,0,0
RSLS,0,0,0,0,0,0,0,0,0,0,0,0,0,0,0,0,0,0
RSSS,0,0,0,0,0,0,0,0,0,0,0,0,0,0,0,0,0,0
RSVR,0,0,0,0,0,0,0,0,0,0,0,0,0,0,0,0,0,0
RSVRW,0,0,0,0,0,0,0,0,0,0,0,0,0,0,0,0,0,0
RTAC,0,0,0,0,0,0,0,0,0,0,0,0,0,0,0,0,0,0
RTACU,0,0,0,0,0,0,0,0,0,0,0,0,0,0,0,0,0,0
RTACW,0,0,0,0,0,0,0,0,0,0,0,0,0,0,0,0,0,0
RTO,1,3,3,1,16,15,0,0,0,0,0,0,0,0,0,0,0,0
RTX,0,0,0,0,0,0,0,0,0,0,0,0,0,0,0,0,0,0
RUMBW,0,0,0,0,0,0,0,0,0,0,0,0,0,0,0,0,0,0
RUSHA,0,0,0,0,0,0,0,0,0,0,0,0,0,0,0,0,0,0
RUSHB,0,0,0,0,0,0,0,0,0,0,0,0,0,0,0,0,0,0
RVLV,0,0,0,0,0,0,0,0,0,0,0,0,0,0,0,0,0,0
RVMD,0,0,0,0,0,0,0,0,0,0,0,0,0,0,0,0,0,0
RVMDW,0,0,0,0,0,0,0,0,0,0,0,0,0,0,0,0,0,0
RVP,0,0,0,0,0,0,0,0,0,0,0,0,0,0,0,0,0,0
RVPH,0,0,0,0,0,0,0,0,0,0,0,0,0,0,0,0,0,0
RVPHW,0,0,0,0,0,0,0,0,0,0,0,0,0,0,0,0,0,0
RVSB,0,0,0,0,0,0,0,0,0,0,0,0,0,0,0,0,0,0
RVSN,0,0,0,0,0,0,1,1,3,1,81,47,2,90,58,0,0,0
RVSNW,0,0,0,0,0,0,0,0,0,0,0,0,0,0,0,0,0,0
RVT,0,0,0,0,0,0,0,0,0,0,0,0,0,0,0,0,0,0
RVTY,0,0,0,0,0,0,0,0,0,0,0,0,0,0,0,0,0,0
RVYL,0,0,0,0,0,0,0,0,0,0,0,0,0,0,0,0,0,0
RWAY,0,0,0,0,0,0,0,0,0,0,0,0,0,0,0,0,0,0
RWAYL,0,0,0,0,0,0,0,0,0,0,0,0,0,0,0,0,0,0
RWAYZ,0,0,0,0,0,0,0,0,0,0,0,0,0,0,0,0,0,0
RWT,0,0,0,0,0,0,0,0,0,0,0,0,0,0,0,0,0,0
RWTN,0,0,0,0,0,0,0,0,0,0,0,0,0,0,0,0,0,0
RWTO,0,0,0,0,0,0,0,0,0,0,0,0,0,0,0,0,0,0
RWTP,0,0,0,0,0,0,0,0,0,0,0,0,0,0,0,0,0,0
RXO,0,0,0,0,0,0,0,0,0,0,0,0,0,0,0,0,0,0
RXRX,0,0,0,0,0,0,0,0,0,0,0,0,0,0,0,0,0,0
RXST,0,0,0,0,0,0,0,0,0,0,0,0,0,0,0,0,0,0
RXT,0,0,0,0,0,0,0,0,0,0,0,0,0,0,0,0,0,0
RY,0,0,0,0,0,0,0,0,0,0,0,0,0,0,0,0,0,0
RYAAY,0,0,0,0,0,0,0,0,0,0,0,0,0,0,0,0,0,0
RYAM,0,0,0,0,0,0,0,0,0,0,0,0,0,0,0,0,0,0
RYAN,1,2,1,1,5,4,0,0,0,0,0,0,0,0,0,0,0,0
RYDE,0,0,0,0,0,0,0,0,0,0,0,0,0,0,0,0,0,0
RYET,0,0,0,0,0,0,0,0,0,0,0,0,0,0,0,0,0,0
RYI,0,0,0,0,0,0,0,0,0,0,0,0,0,0,0,0,0,0
RYN,0,0,0,0,0,0,0,0,0,0,0,0,0,0,0,0,0,0
RYTM,0,0,0,0,0,0,0,0,0,0,0,0,0,0,0,0,0,0
RZB,0,0,0,0,0,0,0,0,0,0,0,0,0,0,0,0,0,0
RZC,0,0,0,0,0,0,0,0,0,0,0,0,0,0,0,0,0,0
RZLT,0,0,0,0,0,0,0,0,0,0,0,0,0,0,0,0,0,0
RZLV,0,0,0,1,9,13,1,19,17,3,49,30,3,54,35,0,0,0
RZLVW,0,0,0,0,0,0,0,0,0,0,0,0,0,0,0,0,0,0
SABR,0,0,0,0,0,0,0,0,0,0,0,0,0,0,0,0,0,0
SABS,0,0,0,0,0,0,0,0,0,0,0,0,0,0,0,0,0,0
SABSW,0,0,0,0,0,0,0,0,0,0,0,0,0,0,0,0,0,0
SACH,0,0,0,0,0,0,0,0,0,0,0,0,0,0,0,0,0,0
SAFX,0,0,0,0,0,0,0,0,0,0,0,0,0,0,0,0,0,0
SAGT,0,0,0,0,0,0,0,0,0,0,0,0,0,0,0,0,0,0
SAIA,0,0,0,0,0,0,0,0,0,0,0,0,0,0,0,0,0,0
SAIH,0,0,0,0,0,0,0,0,0,0,0,0,0,0,0,0,0,0
SAIHW,0,0,0,0,0,0,0,0,0,0,0,0,0,0,0,0,0,0
SAMG,0,0,0,0,0,0,0,0,0,0,0,0,0,0,0,0,0,0
SANA,0,0,0,0,0,0,0,0,0,0,0,0,0,0,0,0,0,0
SANM,0,0,0,0,0,0,0,0,0,0,0,0,0,0,0,0,0,0
SANW,0,0,0,0,0,0,0,0,0,0,0,0,0,0,0,0,0,0
SARO,0,0,0,0,0,0,0,0,0,0,0,0,0,0,0,0,0,0
SATL,0,0,0,0,0,0,0,0,0,0,0,0,0,0,0,0,0,0
SATLW,0,0,0,0,0,0,0,0,0,0,0,0,0,0,0,0,0,0
SATS,0,0,0,0,0,0,0,0,0,0,0,0,0,0,0,0,0,0
SAVA,0,0,0,0,0,0,0,0,0,0,0,0,0,0,0,0,0,0
SAZ,0,0,0,0,0,0,0,0,0,0,0,0,0,0,0,0,0,0
SB,0,0,0,1,6,1,1,76,37,0,0,0,0,0,0,0,0,0
SBAC,0,0,0,0,0,0,0,0,0,0,0,0,0,0,0,0,0,0
SBC,0,0,0,0,0,0,0,0,0,0,0,0,0,0,0,0,0,0
SBCF,0,0,0,0,0,0,0,0,0,0,0,0,0,0,0,0,0,0
SBCWW,0,0,0,0,0,0,0,0,0,0,0,0,0,0,0,0,0,0
SBET,2,222,86,1,18,12,1,18,12,2,28,16,3,321,52,0,0,0
SBEV,0,0,0,0,0,0,0,0,0,0,0,0,0,0,0,0,0,0
SBFG,0,0,0,0,0,0,0,0,0,0,0,0,0,0,0,0,0,0
SBFM,0,0,0,0,0,0,0,0,0,0,0,0,0,0,0,0,0,0
SBFMW,0,0,0,0,0,0,0,0,0,0,0,0,0,0,0,0,0,0
SBGI,0,0,0,0,0,0,0,0,0,0,0,0,0,0,0,0,0,0
SBH,0,0,0,0,0,0,0,0,0,0,0,0,0,0,0,0,0,0
SBI,0,0,0,0,0,0,0,0,0,0,0,0,0,0,0,0,0,0
SBLK,0,0,0,0,0,0,0,0,0,0,0,0,0,0,0,0,0,0
SBR,0,0,0,0,0,0,0,0,0,0,0,0,0,0,0,0,0,0
SBRA,0,0,0,0,0,0,0,0,0,0,0,0,0,0,0,0,0,0
SBS,0,0,0,0,0,0,0,0,0,0,0,0,0,0,0,0,0,0
SBSI,0,0,0,0,0,0,0,0,0,0,0,0,0,0,0,0,0,0
SBSW,0,0,0,0,0,0,0,0,0,0,0,0,0,0,0,0,0,0
SBUX,0,0,0,0,0,0,0,0,0,0,0,0,0,0,0,0,0,0
SBXD,0,0,0,0,0,0,0,0,0,0,0,0,0,0,0,0,0,0
SCAG,0,0,0,0,0,0,0,0,0,0,0,0,0,0,0,0,0,0
SCAGW,0,0,0,0,0,0,0,0,0,0,0,0,0,0,0,0,0,0
SCCC,0,0,0,0,0,0,0,0,0,0,0,0,0,0,0,0,0,0
SCCD,0,0,0,0,0,0,0,0,0,0,0,0,0,0,0,0,0,0
SCCE,0,0,0,0,0,0,0,0,0,0,0,0,0,0,0,0,0,0
SCCF,0,0,0,0,0,0,0,0,0,0,0,0,0,0,0,0,0,0
SCCG,0,0,0,0,0,0,0,0,0,0,0,0,0,0,0,0,0,0
SCCO,0,0,0,0,0,0,0,0,0,0,0,0,0,0,0,0,0,0
SCD,1,20,23,0,0,0,0,0,0,0,0,0,0,0,0,0,0,0
SCHL,0,0,0,0,0,0,0,0,0,0,0,0,0,0,0,0,0,0
SCHW,0,0,0,0,0,0,0,0,0,0,0,0,0,0,0,0,0,0
SCI,0,0,0,0,0,0,0,0,0,0,0,0,0,0,0,0,0,0
SCKT,0,0,0,0,0,0,0,0,0,0,0,0,0,0,0,0,0,0
SCL,0,0,0,0,0,0,0,0,0,1,7,4,1,9,6,0,0,0
SCLX,0,0,0,0,0,0,0,0,0,0,0,0,0,0,0,0,0,0
SCLXW,0,0,0,0,0,0,0,0,0,0,0,0,0,0,0,0,0,0
SCM,0,0,0,0,0,0,0,0,0,0,0,0,0,0,0,0,0,0
SCNI,0,0,0,0,0,0,0,0,0,0,0,0,0,0,0,0,0,0
SCNX,0,0,0,0,0,0,0,0,0,0,0,0,0,0,0,0,0,0
SCOR,0,0,0,0,0,0,0,0,0,0,0,0,0,0,0,0,0,0
SCPH,0,0,0,0,0,0,0,0,0,0,0,0,0,0,0,0,0,0
SCS,0,0,0,0,0,0,0,0,0,0,0,0,0,0,0,0,0,0
SCSC,0,0,0,0,0,0,0,0,0,0,0,0,0,0,0,0,0,0
SCVL,0,0,0,0,0,0,0,0,0,0,0,0,0,0,0,0,0,0
SCWO,0,0,0,0,0,0,0,0,0,0,0,0,0,0,0,0,0,0
SCYX,0,0,0,0,0,0,0,0,0,0,0,0,0,0,0,0,0,0
SD,0,0,0,0,0,0,0,0,0,0,0,0,0,0,0,0,0,0
SDA,0,0,0,0,0,0,0,0,0,0,0,0,0,0,0,0,0,0
SDAWW,0,0,0,0,0,0,0,0,0,0,0,0,0,0,0,0,0,0
SDGR,0,0,0,0,0,0,0,0,0,0,0,0,0,0,0,0,0,0
SDHC,0,0,0,0,0,0,0,0,0,0,0,0,0,0,0,0,0,0
SDHI,0,0,0,0,0,0,0,0,0,0,0,0,0,0,0,0,0,0
SDHIR,0,0,0,0,0,0,0,0,0,0,0,0,0,0,0,0,0,0
SDHIU,0,0,0,0,0,0,0,0,0,0,0,0,0,0,0,0,0,0
SDHY,0,0,0,0,0,0,0,0,0,0,0,0,0,0,0,0,0,0
SDM,0,0,0,0,0,0,0,0,0,0,0,0,0,0,0,0,0,0
SDOT,0,0,0,0,0,0,0,0,0,0,0,0,0,0,0,0,0,0
SDRL,0,0,0,0,0,0,0,0,0,0,0,0,0,0,0,0,0,0
SDST,0,0,0,0,0,0,0,0,0,0,0,0,0,0,0,0,0,0
SDSTW,0,0,0,0,0,0,0,0,0,0,0,0,0,0,0,0,0,0
SEATW,0,0,0,0,0,0,0,0,0,0,0,0,0,0,0,0,0,0
SEB,0,0,0,0,0,0,0,0,0,0,0,0,0,0,0,0,0,0
SEDG,0,0,0,0,0,0,0,0,0,0,0,0,0,0,0,0,0,0
SEGG,0,0,0,0,0,0,0,0,0,0,0,0,0,0,0,0,0,0
SEI,0,0,0,0,0,0,0,0,0,0,0,0,0,0,0,0,0,0
SEIC,0,0,0,0,0,0,0,0,0,0,0,0,0,0,0,0,0,0
SELX,0,0,0,0,0,0,0,0,0,0,0,0,0,0,0,0,0,0
SEM,0,0,0,0,0,0,0,0,0,0,0,0,0,0,0,0,0,0
SEMR,0,0,0,0,0,0,0,0,0,0,0,0,0,0,0,0,0,0
SENEA,0,0,0,0,0,0,0,0,0,0,0,0,0,0,0,0,0,0
SENEB,0,0,0,0,0,0,0,0,0,0,0,0,0,0,0,0,0,0
SENS,0,0,0,0,0,0,0,0,0,0,0,0,0,0,0,0,0,0
SEPN,0,0,0,0,0,0,0,0,0,0,0,0,0,0,0,0,0,0
SERV,0,0,0,0,0,0,0,0,0,0,0,0,0,0,0,0,0,0
SES,0,0,0,0,0,0,0,0,0,0,0,0,0,0,0,0,0,0
SEVN,0,0,0,0,0,0,0,0,0,0,0,0,0,0,0,0,0,0
SEZL,1,0,8,1,0,8,0,0,0,0,0,0,0,0,0,0,0,0
SF,0,0,0,0,0,0,0,0,0,0,0,0,0,0,0,0,0,0
SFB,0,0,0,0,0,0,0,0,0,0,0,0,0,0,0,0,0,0
SFBC,0,0,0,0,0,0,0,0,0,0,0,0,0,0,0,0,0,0
SFBS,0,0,0,0,0,0,0,0,0,0,0,0,0,0,0,0,0,0
SFD,0,0,0,0,0,0,0,0,0,0,0,0,0,0,0,0,0,0
SFHG,0,0,0,0,0,0,0,0,0,0,0,0,0,0,0,0,0,0
SFIX,0,0,0,0,0,0,0,0,0,0,0,0,0,0,0,0,0,0
SFL,0,0,0,0,0,0,0,0,0,0,0,0,0,0,0,0,0,0
SFM,0,0,0,0,0,0,0,0,0,0,0,0,0,0,0,0,0,0
SFNC,0,0,0,0,0,0,0,0,0,0,0,0,0,0,0,0,0,0
SFST,0,0,0,0,0,0,0,0,0,0,0,0,0,0,0,0,0,0
SFWL,0,0,0,0,0,0,0,0,0,0,0,0,0,0,0,0,0,0
SG,0,0,0,0,0,0,0,0,0,1,9,2,1,8,4,0,0,0
SGA,0,0,0,0,0,0,0,0,0,0,0,0,0,0,0,0,0,0
SGBX,0,0,0,0,0,0,0,0,0,0,0,0,0,0,0,0,0,0
SGC,0,0,0,0,0,0,0,0,0,0,0,0,0,0,0,0,0,0
SGD,0,0,0,0,0,0,0,0,0,0,0,0,0,0,0,0,0,0
SGHC,0,0,0,0,0,0,0,0,0,0,0,0,0,0,0,0,0,0
SGHT,0,0,0,0,0,0,0,0,0,0,0,0,0,0,0,0,0,0
SGI,0,0,0,0,0,0,0,0,0,0,0,0,0,0,0,0,0,0
SGLY,0,0,0,0,0,0,0,0,0,0,0,0,0,0,0,0,0,0
SGMA,0,0,0,0,0,0,0,0,0,0,0,0,0,0,0,0,0,0
SGML,0,0,0,0,0,0,0,0,0,0,0,0,0,0,0,0,0,0
SGMO,0,0,0,0,0,0,0,0,0,0,0,0,0,0,0,0,0,0
SGMT,0,0,0,0,0,0,0,0,0,0,0,0,0,0,0,0,0,0
SGN,0,0,0,0,0,0,0,0,0,0,0,0,0,0,0,0,0,0
SGRP,0,0,0,0,0,0,0,0,0,0,0,0,0,0,0,0,0,0
SGRY,0,0,0,0,0,0,0,0,0,0,0,0,0,0,0,0,0,0
SGU,0,0,0,0,0,0,0,0,0,0,0,0,0,0,0,0,0,0
SHAK,0,0,0,0,0,0,0,0,0,0,0,0,0,0,0,0,0,0
SHBI,0,0,0,0,0,0,0,0,0,0,0,0,0,0,0,0,0,0
SHC,0,0,0,0,0,0,0,0,0,0,0,0,0,0,0,0,0,0
SHCO,0,0,0,0,0,0,0,0,0,0,0,0,0,0,0,0,0,0
SHFS,0,0,0,0,0,0,0,0,0,0,0,0,0,0,0,0,0,0
SHFSW,0,0,0,0,0,0,0,0,0,0,0,0,0,0,0,0,0,0
SHG,0,0,0,0,0,0,0,0,0,0,0,0,0,0,0,0,0,0
SHLS,0,0,0,0,0,0,0,0,0,0,0,0,0,0,0,0,0,0
SHMD,0,0,0,0,0,0,0,0,0,0,0,0,0,0,0,0,0,0
SHMDW,0,0,0,0,0,0,0,0,0,0,0,0,0,0,0,0,0,0
SHOTW,0,0,0,0,0,0,0,0,0,0,0,0,0,0,0,0,0,0
SHPH,0,0,0,0,0,0,0,0,0,0,0,0,0,0,0,0,0,0
SHW,0,0,0,0,0,0,0,0,0,0,0,0,0,0,0,0,0,0
SIBN,0,0,0,0,0,0,0,0,0,0,0,0,0,0,0,0,0,0
SIDU,0,0,0,0,0,0,1,0,10,1,1,10,1,0,12,0,0,0
SIEB,0,0,0,0,0,0,0,0,0,0,0,0,0,0,0,0,0,0
SIF,0,0,0,0,0,0,0,0,0,0,0,0,0,0,0,0,0,0
SIFY,0,0,0,0,0,0,0,0,0,0,0,0,0,0,0,0,0,0
SIGA,0,0,0,0,0,0,0,0,0,0,0,0,0,0,0,0,0,0
SIGI,0,0,0,0,0,0,0,0,0,0,0,0,0,0,0,0,0,0
SIGIP,0,0,0,0,0,0,0,0,0,0,0,0,0,0,0,0,0,0
SII,0,0,0,0,0,0,0,0,0,0,0,0,0,0,0,0,0,0
SILA,0,0,0,0,0,0,0,0,0,0,0,0,0,0,0,0,0,0
SILC,0,0,0,0,0,0,0,0,0,0,0,0,0,0,0,0,0,0
SIMAW,0,0,0,0,0,0,0,0,0,0,0,0,0,0,0,0,0,0
SIMO,0,0,0,0,0,0,0,0,0,0,0,0,0,0,0,0,0,0
SINT,0,0,0,0,0,0,0,0,0,0,0,0,0,0,0,0,0,0
SIRI,0,0,0,0,0,0,0,0,0,0,0,0,0,0,0,0,0,0
SITC,0,0,0,0,0,0,0,0,0,0,0,0,0,0,0,0,0,0
SITM,0,0,0,0,0,0,0,0,0,0,0,0,0,0,0,0,0,0
SJ,0,0,0,0,0,0,0,0,0,0,0,0,0,0,0,0,0,0
SJM,0,0,0,0,0,0,0,0,0,0,0,0,0,0,0,0,0,0
SJT,0,0,0,0,0,0,0,0,0,0,0,0,0,0,0,0,0,0
SKBL,0,0,0,0,0,0,0,0,0,0,0,0,0,0,0,0,0,0
SKE,0,0,0,0,0,0,0,0,0,0,0,0,0,0,0,0,0,0
SKK,0,0,0,0,0,0,0,0,0,0,0,0,0,0,0,0,0,0
SKLZ,0,0,0,0,0,0,0,0,0,0,0,0,0,0,0,0,0,0
SKM,0,0,0,0,0,0,0,0,0,0,0,0,0,0,0,0,0,0
SKT,0,0,0,0,0,0,0,0,0,0,0,0,0,0,0,0,0,0
SKWD,0,0,0,0,0,0,0,0,0,0,0,0,0,0,0,0,0,0
SKX,0,0,0,0,0,0,0,0,0,0,0,0,0,0,0,0,0,0
SKYH,0,0,0,0,0,0,0,0,0,0,0,0,0,0,0,0,0,0
SKYQ,0,0,0,0,0,0,0,0,0,0,0,0,0,0,0,0,0,0
SKYT,0,0,0,0,0,0,0,0,0,0,0,0,0,0,0,0,0,0
SKYW,0,0,0,0,0,0,0,0,0,0,0,0,0,0,0,0,0,0
SKYX,0,0,0,0,0,0,1,13,6,2,22,10,1,9,6,1,5,8
SLB,0,0,0,0,0,0,0,0,0,0,0,0,0,0,0,0,0,0
SLDB,0,0,0,0,0,0,0,0,0,0,0,0,0,0,0,0,0,0
SLDE,0,0,0,0,0,0,0,0,0,0,0,0,0,0,0,0,0,0
SLDP,0,0,0,0,0,0,0,0,0,0,0,0,0,0,0,0,0,0
SLDPW,0,0,0,0,0,0,0,0,0,0,0,0,0,0,0,0,0,0
SLE,0,0,0,0,0,0,0,0,0,0,0,0,0,0,0,1,39,21
SLF,0,0,0,0,0,0,0,0,0,0,0,0,0,0,0,0,0,0
SLG,0,0,0,0,0,0,0,0,0,0,0,0,0,0,0,0,0,0
SLGL,0,0,0,0,0,0,0,0,0,0,0,0,0,0,0,0,0,0
SLGN,0,0,0,0,0,0,0,0,0,0,0,0,0,0,0,0,0,0
SLI,0,0,0,0,0,0,0,0,0,0,0,0,0,0,0,0,0,0
SLM,0,0,0,0,0,0,0,0,0,0,0,0,0,0,0,0,0,0
SLMBP,0,0,0,0,0,0,0,0,0,0,0,0,0,0,0,0,0,0
SLN,0,0,0,0,0,0,0,0,0,0,0,0,0,0,0,0,0,0
SLND,0,0,0,0,0,0,0,0,0,0,0,0,0,0,0,0,0,0
SLNG,0,0,0,0,0,0,0,0,0,0,0,0,0,0,0,0,0,0
SLNH,0,0,0,0,0,0,0,0,0,0,0,0,0,0,0,0,0,0
SLNHP,0,0,0,0,0,0,0,0,0,0,0,0,0,0,0,0,0,0
SLNO,0,0,0,0,0,0,0,0,0,0,0,0,0,0,0,0,0,0
SLP,0,0,0,0,0,0,0,0,0,0,0,0,0,0,0,0,0,0
SLQT,0,0,0,0,0,0,0,0,0,0,0,0,0,0,0,0,0,0
SLRC,0,0,0,0,0,0,0,0,0,0,0,0,0,0,0,0,0,0
SLRX,0,0,0,0,0,0,0,0,0,0,0,0,0,0,0,0,0,0
SLS,0,0,0,0,0,0,0,0,0,1,0,5,0,0,0,0,0,0
SLSN,0,0,0,0,0,0,0,0,0,0,0,0,0,0,0,0,0,0
SLSR,0,0,0,0,0,0,0,0,0,0,0,0,0,0,0,0,0,0
SLVM,0,0,0,0,0,0,0,0,0,0,0,0,0,0,0,0,0,0
SLXN,0,0,0,0,0,0,0,0,0,0,0,0,0,0,0,0,0,0
SLXNW,0,0,0,0,0,0,0,0,0,0,0,0,0,0,0,0,0,0
SM,0,0,0,0,0,0,0,0,0,0,0,0,0,0,0,0,0,0
SMBC,0,0,0,0,0,0,0,0,0,0,0,0,0,0,0,0,0,0
SMBK,0,0,0,0,0,0,0,0,0,0,0,0,0,0,0,0,0,0
SMC,0,0,0,0,0,0,0,0,0,0,0,0,0,0,0,0,0,0
SMCI,2,313,78,0,0,0,0,0,0,2,86,31,3,147,35,1,466,151
SMFG,0,0,0,0,0,0,0,0,0,0,0,0,0,0,0,0,0,0
SMG,0,0,0,0,0,0,0,0,0,0,0,0,0,0,0,0,0,0
SMHI,0,0,0,0,0,0,0,0,0,0,0,0,0,0,0,0,0,0
SMID,0,0,0,0,0,0,0,0,0,0,0,0,0,0,0,0,0,0
SMP,0,0,0,0,0,0,0,0,0,0,0,0,0,0,0,0,0,0
SMPL,0,0,0,0,0,0,0,0,0,0,0,0,0,0,0,0,0,0
SMR,0,0,0,0,0,0,0,0,0,0,0,0,0,0,0,0,0,0
SMRT,0,0,0,0,0,0,0,0,0,0,0,0,0,0,0,0,0,0
SMSI,0,0,0,0,0,0,0,0,0,0,0,0,0,0,0,0,0,0
SMTC,0,0,0,0,0,0,0,0,0,0,0,0,0,0,0,0,0,0
SMTI,0,0,0,0,0,0,0,0,0,0,0,0,0,0,0,0,0,0
SMTK,0,0,0,0,0,0,0,0,0,0,0,0,0,0,0,0,0,0
SMWB,0,0,0,0,0,0,0,0,0,0,0,0,0,0,0,0,0,0
SMX,0,0,0,0,0,0,0,0,0,0,0,0,0,0,0,0,0,0
SMXT,0,0,0,0,0,0,0,0,0,0,0,0,0,0,0,0,0,0
SMXWW,0,0,0,0,0,0,0,0,0,0,0,0,0,0,0,0,0,0
SN,0,0,0,0,0,0,0,0,0,0,0,0,1,0,6,0,0,0
SNA,0,0,0,0,0,0,0,0,0,0,0,0,0,0,0,0,0,0
SNAL,0,0,0,0,0,0,0,0,0,0,0,0,0,0,0,0,0,0
SNBR,0,0,0,0,0,0,0,0,0,0,0,0,0,0,0,0,0,0
SNCR,0,0,0,0,0,0,0,0,0,0,0,0,0,0,0,0,0,0
SNCY,0,0,0,0,0,0,0,0,0,0,0,0,0,0,0,0,0,0
SND,0,0,0,0,0,0,0,0,0,0,0,0,0,0,0,0,0,0
SNDA,0,0,0,0,0,0,0,0,0,0,0,0,0,0,0,0,0,0
SNDK,0,0,0,0,0,0,0,0,0,0,0,0,0,0,0,0,0,0
SNDL,0,0,0,0,0,0,0,0,0,1,15,18,1,37,32,0,0,0
SNDR,0,0,0,0,0,0,0,0,0,0,0,0,0,0,0,0,0,0
SNDX,0,0,0,0,0,0,0,0,0,0,0,0,0,0,0,0,0,0
SNES,0,0,0,0,0,0,0,0,0,0,0,0,0,0,0,0,0,0
SNEX,0,0,0,0,0,0,0,0,0,0,0,0,0,0,0,0,0,0
SNFCA,0,0,0,0,0,0,0,0,0,0,0,0,0,0,0,0,0,0
SNGX,0,0,0,0,0,0,0,0,0,0,0,0,0,0,0,0,0,0
SNN,0,0,0,0,0,0,0,0,0,0,0,0,0,0,0,0,0,0
SNOA,0,0,0,0,0,0,0,0,0,0,0,0,0,0,0,0,0,0
SNPS,0,0,0,0,0,0,0,0,0,0,0,0,0,0,0,0,0,0
SNRE,0,0,0,0,0,0,0,0,0,0,0,0,0,0,0,0,0,0
SNSE,0,0,0,0,0,0,0,0,0,0,0,0,0,0,0,0,0,0
SNT,0,0,0,0,0,0,0,0,0,0,0,0,0,0,0,0,0,0
SNTG,0,0,0,0,0,0,0,0,0,0,0,0,0,0,0,0,0,0
SNTI,1,2,3,0,0,0,0,0,0,0,0,0,0,0,0,0,0,0
SNV,0,0,0,0,0,0,0,0,0,0,0,0,0,0,0,0,0,0
SNWV,0,0,0,0,0,0,0,0,0,0,0,0,0,0,0,0,0,0
SNX,0,0,0,0,0,0,0,0,0,0,0,0,0,0,0,0,0,0
SNYR,0,0,0,0,0,0,0,0,0,0,0,0,0,0,0,0,0,0
SOBO,0,0,0,0,0,0,0,0,0,0,0,0,0,0,0,0,0,0
SOBR,0,0,0,0,0,0,0,0,0,0,0,0,0,0,0,0,0,0
SOCAU,0,0,0,0,0,0,0,0,0,0,0,0,0,0,0,0,0,0
SOFI,5,2522,443,6,2727,477,1,134,10,1,1,1,1,2,2,0,0,0
SOGP,0,0,0,0,0,0,0,0,0,0,0,0,0,0,0,0,0,0
SOHOB,0,0,0,0,0,0,0,0,0,0,0,0,0,0,0,0,0,0
SOHON,0,0,0,0,0,0,0,0,0,0,0,0,0,0,0,0,0,0
SOHOO,0,0,0,0,0,0,0,0,0,0,0,0,0,0,0,0,0,0
SOHU,0,0,0,0,0,0,0,0,0,0,0,0,0,0,0,0,0,0
SOJC,0,0,0,0,0,0,0,0,0,0,0,0,0,0,0,0,0,0
SOJD,0,0,0,0,0,0,0,0,0,0,0,0,0,0,0,0,0,0
SOJE,0,0,0,0,0,0,0,0,0,0,0,0,0,0,0,0,0,0
SOJF,0,0,0,0,0,0,0,0,0,0,0,0,0,0,0,0,0,0
SOLV,0,0,0,0,0,0,0,0,0,0,0,0,0,0,0,0,0,0
SONDW,0,0,0,0,0,0,0,0,0,0,0,0,0,0,0,0,0,0
SONM,1,3,3,1,16,15,0,0,0,0,0,0,0,0,0,0,0,0
SONN,0,0,0,0,0,0,0,0,0,0,0,0,0,0,0,0,0,0
SONO,0,0,0,0,0,0,0,0,0,0,0,0,0,0,0,0,0,0
SONY,0,0,0,0,0,0,0,0,0,0,0,0,0,0,0,0,0,0
SOPA,0,0,0,0,0,0,0,0,0,0,0,0,0,0,0,0,0,0
SOR,0,0,0,0,0,0,0,0,0,0,0,0,0,0,0,0,0,0
SOS,0,0,0,0,0,0,0,0,0,0,0,0,0,0,0,0,0,0
SOTK,0,0,0,0,0,0,0,0,0,0,0,0,0,0,0,0,0,0
SOUN,3,81,63,3,87,67,3,89,67,2,45,41,2,47,43,1,20,18
SOUNW,0,0,0,0,0,0,0,0,0,0,0,0,0,0,0,0,0,0
SOWG,1,8,7,1,8,9,0,0,0,0,0,0,0,0,0,0,0,0
SPAI,0,0,0,0,0,0,0,0,0,0,0,0,0,0,0,0,0,0
SPB,0,0,0,0,0,0,0,0,0,0,0,0,0,0,0,0,0,0
SPCB,0,0,0,0,0,0,0,0,0,0,0,0,0,0,0,0,0,0
SPCE,0,0,0,0,0,0,0,0,0,0,0,0,1,68,43,0,0,0
SPE,0,0,0,0,0,0,0,0,0,0,0,0,0,0,0,0,0,0
SPEGU,0,0,0,0,0,0,0,0,0,0,0,0,0,0,0,0,0,0
SPFI,0,0,0,0,0,0,0,0,0,0,0,0,0,0,0,0,0,0
SPG,0,0,0,0,0,0,0,0,0,0,0,0,0,0,0,0,0,0
SPGI,0,0,0,0,0,0,0,0,0,0,0,0,0,0,0,0,0,0
SPH,0,0,0,0,0,0,0,0,0,0,0,0,0,0,0,0,0,0
SPHL,0,0,0,0,0,0,0,0,0,0,0,0,0,0,0,0,0,0
SPHR,0,0,0,0,0,0,0,0,0,0,0,0,0,0,0,0,0,0
SPIR,0,0,0,0,0,0,0,0,0,0,0,0,0,0,0,0,0,0
SPKL,0,0,0,0,0,0,0,0,0,0,0,0,0,0,0,0,0,0
SPKLW,0,0,0,0,0,0,0,0,0,0,0,0,0,0,0,0,0,0
SPMA,0,0,0,0,0,0,0,0,0,0,0,0,0,0,0,0,0,0
SPMC,0,0,0,0,0,0,0,0,0,0,0,0,0,0,0,0,0,0
SPME,0,0,0,0,0,0,0,0,0,0,0,0,0,0,0,0,0,0
SPNS,0,0,0,0,0,0,0,0,0,0,0,0,0,0,0,0,0,0
SPNT,0,0,0,0,0,0,0,0,0,0,0,0,0,0,0,0,0,0
SPOK,0,0,0,0,0,0,0,0,0,0,0,0,0,0,0,0,0,0
SPPL,0,0,0,0,0,0,0,0,0,0,0,0,0,0,0,0,0,0
SPR,0,0,0,0,0,0,0,0,0,0,0,0,0,0,0,0,0,0
SPRC,0,0,0,0,0,0,0,0,0,0,0,0,0,0,0,0,0,0
SPRO,0,0,0,0,0,0,0,0,0,0,0,0,0,0,0,0,0,0
SPRU,0,0,0,0,0,0,0,0,0,0,0,0,0,0,0,0,0,0
SPSC,0,0,0,0,0,0,0,0,0,0,0,0,0,0,0,0,0,0
SPT,0,0,0,0,0,0,0,0,0,0,0,0,0,0,0,0,0,0
SPTN,0,0,0,0,0,0,0,0,0,0,0,0,0,0,0,0,0,0
SPWH,0,0,0,0,0,0,0,0,0,0,0,0,0,0,0,0,0,0
SPWR,0,0,0,0,0,0,0,0,0,0,0,0,0,0,0,0,0,0
SPWRW,0,0,0,0,0,0,0,0,0,0,0,0,0,0,0,0,0,0
SPXC,0,0,0,0,0,0,0,0,0,0,0,0,0,0,0,0,0,0
SPXX,0,0,0,0,0,0,0,0,0,0,0,0,0,0,0,0,0,0
SQFT,0,0,0,0,0,0,0,0,0,0,0,0,0,0,0,0,0,0
SQFTP,0,0,0,0,0,0,0,0,0,0,0,0,0,0,0,0,0,0
SQFTW,0,0,0,0,0,0,0,0,0,0,0,0,0,0,0,0,0,0
SQM,0,0,0,0,0,0,0,0,0,0,0,0,0,0,0,0,0,0
SQNS,0,0,0,0,0,0,0,0,0,1,1,3,1,1,3,0,0,0
SR,0,0,0,0,0,0,0,0,0,0,0,0,0,0,0,0,0,0
SRAD,0,0,0,0,0,0,0,0,0,0,0,0,0,0,0,0,0,0
SRBK,0,0,0,0,0,0,0,0,0,0,0,0,0,0,0,0,0,0
SRCE,0,0,0,0,0,0,0,0,0,0,0,0,0,0,0,0,0,0
SRDX,0,0,0,0,0,0,0,0,0,0,0,0,0,0,0,0,0,0
SRE,0,0,0,0,0,0,0,0,0,0,0,0,0,0,0,0,0,0
SREA,0,0,0,0,0,0,0,0,0,0,0,0,0,0,0,0,0,0
SRFM,0,0,0,0,0,0,0,0,0,0,0,0,0,0,0,0,0,0
SRG,0,0,0,0,0,0,0,0,0,0,0,0,0,0,0,0,0,0
SRL,0,0,0,0,0,0,0,0,0,0,0,0,0,0,0,0,0,0
SRPT,5,230,196,4,284,217,1,18,12,1,19,14,2,69,93,0,0,0
SRRK,0,0,0,0,0,0,0,0,0,0,0,0,0,0,0,0,0,0
SRTS,0,0,0,0,0,0,0,0,0,0,0,0,0,0,0,0,0,0
SRV,0,0,0,0,0,0,0,0,0,0,0,0,0,0,0,0,0,0
SRXH,0,0,0,0,0,0,0,0,0,0,0,0,0,0,0,0,0,0
SRZN,0,0,0,0,0,0,0,0,0,0,0,0,0,0,0,0,0,0
SRZNW,0,0,0,0,0,0,0,0,0,0,0,0,0,0,0,0,0,0
SSB,0,0,0,0,0,0,0,0,0,0,0,0,0,0,0,0,0,0
SSBI,0,0,0,0,0,0,0,0,0,0,0,0,0,0,0,0,0,0
SSD,0,0,0,0,0,0,0,0,0,0,0,0,0,0,0,0,0,0
SSII,0,0,0,0,0,0,0,0,0,0,0,0,0,0,0,0,0,0
SSKN,0,0,0,0,0,0,0,0,0,0,0,0,0,0,0,0,0,0
SSL,0,0,0,0,0,0,0,0,0,0,0,0,0,0,0,0,0,0
SSNC,0,0,0,0,0,0,0,0,0,0,0,0,0,0,0,0,0,0
SSP,0,0,0,0,0,0,0,0,0,0,0,0,0,0,0,0,0,0
SSRM,0,0,0,0,0,0,0,0,0,0,0,0,0,0,0,0,0,0
SSSS,0,0,0,0,0,0,0,0,0,0,0,0,0,0,0,0,0,0
SSSSL,0,0,0,0,0,0,0,0,0,0,0,0,0,0,0,0,0,0
SST,1,10,1,1,10,1,1,9,1,1,10,1,1,10,1,0,0,0
SSTI,0,0,0,0,0,0,0,0,0,0,0,0,0,0,0,0,0,0
SSTK,0,0,0,0,0,0,0,0,0,0,0,0,0,0,0,0,0,0
SSY,0,0,0,0,0,0,0,0,0,0,0,0,0,0,0,0,0,0
SSYS,0,0,0,0,0,0,0,0,0,0,0,0,0,0,0,0,0,0
STAA,0,0,0,0,0,0,0,0,0,0,0,0,0,0,0,0,0,0
STAI,1,1,1,1,3,3,0,0,0,0,0,0,0,0,0,0,0,0
STAK,0,0,0,0,0,0,0,0,0,0,0,0,0,0,0,0,0,0
STBA,0,0,0,0,0,0,0,0,0,0,0,0,0,0,0,0,0,0
STC,0,0,0,1,60,19,0,0,0,0,0,0,0,0,0,0,0,0
STE,0,0,0,0,0,0,0,0,0,0,0,0,0,0,0,0,0,0
STEC,0,0,0,0,0,0,0,0,0,0,0,0,0,0,0,0,0,0
STEL,0,0,0,0,0,0,0,0,0,0,0,0,0,0,0,0,0,0
STFS,0,0,0,0,0,0,0,0,0,0,0,0,0,0,0,0,0,0
STG,0,0,0,0,0,0,0,0,0,0,0,0,0,0,0,0,0,0
STGW,0,0,0,0,0,0,0,0,0,0,0,0,0,0,0,0,0,0
STHO,0,0,0,0,0,0,0,0,0,0,0,0,0,0,0,0,0,0
STI,0,0,0,0,0,0,0,0,0,0,0,0,0,0,0,0,0,0
STK,0,0,0,0,0,0,0,0,0,0,0,0,0,0,0,0,0,0
STKH,0,0,0,0,0,0,0,0,0,0,0,0,0,0,0,0,0,0
STKL,0,0,0,0,0,0,0,0,0,0,0,0,0,0,0,0,0,0
STKS,0,0,0,0,0,0,0,0,0,0,0,0,0,0,0,0,0,0
STLA,0,0,0,0,0,0,0,0,0,0,0,0,0,0,0,0,0,0
STLD,0,0,0,0,0,0,0,0,0,0,0,0,0,0,0,0,0,0
STM,0,0,0,0,0,0,0,0,0,0,0,0,0,0,0,0,0,0
STN,0,0,0,0,0,0,0,0,0,0,0,0,0,0,0,0,0,0
STNE,0,0,0,0,0,0,0,0,0,0,0,0,0,0,0,0,0,0
STNG,0,0,0,0,0,0,0,0,0,0,0,0,0,0,0,0,0,0
STOK,0,0,0,0,0,0,0,0,0,0,0,0,0,0,0,0,0,0
STR,1,37,47,1,34,48,0,0,0,0,0,0,0,0,0,0,0,0
STRD,0,0,0,0,0,0,0,0,0,0,0,0,0,0,0,0,0,0
STRF,0,0,0,0,0,0,0,0,0,0,0,0,0,0,0,0,0,0
STRK,0,0,0,0,0,0,0,0,0,0,0,0,0,0,0,0,0,0
STRL,0,0,0,0,0,0,0,0,0,0,0,0,0,0,0,0,0,0
STRM,0,0,0,0,0,0,0,0,0,0,0,0,0,0,0,0,0,0
STRO,0,0,0,0,0,0,0,0,0,0,0,0,0,0,0,0,0,0
STRR,0,0,0,0,0,0,0,0,0,0,0,0,0,0,0,0,0,0
STRRP,0,0,0,0,0,0,0,0,0,0,0,0,0,0,0,0,0,0
STRS,0,0,0,0,0,0,0,0,0,0,0,0,0,0,0,0,0,0
STRT,0,0,0,0,0,0,0,0,0,0,0,0,0,0,0,0,0,0
STRW,0,0,0,0,0,0,0,0,0,0,0,0,0,0,0,0,0,0
STRZ,0,0,0,0,0,0,0,0,0,0,0,0,0,0,0,0,0,0
STSS,0,0,0,0,0,0,0,0,0,0,0,0,0,0,0,0,0,0
STSSW,0,0,0,0,0,0,0,0,0,0,0,0,0,0,0,0,0,0
STT,0,0,0,0,0,0,0,0,0,0,0,0,0,0,0,0,0,0
STTK,0,0,0,0,0,0,0,0,0,0,0,0,0,0,0,0,0,0
STVN,0,0,0,0,0,0,0,0,0,0,0,0,0,0,0,0,0,0
STWD,0,0,0,0,0,0,0,0,0,0,0,0,0,0,0,0,0,0
STX,0,0,0,0,0,0,0,0,0,0,0,0,0,0,0,0,0,0
STXS,0,0,0,0,0,0,0,0,0,0,0,0,0,0,0,0,0,0
STZ,0,0,0,0,0,0,0,0,0,0,0,0,0,0,0,0,0,0
SU,2,6712,390,0,0,0,0,0,0,0,0,0,0,0,0,0,0,0
SUGP,0,0,0,0,0,0,0,0,0,0,0,0,0,0,0,0,0,0
SUNS,0,0,0,0,0,0,0,0,0,0,0,0,0,0,0,0,0,0
SUPN,0,0,0,0,0,0,0,0,0,0,0,0,0,0,0,0,0,0
SUPV,0,0,0,0,0,0,0,0,0,0,0,0,0,0,0,0,0,0
SUPX,0,0,0,0,0,0,0,0,0,0,0,0,0,0,0,0,0,0
SURG,0,0,0,0,0,0,0,0,0,0,0,0,0,0,0,0,0,0
SUUN,0,0,0,0,0,0,1,2,1,1,2,1,1,2,1,0,0,0
SVC,0,0,0,0,0,0,0,0,0,0,0,0,0,0,0,0,0,0
SVCC,0,0,0,0,0,0,0,0,0,0,0,0,0,0,0,0,0,0
SVCCW,0,0,0,0,0,0,0,0,0,0,0,0,0,0,0,0,0,0
SVCO,0,0,0,0,0,0,0,0,0,0,0,0,0,0,0,0,0,0
SVII,0,0,0,0,0,0,0,0,0,0,0,0,0,0,0,0,0,0
SVIIR,0,0,0,0,0,0,0,0,0,0,0,0,0,0,0,0,0,0
SVIIU,0,0,0,0,0,0,0,0,0,0,0,0,0,0,0,0,0,0
SVIIW,0,0,0,0,0,0,0,0,0,0,0,0,0,0,0,0,0,0
SVM,0,0,0,0,0,0,0,0,0,0,0,0,0,0,0,0,0,0
SVRA,0,0,0,0,0,0,0,0,0,0,0,0,0,0,0,0,0,0
SVRE,0,0,0,0,0,0,0,0,0,0,0,0,0,0,0,0,0,0
SVV,0,0,0,0,0,0,0,0,0,0,0,0,0,0,0,0,0,0
SW,0,0,0,0,0,0,0,0,0,0,0,0,0,0,0,0,0,0
SWAGW,0,0,0,0,0,0,0,0,0,0,0,0,0,0,0,0,0,0
SWBI,0,0,0,0,0,0,0,0,0,0,0,0,0,0,0,0,0,0
SWIN,0,0,0,0,0,0,0,0,0,0,0,0,0,0,0,0,0,0
SWK,0,0,0,0,0,0,0,0,0,0,0,0,0,0,0,0,0,0
SWKH,0,0,0,0,0,0,0,0,0,0,0,0,0,0,0,0,0,0
SWKHL,0,0,0,0,0,0,0,0,0,0,0,0,0,0,0,0,0,0
SWKS,0,0,0,0,0,0,0,0,0,0,0,0,0,0,0,0,0,0
SWVL,0,0,0,0,0,0,0,0,0,0,0,0,0,0,0,0,0,0
SWVLW,0,0,0,0,0,0,0,0,0,0,0,0,0,0,0,0,0,0
SWX,0,0,0,0,0,0,0,0,0,0,0,0,0,0,0,0,0,0
SWZ,0,0,0,0,0,0,0,0,0,0,0,0,0,0,0,0,0,0
SXC,0,0,0,0,0,0,0,0,0,0,0,0,0,0,0,0,0,0
SXI,0,0,0,0,0,0,0,0,0,0,0,0,0,0,0,0,0,0
SXT,0,0,0,0,0,0,0,0,0,0,0,0,0,0,0,0,0,0
SXTC,0,0,0,0,0,0,0,0,0,0,0,0,0,0,0,0,0,0
SXTP,0,0,0,0,0,0,0,0,0,0,0,0,0,0,0,0,0,0
SXTPW,0,0,0,0,0,0,0,0,0,0,0,0,0,0,0,0,0,0
SY,0,0,0,0,0,0,0,0,0,0,0,0,0,0,0,0,0,0
SYBT,0,0,0,0,0,0,0,0,0,0,0,0,0,0,0,0,0,0
SYBX,0,0,0,0,0,0,0,0,0,0,0,0,0,0,0,0,0,0
SYF,0,0,0,0,0,0,0,0,0,0,0,0,0,0,0,0,0,0
SYK,0,0,0,0,0,0,0,0,0,0,0,0,0,0,0,0,0,0
SYM,0,0,0,0,0,0,0,0,0,0,0,0,0,0,0,0,0,0
SYNA,0,0,0,0,0,0,0,0,0,0,0,0,0,0,0,0,0,0
SYNX,0,0,0,0,0,0,0,0,0,0,0,0,0,0,0,0,0,0
SYPR,0,0,0,0,0,0,0,0,0,0,0,0,0,0,0,0,0,0
SYTA,0,0,0,0,0,0,0,0,0,0,0,0,0,0,0,0,0,0
SYTAW,0,0,0,0,0,0,0,0,0,0,0,0,0,0,0,0,0,0
SYY,0,0,0,0,0,0,0,0,0,0,0,0,0,0,0,0,0,0
SZZL,0,0,0,0,0,0,0,0,0,0,0,0,0,0,0,0,0,0
SZZLR,0,0,0,0,0,0,0,0,0,0,0,0,0,0,0,0,0,0
SZZLU,0,0,0,0,0,0,0,0,0,0,0,0,0,0,0,0,0,0
TAC,0,0,0,0,0,0,0,0,0,0,0,0,0,0,0,0,0,0
TACHU,0,0,0,0,0,0,0,0,0,0,0,0,0,0,0,0,0,0
TACHW,0,0,0,0,0,0,0,0,0,0,0,0,0,0,0,0,0,0
TACO,0,0,0,0,0,0,0,0,0,1,153,46,1,176,52,0,0,0
TACOU,0,0,0,0,0,0,0,0,0,0,0,0,0,0,0,0,0,0
TACOW,0,0,0,0,0,0,0,0,0,0,0,0,0,0,0,0,0,0
TAK,0,0,0,0,0,0,0,0,0,0,0,0,0,0,0,0,0,0
TALKW,0,0,0,0,0,0,0,0,0,0,0,0,0,0,0,0,0,0
TALO,0,0,0,0,0,0,0,0,0,0,0,0,0,0,0,0,0,0
TAOP,0,0,0,0,0,0,0,0,0,0,0,0,0,0,0,0,0,0
TAOX,0,0,0,0,0,0,0,0,0,0,0,0,0,0,0,0,0,0
TATT,0,0,0,0,0,0,0,0,0,0,0,0,0,0,0,0,0,0
TAVI,0,0,0,0,0,0,0,0,0,0,0,0,0,0,0,0,0,0
TAVIR,0,0,0,0,0,0,0,0,0,0,0,0,0,0,0,0,0,0
TAYD,0,0,0,0,0,0,0,0,0,0,0,0,0,0,0,0,0,0
TBB,0,0,0,0,0,0,0,0,0,0,0,0,0,0,0,0,0,0
TBBB,0,0,0,0,0,0,0,0,0,0,0,0,0,0,0,0,0,0
TBBK,0,0,0,0,0,0,0,0,0,0,0,0,0,0,0,0,0,0
TBCH,0,0,0,0,0,0,0,0,0,0,0,0,0,0,0,0,0,0
TBH,0,0,0,1,3,1,0,0,0,0,0,0,0,0,0,0,0,0
TBI,0,0,0,0,0,0,0,0,0,0,0,0,0,0,0,0,0,0
TBLA,0,0,0,0,0,0,0,0,0,0,0,0,0,0,0,0,0,0
TBLAW,0,0,0,0,0,0,0,0,0,0,0,0,0,0,0,0,0,0
TBLD,0,0,0,0,0,0,0,0,0,0,0,0,0,0,0,0,0,0
TBMC,0,0,0,0,0,0,0,0,0,0,0,0,0,0,0,0,0,0
TBMCR,0,0,0,0,0,0,0,0,0,0,0,0,0,0,0,0,0,0
TBN,0,0,0,0,0,0,0,0,0,0,0,0,0,0,0,0,0,0
TBPH,0,0,0,0,0,0,0,0,0,0,0,0,0,0,0,0,0,0
TBRG,0,0,0,0,0,0,0,0,0,0,0,0,0,0,0,0,0,0
TC,0,0,0,0,0,0,0,0,0,0,0,0,0,0,0,0,0,0
TCBI,0,0,0,0,0,0,0,0,0,0,0,0,0,0,0,0,0,0
TCBIO,0,0,0,0,0,0,0,0,0,0,0,0,0,0,0,0,0,0
TCBK,0,0,0,0,0,0,0,0,0,0,0,0,0,0,0,0,0,0
TCBS,0,0,0,0,0,0,0,0,0,0,0,0,0,0,0,0,0,0
TCBX,0,0,0,0,0,0,0,0,0,0,0,0,0,0,0,0,0,0
TCI,0,0,0,0,0,0,0,0,0,0,0,0,0,0,0,0,0,0
TCMD,0,0,0,0,0,0,0,0,0,0,0,0,0,0,0,0,0,0
TCOM,0,0,0,0,0,0,0,0,0,0,0,0,0,0,0,0,0,0
TCPC,0,0,0,0,0,0,0,0,0,0,0,0,0,0,0,0,0,0
TCRT,0,0,0,0,0,0,0,0,0,0,0,0,0,0,0,0,0,0
TCRX,0,0,0,0,0,0,0,0,0,0,0,0,0,0,0,0,0,0
TCX,0,0,0,0,0,0,0,0,0,0,0,0,0,0,0,0,0,0
TDAC,0,0,0,0,0,0,0,0,0,0,0,0,0,0,0,0,0,0
TDACW,0,0,0,0,0,0,0,0,0,0,0,0,0,0,0,0,0,0
TDC,0,0,0,0,0,0,0,0,0,0,0,0,0,0,0,0,0,0
TDF,0,0,0,0,0,0,0,0,0,0,0,0,0,0,0,0,0,0
TDG,0,0,0,0,0,0,0,0,0,0,0,0,0,0,0,0,0,0
TDOC,0,0,0,0,0,0,0,0,0,0,0,0,0,0,0,0,0,0
TDS,0,0,0,0,0,0,0,0,0,0,0,0,0,0,0,0,0,0
TDTH,0,0,0,0,0,0,0,0,0,0,0,0,0,0,0,0,0,0
TDUP,0,0,0,0,0,0,0,0,0,0,0,0,0,0,0,0,0,0
TDW,0,0,0,0,0,0,0,0,0,0,0,0,0,0,0,0,0,0
TDY,0,0,0,0,0,0,0,0,0,0,0,0,0,0,0,0,0,0
TEAF,0,0,0,0,0,0,0,0,0,0,0,0,0,0,0,0,0,0
TECTP,0,0,0,0,0,0,0,0,0,0,0,0,0,0,0,0,0,0
TECX,0,0,0,0,0,0,0,0,0,0,0,0,0,0,0,0,0,0
TEF,0,0,0,0,0,0,0,0,0,0,0,0,0,0,0,0,0,0
TEI,0,0,0,0,0,0,0,0,0,0,0,0,0,0,0,0,0,0
TEL,0,0,0,0,0,0,0,0,0,0,0,0,0,0,0,0,0,0
TELA,0,0,0,0,0,0,0,0,0,0,0,0,0,0,0,0,0,0
TELO,0,0,0,0,0,0,0,0,0,0,0,0,0,0,0,0,0,0
TEM,0,0,0,0,0,0,0,0,0,0,0,0,0,0,0,0,0,0
TENB,0,0,0,0,0,0,0,0,0,0,0,0,0,0,0,0,0,0
TENX,0,0,0,0,0,0,0,0,0,0,0,0,0,0,0,0,0,0
TEO,0,0,0,0,0,0,0,0,0,0,0,0,0,0,0,0,0,0
TER,0,0,0,1,1,2,0,0,0,0,0,0,0,0,0,0,0,0
TEVA,0,0,0,0,0,0,0,0,0,0,0,0,0,0,0,0,0,0
TEX,0,0,0,0,0,0,0,0,0,0,0,0,0,0,0,0,0,0
TFC,0,0,0,0,0,0,0,0,0,0,0,0,0,0,0,0,0,0
TFII,0,0,0,0,0,0,0,0,0,0,0,0,0,0,0,0,0,0
TFIN,0,0,0,0,0,0,0,0,0,0,0,0,0,0,0,0,0,0
TFINP,0,0,0,0,0,0,0,0,0,0,0,0,0,0,0,0,0,0
TFPM,0,0,0,0,0,0,0,0,0,0,0,0,0,0,0,0,0,0
TFSA,0,0,0,0,0,0,0,0,0,0,0,0,0,0,0,0,0,0
TFSL,0,0,0,0,0,0,0,0,0,0,0,0,0,0,0,0,0,0
TFX,0,0,0,0,0,0,0,0,0,0,0,0,0,0,0,0,0,0
TG,0,0,0,0,0,0,0,0,0,0,0,0,0,0,0,0,0,0
TGB,0,0,0,0,0,0,0,0,0,0,0,0,0,0,0,0,0,0
TGE,0,0,0,0,0,0,0,0,0,0,0,0,0,0,0,0,0,0
TGEN,0,0,0,0,0,0,0,0,0,0,0,0,0,0,0,0,0,0
TGI,0,0,0,0,0,0,0,0,0,0,0,0,0,0,0,0,0,0
TGL,0,0,0,0,0,0,0,0,0,0,0,0,0,0,0,0,0,0
TGLS,0,0,0,0,0,0,0,0,0,0,0,0,0,0,0,0,0,0
TGNA,0,0,0,0,0,0,0,0,0,0,0,0,0,0,0,0,0,0
TGS,0,0,0,0,0,0,0,0,0,0,0,0,0,0,0,0,0,0
TGT,0,0,0,0,0,0,0,0,0,0,0,0,0,0,0,0,0,0
TGTX,0,0,0,0,0,0,0,0,0,0,0,0,0,0,0,0,0,0
THC,0,0,0,1,2,4,1,3,3,0,0,0,0,0,0,0,0,0
THCH,0,0,0,0,0,0,0,0,0,0,0,0,0,0,0,0,0,0
THFF,0,0,0,0,0,0,0,0,0,0,0,0,0,0,0,0,0,0
THG,0,0,0,0,0,0,0,0,0,0,0,0,0,0,0,0,0,0
THM,0,0,0,0,0,0,0,0,0,0,0,0,0,0,0,0,0,0
THQ,0,0,0,0,0,0,0,0,0,0,0,0,0,0,0,0,0,0
THR,0,0,0,0,0,0,0,0,0,0,0,0,0,0,0,0,0,0
THRD,0,0,0,0,0,0,0,0,0,0,0,0,0,0,0,0,0,0
THRM,0,0,0,0,0,0,0,0,0,0,0,0,0,0,0,0,0,0
THRY,0,0,0,0,0,0,0,0,0,0,0,0,0,0,0,0,0,0
THS,0,0,0,0,0,0,0,0,0,0,0,0,0,0,0,0,0,0
THTX,0,0,0,0,0,0,0,0,0,0,0,0,0,0,0,0,0,0
THW,0,0,0,0,0,0,0,0,0,0,0,0,0,0,0,0,0,0
TIGO,0,0,0,0,0,0,0,0,0,0,0,0,0,0,0,0,0,0
TIGR,0,0,0,0,0,0,0,0,0,0,0,0,0,0,0,0,0,0
TIMB,0,0,0,0,0,0,0,0,0,0,0,0,0,0,0,0,0,0
TIPT,0,0,0,0,0,0,0,0,0,0,0,0,0,0,0,0,0,0
TIRX,0,0,0,0,0,0,0,0,0,0,0,0,0,0,0,0,0,0
TISI,0,0,0,0,0,0,0,0,0,0,0,0,0,0,0,0,0,0
TITN,0,0,0,0,0,0,0,0,0,0,0,0,0,0,0,0,0,0
TIVC,0,0,0,0,0,0,0,0,0,0,0,0,0,0,0,0,0,0
TIXT,0,0,0,0,0,0,0,0,0,0,0,0,0,0,0,0,0,0
TJX,0,0,0,0,0,0,0,0,0,0,0,0,0,0,0,0,0,0
TK,0,0,0,0,0,0,0,0,0,0,0,0,0,0,0,0,0,0
TKC,0,0,0,0,0,0,0,0,0,0,0,0,0,0,0,0,0,0
TKLF,0,0,0,0,0,0,0,0,0,0,0,0,0,0,0,0,0,0
TKNO,0,0,0,0,0,0,0,0,0,0,0,0,0,0,0,0,0,0
TKO,0,0,0,0,0,0,0,0,0,0,0,0,0,0,0,0,0,0
TKR,0,0,0,0,0,0,0,0,0,0,0,0,0,0,0,0,0,0
TLF,0,0,0,0,0,0,0,0,0,0,0,0,0,0,0,0,0,0
TLIH,0,0,0,0,0,0,0,0,0,0,0,0,0,0,0,0,0,0
TLK,0,0,0,0,0,0,0,0,0,0,0,0,0,0,0,0,0,0
TLN,0,0,0,0,0,0,0,0,0,0,0,0,0,0,0,0,0,0
TLPH,0,0,0,0,0,0,0,0,0,0,0,0,0,0,0,0,0,0
TLRY,1,100,61,0,0,0,0,0,0,0,0,0,0,0,0,0,0,0
TLS,0,0,0,0,0,0,0,0,0,0,0,0,0,0,0,0,0,0
TLSA,0,0,0,0,0,0,0,0,0,0,0,0,0,0,0,0,0,0
TLSI,0,0,0,0,0,0,0,0,0,0,0,0,0,0,0,0,0,0
TLSIW,0,0,0,0,0,0,0,0,0,0,0,0,0,0,0,0,0,0
TLX,0,0,0,0,0,0,0,0,0,0,0,0,0,0,0,0,0,0
TLYS,0,0,0,0,0,0,0,0,0,0,0,0,0,0,0,0,0,0
TM,0,0,0,0,0,0,0,0,0,0,0,0,0,0,0,0,0,0
TMC,0,0,0,0,0,0,0,0,0,2,81,31,3,410,71,0,0,0
TMCI,0,0,0,0,0,0,0,0,0,0,0,0,0,0,0,0,0,0
TMCWW,0,0,0,0,0,0,0,0,0,0,0,0,0,0,0,0,0,0
TMDE,0,0,0,0,0,0,0,0,0,0,0,0,0,0,0,0,0,0
TMDX,0,0,0,0,0,0,1,4,10,1,4,10,1,4,10,0,0,0
TME,0,0,0,0,0,0,0,0,0,0,0,0,0,0,0,0,0,0
TMHC,0,0,0,0,0,0,0,0,0,0,0,0,0,0,0,0,0,0
TMO,0,0,0,0,0,0,0,0,0,0,0,0,0,0,0,0,0,0
TMP,0,0,0,0,0,0,0,0,0,0,0,0,0,0,0,0,0,0
TMQ,0,0,0,0,0,0,0,0,0,0,0,0,0,0,0,0,0,0
TMUS,0,0,0,0,0,0,0,0,0,0,0,0,0,0,0,0,0,0
TNC,0,0,0,0,0,0,0,0,0,0,0,0,0,0,0,0,0,0
TNDM,0,0,0,0,0,0,0,0,0,0,0,0,0,0,0,0,0,0
TNET,0,0,0,0,0,0,0,0,0,0,0,0,0,0,0,0,0,0
TNFA,2,21,22,2,32,37,5,76,193,3,113,209,3,124,229,0,0,0
TNGX,0,0,0,0,0,0,0,0,0,0,0,0,0,0,0,0,0,0
TNK,0,0,0,0,0,0,0,0,0,0,0,0,0,0,0,0,0,0
TNL,0,0,0,0,0,0,0,0,0,0,0,0,0,0,0,0,0,0
TNMG,0,0,0,0,0,0,0,0,0,0,0,0,0,0,0,0,0,0
TNON,0,0,0,0,0,0,0,0,0,0,0,0,0,0,0,0,0,0
TNONW,0,0,0,0,0,0,0,0,0,0,0,0,0,0,0,0,0,0
TNXP,0,0,0,0,0,0,0,0,0,0,0,0,0,0,0,0,0,0
TNYA,0,0,0,1,3,1,1,9,7,0,0,0,0,0,0,0,0,0
TOIIW,0,0,0,0,0,0,0,0,0,0,0,0,0,0,0,0,0,0
TOMZ,0,0,0,0,0,0,0,0,0,0,0,0,0,0,0,0,0,0
TOPP,0,0,0,0,0,0,0,0,0,0,0,0,0,0,0,0,0,0
TOVX,0,0,0,0,0,0,0,0,0,0,0,0,0,0,0,0,0,0
TOYO,0,0,0,0,0,0,0,0,0,0,0,0,0,0,0,0,0,0
TPB,0,0,0,0,0,0,0,0,0,0,0,0,0,0,0,0,0,0
TPC,0,0,0,0,0,0,0,0,0,0,0,0,0,0,0,0,0,0
TPCS,0,0,0,0,0,0,0,0,0,0,0,0,0,0,0,0,0,0
TPET,0,0,0,0,0,0,0,0,0,0,0,0,0,0,0,0,0,0
TPG,0,0,0,0,0,0,0,0,0,0,0,0,0,0,0,0,0,0
TPGXL,0,0,0,0,0,0,0,0,0,0,0,0,0,0,0,0,0,0
TPH,0,0,0,0,0,0,0,0,0,0,0,0,0,0,0,0,0,0
TPIC,0,0,0,1,2,1,1,3,1,0,0,0,0,0,0,0,0,0
TPL,0,0,0,0,0,0,0,0,0,0,0,0,0,0,0,0,0,0
TPR,0,0,0,0,0,0,0,0,0,0,0,0,0,0,0,0,0,0
TPST,0,0,0,0,0,0,0,0,0,0,0,0,0,0,0,0,0,0
TPTA,0,0,0,0,0,0,0,0,0,0,0,0,0,0,0,0,0,0
TPVG,0,0,0,0,0,0,0,0,0,0,0,0,0,0,0,0,0,0
TR,0,0,0,0,0,0,0,0,0,0,0,0,0,0,0,0,0,0
TRAK,0,0,0,0,0,0,0,0,0,0,0,0,0,0,0,0,0,0
TRAW,0,0,0,0,0,0,0,0,0,0,0,0,0,0,0,0,0,0
TRC,0,0,0,0,0,0,0,0,0,0,0,0,0,0,0,0,0,0
TRDA,0,0,0,0,0,0,0,0,0,0,0,0,0,0,0,0,0,0
TREX,0,0,0,0,0,0,0,0,0,0,0,0,0,0,0,0,0,0
TRGP,0,0,0,0,0,0,0,0,0,0,0,0,0,0,0,0,0,0
TRIB,0,0,0,0,0,0,0,0,0,0,0,0,0,0,0,0,0,0
TRINI,0,0,0,0,0,0,0,0,0,0,0,0,0,0,0,0,0,0
TRINZ,0,0,0,0,0,0,0,0,0,0,0,0,0,0,0,0,0,0
TRMB,0,0,0,0,0,0,0,0,0,0,0,0,0,0,0,0,0,0
TRMD,0,0,0,0,0,0,0,0,0,0,0,0,0,0,0,0,0,0
TRMK,0,0,0,0,0,0,0,0,0,0,0,0,0,0,0,0,0,0
TRML,0,0,0,0,0,0,0,0,0,0,0,0,0,0,0,0,0,0
TRN,0,0,0,0,0,0,0,0,0,0,0,0,0,0,0,0,0,0
TRNO,0,0,0,0,0,0,0,0,0,0,0,0,0,0,0,0,0,0
TRNR,0,0,0,0,0,0,0,0,0,0,0,0,0,0,0,0,0,0
TRNS,0,0,0,0,0,0,0,0,0,0,0,0,0,0,0,0,0,0
TROO,0,0,0,0,0,0,0,0,0,0,0,0,0,0,0,0,0,0
TROX,0,0,0,0,0,0,0,0,0,0,0,0,0,0,0,0,0,0
TRP,0,0,0,0,0,0,0,0,0,0,0,0,0,0,0,0,0,0
TRS,0,0,0,0,0,0,0,0,0,0,0,0,0,0,0,0,0,0
TRSG,0,0,0,0,0,0,0,0,0,0,0,0,0,0,0,0,0,0
TRST,0,0,0,0,0,0,0,0,0,0,0,0,0,0,0,0,0,0
TRT,0,0,0,0,0,0,0,0,0,0,0,0,0,0,0,0,0,0
TRTX,0,0,0,0,0,0,0,0,0,0,0,0,0,0,0,0,0,0
TRU,0,0,0,0,0,0,0,0,0,0,0,0,0,0,0,0,0,0
TRUP,0,0,0,0,0,0,0,0,0,0,0,0,0,0,0,0,0,0
TRV,0,0,0,0,0,0,0,0,0,0,0,0,0,0,0,0,0,0
TRVG,0,0,0,0,0,0,0,0,0,0,0,0,0,0,0,0,0,0
TRVI,0,0,0,0,0,0,0,0,0,0,0,0,0,0,0,0,0,0
TRX,0,0,0,0,0,0,0,0,0,0,0,0,0,0,0,0,0,0
TS,0,0,0,0,0,0,0,0,0,0,0,0,0,0,0,0,0,0
TSAT,0,0,0,0,0,0,0,0,0,0,0,0,0,0,0,0,0,0
TSBK,0,0,0,0,0,0,0,0,0,0,0,0,0,0,0,0,0,0
TSBX,0,0,0,0,0,0,0,0,0,0,0,0,0,0,0,0,0,0
TSCO,0,0,0,0,0,0,0,0,0,0,0,0,0,0,0,0,0,0
TSE,0,0,0,0,0,0,0,0,0,0,0,0,0,0,0,0,0,0
TSEM,0,0,0,0,0,0,0,0,0,0,0,0,0,0,0,0,0,0
TSHA,0,0,0,0,0,0,0,0,0,0,0,0,0,0,0,0,0,0
TSI,0,0,0,0,0,0,0,0,0,1,149,74,1,514,149,0,0,0
TSLA,5,252,104,1,24,5,1,28,9,1,17,9,2,37,68,1,5,12
TSLX,0,0,0,0,0,0,0,0,0,0,0,0,0,0,0,0,0,0
TSM,0,0,0,0,0,0,0,0,0,0,0,0,0,0,0,0,0,0
TSN,0,0,0,0,0,0,0,0,0,0,0,0,0,0,0,0,0,0
TSQ,0,0,0,0,0,0,0,0,0,0,0,0,0,0,0,0,0,0
TSSI,0,0,0,0,0,0,0,0,0,0,0,0,0,0,0,0,0,0
TT,0,0,0,0,0,0,0,0,0,0,0,0,0,0,0,0,0,0
TTAM,0,0,0,0,0,0,0,0,0,0,0,0,0,0,0,0,0,0
TTAN,0,0,0,0,0,0,0,0,0,0,0,0,0,0,0,0,0,0
TTC,0,0,0,0,0,0,0,0,0,0,0,0,0,0,0,0,0,0
TTD,0,0,0,0,0,0,0,0,0,0,0,0,0,0,0,0,0,0
TTE,0,0,0,0,0,0,0,0,0,0,0,0,0,0,0,0,0,0
TTEC,0,0,0,0,0,0,0,0,0,0,0,0,0,0,0,0,0,0
TTEK,0,0,0,0,0,0,0,0,0,0,0,0,0,0,0,0,0,0
TTGT,0,0,0,0,0,0,0,0,0,0,0,0,0,0,0,0,0,0
TTI,0,0,0,0,0,0,0,0,0,0,0,0,0,0,0,0,0,0
TTMI,0,0,0,0,0,0,0,0,0,0,0,0,0,0,0,0,0,0
TTNP,0,0,0,0,0,0,0,0,0,0,0,0,0,0,0,0,0,0
TTSH,0,0,0,0,0,0,0,0,0,0,0,0,0,0,0,0,0,0
TTWO,0,0,0,0,0,0,0,0,0,0,0,0,0,0,0,0,0,0
TUYA,0,0,0,0,0,0,0,0,0,0,0,0,0,0,0,0,0,0
TV,0,0,0,0,0,0,0,0,0,0,0,0,0,0,0,0,0,0
TVA,0,0,0,0,0,0,0,0,0,0,0,0,0,0,0,0,0,0
TVACW,0,0,0,0,0,0,0,0,0,0,0,0,0,0,0,0,0,0
TVAI,0,0,0,0,0,0,0,0,0,0,0,0,0,0,0,0,0,0
TVAIR,0,0,0,0,0,0,0,0,0,0,0,0,0,0,0,0,0,0
TVAIU,0,0,0,0,0,0,0,0,0,0,0,0,0,0,0,0,0,0
TVC,0,0,0,0,0,0,0,0,0,0,0,0,0,0,0,0,0,0
TVE,0,0,0,0,0,0,0,0,0,0,0,0,0,0,0,0,0,0
TVGN,0,0,0,0,0,0,0,0,0,0,0,0,0,0,0,0,0,0
TVGNW,0,0,0,0,0,0,0,0,0,0,0,0,0,0,0,0,0,0
TVRD,0,0,0,0,0,0,0,0,0,0,0,0,0,0,0,0,0,0
TVTX,0,0,0,0,0,0,0,0,0,0,0,0,0,0,0,0,0,0
TW,0,0,0,0,0,0,0,0,0,0,0,0,0,0,0,0,0,0
TWFG,0,0,0,0,0,0,0,0,0,0,0,0,0,0,0,0,0,0
TWG,0,0,0,0,0,0,0,0,0,0,0,0,0,0,0,0,0,0
TWLO,0,0,0,0,0,0,0,0,0,0,0,0,0,0,0,0,0,0
TWN,0,0,0,0,0,0,0,0,0,0,0,0,0,0,0,0,0,0
TWNP,0,0,0,0,0,0,0,0,0,0,0,0,0,0,0,0,0,0
TWOD,0,0,0,0,0,0,0,0,0,0,0,0,0,0,0,0,0,0
TWST,0,0,0,0,0,0,0,0,0,0,0,0,0,0,0,0,0,0
TX,0,0,0,0,0,0,0,0,0,0,0,0,0,0,0,0,0,0
TXG,0,0,0,0,0,0,0,0,0,0,0,0,0,0,0,0,0,0
TXMD,0,0,0,0,0,0,0,0,0,0,0,0,0,0,0,0,0,0
TXN,0,0,0,0,0,0,0,0,0,0,0,0,0,0,0,0,0,0
TXNM,0,0,0,0,0,0,0,0,0,0,0,0,0,0,0,0,0,0
TXO,0,0,0,0,0,0,0,0,0,0,0,0,0,0,0,0,0,0
TXRH,0,0,0,0,0,0,0,0,0,0,0,0,0,0,0,0,0,0
TXT,0,0,0,0,0,0,0,0,0,0,0,0,0,0,0,0,0,0
TY,0,0,0,0,0,0,0,0,0,0,0,0,0,0,0,0,0,0
TYGO,0,0,0,0,0,0,0,0,0,0,0,0,0,0,0,0,0,0
TYL,0,0,0,0,0,0,0,0,0,0,0,0,0,0,0,0,0,0
TYRA,0,0,0,0,0,0,0,0,0,0,0,0,0,0,0,0,0,0
TZOO,0,0,0,0,0,0,0,0,0,0,0,0,0,0,0,0,0,0
TZUP,0,0,0,0,0,0,0,0,0,0,0,0,0,0,0,0,0,0
UA,0,0,0,0,0,0,0,0,0,0,0,0,0,0,0,0,0,0
UAA,0,0,0,0,0,0,0,0,0,0,0,0,0,0,0,0,0,0
UAL,0,0,0,0,0,0,0,0,0,0,0,0,0,0,0,0,0,0
UAMY,0,0,0,0,0,0,0,0,0,0,0,0,0,0,0,0,0,0
UAN,0,0,0,0,0,0,0,0,0,0,0,0,0,0,0,0,0,0
UAVS,0,0,0,0,0,0,0,0,0,0,0,0,0,0,0,0,0,0
UBCP,0,0,0,0,0,0,0,0,0,0,0,0,0,0,0,0,0,0
UBER,1,2,5,1,2,6,0,0,0,2,1000,123,2,1189,150,0,0,0
UBFO,0,0,0,0,0,0,0,0,0,0,0,0,0,0,0,0,0,0
UBS,2,5,10,2,10,13,2,36,15,1,6,7,1,5,11,0,0,0
UBSI,0,0,0,0,0,0,0,0,0,0,0,0,0,0,0,0,0,0
UBXG,0,0,0,0,0,0,0,0,0,0,0,0,0,0,0,0,0,0
UCAR,0,0,0,0,0,0,0,0,0,0,0,0,0,0,0,0,0,0
UCB,0,0,0,0,0,0,0,0,0,0,0,0,0,0,0,0,0,0
UCL,0,0,0,0,0,0,0,0,0,0,0,0,0,0,0,0,0,0
UCTT,0,0,0,0,0,0,0,0,0,0,0,0,0,0,0,0,0,0
UDMY,0,0,0,0,0,0,0,0,0,0,0,0,0,0,0,0,0,0
UDR,0,0,0,0,0,0,0,0,0,0,0,0,0,0,0,0,0,0
UE,0,0,0,0,0,0,0,0,0,0,0,0,0,0,0,0,0,0
UEC,0,0,0,0,0,0,0,0,0,0,0,0,0,0,0,0,0,0
UEIC,0,0,0,0,0,0,0,0,0,0,0,0,0,0,0,0,0,0
UFCS,0,0,0,0,0,0,0,0,0,0,0,0,0,0,0,0,0,0
UFG,0,0,0,0,0,0,0,0,0,0,0,0,0,0,0,0,0,0
UFI,0,0,0,0,0,0,0,0,0,0,0,0,0,0,0,0,0,0
UFPI,0,0,0,0,0,0,0,0,0,0,0,0,0,0,0,0,0,0
UFPT,0,0,0,0,0,0,0,0,0,0,0,0,0,0,0,0,0,0
UGI,0,0,0,0,0,0,0,0,0,0,0,0,0,0,0,0,0,0
UGP,0,0,0,0,0,0,0,0,0,0,0,0,0,0,0,0,0,0
UGRO,0,0,0,0,0,0,0,0,0,0,0,0,1,0,6,0,0,0
UHAL,0,0,0,0,0,0,0,0,0,0,0,0,0,0,0,0,0,0
UHG,0,0,0,0,0,0,0,0,0,0,0,0,0,0,0,0,0,0
UHGWW,0,0,0,0,0,0,0,0,0,0,0,0,0,0,0,0,0,0
UHS,0,0,0,0,0,0,0,0,0,0,0,0,0,0,0,0,0,0
UHT,0,0,0,0,0,0,0,0,0,0,0,0,0,0,0,0,0,0
UI,1,2,1,1,5,4,0,0,0,0,0,0,0,0,0,0,0,0
UIS,0,0,0,0,0,0,0,0,0,0,0,0,0,0,0,0,0,0
UK,0,0,0,0,0,0,2,12,29,3,30,60,3,29,62,1,0,4
UKOMW,0,0,0,0,0,0,0,0,0,0,0,0,0,0,0,0,0,0
UL,0,0,0,0,0,0,0,0,0,0,0,0,0,0,0,0,0,0
ULBI,0,0,0,0,0,0,0,0,0,0,0,0,0,0,0,0,0,0
ULCC,0,0,0,0,0,0,0,0,0,0,0,0,0,0,0,0,0,0
ULH,0,0,0,0,0,0,0,0,0,0,0,0,0,0,0,0,0,0
ULS,0,0,0,0,0,0,0,0,0,0,0,0,0,0,0,0,0,0
ULTA,0,0,0,0,0,0,0,0,0,0,0,0,0,0,0,0,0,0
ULY,0,0,0,0,0,0,0,0,0,0,0,0,0,0,0,0,0,0
UMAC,0,0,0,0,0,0,0,0,0,0,0,0,0,0,0,0,0,0
UMBF,0,0,0,0,0,0,0,0,0,0,0,0,0,0,0,0,0,0
UMBFO,0,0,0,0,0,0,0,0,0,0,0,0,0,0,0,0,0,0
UMC,0,0,0,0,0,0,0,0,0,0,0,0,0,0,0,0,0,0
UMH,0,0,0,0,0,0,0,0,0,0,0,0,0,0,0,0,0,0
UNB,0,0,0,0,0,0,0,0,0,0,0,0,0,0,0,0,0,0
UNCY,0,0,0,0,0,0,0,0,0,0,0,0,0,0,0,0,0,0
UNF,0,0,0,0,0,0,0,0,0,0,0,0,0,0,0,0,0,0
UNFI,0,0,0,0,0,0,0,0,0,0,0,0,0,0,0,0,0,0
UNH,4,869,447,4,1007,572,5,793,529,6,1603,1048,7,2425,1495,4,4318,417
UNM,0,0,0,0,0,0,0,0,0,0,0,0,0,0,0,0,0,0
UNMA,0,0,0,0,0,0,0,0,0,0,0,0,0,0,0,0,0,0
UNP,0,0,0,0,0,0,0,0,0,0,0,0,0,0,0,0,0,0
UNTY,0,0,0,0,0,0,0,0,0,0,0,0,0,0,0,0,0,0
UOKA,0,0,0,0,0,0,0,0,0,0,0,0,0,0,0,0,0,0
UONE,0,0,0,0,0,0,0,0,0,0,0,0,0,0,0,0,0,0
UONEK,0,0,0,0,0,0,0,0,0,0,0,0,0,0,0,0,0,0
UPB,0,0,0,0,0,0,0,0,0,0,0,0,0,0,0,0,0,0
UPBD,0,0,0,0,0,0,0,0,0,0,0,0,0,0,0,0,0,0
UPC,0,0,0,0,0,0,0,0,0,0,0,0,0,0,0,0,0,0
UPLD,0,0,0,0,0,0,0,0,0,0,0,0,0,0,0,0,0,0
UPS,2,3,40,2,1,2,1,3,1,0,0,0,0,0,0,0,0,0
UPST,0,0,0,0,0,0,0,0,0,0,0,0,0,0,0,0,0,0
UPWK,0,0,0,0,0,0,0,0,0,0,0,0,0,0,0,0,0,0
UPXI,0,0,0,0,0,0,0,0,0,0,0,0,0,0,0,0,0,0
URBN,0,0,0,0,0,0,0,0,0,0,0,0,0,0,0,0,0,0
URG,0,0,0,0,0,0,1,3,3,1,28,18,1,35,19,0,0,0
URGN,0,0,0,0,0,0,0,0,0,0,0,0,0,0,0,0,0,0
UROY,0,0,0,0,0,0,0,0,0,0,0,0,0,0,0,0,0,0
USAC,0,0,0,0,0,0,0,0,0,0,0,0,0,0,0,0,0,0
USARW,0,0,0,0,0,0,0,0,0,0,0,0,0,0,0,0,0,0
USAS,0,0,0,0,0,0,0,0,0,0,0,0,0,0,0,1,3,2
USAU,0,0,0,0,0,0,0,0,0,0,0,0,0,0,0,0,0,0
USB,0,0,0,0,0,0,0,0,0,0,0,0,0,0,0,0,0,0
USCB,0,0,0,0,0,0,0,0,0,0,0,0,0,0,0,0,0,0
USEA,0,0,0,0,0,0,0,0,0,0,0,0,0,0,0,0,0,0
USEG,0,0,0,0,0,0,0,0,0,0,0,0,0,0,0,0,0,0
USFD,0,0,0,0,0,0,0,0,0,0,0,0,0,0,0,0,0,0
USGO,0,0,0,0,0,0,0,0,0,0,0,0,0,0,0,0,0,0
USGOW,0,0,0,0,0,0,0,0,0,0,0,0,0,0,0,0,0,0
USIO,0,0,0,0,0,0,0,0,0,0,0,0,0,0,0,0,0,0
USLM,0,0,0,0,0,0,0,0,0,0,0,0,0,0,0,0,0,0
USM,0,0,0,0,0,0,0,0,0,0,0,0,0,0,0,0,0,0
USNA,0,0,0,0,0,0,0,0,0,0,0,0,0,0,0,0,0,0
USPH,0,0,0,0,0,0,0,0,0,0,0,0,0,0,0,0,0,0
UTF,0,0,0,0,0,0,0,0,0,0,0,0,0,0,0,0,0,0
UTG,0,0,0,0,0,0,0,0,0,0,0,0,0,0,0,0,0,0
UTHR,0,0,0,0,0,0,0,0,0,0,0,0,0,0,0,0,0,0
UTI,0,0,0,0,0,0,0,0,0,0,0,0,0,0,0,0,0,0
UTL,0,0,0,0,0,0,0,0,0,0,0,0,0,0,0,0,0,0
UTMD,0,0,0,0,0,0,0,0,0,0,0,0,0,0,0,0,0,0
UTSI,0,0,0,0,0,0,0,0,0,0,0,0,0,0,0,0,0,0
UTZ,0,0,0,0,0,0,0,0,0,0,0,0,0,0,0,0,0,0
UUU,0,0,0,0,0,0,0,0,0,0,0,0,0,0,0,0,0,0
UUUU,1,1,6,1,2,6,1,2,6,1,45,16,1,84,22,0,0,0
UVE,0,0,0,0,0,0,0,0,0,0,0,0,0,0,0,0,0,0
UVSP,0,0,0,0,0,0,0,0,0,0,0,0,0,0,0,0,0,0
UVV,0,0,0,0,0,0,0,0,0,0,0,0,0,0,0,0,0,0
UWMC,0,0,0,0,0,0,0,0,0,0,0,0,0,0,0,0,0,0
UXIN,0,0,0,0,0,0,0,0,0,0,0,0,0,0,0,0,0,0
UYSC,0,0,0,0,0,0,0,0,0,0,0,0,0,0,0,0,0,0
UYSCR,0,0,0,0,0,0,0,0,0,0,0,0,0,0,0,0,0,0
UYSCU,0,0,0,0,0,0,0,0,0,0,0,0,0,0,0,0,0,0
UZD,0,0,0,0,0,0,0,0,0,0,0,0,0,0,0,0,0,0
UZE,0,0,0,0,0,0,0,0,0,0,0,0,0,0,0,0,0,0
UZF,0,0,0,0,0,0,0,0,0,0,0,0,0,0,0,0,0,0
VABK,0,0,0,0,0,0,0,0,0,0,0,0,0,0,0,0,0,0
VAC,0,0,0,0,0,0,0,0,0,0,0,0,0,0,0,0,0,0
VACH,0,0,0,0,0,0,0,0,0,0,0,0,0,0,0,0,0,0
VALN,0,0,0,0,0,0,0,0,0,0,0,0,0,0,0,0,0,0
VALU,0,0,0,0,0,0,0,0,0,0,0,0,0,0,0,0,0,0
VANI,0,0,0,0,0,0,0,0,0,0,0,0,0,0,0,0,0,0
VAPE,1,7,11,1,8,11,1,8,11,1,9,11,0,0,0,0,0,0
VAPEW,0,0,0,0,0,0,0,0,0,0,0,0,0,0,0,0,0,0
VATE,0,0,0,0,0,0,0,0,0,0,0,0,0,0,0,0,0,0
VBF,0,0,0,0,0,0,0,0,0,0,0,0,0,0,0,0,0,0
VBIX,0,0,0,0,0,0,0,0,0,0,0,0,0,0,0,0,0,0
VBNK,0,0,0,0,0,0,0,0,0,0,0,0,0,0,0,0,0,0
VBTX,0,0,0,0,0,0,0,0,0,0,0,0,0,0,0,0,0,0
VC,1,39,1,0,0,0,0,0,0,0,0,0,0,0,0,0,0,0
VCEL,0,0,0,0,0,0,0,0,0,0,0,0,0,0,0,0,0,0
VCIC,0,0,0,0,0,0,0,0,0,0,0,0,0,0,0,0,0,0
VCICU,0,0,0,0,0,0,0,0,0,0,0,0,0,0,0,0,0,0
VCICW,0,0,0,0,0,0,0,0,0,0,0,0,0,0,0,0,0,0
VCIG,0,0,0,0,0,0,0,0,0,0,0,0,0,0,0,0,0,0
VCTR,0,0,0,0,0,0,0,0,0,0,0,0,0,0,0,0,0,0
VCV,0,0,0,0,0,0,0,0,0,0,0,0,0,0,0,0,0,0
VCYT,0,0,0,0,0,0,0,0,0,0,0,0,0,0,0,0,0,0
VECO,0,0,0,0,0,0,0,0,0,0,0,0,0,0,0,0,0,0
VEEA,0,0,0,0,0,0,0,0,0,0,0,0,0,0,0,0,0,0
VEEAW,0,0,0,0,0,0,0,0,0,0,0,0,0,0,0,0,0,0
VEEE,0,0,0,0,0,0,1,5,8,1,4,8,0,0,0,0,0,0
VEEV,0,0,0,0,0,0,0,0,0,0,0,0,0,0,0,0,0,0
VEL,0,0,0,0,0,0,0,0,0,0,0,0,0,0,0,0,0,0
VENU,1,156,48,1,162,51,0,0,0,0,0,0,0,0,0,0,0,0
VEON,0,0,0,0,0,0,0,0,0,0,0,0,0,0,0,0,0,0
VERO,0,0,0,0,0,0,0,0,0,0,0,0,0,0,0,0,0,0
VERU,0,0,0,0,0,0,0,0,0,0,0,0,0,0,0,0,0,0
VERV,0,0,0,0,0,0,0,0,0,0,0,0,0,0,0,0,0,0
VERX,0,0,0,0,0,0,0,0,0,0,0,0,0,0,0,0,0,0
VFC,1,14,4,1,19,6,0,0,0,0,0,0,0,0,0,0,0,0
VFF,0,0,0,0,0,0,0,0,0,0,0,0,0,0,0,0,0,0
VFL,0,0,0,0,0,0,0,0,0,0,0,0,0,0,0,0,0,0
VFS,0,0,0,0,0,0,0,0,0,0,0,0,0,0,0,0,0,0
VFSWW,0,0,0,0,0,0,0,0,0,0,0,0,0,0,0,0,0,0
VG,0,0,0,0,0,0,0,0,0,0,0,0,0,0,0,0,0,0
VGAS,0,0,0,0,0,0,0,0,0,0,0,0,0,0,0,0,0,0
VGASW,0,0,0,0,0,0,0,0,0,0,0,0,0,0,0,0,0,0
VGI,0,0,0,0,0,0,0,0,0,0,0,0,0,0,0,0,0,0
VGM,0,0,0,0,0,0,0,0,0,0,0,0,0,0,0,0,0,0
VGZ,1,3,1,0,0,0,0,0,0,0,0,0,0,0,0,0,0,0
VHC,0,0,0,0,0,0,0,0,0,0,0,0,0,0,0,0,0,0
VHI,0,0,0,0,0,0,0,0,0,0,0,0,0,0,0,0,0,0
VIASP,0,0,0,0,0,0,0,0,0,0,0,0,0,0,0,0,0,0
VIAV,0,0,0,0,0,0,0,0,0,0,0,0,0,0,0,0,0,0
VICI,0,0,0,0,0,0,0,0,0,0,0,0,0,0,0,0,0,0
VICR,0,0,0,0,0,0,0,0,0,0,0,0,0,0,0,0,0,0
VIGL,0,0,0,0,0,0,0,0,0,0,0,0,0,0,0,0,0,0
VIK,0,0,0,0,0,0,1,1,3,1,1,14,0,0,0,0,0,0
VINP,0,0,0,0,0,0,0,0,0,0,0,0,0,0,0,0,0,0
VIOT,0,0,0,0,0,0,0,0,0,0,0,0,0,0,0,0,0,0
VIPS,0,0,0,0,0,0,0,0,0,0,0,0,0,0,0,0,0,0
VIR,0,0,0,0,0,0,0,0,0,0,0,0,0,0,0,0,0,0
VIRC,0,0,0,0,0,0,0,0,0,0,0,0,0,0,0,0,0,0
VIRT,0,0,0,0,0,0,0,0,0,0,0,0,0,0,0,0,0,0
VIST,0,0,0,0,0,0,0,0,0,0,0,0,0,0,0,0,0,0
VITL,0,0,0,0,0,0,0,0,0,0,0,0,0,0,0,0,0,0
VIV,0,0,0,0,0,0,0,0,0,0,0,0,0,0,0,0,0,0
VIVK,0,0,0,0,0,0,0,0,0,0,0,0,0,0,0,0,0,0
VIVS,0,0,0,0,0,0,0,0,0,0,0,0,0,0,0,0,0,0
VKI,0,0,0,0,0,0,0,0,0,0,0,0,0,0,0,0,0,0
VKQ,0,0,0,0,0,0,0,0,0,0,0,0,0,0,0,0,0,0
VKTX,0,0,0,0,0,0,0,0,0,0,0,0,0,0,0,0,0,0
VLCN,0,0,0,0,0,0,0,0,0,0,0,0,0,0,0,0,0,0
VLGEA,0,0,0,0,0,0,0,0,0,0,0,0,0,0,0,0,0,0
VLN,0,0,0,0,0,0,0,0,0,0,0,0,0,0,0,0,0,0
VLO,0,0,0,0,0,0,0,0,0,0,0,0,0,0,0,0,0,0
VLRS,0,0,0,0,0,0,0,0,0,0,0,0,0,0,0,0,0,0
VLT,0,0,0,0,0,0,0,0,0,0,0,0,0,0,0,0,0,0
VLTO,0,0,0,0,0,0,0,0,0,0,0,0,0,0,0,0,0,0
VLY,0,0,0,0,0,0,0,0,0,0,0,0,0,0,0,0,0,0
VLYPN,0,0,0,0,0,0,0,0,0,0,0,0,0,0,0,0,0,0
VLYPO,0,0,0,0,0,0,0,0,0,0,0,0,0,0,0,0,0,0
VLYPP,0,0,0,0,0,0,0,0,0,0,0,0,0,0,0,0,0,0
VMAR,0,0,0,0,0,0,0,0,0,0,0,0,0,0,0,0,0,0
VMC,0,0,0,0,0,0,0,0,0,0,0,0,0,0,0,0,0,0
VMD,0,0,0,0,0,0,0,0,0,0,0,0,0,0,0,0,0,0
VMEO,0,0,0,0,0,0,0,0,0,0,0,0,0,0,0,0,0,0
VMI,0,0,0,0,0,0,0,0,0,0,0,0,0,0,0,0,0,0
VMO,0,0,0,0,0,0,0,0,0,0,0,0,0,0,0,0,0,0
VNCE,0,0,0,0,0,0,0,0,0,0,0,0,0,0,0,0,0,0
VNDA,0,0,0,0,0,0,0,0,0,0,0,0,0,0,0,0,0,0
VNET,0,0,0,0,0,0,0,0,0,0,0,0,0,0,0,0,0,0
VNMEU,0,0,0,0,0,0,0,0,0,0,0,0,0,0,0,0,0,0
VNO,0,0,0,0,0,0,0,0,0,0,0,0,0,0,0,0,0,0
VNOM,0,0,0,0,0,0,0,0,0,0,0,0,0,0,0,0,0,0
VNRX,0,0,0,0,0,0,0,0,0,0,0,0,0,0,0,0,0,0
VNT,0,0,0,0,0,0,0,0,0,0,0,0,0,0,0,0,0,0
VNTG,0,0,0,0,0,0,0,0,0,0,0,0,0,0,0,0,0,0
VOC,0,0,0,0,0,0,0,0,0,0,0,0,0,0,0,0,0,0
VOR,0,0,0,0,0,0,0,0,0,0,0,0,0,0,0,0,0,0
VOXR,0,0,0,0,0,0,0,0,0,0,0,0,0,0,0,0,0,0
VOYA,0,0,0,0,0,0,0,0,0,0,0,0,0,0,0,0,0,0
VOYG,0,0,0,0,0,0,0,0,0,0,0,0,0,0,0,0,0,0
VPG,0,0,0,0,0,0,0,0,0,0,0,0,0,0,0,0,0,0
VPV,0,0,0,0,0,0,0,0,0,0,0,0,0,0,0,0,0,0
VRA,0,0,0,0,0,0,0,0,0,0,0,0,0,0,0,0,0,0
VRAR,0,0,0,0,0,0,0,0,0,0,0,0,0,0,0,0,0,0
VRAX,0,0,0,1,4,1,1,5,1,1,3,1,1,3,1,1,0,4
VRCA,0,0,0,0,0,0,0,0,0,0,0,0,0,0,0,0,0,0
VRDN,0,0,0,0,0,0,0,0,0,0,0,0,0,0,0,0,0,0
VRE,0,0,0,0,0,0,0,0,0,0,0,0,0,0,0,0,0,0
VREX,0,0,0,0,0,0,0,0,0,0,0,0,0,0,0,0,0,0
VRM,0,0,0,0,0,0,0,0,0,0,0,0,0,0,0,0,0,0
VRME,0,0,0,1,0,1,2,4,4,1,1,3,1,1,3,0,0,0
VRNA,0,0,0,0,0,0,0,0,0,0,0,0,0,0,0,0,0,0
VRNS,0,0,0,0,0,0,0,0,0,0,0,0,0,0,0,0,0,0
VRNT,0,0,0,0,0,0,0,0,0,0,0,0,0,0,0,0,0,0
VRRM,0,0,0,0,0,0,0,0,0,0,0,0,0,0,0,0,0,0
VRSK,0,0,0,0,0,0,0,0,0,0,0,0,0,0,0,0,0,0
VRSN,0,0,0,0,0,0,0,0,0,0,0,0,0,0,0,0,0,0
VRT,0,0,0,0,0,0,0,0,0,0,0,0,1,42,13,0,0,0
VRTS,0,0,0,0,0,0,0,0,0,0,0,0,0,0,0,0,0,0
VRTX,0,0,0,0,0,0,0,0,0,0,0,0,0,0,0,0,0,0
VSA,0,0,0,0,0,0,0,0,0,0,0,0,0,0,0,0,0,0
VSAT,0,0,0,0,0,0,0,0,0,0,0,0,0,0,0,0,0,0
VSCO,0,0,0,0,0,0,0,0,0,0,0,0,0,0,0,0,0,0
VSEC,0,0,0,0,0,0,0,0,0,0,0,0,0,0,0,0,0,0
VSEE,0,0,0,0,0,0,0,0,0,0,0,0,0,0,0,0,0,0
VSEEW,0,0,0,0,0,0,0,0,0,0,0,0,0,0,0,0,0,0
VSH,0,0,0,0,0,0,0,0,0,0,0,0,0,0,0,0,0,0
VSME,0,0,0,0,0,0,0,0,0,0,0,0,0,0,0,0,0,0
VSSYW,0,0,0,0,0,0,0,0,0,0,0,0,0,0,0,0,0,0
VST,0,0,0,0,0,0,0,0,0,0,0,0,0,0,0,0,0,0
VSTA,0,0,0,0,0,0,0,0,0,0,0,0,0,0,0,0,0,0
VSTM,0,0,0,0,0,0,0,0,0,0,0,0,0,0,0,0,0,0
VSTS,0,0,0,0,0,0,0,0,0,0,0,0,0,0,0,0,0,0
VTAK,0,0,0,0,0,0,0,0,0,0,0,0,0,0,0,0,0,0
VTEX,0,0,0,0,0,0,0,0,0,0,0,0,0,0,0,0,0,0
VTGN,0,0,0,0,0,0,0,0,0,0,0,0,0,0,0,0,0,0
VTLE,0,0,0,0,0,0,0,0,0,0,0,0,0,0,0,0,0,0
VTMX,0,0,0,0,0,0,0,0,0,0,0,0,0,0,0,0,0,0
VTN,0,0,0,0,0,0,0,0,0,0,0,0,0,0,0,0,0,0
VTOL,0,0,0,0,0,0,0,0,0,0,0,0,0,0,0,0,0,0
VTR,0,0,0,0,0,0,0,0,0,0,0,0,0,0,0,0,0,0
VTRS,0,0,0,0,0,0,0,0,0,0,0,0,0,0,0,0,0,0
VTS,0,0,0,0,0,0,0,0,0,0,0,0,0,0,0,0,0,0
VTSI,0,0,0,0,0,0,0,0,0,0,0,0,0,0,0,0,0,0
VTVT,0,0,0,0,0,0,0,0,0,0,0,0,0,0,0,0,0,0
VTYX,0,0,0,0,0,0,0,0,0,0,0,0,0,0,0,0,0,0
VUZI,0,0,0,0,0,0,0,0,0,0,0,0,0,0,0,0,0,0
VVOS,0,0,0,0,0,0,0,0,0,0,0,0,0,0,0,0,0,0
VVPR,0,0,0,0,0,0,0,0,0,0,0,0,0,0,0,0,0,0
VVR,0,0,0,0,0,0,0,0,0,0,0,0,0,0,0,0,0,0
VVV,0,0,0,0,0,0,0,0,0,0,0,0,0,0,0,0,0,0
VVX,0,0,0,0,0,0,0,0,0,0,0,0,0,0,0,0,0,0
VWAV,1,0,1,1,2,1,2,4,2,1,2,1,1,2,1,0,0,0
VWAVW,0,0,0,0,0,0,1,2,1,1,2,1,1,2,1,0,0,0
VYGR,0,0,0,0,0,0,0,0,0,0,0,0,0,0,0,0,0,0
VYNE,0,0,0,0,0,0,0,0,0,0,0,0,0,0,0,0,0,0
VYX,0,0,0,0,0,0,0,0,0,0,0,0,0,0,0,0,0,0
VZ,0,0,0,0,0,0,0,0,0,0,0,0,0,0,0,0,0,0
VZLA,0,0,0,0,0,0,0,0,0,0,0,0,0,0,0,0,0,0
WABC,0,0,0,0,0,0,0,0,0,0,0,0,0,0,0,0,0,0
WAFDP,0,0,0,0,0,0,0,0,0,0,0,0,0,0,0,0,0,0
WAFU,0,0,0,0,0,0,0,0,0,0,0,0,0,0,0,0,0,0
WAI,0,0,0,0,0,0,0,0,0,0,0,0,0,0,0,0,0,0
WAL,0,0,0,0,0,0,0,0,0,0,0,0,0,0,0,0,0,0
WALD,0,0,0,0,0,0,0,0,0,0,0,0,0,0,0,0,0,0
WALDW,0,0,0,0,0,0,0,0,0,0,0,0,0,0,0,0,0,0
WB,0,0,0,0,0,0,0,0,0,0,0,0,1,4,7,0,0,0
WBA,0,0,0,0,0,0,0,0,0,0,0,0,0,0,0,0,0,0
WBD,0,0,0,0,0,0,0,0,0,0,0,0,0,0,0,0,0,0
WBS,0,0,0,0,0,0,0,0,0,0,0,0,0,0,0,0,0,0
WBTN,0,0,0,0,0,0,0,0,0,0,0,0,0,0,0,0,0,0
WBUY,0,0,0,0,0,0,0,0,0,0,0,0,0,0,0,0,0,0
WBX,0,0,0,0,0,0,0,0,0,0,0,0,0,0,0,0,0,0
WCC,0,0,0,0,0,0,0,0,0,0,0,0,0,0,0,0,0,0
WCN,0,0,0,0,0,0,0,0,0,0,0,0,0,0,0,0,0,0
WCT,0,0,0,0,0,0,0,0,0,0,0,0,0,0,0,0,0,0
WD,0,0,0,0,0,0,0,0,0,0,0,0,0,0,0,0,0,0
WDAY,0,0,0,0,0,0,0,0,0,0,0,0,0,0,0,0,0,0
WDC,0,0,0,0,0,0,1,15,2,1,19,2,0,0,0,0,0,0
WDFC,0,0,0,0,0,0,0,0,0,0,0,0,0,0,0,0,0,0
WDH,0,0,0,2,8,2,2,102,42,0,0,0,0,0,0,0,0,0
WDI,0,0,0,0,0,0,0,0,0,0,0,0,0,0,0,0,0,0
WDS,0,0,0,0,0,0,0,0,0,0,0,0,0,0,0,0,0,0
WEAV,0,0,0,0,0,0,0,0,0,0,0,0,0,0,0,0,0,0
WEC,0,0,0,0,0,0,0,0,0,0,0,0,0,0,0,0,0,0
WENN,0,0,0,0,0,0,0,0,0,0,0,0,0,0,0,0,0,0
WENNU,0,0,0,0,0,0,0,0,0,0,0,0,0,0,0,0,0,0
WENNW,0,0,0,0,0,0,0,0,0,0,0,0,0,0,0,0,0,0
WERN,0,0,0,0,0,0,0,0,0,0,0,0,0,0,0,0,0,0
WETH,0,0,0,0,0,0,0,0,0,0,0,0,0,0,0,0,0,0
WETO,0,0,0,0,0,0,0,0,0,0,0,0,0,0,0,0,0,0
WEX,0,0,0,0,0,0,0,0,0,0,0,0,0,0,0,0,0,0
WEYS,0,0,0,0,0,0,0,0,0,0,0,0,0,0,0,0,0,0
WF,0,0,0,0,0,0,0,0,0,0,0,0,0,0,0,0,0,0
WFC,0,0,0,0,0,0,0,0,0,0,0,0,0,0,0,0,0,0
WFCF,0,0,0,0,0,0,0,0,0,0,0,0,0,0,0,0,0,0
WFF,0,0,0,0,0,0,0,0,0,0,0,0,0,0,0,0,0,0
WFG,0,0,0,0,0,0,0,0,0,0,0,0,0,0,0,0,0,0
WFRD,0,0,0,0,0,0,0,0,0,0,0,0,0,0,0,0,0,0
WGO,0,0,0,0,0,0,0,0,0,0,0,0,0,0,0,0,0,0
WGRX,0,0,0,0,0,0,0,0,0,0,0,0,0,0,0,0,0,0
WGS,0,0,0,0,0,0,0,0,0,0,0,0,0,0,0,0,0,0
WGSWW,0,0,0,0,0,0,0,0,0,0,0,0,0,0,0,0,0,0
WH,0,0,0,0,0,0,0,0,0,0,0,0,0,0,0,0,0,0
WHD,0,0,0,0,0,0,0,0,0,0,0,0,0,0,0,0,0,0
WHF,0,0,0,0,0,0,0,0,0,0,0,0,0,0,0,0,0,0
WHFCL,0,0,0,0,0,0,0,0,0,0,0,0,0,0,0,0,0,0
WHG,0,0,0,0,0,0,0,0,0,0,0,0,0,0,0,0,0,0
WHLR,0,0,0,0,0,0,0,0,0,0,0,0,0,0,0,0,0,0
WHLRD,0,0,0,0,0,0,0,0,0,0,0,0,0,0,0,0,0,0
WHLRL,0,0,0,0,0,0,0,0,0,0,0,0,0,0,0,0,0,0
WHLRP,0,0,0,0,0,0,0,0,0,0,0,0,0,0,0,0,0,0
WHR,0,0,0,0,0,0,0,0,0,0,0,0,0,0,0,0,0,0
WHWK,0,0,0,0,0,0,0,0,0,0,0,0,0,0,0,0,0,0
WIA,0,0,0,0,0,0,0,0,0,0,0,0,0,0,0,0,0,0
WILC,0,0,0,0,0,0,0,0,0,0,0,0,0,0,0,0,0,0
WIMI,0,0,0,0,0,0,0,0,0,0,0,0,0,0,0,0,0,0
WINA,0,0,0,0,0,0,0,0,0,0,0,0,0,0,0,0,0,0
WIW,0,0,0,0,0,0,0,0,0,0,0,0,0,0,0,0,0,0
WIX,0,0,0,0,0,0,0,0,0,0,0,0,0,0,0,0,0,0
WK,0,0,0,0,0,0,0,0,0,0,0,0,0,0,0,0,0,0
WKC,0,0,0,0,0,0,0,0,0,0,0,0,0,0,0,0,0,0
WKEY,0,0,0,0,0,0,0,0,0,0,0,0,0,0,0,0,0,0
WKHS,0,0,0,0,0,0,0,0,0,0,0,0,0,0,0,0,0,0
WKSP,1,20,5,1,22,5,1,22,5,1,22,5,1,25,5,1,2,1
WLAC,0,0,0,0,0,0,0,0,0,0,0,0,0,0,0,0,0,0
WLACW,0,0,0,0,0,0,0,0,0,0,0,0,0,0,0,0,0,0
WLDN,0,0,0,0,0,0,0,0,0,0,0,0,0,0,0,0,0,0
WLDS,0,0,0,0,0,0,0,0,0,0,0,0,0,0,0,0,0,0
WLDSW,0,0,0,0,0,0,0,0,0,0,0,0,0,0,0,0,0,0
WLFC,0,0,0,0,0,0,0,0,0,0,0,0,0,0,0,0,0,0
WLGS,1,115,92,0,0,0,0,0,0,0,0,0,0,0,0,0,0,0
WLK,0,0,0,0,0,0,0,0,0,0,0,0,0,0,0,0,0,0
WLKP,0,0,0,0,0,0,0,0,0,0,0,0,0,0,0,0,0,0
WLY,0,0,0,0,0,0,0,0,0,0,0,0,0,0,0,0,0,0
WLYB,0,0,0,0,0,0,0,0,0,0,0,0,0,0,0,0,0,0
WM,0,0,0,1,6,1,1,76,37,0,0,0,0,0,0,0,0,0
WMB,0,0,0,0,0,0,0,0,0,0,0,0,0,0,0,0,0,0
WMG,0,0,0,0,0,0,0,0,0,0,0,0,0,0,0,0,0,0
WMK,0,0,0,0,0,0,0,0,0,0,0,0,0,0,0,0,0,0
WMS,0,0,0,0,0,0,0,0,0,0,0,0,0,0,0,0,0,0
WMT,0,0,0,0,0,0,0,0,0,0,0,0,0,0,0,0,0,0
WNC,0,0,0,0,0,0,0,0,0,0,0,0,0,0,0,0,0,0
WNEB,0,0,0,0,0,0,0,0,0,0,0,0,0,0,0,0,0,0
WNS,0,0,0,0,0,0,0,0,0,0,0,0,0,0,0,0,0,0
WNW,0,0,0,0,0,0,0,0,0,0,0,0,0,0,0,0,0,0
WOK,0,0,0,0,0,0,0,0,0,0,0,0,0,0,0,0,0,0
WOR,0,0,0,0,0,0,0,0,0,0,0,0,0,0,0,0,0,0
WORX,0,0,0,0,0,0,0,0,0,0,0,0,0,0,0,0,0,0
WPC,0,0,0,0,0,0,0,0,0,0,0,0,0,0,0,0,0,0
WPM,0,0,0,0,0,0,0,0,0,0,0,0,0,0,0,0,0,0
WPP,0,0,0,0,0,0,0,0,0,0,0,0,0,0,0,0,0,0
WPRT,0,0,0,0,0,0,0,0,0,0,0,0,0,0,0,0,0,0
WRB,0,0,0,0,0,0,0,0,0,0,0,0,0,0,0,0,0,0
WRBY,0,0,0,0,0,0,0,0,0,0,0,0,0,0,0,0,0,0
WRD,0,0,0,0,0,0,0,0,0,0,0,0,0,0,0,0,0,0
WRLD,0,0,0,0,0,0,0,0,0,0,0,0,0,0,0,0,0,0
WRN,0,0,0,0,0,0,0,0,0,0,0,0,0,0,0,0,0,0
WS,0,0,0,0,0,0,0,0,0,0,0,0,0,0,0,0,0,0
WSBC,0,0,0,0,0,0,0,0,0,0,0,0,0,0,0,0,0,0
WSBCP,0,0,0,0,0,0,0,0,0,0,0,0,0,0,0,0,0,0
WSBF,0,0,0,0,0,0,0,0,0,0,0,0,0,0,0,0,0,0
WSBK,0,0,0,0,0,0,0,0,0,0,0,0,0,0,0,0,0,0
WSC,0,0,0,0,0,0,0,0,0,0,0,0,0,0,0,0,0,0
WSFS,0,0,0,0,0,0,0,0,0,0,0,0,0,0,0,0,0,0
WSM,0,0,0,0,0,0,0,0,0,0,0,0,0,0,0,0,0,0
WSO,0,0,0,0,0,0,0,0,0,0,0,0,0,0,0,0,0,0
WSR,0,0,0,0,0,0,0,0,0,0,0,0,0,0,0,0,0,0
WST,0,0,0,0,0,0,0,0,0,0,0,0,0,0,0,0,0,0
WT,0,0,0,0,0,0,0,0,0,0,0,0,0,0,0,0,0,0
WTBA,0,0,0,0,0,0,0,0,0,0,0,0,0,0,0,0,0,0
WTFC,0,0,0,0,0,0,0,0,0,0,0,0,0,0,0,0,0,0
WTFCN,0,0,0,0,0,0,0,0,0,0,0,0,0,0,0,0,0,0
WTG,0,0,0,0,0,0,0,0,0,0,0,0,0,0,0,0,0,0
WTGUR,0,0,0,0,0,0,0,0,0,0,0,0,0,0,0,0,0,0
WTGUU,0,0,0,0,0,0,0,0,0,0,0,0,0,0,0,0,0,0
WTI,0,0,0,0,0,0,0,0,0,0,0,0,0,0,0,0,0,0
WTM,0,0,0,0,0,0,0,0,0,0,0,0,0,0,0,0,0,0
WTO,0,0,0,0,0,0,0,0,0,0,0,0,0,0,0,0,0,0
WTRG,0,0,0,0,0,0,0,0,0,0,0,0,0,0,0,0,0,0
WTS,0,0,0,0,0,0,0,0,0,0,0,0,0,0,0,0,0,0
WTTR,0,0,0,0,0,0,0,0,0,0,0,0,0,0,0,0,0,0
WTW,0,0,0,0,0,0,0,0,0,0,0,0,0,0,0,0,0,0
WULF,0,0,0,0,0,0,0,0,0,0,0,0,0,0,0,0,0,0
WVE,0,0,0,0,0,0,0,0,0,0,0,0,0,0,0,0,0,0
WVVI,0,0,0,0,0,0,0,0,0,0,0,0,0,0,0,0,0,0
WVVIP,0,0,0,0,0,0,0,0,0,0,0,0,0,0,0,0,0,0
WW,0,0,0,0,0,0,0,0,0,0,0,0,0,0,0,0,0,0
WWD,0,0,0,0,0,0,0,0,0,0,0,0,0,0,0,0,0,0
WWR,0,0,0,0,0,0,0,0,0,0,0,0,0,0,0,0,0,0
WXM,0,0,0,0,0,0,0,0,0,0,0,0,0,0,0,0,0,0
WYHG,0,0,0,0,0,0,0,0,0,0,0,0,0,0,0,0,0,0
WYY,0,0,0,0,0,0,0,0,0,0,0,0,0,0,0,0,0,0
XAGE,0,0,0,0,0,0,0,0,0,0,0,0,0,0,0,0,0,0
XAGEW,0,0,0,0,0,0,0,0,0,0,0,0,0,0,0,0,0,0
XAIR,0,0,0,0,0,0,0,0,0,0,0,0,0,0,0,0,0,0
XBIO,0,0,0,0,0,0,0,0,0,0,0,0,0,0,0,0,0,0
XBIT,0,0,0,0,0,0,0,0,0,0,0,0,0,0,0,0,0,0
XBP,0,0,0,0,0,0,0,0,0,0,0,0,0,0,0,0,0,0
XBPEW,0,0,0,0,0,0,0,0,0,0,0,0,0,0,0,0,0,0
XCH,0,0,0,0,0,0,0,0,0,0,0,0,0,0,0,0,0,0
XCUR,0,0,0,0,0,0,0,0,0,0,0,0,0,0,0,0,0,0
XEL,0,0,0,0,0,0,0,0,0,0,0,0,0,0,0,0,0,0
XELB,0,0,0,0,0,0,0,0,0,0,0,0,0,0,0,0,0,0
XENE,0,0,0,0,0,0,0,0,0,0,0,0,0,0,0,0,0,0
XERS,0,0,0,0,0,0,0,0,0,0,0,0,0,0,0,0,0,0
XFLT,0,0,0,0,0,0,0,0,0,0,0,0,0,0,0,0,0,0
XFOR,0,0,0,0,0,0,0,0,0,0,0,0,0,0,0,0,0,0
XGN,0,0,0,0,0,0,0,0,0,0,0,0,0,0,0,0,0,0
XHG,0,0,0,0,0,0,0,0,0,0,0,0,0,0,0,0,0,0
XHLD,0,0,0,0,0,0,0,0,0,0,0,0,0,0,0,0,0,0
XHR,0,0,0,0,0,0,0,0,0,0,0,0,0,0,0,0,0,0
XIFR,0,0,0,0,0,0,0,0,0,0,0,0,0,0,0,0,0,0
XIN,0,0,0,0,0,0,0,0,0,0,0,0,0,0,0,0,0,0
XLO,0,0,0,0,0,0,0,0,0,0,0,0,0,0,0,0,0,0
XMTR,0,0,0,0,0,0,0,0,0,0,0,0,0,0,0,0,0,0
XNCR,0,0,0,0,0,0,0,0,0,0,0,0,0,0,0,0,0,0
XNET,0,0,0,0,0,0,0,0,0,0,0,0,0,0,0,0,0,0
XOM,0,0,0,0,0,0,0,0,0,0,0,0,0,0,0,0,0,0
XOMA,0,0,0,0,0,0,0,0,0,0,0,0,0,0,0,0,0,0
XOMAO,0,0,0,0,0,0,0,0,0,0,0,0,0,0,0,0,0,0
XOMAP,0,0,0,0,0,0,0,0,0,0,0,0,0,0,0,0,0,0
XOS,0,0,0,0,0,0,0,0,0,0,0,0,0,0,0,0,0,0
XOSWW,0,0,0,0,0,0,0,0,0,0,0,0,0,0,0,0,0,0
XP,0,0,0,0,0,0,0,0,0,0,0,0,0,0,0,0,0,0
XPEL,0,0,0,0,0,0,0,0,0,0,0,0,0,0,0,0,0,0
XPER,0,0,0,0,0,0,0,0,0,0,0,0,0,0,0,0,0,0
XPEV,0,0,0,0,0,0,0,0,0,0,0,0,0,0,0,0,0,0
XPL,0,0,0,0,0,0,0,0,0,0,0,0,0,0,0,0,0,0
XPO,0,0,0,0,0,0,0,0,0,0,0,0,0,0,0,0,0,0
XPOF,0,0,0,0,0,0,0,0,0,0,0,0,0,0,0,0,0,0
XPON,0,0,0,0,0,0,0,0,0,0,0,0,0,0,0,0,0,0
XPRO,0,0,0,0,0,0,0,0,0,0,0,0,0,0,0,0,0,0
XRAY,0,0,0,0,0,0,0,0,0,0,0,0,0,0,0,0,0,0
XRTX,0,0,0,0,0,0,0,0,0,0,0,0,0,0,0,0,0,0
XRX,0,0,0,0,0,0,0,0,0,0,0,0,0,0,0,0,0,0
XTIA,0,0,0,0,0,0,0,0,0,0,0,0,0,0,0,0,0,0
XTKG,0,0,0,0,0,0,0,0,0,0,0,0,0,0,0,0,0,0
XTLB,0,0,0,0,0,0,0,0,0,0,0,0,0,0,0,0,0,0
XTNT,0,0,0,0,0,0,0,0,0,0,0,0,0,0,0,0,0,0
XWEL,0,0,0,0,0,0,0,0,0,0,0,0,0,0,0,0,0,0
XXII,0,0,0,0,0,0,0,0,0,0,0,0,0,0,0,0,0,0
XYF,0,0,0,0,0,0,0,0,0,0,0,0,0,0,0,0,0,0
XYL,0,0,0,0,0,0,0,0,0,0,0,0,0,0,0,0,0,0
XYLO,0,0,0,0,0,0,0,0,0,0,0,0,0,0,0,0,0,0
XYZ,0,0,0,0,0,0,0,0,0,0,0,0,0,0,0,0,0,0
YAAS,0,0,0,0,0,0,0,0,0,0,0,0,0,0,0,0,0,0
YALA,0,0,0,0,0,0,0,0,0,0,0,0,0,0,0,0,0,0
YB,0,0,0,0,0,0,0,0,0,0,0,0,0,0,0,0,0,0
YCBD,0,0,0,0,0,0,0,0,0,0,0,0,0,0,0,0,0,0
YETI,0,0,0,0,0,0,0,0,0,0,0,0,0,0,0,0,0,0
YEXT,0,0,0,0,0,0,0,0,0,0,0,0,0,0,0,0,0,0
YGMZ,0,0,0,0,0,0,0,0,0,0,0,0,0,0,0,0,0,0
YHC,2,31,41,2,32,45,1,21,35,1,23,36,1,22,38,0,0,0
YHGJ,0,0,0,0,0,0,0,0,0,0,0,0,0,0,0,0,0,0
YHNA,0,0,0,0,0,0,0,0,0,0,0,0,0,0,0,0,0,0
YHNAR,0,0,0,0,0,0,0,0,0,0,0,0,0,0,0,0,0,0
YI,0,0,0,0,0,0,0,0,0,0,0,0,0,0,0,0,0,0
YIBO,0,0,0,0,0,0,0,0,0,0,0,0,0,0,0,0,0,0
YJ,0,0,0,0,0,0,0,0,0,0,0,0,0,0,0,0,0,0
YMAB,0,0,0,0,0,0,0,0,0,0,0,0,0,0,0,0,0,0
YMM,0,0,0,0,0,0,0,0,0,0,0,0,0,0,0,0,0,0
YORKU,0,0,0,0,0,0,0,0,0,0,0,0,0,0,0,0,0,0
YORW,0,0,0,0,0,0,0,0,0,0,0,0,0,0,0,0,0,0
YOSH,0,0,0,0,0,0,0,0,0,0,0,0,0,0,0,0,0,0
YPF,0,0,0,0,0,0,0,0,0,0,0,0,0,0,0,0,0,0
YQ,0,0,0,0,0,0,0,0,0,0,0,0,0,0,0,0,0,0
YRD,0,0,0,0,0,0,0,0,0,0,0,0,0,0,0,0,0,0
YSG,0,0,0,0,0,0,0,0,0,0,0,0,0,0,0,0,0,0
YSXT,0,0,0,0,0,0,0,0,0,0,0,0,0,0,0,0,0,0
YTRA,0,0,0,0,0,0,0,0,0,0,0,0,0,0,0,0,0,0
YUM,0,0,0,0,0,0,0,0,0,0,0,0,0,0,0,0,0,0
YUMC,0,0,0,0,0,0,0,0,0,0,0,0,0,0,0,0,0,0
YXT,0,0,0,0,0,0,0,0,0,0,0,0,0,0,0,0,0,0
YYAI,0,0,0,0,0,0,0,0,0,0,0,0,0,0,0,0,0,0
YYGH,0,0,0,0,0,0,0,0,0,0,0,0,0,0,0,0,0,0
ZBAI,0,0,0,0,0,0,0,0,0,0,0,0,0,0,0,0,0,0
ZBAO,0,0,0,0,0,0,0,0,0,0,0,0,0,0,0,0,0,0
ZBH,0,0,0,0,0,0,0,0,0,0,0,0,0,0,0,0,0,0
ZBIO,0,0,0,0,0,0,0,0,0,0,0,0,0,0,0,0,0,0
ZBRA,0,0,0,0,0,0,0,0,0,0,0,0,0,0,0,0,0,0
ZCMD,0,0,0,0,0,0,0,0,0,0,0,0,0,0,0,0,0,0
ZD,0,0,0,0,0,0,0,0,0,0,0,0,0,0,0,0,0,0
ZDAI,0,0,0,0,0,0,0,0,0,0,0,0,0,0,0,0,0,0
ZDGE,0,0,0,0,0,0,0,0,0,0,0,0,0,0,0,0,0,0
ZENA,0,0,0,1,0,1,1,2,1,0,0,0,0,0,0,1,25,36
ZENV,0,0,0,0,0,0,0,0,0,0,0,0,0,0,0,0,0,0
ZEO,0,0,0,0,0,0,0,0,0,0,0,0,0,0,0,0,0,0
ZEOWW,0,0,0,0,0,0,0,0,0,0,0,0,0,0,0,0,0,0
ZEPP,0,0,0,0,0,0,0,0,0,0,0,0,0,0,0,0,0,0
ZG,0,0,0,0,0,0,0,0,0,0,0,0,0,0,0,0,0,0
ZGN,0,0,0,0,0,0,0,0,0,0,0,0,0,0,0,0,0,0
ZH,0,0,0,0,0,0,0,0,0,0,0,0,0,0,0,0,0,0
ZIM,0,0,0,0,0,0,0,0,0,0,0,0,0,0,0,0,0,0
ZIMV,0,0,0,0,0,0,0,0,0,0,0,0,0,0,0,0,0,0
ZIONP,0,0,0,0,0,0,0,0,0,0,0,0,0,0,0,0,0,0
ZJK,0,0,0,0,0,0,0,0,0,0,0,0,0,0,0,0,0,0
ZJYL,0,0,0,0,0,0,0,0,0,0,0,0,0,0,0,0,0,0
ZK,0,0,0,0,0,0,0,0,0,0,0,0,0,0,0,0,0,0
ZKH,0,0,0,0,0,0,0,0,0,0,0,0,0,0,0,0,0,0
ZKIN,0,0,0,0,0,0,0,0,0,0,0,0,0,0,0,0,0,0
ZLAB,0,0,0,0,0,0,0,0,0,0,0,0,0,0,0,0,0,0
ZM,0,0,0,0,0,0,0,0,0,0,0,0,0,0,0,0,0,0
ZNTL,0,0,0,0,0,0,0,0,0,0,0,0,0,0,0,0,0,0
ZOOZ,0,0,0,0,0,0,0,0,0,0,0,0,0,0,0,0,0,0
ZOOZW,0,0,0,0,0,0,0,0,0,0,0,0,0,0,0,0,0,0
ZS,0,0,0,0,0,0,0,0,0,0,0,0,0,0,0,0,0,0
ZSPC,0,0,0,0,0,0,0,0,0,0,0,0,0,0,0,0,0,0
ZTEK,0,0,0,0,0,0,0,0,0,0,0,0,0,0,0,0,0,0
ZTO,0,0,0,0,0,0,0,0,0,0,0,0,0,0,0,0,0,0
ZTR,0,0,0,0,0,0,0,0,0,0,0,0,0,0,0,0,0,0
ZTS,0,0,0,0,0,0,0,0,0,0,0,0,0,0,0,0,0,0
ZUMZ,0,0,0,0,0,0,0,0,0,0,0,0,0,0,0,0,0,0
ZURA,0,0,0,0,0,0,0,0,0,0,0,0,0,0,0,0,0,0
ZVIA,0,0,0,0,0,0,0,0,0,0,0,0,0,0,0,0,0,0
ZVRA,0,0,0,0,0,0,0,0,0,0,0,0,0,0,0,0,0,0
ZWS,0,0,0,0,0,0,0,0,0,0,0,0,0,0,0,0,0,0
ZYBT,0,0,0,0,0,0,0,0,0,0,0,0,0,0,0,0,0,0
ZYXI,0,0,0,0,0,0,0,0,0,0,0,0,0,0,0,0,0,0
