Symbol,Name,Last Sale,Net Change,% Change,Market Cap,Country,IPO Year,Volume,Sector,Industry
A,Agilent Technologies Inc. Common Stock,$116.19,4.15,3.704%,33005480746.00,United States,1999,1692011,Industrials,Biotechnology: Laboratory Analytical Instruments
AA,Alcoa Corporation Common Stock ,$31.93,0.95,3.066%,8266751652.00,United States,2016,5790059,Industrials,Aluminum
AACB,Artius II Acquisition Inc. Class A Ordinary Shares,$10.13,0.00,0.00%,0.00,United States,2025,35,,
AACBR,Artius II Acquisition Inc. Rights,$0.27,0.00,0.00%,0.00,United States,2025,123,,
AACBU,Artius II Acquisition Inc. Units,$10.50,0.00,0.00%,0.00,United States,2025,11,Finance,Blank Checks
AACG,ATA Creativity Global American Depositary Shares,$1.05,-0.10,-8.696%,33506956.00,China,2008,338195,Real Estate,Other Consumer Services
AACI,Armada Acquisition Corp. II Class A Ordinary Shares,$10.04,-0.06,-0.594%,0.00,United States,2025,39610,Finance,Blank Checks
AACIU,Armada Acquisition Corp. II Units,$10.16,0.00,0.00%,0.00,United States,2025,20,Finance,Blank Checks
AACIW,Armada Acquisition Corp. II Warrant,$0.269,0.029,12.083%,0.00,United States,2025,18377,Finance,Blank Checks
AACT,Ares Acquisition Corporation II Class A Ordinary Shares,$11.43,0.02,0.175%,0.00,,2023,240239,Finance,Blank Checks
AAL,American Airlines Group Inc. Common Stock,$12.50,0.18,1.461%,8243904263.00,United States,,54699632,Consumer Discretionary,Air Freight/Delivery Services
AAM,AA Mission Acquisition Corp. Class A Ordinary Shares,$10.45,0.00,0.00%,0.00,,2024,88,,
AAME,Atlantic American Corporation Common Stock,$2.17,-0.07,-3.125%,44261985.00,United States,,5260,Finance,Life Insurance
AAMI,Acadian Asset Management Inc. Common Stock,$39.51,0.21,0.534%,1414271315.00,United Kingdom,2014,193099,Finance,Investment Managers
AAOI,Applied Optoelectronics Inc. Common Stock,$26.35,-1.88,-6.66%,1463593728.00,United States,2013,5035429,Technology,Semiconductors
AAON,AAON Inc. Common Stock,$76.00,0.64,0.849%,6183826488.00,United States,,1282703,Industrials,Industrial Machinery/Components
AAP,Advance Auto Parts Inc.,$65.63,2.83,4.506%,3932919556.00,United States,,2897622,Consumer Discretionary,Auto & Home Supply Stores
AAPG,Ascentage Pharma Group International American Depository Shares,$39.39,-0.32,-0.806%,3429555147.00,China,2025,4227,Health Care,Biotechnology: Pharmaceutical Preparations
AAPL,Apple Inc. Common Stock,$214.40,1.92,0.904%,3202241094400.00,United States,1980,46298127,Technology,Computer Manufacturing
AARD,Aardvark Therapeutics Inc. Common Stock,$13.75,1.75,14.583%,298318900.00,United States,2025,50567,Health Care,Biotechnology: Pharmaceutical Preparations
AAT,American Assets Trust Inc. Common Stock,$20.26,0.18,0.896%,1238589630.00,United States,2011,297123,Real Estate,Real Estate Investment Trusts
AAUC,Allied Gold Corporation Common Shares,$14.16,0.25,1.797%,1633769699.00,,2025,67618,,
AB,AllianceBernstein Holding L.P.  Units,$42.02,0.53,1.277%,4651601352.00,United States,,239324,Finance,Investment Managers
ABAT,American Battery Technology Company Common Stock,$2.88,0.32,12.50%,264632867.00,United States,,12058212,Basic Materials,Metal Mining
ABBV,AbbVie Inc. Common Stock,$187.11,2.26,1.223%,330511670382.00,United States,2012,4430720,Health Care,Biotechnology: Pharmaceutical Preparations
ABCB,Ameris Bancorp Common Stock,$66.87,0.19,0.285%,4608073488.00,United States,1994,385996,Finance,Major Banks
ABCL,AbCellera Biologics Inc. Common Shares,$4.92,-0.23,-4.466%,1449754417.00,Canada,2020,7327507,Health Care,Pharmaceuticals and Biotechnology
ABEO,Abeona Therapeutics Inc. Common Stock,$6.52,-0.23,-3.407%,333541919.00,United States,,472113,Health Care,Biotechnology: Pharmaceutical Preparations
ABEV,Ambev S.A. American Depositary Shares (Each representing 1 Common Share),$2.38,0.01,0.422%,37262610956.00,Brazil,2013,23272926,Consumer Staples,Beverages (Production/Distribution)
ABG,Asbury Automotive Group Inc Common Stock,$233.82,2.05,0.884%,4596704791.00,United States,2002,287710,Consumer Discretionary,Retail-Auto Dealers and Gas Stations
ABL,Abacus Global Management Inc. Class A Common Stock,$5.32,0.10,1.916%,515258167.00,United States,2020,497991,Finance,Investment Managers
ABLLL,Abacus Global Management Inc. 9.875% Fixed Rate Senior Notes due 2028,$24.75,0.06,0.243%,1847620838.00,United States,,6495,Finance,Investment Managers
ABLLW,Abacus Global Management Inc. Warrant,$1.19,0.05,4.386%,115255116.00,United States,2020,37420,Finance,Investment Managers
ABLV,Able View Global Inc. Class B Ordinary Shares,$1.1193,0.0793,7.625%,55282140.00,China,,39588,Consumer Discretionary,Other Consumer Services
ABLVW,Able View Global Inc. Warrant,$0.0203,0.00,0.00%,1002615.00,China,,4116,Consumer Discretionary,Other Consumer Services
ABM,ABM Industries Incorporated Common Stock,$47.87,0.36,0.758%,2980291513.00,United States,,279099,Finance,Diversified Commercial Services
ABNB,Airbnb Inc. Class A Common Stock,$139.43,1.36,0.985%,87340730430.00,United States,2020,2784288,Finance,Diversified Commercial Services
ABOS,Acumen Pharmaceuticals Inc. Common Stock,$1.67,0.12,7.742%,101157620.00,United States,2021,503490,Health Care,Biotechnology: Biological Products (No Diagnostic Substances)
ABP,Abpro Holdings Inc Common Stock,$0.222,-0.0052,-2.289%,13494774.00,United States,2022,9158110,Health Care,Biotechnology: Pharmaceutical Preparations
ABPWW,Abpro Holdings Inc. Warrant,$0.03,0.00,0.00%,1823618.00,United States,2022,50,Health Care,Biotechnology: Pharmaceutical Preparations
ABR,Arbor Realty Trust Common Stock,$11.82,0.53,4.694%,2271333942.00,United States,2004,6232772,Real Estate,Real Estate Investment Trusts
ABR^D,Arbor Realty Trust 6.375% Series D Cumulative Redeemable Preferred Stock Liquidation Preference $25.00 per Share,$17.8401,0.1001,0.564%,,United States,,4029,,
ABR^E,Arbor Realty Trust 6.25% Series E Cumulative Redeemable Preferred Stock,$17.6076,0.2076,1.193%,,United States,,4628,,
ABR^F,Arbor Realty Trust 6.25% Series F Fixed-to-Floating Rate Cumulative Redeemable Preferred Stock Liquidation Preference $25.00 per share,$21.20,-0.10,-0.469%,,United States,,6330,,
ABSI,Absci Corporation Common Stock,$3.63,0.12,3.419%,463040448.00,United States,2021,5772411,Health Care,Biotechnology: Commercial Physical & Biological Resarch
ABT,Abbott Laboratories Common Stock,$125.73,1.31,1.053%,218749638744.00,United States,,7097913,Health Care,Biotechnology: Pharmaceutical Preparations
ABTS,Abits Group Inc Ordinary Shares,$4.76,0.07,1.493%,11281862.00,China,,6243,Technology,Computer Software: Programming Data Processing
ABUS,Arbutus Biopharma Corporation Common Stock,$3.15,0.01,0.318%,603310456.00,Canada,,410421,Health Care,Biotechnology: Pharmaceutical Preparations
ABVC,ABVC BioPharma Inc. Common Stock,$3.01,-0.51,-14.489%,50487516.00,United States,,642610,Health Care,Biotechnology: Pharmaceutical Preparations
ABVE,Above Food Ingredients Inc. Common Stock,$2.30,-0.12,-4.959%,63950596.00,Canada,,7452166,Consumer Staples,Packaged Foods
ABVEW,Above Food Ingredients Inc. Warrants,$0.2241,-0.0309,-12.118%,6231012.00,Canada,,218890,Consumer Staples,Packaged Foods
ABVX,Abivax SA American Depositary Shares,$10.00,-0.14,-1.381%,633832930.00,France,2023,954676,Health Care,Biotechnology: Pharmaceutical Preparations
AC,Associated Capital Group Inc. Common Stock,$37.27,-0.05,-0.134%,787801222.00,United States,2015,3009,Finance,Investment Bankers/Brokers/Service
ACA,Arcosa Inc. Common Stock ,$88.92,0.44,0.497%,4340726456.00,United States,2018,291875,Industrials,Metal Fabrications
ACAD,ACADIA Pharmaceuticals Inc. Common Stock,$22.57,0.29,1.302%,3777356977.00,United States,1985,917687,Health Care,Biotechnology: Pharmaceutical Preparations
ACB,Aurora Cannabis Inc. Common Shares,$5.05,0.35,7.447%,284044340.00,Canada,,2187209,Health Care, Medicinal Chemicals and Botanical Products 
ACCO,Acco Brands Corporation Common Stock,$3.92,0.15,3.979%,353188296.00,United States,,500200,Consumer Discretionary,Publishing
ACCS,ACCESS Newswire Inc. Common Stock,$11.69,-0.23,-1.93%,44980116.00,United States,,5334,Consumer Discretionary,Publishing
ACDC,ProFrac Holding Corp. Class A Common Stock,$7.75,0.08,1.043%,1241382848.00,United States,2022,304499,Energy,Oilfield Services/Equipment
ACEL,Accel Entertainment Inc. ,$12.77,0.13,1.028%,1080869235.00,United States,2017,353579,Consumer Discretionary,Services-Misc. Amusement & Recreation
ACET,Adicet Bio Inc. Common Stock ,$0.752,0.012,1.622%,62197638.00,United States,2018,188858,Health Care,Biotechnology: Pharmaceutical Preparations
ACGL,Arch Capital Group Ltd. Common Stock,$89.00,1.45,1.656%,33353152725.00,Bermuda,,2523502,Finance,Property-Casualty Insurers
ACGLN,Arch Capital Group Ltd. Depositary Shares each Representing a 1/1000th Interest in a 4.550% Non-Cumulative Preferred Share Series G,$16.85,-0.05,-0.296%,6314613746.00,Bermuda,,50749,Finance,Property-Casualty Insurers
ACGLO,Arch Capital Group Ltd. Depositary Shares Each Representing 1/1000th Interest in a Share of 5.45% Non-Cumulative Preferred Shares Series F,$20.60,-0.08,-0.387%,7719943215.00,Bermuda,,13197,Finance,Property-Casualty Insurers
ACHC,Acadia Healthcare Company Inc. Common Stock,$22.04,0.40,1.848%,2030372473.00,United States,,1628930,Health Care,Medical Specialities
ACHR,Archer Aviation Inc. Class A Common Stock,$10.99,-0.86,-7.257%,6033631538.00,United States,2020,51597994,Industrials,Aerospace
ACHV,Achieve Life Sciences Inc. Common Shares,$2.65,-0.01,-0.376%,91915441.00,United States,,723849,Health Care,Biotechnology: In Vitro & In Vivo Diagnostic Substances
ACI,Albertsons Companies Inc. Class A Common Stock,$20.57,0.53,2.645%,11843174558.00,United States,2020,5773063,Consumer Staples,Food Chains
ACIC,American Coastal Insurance Corporation Common Stock,$10.89,0.23,2.158%,526568657.00,United States,,113999,Finance,Property-Casualty Insurers
ACIU,AC Immune SA Common Stock,$2.31,0.23,11.058%,231947971.00,Switzerland,2016,236466,Health Care,Biotechnology: Pharmaceutical Preparations
ACIW,ACI Worldwide Inc. Common Stock,$45.52,0.52,1.156%,4775031840.00,United States,,730452,Technology,Computer Software: Prepackaged Software
ACLS,Axcelis Technologies Inc. Common Stock,$75.25,0.71,0.953%,2417747735.00,United States,2000,555161,Technology,Industrial Machinery/Components
ACLX,Arcellx Inc. Common Stock,$68.25,-1.145,-1.65%,3761032480.00,United States,2022,687904,Health Care,Biotechnology: Biological Products (No Diagnostic Substances)
ACM,AECOM Common Stock,$112.44,0.28,0.25%,14875879801.00,United States,2007,816389,Consumer Discretionary,Military/Government/Technical
ACMR,ACM Research Inc. Class A Common Stock,$29.60,-0.80,-2.632%,1890389318.00,United States,2017,1647227,Technology,Industrial Machinery/Components
ACN,Accenture plc Class A Ordinary Shares (Ireland),$286.96,4.51,1.597%,195318224369.00,Ireland,2001,3614434,Consumer Discretionary,Business Services
ACNB,ACNB Corporation Common Stock,$43.04,-0.32,-0.738%,450787445.00,United States,,19688,Finance,Major Banks
ACNT,Ascent Industries Co. Common Stock,$12.96,0.08,0.621%,129725634.00,United States,,29752,Industrials,Steel/Iron Ore
ACOG,Alpha Cognition Inc. Common Stock,$9.80,-0.18,-1.804%,156993913.00,Canada,,38622,,
ACON,Aclarion Inc. Common Stock,$7.44,0.1165,1.591%,4332840.00,United States,2022,12095,Health Care,Medical Specialities
ACONW,Aclarion Inc. Warrant,$0.0246,-0.0091,-27.003%,14326.00,United States,2022,4809,Health Care,Medical Specialities
ACP,abrdn Income Credit Strategies Fund Common Shares,$5.97,0.03,0.505%,0.00,United States,2011,554370,Finance,Investment Managers
ACP^A,abrdn Income Credit Strategies Fund 5.250% Series A Perpetual Preferred Stock,$20.89,0.27,1.309%,,United States,,1459,,
ACR,ACRES Commercial Realty Corp. Common Stock,$18.45,0.79,4.473%,136422879.00,United States,,50137,Real Estate,Real Estate Investment Trusts
ACR^C,ACRES Commercial Realty Corp. 8.625% Fixed-to-Floating Series C Cumulative Redeemable Preferred Stock ,$24.79,0.06,0.243%,,United States,,6458,,
ACR^D,ACRES Commercial Realty Corp. 7.875% Series D Cumulative Redeemable Preferred Stock,$22.30,0.22,0.996%,,United States,,27323,,
ACRE,Ares Commercial Real Estate Corporation Common Stock,$4.55,0.07,1.563%,250274356.00,United States,2012,369904,Real Estate,Real Estate Investment Trusts
ACRS,Aclaris Therapeutics Inc. Common Stock,$1.62,-0.02,-1.22%,175415607.00,United States,2015,555759,Health Care,Biotechnology: Pharmaceutical Preparations
ACRV,Acrivon Therapeutics Inc. Common Stock,$1.39,-0.01,-0.714%,43583952.00,United States,2022,260692,Health Care,Biotechnology: Pharmaceutical Preparations
ACT,Enact Holdings Inc. Common Stock,$35.36,0.39,1.115%,5306343449.00,United States,2021,255277,Finance,Specialty Insurers
ACTG,Acacia Research Corporation (Acacia Tech) Common Stock,$3.69,0.05,1.374%,354873580.00,United States,,98589,Miscellaneous,Multi-Sector Companies
ACTU,Actuate Therapeutics Inc. Common stock,$6.26,0.60,10.601%,122819072.00,United States,2024,92586,Health Care,Biotechnology: Pharmaceutical Preparations
ACU,Acme United Corporation. Common Stock,$41.65,-0.42,-0.998%,157882197.00,United States,1988,14087,Consumer Discretionary,Industrial Machinery/Components
ACV,Virtus Diversified Income & Convertible Fund Common Shares of Beneficial Interest,$22.74,0.04,0.176%,235653574.00,United States,2015,17530,Finance,Finance/Investors Services
ACVA,ACV Auctions Inc. Class A Common Stock,$15.08,0.13,0.87%,2579657094.00,United States,2025,1688961,Consumer Discretionary,Business Services
ACXP,Acurx Pharmaceuticals Inc. Common Stock,$0.48,0.0539,12.65%,11271171.00,United States,2021,1046535,Health Care,Biotechnology: Pharmaceutical Preparations
ADAG,Adagene Inc. American Depositary Shares,$1.87,-0.06,-3.109%,88094868.00,China,2021,42105,Health Care,Biotechnology: Pharmaceutical Preparations
ADAP,Adaptimmune Therapeutics plc American Depositary Shares,$0.2731,-0.0034,-1.23%,434313537.00,United Kingdom,2015,646793,Health Care,Biotechnology: Biological Products (No Diagnostic Substances)
ADBE,Adobe Inc. Common Stock,$372.87,5.19,1.412%,158171454000.00,United States,1986,2446052,Technology,Computer Software: Prepackaged Software
ADC,Agree Realty Corporation Common Stock,$73.60,2.28,3.197%,8097365133.00,United States,,1493451,Real Estate,Real Estate Investment Trusts
ADC^A,Agree Realty Corporation Depositary Shares each representing 1/1000th of a 4.250% Series A Cumulative Redeemable Preferred Stock,$17.21,-0.11,-0.635%,,United States,,4745,,
ADCT,ADC Therapeutics SA Common Shares,$3.05,-0.09,-2.866%,302493772.00,Switzerland,2020,583285,Health Care,Biotechnology: Pharmaceutical Preparations
ADD,Color Star Technology Co. Ltd. Class A Ordinary Shares,$0.925,0.0305,3.41%,568539.00,United States,,309013,Consumer Discretionary,Engineering & Construction
ADEA,Adeia Inc. Common Stock,$13.78,-0.05,-0.362%,1495127961.00,United States,2003,525924,Technology,Computer Software: Prepackaged Software
ADGM,Adagio Medical Holdings Inc Common Stock,$1.69,0.123,7.849%,25994845.00,United States,,97484,Health Care,Medical/Dental Instruments
ADI,Analog Devices Inc. Common Stock,$235.50,-4.98,-2.071%,116866450158.00,United States,,6015564,Technology,Semiconductors
ADIL,Adial Pharmaceuticals Inc Common Stock,$0.4705,-0.0365,-7.199%,3717277.00,United States,2018,3872817,Health Care,Biotechnology: Pharmaceutical Preparations
ADM,Archer-Daniels-Midland Company Common Stock,$55.41,1.26,2.327%,26621735331.00,United States,,2361956,Consumer Staples,Packaged Foods
ADMA,ADMA Biologics Inc Common Stock,$17.05,-0.08,-0.467%,4070418894.00,United States,,2405072,Health Care,Biotechnology: Biological Products (No Diagnostic Substances)
ADN,Advent Technologies Holdings Inc. Class A Common Stock,$2.37,0.32,15.61%,6328578.00,United States,2018,275035,Miscellaneous,Industrial Machinery/Components
ADNT,Adient plc Ordinary Shares ,$22.27,0.14,0.633%,1871050662.00,United States,2016,1058781,Consumer Discretionary,Auto Parts:O.E.M.
ADNWW,Advent Technologies Holdings Inc. Warrant,$0.0057,0.0005,9.615%,15221.00,United States,2018,89905,Miscellaneous,Industrial Machinery/Components
ADP,Automatic Data Processing Inc. Common Stock,$302.98,2.08,0.691%,122986474492.00,United States,,1026645,Technology,EDP Services
ADPT,Adaptive Biotechnologies Corporation Common Stock,$10.53,0.22,2.134%,1599683083.00,United States,2019,1842963,Health Care,Biotechnology: Biological Products (No Diagnostic Substances)
ADSE,ADS-TEC ENERGY PLC Ordinary Shares,$11.39,-0.13,-1.128%,624631211.00,Ireland,,46423,Consumer Discretionary,Industrial Specialties
ADSEW,ADS-TEC ENERGY PLC Warrant,$1.18,-0.01,-0.84%,64711574.00,Ireland,,2606,Consumer Discretionary,Industrial Specialties
ADSK,Autodesk Inc. Common Stock,$299.43,4.27,1.447%,64078020000.00,United States,,1198220,Technology,Computer Software: Prepackaged Software
ADT,ADT Inc. Common Stock,$8.44,0.01,0.119%,7060148409.00,United States,2018,7790583,Consumer Discretionary,Diversified Commercial Services
ADTN,ADTRAN Holdings Inc. Common Stock,$9.42,-0.03,-0.317%,753388747.00,United States,1994,836013,Utilities,Telecommunications Equipment
ADTX,Aditxt Inc. Common Stock,$1.24,0.06,5.085%,2628864.00,United States,2020,361579,Health Care,Biotechnology: Pharmaceutical Preparations
ADUR,Aduro Clean Technologies Inc. Common Stock,$10.83,-0.65,-5.662%,313092138.00,Canada,,306545,,
ADUS,Addus HomeCare Corporation Common Stock,$108.71,1.31,1.22%,2000170401.00,United States,2009,144785,Health Care,Medical/Nursing Services
ADV,Advantage Solutions Inc. Class A Common Stock,$1.60,0.12,8.108%,518899200.00,United States,2019,720864,Consumer Discretionary,Business Services
ADVB,Advanced Biomed Inc. Common Stock,$0.6366,-0.0056,-0.872%,13776024.00,Taiwan,2025,170214,Health Care,Medical Specialities
ADVM,Adverum Biotechnologies Inc. Common Stock,$2.67,-0.04,-1.476%,55778257.00,United States,2014,237855,Health Care,Biotechnology: Biological Products (No Diagnostic Substances)
ADVWW,Advantage Solutions Inc. Warrant,$0.0122,0.0024,24.49%,3956606.00,United States,2019,201,Consumer Discretionary,Business Services
ADX,Adams Diversified Equity Fund Inc.,$21.87,-0.08,-0.364%,0.00,United States,,316001,Finance,Investment Managers
ADXN,Addex Therapeutics Ltd American Depositary Shares,$7.83,-0.289,-3.56%,8371116.00,Switzerland,,4880,Health Care,Biotechnology: Pharmaceutical Preparations
AEBI,Aebi Schmidt Holding AG Common Stock ,$9.36,0.10,1.08%,726330234.00,Switzerland,,421717,Consumer Discretionary,Auto Manufacturing
AEE,Ameren Corporation Common Stock,$100.92,1.61,1.621%,27276548304.00,United States,,1319041,Utilities,Power Generation
AEF,abrdn Emerging Markets ex-China Fund Inc. Common Stock,$6.07,0.065,1.082%,651690375.00,United States,,240407,Finance,Finance/Investors Services
AEFC,Aegon Funding Company LLC 5.10% Subordinated Notes due 2049,$19.87,-0.02,-0.101%,0.00,United States,2019,19776,,
AEG,Aegon Ltd. New York Registry Shares,$7.19,0.07,0.983%,14424471818.00,Netherlands,,4679649,Finance,Life Insurance
AEHL,Antelope Enterprise Holdings Limited Class A Ordinary Shares,$3.86,-0.18,-4.455%,13196522.00,China,,44373,Industrials,Building Materials
AEHR,Aehr Test Systems Common Stock,$20.10,3.65,22.188%,598405341.00,United States,1997,6838907,Industrials,Electrical Products
AEI,Alset Inc. Common Stock (TX),$1.24,-0.02,-1.587%,14551548.00,United States,2020,144434,Finance,Real Estate
AEIS,Advanced Energy Industries Inc. Common Stock,$140.68,-1.98,-1.388%,5297359421.00,United States,1995,341681,Technology,Industrial Machinery/Components
AEM,Agnico Eagle Mines Limited Common Stock,$128.62,5.95,4.85%,64659128700.00,Canada,,4374316,Basic Materials,Precious Metals
AEMD,Aethlon Medical Inc. Common Stock,$1.34,-0.01,-0.741%,3464323.00,United States,,121444,Health Care,Medical/Dental Instruments
AENT,Alliance Entertainment Holding Corporation Class A Common Stock,$6.205,0.665,12.004%,688490481.00,United States,,31747,Consumer Discretionary,Durable Goods
AENTW,Alliance Entertainment Holding Corporation Warrants,$0.2599,0.0101,4.043%,28837820.00,United States,,25686,Consumer Discretionary,Durable Goods
AEO,American Eagle Outfitters Inc. Common Stock,$10.19,0.27,2.722%,1765603304.00,United States,,9207973,Consumer Discretionary,Clothing/Shoe/Accessory Stores
AEON,AEON Biopharma Inc. Class A Common Stock,$0.804,-0.006,-0.741%,9089515.00,United States,,115565,Health Care,Biotechnology: Pharmaceutical Preparations
AEP,American Electric Power Company Inc. Common Stock,$110.16,1.62,1.493%,58846924064.00,United States,,3501664,Utilities,Electric Utilities: Central
AER,AerCap Holdings N.V. Ordinary Shares,$112.07,0.26,0.233%,20932796026.00,Netherlands,2006,1065570,Consumer Discretionary,Diversified Commercial Services
AERT,Aeries Technology Inc. Class A Ordinary Share,$0.9665,-0.0145,-1.478%,45573013.00,United States,2021,8100,Consumer Discretionary,Professional Services
AERTW,Aeries Technology Inc. Warrant,$0.0313,0.0039,14.234%,1475877.00,United States,2021,1824,Consumer Discretionary,Professional Services
AES,The AES Corporation Common Stock,$13.81,0.12,0.877%,9831654075.00,United States,,10984291,Utilities,Electric Utilities: Central
AESI,Atlas Energy Solutions Inc. Common Stock,$13.43,0.23,1.742%,1660233159.00,United States,2023,1474327,Industrials,Mining & Quarrying of Nonmetallic Minerals (No Fuels)
AEVA,Aeva Technologies Inc. Common Stock,$25.86,-0.71,-2.672%,1422885574.00,United States,,2182579,Consumer Discretionary,Auto Parts:O.E.M.
AEVAW,Aeva Technologies Inc. Warrants,$0.67,-0.02,-2.899%,36865171.00,United States,,77911,Consumer Discretionary,Auto Parts:O.E.M.
AEYE,AudioEye Inc. Common Stock,$12.16,-0.16,-1.299%,151493037.00,United States,,65052,Technology,Computer Software: Prepackaged Software
AFB,AllianceBernstein National Municipal Income Fund Inc,$10.16,0.05,0.495%,0.00,United States,2002,73408,Finance,Trusts Except Educational Religious and Charitable
AFBI,Affinity Bancshares Inc. Common Stock (MD),$18.78,-0.17,-0.897%,118616133.00,United States,2017,4676,Finance,Banks
AFCG,Advanced Flower Capital Inc. Common Stock,$4.84,0.33,7.317%,109364674.00,United States,2021,188791,Finance,Real Estate
AFG,American Financial Group Inc. Common Stock,$128.51,2.68,2.13%,10732895867.00,United States,,471486,Finance,Property-Casualty Insurers
AFGB,American Financial Group Inc. 5.875% Subordinated Debentures due 2059,$21.5117,-0.0783,-0.363%,1796613773.00,United States,2019,3491,Finance,Property-Casualty Insurers
AFGC,American Financial Group Inc. 5.125% Subordinated Debentures due 2059,$19.04,-0.04,-0.21%,1590182377.00,United States,2019,11103,Finance,Property-Casualty Insurers
AFGD,American Financial Group Inc. 5.625% Subordinated Debentures due 2060,$21.095,-0.005,-0.024%,1761811830.00,United States,2020,7428,Finance,Property-Casualty Insurers
AFGE,American Financial Group Inc. 4.500% Subordinated Debentures due 2060,$17.12,-0.07,-0.407%,1429827852.00,United States,2020,3021,Finance,Property-Casualty Insurers
AFJKR,Aimei Health Technology Co. Ltd Right,$0.39,0.00,0.00%,0.00,United States,2024,7163,,
AFL,AFLAC Incorporated Common Stock,$102.70,1.58,1.563%,55524244376.00,United States,,1970085,Finance,Accident &Health Insurance
AFRI,Forafric Global PLC Ordinary Shares,$7.73,-0.05,-0.643%,207949306.00,Gibraltar,,8529,Consumer Staples,Packaged Foods
AFRIW,Forafric Global PLC Warrants,$0.3906,-0.0594,-13.20%,10507762.00,Gibraltar,,5527,Consumer Staples,Packaged Foods
AFRM,Affirm Holdings Inc. Class A Common Stock,$65.43,-1.32,-1.978%,21107715317.00,United States,2021,5159375,Finance,Finance: Consumer Services
AFYA,Afya Limited Class A Common Shares,$15.07,0.04,0.266%,1362159472.00,Brazil,2019,161447,Real Estate,Other Consumer Services
AG,First Majestic Silver Corp. Ordinary Shares (Canada),$8.85,0.16,1.841%,4288625677.00,Canada,,14038871,Basic Materials,Precious Metals
AGAE,Allied Gaming & Entertainment Inc. Common Stock,$1.77,-0.06,-3.279%,67293421.00,United States,2017,63560,Consumer Discretionary,Services-Misc. Amusement & Recreation
AGCO,AGCO Corporation Common Stock,$109.55,3.14,2.951%,8170983173.00,United States,,502355,Industrials,Industrial Machinery/Components
AGD,abrdn Global Dynamic Dividend Fund Common Shares of Beneficial Interest,$11.43,0.11,0.972%,0.00,United States,2006,143278,Finance,Trusts Except Educational Religious and Charitable
AGEN,Agenus Inc. Common Stock,$6.12,0.03,0.493%,167791122.00,United States,2000,1089474,Health Care,Biotechnology: Biological Products (No Diagnostic Substances)
AGFY,Agrify Corporation Common Stock,$27.97,1.50,5.667%,54597832.00,United States,2021,19033,Consumer Staples,Farming/Seeds/Milling
AGH,Aureus Greenway Holdings Inc. Common Stock,$0.621,0.001,0.161%,8619480.00,United States,2025,48454,Consumer Discretionary,Hotels/Resorts
AGI,Alamos Gold Inc. Class A Common Shares,$26.38,0.66,2.566%,11093117666.00,Canada,2015,3783532,Basic Materials,Precious Metals
AGIO,Agios Pharmaceuticals Inc. Common Stock,$39.66,-0.26,-0.651%,2296916792.00,United States,2013,821894,Health Care,Biotechnology: Pharmaceutical Preparations
AGL,agilon health inc. Common Stock,$2.18,0.04,1.869%,902414878.00,United States,2021,1928040,Health Care,Misc Health and Biotechnology Services
AGM,Federal Agricultural Mortgage Corporation Common Stock,$173.31,-1.56,-0.892%,1894826306.00,United States,,57917,Finance,Finance Companies
AGM^D,Federal Agricultural Mortgage Corporation 5.700% Non-Cumulative Preferred Stock Series D,$22.12,0.10,0.454%,,United States,,6629,,
AGM^E,Federal Agricultural Mortgage Corporation 5.750% Non-Cumulative Preferred Stock Series E,$21.52,-0.061,-0.283%,,United States,,2132,,
AGM^F,Federal Agricultural Mortgage Corporation 5.250% Non-Cumulative Preferred Stock Series F,$19.41,-0.15,-0.767%,,United States,,5979,,
AGM^G,Federal Agricultural Mortgage Corporation 4.875% Non-Cumulative Preferred Stock Series G,$18.1001,0.0801,0.445%,,United States,,17358,,
AGMH,AGM Group Holdings Inc. Class A Ordinary Shares,$2.54,0.02,0.794%,5121349.00,Hong Kong,2018,66358,Technology,EDP Services
AGNC,AGNC Investment Corp. Common Stock,$9.37,0.14,1.517%,9560917554.00,United States,2008,31621765,Real Estate,Real Estate Investment Trusts
AGNCL,AGNC Investment Corp. Depositary Shares Each Representing a 1/1000th Interest in a Share of 7.75% Series G Fixed-Rate Reset Cumulative Redeemable Preferred Stock,$24.79,-0.19,-0.761%,25295106315.00,United States,,13486,Real Estate,Real Estate Investment Trusts
AGNCM,AGNC Investment Corp. Depositary Shares rep 6.875% Series D Fixed-to-Floating Cumulative Redeemable Preferred Stock,$25.10,0.02,0.08%,25611422691.00,United States,,9874,Real Estate,Real Estate Investment Trusts
AGNCN,AGNC Investment Corp. Depositary Shares Each Representing a 1/1000th Interest in a Share of 7.00% Series C Fixed-To-Floating Rate Cumulative Redeemable Preferred Stock,$25.50,0.02,0.078%,26019572853.00,United States,,76209,Real Estate,Real Estate Investment Trusts
AGNCO,AGNC Investment Corp. Depositary Shares each representing a 1/1000th interest in a share of 6.50% Series E Fixed-to-Floating Cumulative Redeemable Preferred Stock,$25.50,0.00,0.00%,26019572853.00,United States,,30053,Real Estate,Real Estate Investment Trusts
AGNCP,AGNC Investment Corp. Depositary Shares Each Representing a 1/1000th Interest in a Share of 6.125% Series F Fixed-to-Floating Rate Cumulative Redeemable Preferred Stock,$25.28,-0.04,-0.158%,25795090264.00,United States,,39987,Real Estate,Real Estate Investment Trusts
AGO,Assured Guaranty Ltd. Common Stock,$84.15,0.94,1.13%,4131019683.00,Bermuda,2004,264687,Finance,Property-Casualty Insurers
AGRI,AgriFORCE  Growing Systems Ltd. Common Shares,$0.7067,-0.0233,-3.192%,2025152.00,Canada,2021,772207,Industrials,Metal Fabrications
AGRO,Adecoagro S.A. Common Shares,$9.47,0.02,0.212%,946935187.00,Luxembourg,2011,437845,Consumer Staples,Farming/Seeds/Milling
AGX,Argan Inc. Common Stock,$205.66,-1.41,-0.681%,2805369602.00,United States,,386293,Consumer Discretionary,Engineering & Construction
AGYS,Agilysys Inc. Common Stock (DE),$111.41,-5.53,-4.729%,3121408730.00,United States,,1014009,Technology,EDP Services
AHCO,AdaptHealth Corp. Common Stock,$9.48,0.33,3.607%,1279306101.00,United States,2018,1426314,Health Care,Medical/Nursing Services
AHG,Akso Health Group ADS,$1.99,-0.035,-1.728%,479321495.00,China,2017,15907,Consumer Discretionary,Business Services
AHH,Armada Hoffler Properties Inc. Common Stock,$7.16,0.14,1.994%,573912442.00,United States,2013,632114,Finance,Real Estate
AHH^A,Armada Hoffler Properties Inc. 6.75% Series A Cumulative Redeemable Perpetual Preferred Stock,$21.68,-0.02,-0.092%,,United States,,7703,,
AHL,Aspen Insurance Holdings Limited Class A Ordinary Shares,$31.38,0.81,2.65%,2881985705.00,Bermuda,2025,77995,Finance,Property-Casualty Insurers
AHL^D,Aspen Insurance Holdings Limited 5.625% Perpetual Non-Cumulative Preference Shares,$20.07,0.12,0.602%,,Bermuda,,23623,,
AHL^E,Aspen Insurance Holdings Limited Depositary Shares each representing a 1/1000th interest in a share of 5.625% Perpetual Non-Cumulative Preference Shares,$20.07,0.04,0.20%,,Bermuda,,16106,,
AHL^F,Aspen Insurance Holdings Limited Depositary Shares each representing a 1/1000th Interest in a 7.00% Perpetual Non-Cumulative Preference Share,$24.4099,-0.0701,-0.286%,,Bermuda,,31835,,
AHR,American Healthcare REIT Inc. Common Stock,$37.89,0.04,0.106%,6043333487.00,United States,2024,1216830,Real Estate,Real Estate Investment Trusts
AHT,Ashford Hospitality Trust Inc Common Stock,$6.63,0.08,1.221%,38856799.00,United States,2003,33531,Real Estate,Real Estate Investment Trusts
AHT^D,Ashford Hospitality Trust Inc 8.45% Series D Cumulative Preferred Stock,$18.7079,-0.0521,-0.278%,,United States,,1191,,
AHT^F,Ashford Hospitality Trust Inc 7.375% Series F Cumulative Preferred Stock,$13.9671,-0.1828,-1.292%,,United States,,4673,,
AHT^G,Ashford Hospitality Trust Inc 7.375% Series G Cumulative Preferred Stock,$16.36,-0.15,-0.909%,,United States,,1205,,
AHT^H,Ashford Hospitality Trust Inc 7.50% Series H Cumulative Preferred Stock,$14.05,-0.45,-3.103%,,United States,,956,,
AHT^I,Ashford Hospitality Trust Inc 7.50% Series I Cumulative Preferred Stock,$13.9046,-0.1254,-0.894%,,United States,,1516,,
AI,C3.ai Inc. Class A Common Stock,$28.49,0.16,0.565%,3828655032.00,United States,2020,4788297,Technology,Computer Software: Prepackaged Software
AIFE,Aifeex Nexus Acquisition Corporation Class A Ordinary Shares,$10.199,-0.011,-0.108%,0.00,United States,2025,21336,,
AIFER,Aifeex Nexus Acquisition Corporation Right,$0.2346,0.0746,46.625%,0.00,United States,2025,196,,
AIFF,Firefly Neuroscience Inc. Common Stock,$3.05,0.05,1.667%,39226349.00,United States,,584596,Technology,Computer Software: Prepackaged Software
AIFU,AIFU Inc. Class A Ordinary Share,$6.95,0.17,2.507%,39830172.00,China,2007,35860,Finance,Specialty Insurers
AIG,American International Group Inc. New Common Stock,$81.42,0.64,0.792%,46924809769.00,United States,,3329916,Finance,Life Insurance
AIHS,Senmiao Technology Limited Common Stock,$0.316,-0.001,-0.315%,3502148.00,China,2018,140339,Finance,Finance: Consumer Services
AII,American Integrity Insurance Group Inc. Common Stock,$17.50,0.61,3.612%,342509388.00,,2025,89626,Finance,Property-Casualty Insurers
AIM,AIM ImmunoTech Inc. Common Stock,$8.4001,-0.4051,-4.601%,6419684.00,,,15898,Health Care,Biotechnology: Biological Products (No Diagnostic Substances)
AIMD,Ainos Inc. Common Stock,$2.70,0.06,2.273%,11318511.00,United States,,119357,Health Care,Biotechnology: Pharmaceutical Preparations
AIMDW,Ainos Inc. Warrants,$0.16,-0.0033,-2.021%,670727.00,United States,,1500,Health Care,Biotechnology: Pharmaceutical Preparations
AIN,Albany International Corporation Common Stock,$71.23,1.28,1.83%,2151146000.00,United States,,152272,Consumer Discretionary,Textiles
AIO,Virtus Artificial Intelligence & Technology Opportunities Fund Common Shares of Beneficial Interest,$24.68,0.02,0.081%,847535189.00,,2019,54929,Finance,Finance/Investors Services
AIOT,PowerFleet Inc. Common Stock,$4.57,0.09,2.009%,609503377.00,United States,,1112547,Telecommunications,Telecommunications Equipment
AIP,Arteris Inc. Common Stock,$9.44,-0.31,-3.179%,396269752.00,United States,2021,248372,Technology,Semiconductors
AIR,AAR Corp. Common Stock,$79.01,-1.54,-1.912%,2852561396.00,United States,,391789,Industrials,Aerospace
AIRE,reAlpha Tech Corp. Common Stock,$0.452,-0.3977,-46.805%,23164476.00,United States,,62932159,Finance,Real Estate
AIRG,Airgain Inc. Common Stock,$5.41,0.44,8.853%,63805994.00,United States,2016,51134,Technology,Radio And Television Broadcasting And Communications Equipment
AIRI,Air Industries Group Common Stock,$3.44,-0.06,-1.714%,12948975.00,United States,,104264,Industrials,Military/Government/Technical
AIRJ,AirJoule Technologies Corporation Class A Common Stock,$4.70,0.31,7.062%,283107940.00,United States,2022,207905,Industrials,Industrial Machinery/Components
AIRJW,AirJoule Technologies Corporation Warrant,$0.759,0.009,1.20%,45718921.00,United States,2022,7791,Industrials,Industrial Machinery/Components
AIRO,AIRO Group Holdings Inc. Common Stock,$23.84,0.95,4.15%,593319764.00,United States,2025,660634,Industrials,Aerospace
AIRS,AirSculpt Technologies Inc. Common Stock,$6.31,0.70,12.478%,370900854.00,United States,2021,1025879,Health Care,Medical/Nursing Services
AIRT,Air T Inc. Common Stock,$23.43,2.0673,9.677%,63322832.00,United States,,1026,Consumer Discretionary,Air Freight/Delivery Services
AIRTP,Air T Inc. Air T Funding Alpha Income Trust Preferred Securities,$18.72,0.8255,4.613%,50593402.00,United States,,2791,Consumer Discretionary,Air Freight/Delivery Services
AISP,Airship AI Holdings Inc. Class A Common Stock,$5.56,-0.06,-1.068%,177055259.00,United States,2021,957424,Technology,Computer Software: Prepackaged Software
AISPW,Airship AI Holdings Inc. Warrants,$1.88,-0.04,-2.083%,59867605.00,United States,2021,34728,Technology,Computer Software: Prepackaged Software
AIT,Applied Industrial Technologies Inc. Common Stock,$264.89,4.69,1.802%,10088240554.00,United States,,293052,Consumer Discretionary,Industrial Specialties
AIV,Apartment Investment and Management Company Common Stock,$8.76,0.09,1.038%,1241359075.00,United States,1994,489824,Real Estate,Real Estate Investment Trusts
AIXI,XIAO-I Corporation American Depositary Shares,$2.16,0.15,7.463%,26914326.00,China,2023,236531,Technology,Computer Software: Prepackaged Software
AIZ,Assurant Inc. Common Stock,$188.22,2.12,1.139%,9543191423.00,United States,2004,215770,Finance,Property-Casualty Insurers
AIZN,Assurant Inc. 5.25% Subordinated Notes due 2061,$19.90,-0.01,-0.05%,1008976248.00,United States,2020,8545,Finance,Property-Casualty Insurers
AJG,Arthur J. Gallagher & Co. Common Stock,$312.41,4.17,1.353%,80008201000.00,United States,,1107482,Finance,Specialty Insurers
AKA,a.k.a. Brands Holding Corp. Common Stock,$11.20,0.21,1.911%,120005693.00,,2021,2100,Consumer Discretionary,Catalog/Specialty Distribution
AKAM,Akamai Technologies Inc. Common Stock,$80.40,1.69,2.147%,11754992470.00,United States,1999,1104439,Consumer Discretionary,Business Services
AKAN,Akanda Corp. Common Shares,$1.34,0.11,8.943%,3049711.00,United Kingdom,2022,66833,Health Care, Medicinal Chemicals and Botanical Products 
AKBA,Akebia Therapeutics Inc. Common Stock,$3.85,0.01,0.26%,1011147969.00,United States,2014,2936756,Health Care,Biotechnology: Pharmaceutical Preparations
AKO/A,Embotelladora Andina S.A.,$18.73,0.05,0.268%,,Chile,,600,,
AKO/B,Embotelladora Andina S.A.,$22.93,0.09,0.394%,,Chile,,22464,,
AKR,Acadia Realty Trust Common Stock,$18.89,0.28,1.505%,2473851760.00,United States,,1163175,Real Estate,Real Estate Investment Trusts
AKRO,Akero Therapeutics Inc. Common Stock,$51.88,0.50,0.973%,4135747532.00,United States,2019,774256,Health Care,Biotechnology: Pharmaceutical Preparations
AKTX,Akari Therapeutics plc ADS,$1.1292,-0.0058,-0.511%,36333557.00,United Kingdom,,22571,Health Care,Biotechnology: Pharmaceutical Preparations
AL,Air Lease Corporation Class A Common Stock,$57.51,0.58,1.019%,6427267854.00,United States,2011,655885,Consumer Discretionary,Diversified Commercial Services
ALAB,Astera Labs Inc. Common Stock,$116.91,-4.98,-4.086%,19280424725.00,United States,2024,7678687,Technology,Semiconductors
ALAR,Alarum Technologies Ltd. American Depositary Share,$11.99,0.61,5.36%,83139847.00,Israel,2018,113034,Technology,Computer Software: Prepackaged Software
ALB,Albemarle Corporation Common Stock,$83.24,6.09,7.894%,9794094481.00,United States,,6693919,Industrials,Major Chemicals
ALB^A,Albemarle Corporation Depositary Shares each representing a 1/20th of 7.25% Series A Mandatory Convertible Preferred Stock,$40.12,2.05,5.385%,,United States,,54580,,
ALBT,Avalon GloboCare Corp. Common Stock,$2.42,0.10,4.31%,4583410.00,United States,,83991,Health Care,Biotechnology: Biological Products (No Diagnostic Substances)
ALC,Alcon Inc. Ordinary Shares,$88.66,1.50,1.721%,43852683286.00,Switzerland,2019,1654772,Health Care,Ophthalmic Goods
ALCO,Alico Inc. Common Stock,$32.37,0.24,0.747%,247374291.00,United States,,12559,,
ALCY,Alchemy Investments Acquisition Corp 1 Class A Ordinary Shares,$11.72,0.00,0.00%,0.00,United States,2023,4,Finance,Blank Checks
ALDF,Aldel Financial II Inc. Class A Ordinary Shares,$10.45,-0.01,-0.096%,0.00,United States,2024,1677,,
ALDFU,Aldel Financial II Inc. Units,$10.50,-0.501,-4.554%,0.00,United States,2024,260,Finance,Blank Checks
ALDFW,Aldel Financial II Inc. Warrants,$0.452,0.00,0.00%,0.00,United States,2024,400,,
ALDX,Aldeyra Therapeutics Inc. Common Stock,$5.36,-0.03,-0.557%,321040352.00,United States,2014,936915,Health Care,Biotechnology: Pharmaceutical Preparations
ALE,Allete Inc.,$66.24,0.18,0.272%,3839522907.00,United States,,437898,Utilities,Power Generation
ALEC,Alector Inc. Common Stock,$1.72,0.10,6.173%,171987272.00,United States,2019,390543,Health Care,Biotechnology: Biological Products (No Diagnostic Substances)
ALEX,Alexander & Baldwin Inc. Common Stock REIT Holding Company,$17.82,0.25,1.423%,1295719625.00,United States,,463615,Real Estate,Real Estate Investment Trusts
ALF,Centurion Acquisition Corp. Class A Ordinary Shares,$10.4971,-0.0329,-0.312%,0.00,United States,2024,764,,
ALFUU,Centurion Acquisition Corp. Unit,$10.56,-0.05,-0.471%,0.00,United States,2024,2278,,
ALFUW,Centurion Acquisition Corp. Warrant,$0.31,-0.0198,-6.004%,0.00,United States,2024,12046,Finance,Blank Checks
ALG,Alamo Group Inc. Common Stock,$216.45,0.41,0.19%,2616871193.00,United States,,87946,Industrials,Industrial Machinery/Components
ALGM,Allegro MicroSystems Inc. Common Stock,$36.24,-0.45,-1.226%,6700820503.00,United States,2020,2200166,Technology,Semiconductors
ALGN,Align Technology Inc. Common Stock,$194.06,5.04,2.666%,14066408244.00,United States,2001,646039,Health Care,Industrial Specialties
ALGS,Aligos Therapeutics Inc. Common Stock,$9.12,0.48,5.556%,55766985.00,United States,2020,81122,Health Care,Biotechnology: Biological Products (No Diagnostic Substances)
ALGT,Allegiant Travel Company Common Stock,$52.48,1.03,2.002%,958008965.00,United States,2006,322216,Consumer Discretionary,Air Freight/Delivery Services
ALHC,Alignment Healthcare Inc. Common Stock,$12.34,-0.16,-1.28%,2441386964.00,United States,2021,3634377,Health Care,Medical Specialities
ALIT,Alight Inc. Class A Common Stock,$5.58,0.14,2.574%,3003464423.00,United States,2021,4541320,Consumer Discretionary,Business Services
ALK,Alaska Air Group Inc. Common Stock,$53.06,0.45,0.855%,6441086421.00,United States,,1924867,Consumer Discretionary,Air Freight/Delivery Services
ALKS,Alkermes plc Ordinary Shares,$27.03,0.37,1.388%,4457281734.00,Ireland,1991,2952069,Health Care,Biotechnology: Pharmaceutical Preparations
ALKT,Alkami Technology Inc. Common Stock,$28.10,-0.12,-0.425%,2894861326.00,United States,2021,588946,Technology,Computer Software: Prepackaged Software
ALL,Allstate Corporation (The) Common Stock,$197.43,4.51,2.338%,52282920012.00,United States,,1413476,Finance,Property-Casualty Insurers
ALL^B,Allstate Corporation (The) 5.100% Fixed-to-Floating Rate Subordinated Debentures due 2053,$25.67,0.01,0.039%,,United States,,30351,,
ALL^H,Allstate Corporation (The) Depositary Shares each representing a 1/1000th interest in a share of Fixed Rate Noncumulative Perpetual Preferred Stock Series H,$21.22,-0.02,-0.094%,,United States,,48413,,
ALL^I,Allstate Corporation (The) Depositary Shares each representing a 1/1000th interest in a share of Fixed Rate Noncumulative Perpetual Preferred Stock Series I,$19.4621,0.0021,0.011%,,United States,,5674,,
ALL^J,Allstate Corporation (The) Depositary Shares each representing a 1/1000th interest in a share of Fixed Rate Noncumulative Perpetual Preferred Stock Series J,$26.73,-0.16,-0.595%,,United States,,22259,,
ALLE,Allegion plc Ordinary Shares,$152.71,3.10,2.072%,13140587076.00,United States,2013,1114361,Consumer Discretionary,Diversified Commercial Services
ALLO,Allogene Therapeutics Inc. Common Stock,$1.42,0.10,7.576%,310597749.00,United States,2018,2897087,Health Care,Biotechnology: Biological Products (No Diagnostic Substances)
ALLR,Allarity Therapeutics Inc. Common Stock,$0.9947,0.021,2.157%,14999650.00,United States,,224678,Health Care,Biotechnology: Pharmaceutical Preparations
ALLT,Allot Ltd. Ordinary Shares,$7.84,0.02,0.256%,311191662.00,Israel,2006,442897,Telecommunications,Computer Communications Equipment
ALLY,Ally Financial Inc. Common Stock,$38.84,-0.01,-0.026%,11930665309.00,United States,2014,4156792,Finance,Major Banks
ALM,Almonty Industries Inc. Common Shares,$4.50,-0.02,-0.442%,864568481.00,Canada,,707476,Basic Materials,Other Metals and Minerals
ALMS,Alumis Inc. Common Stock,$3.31,-0.01,-0.301%,180082351.00,United States,2024,343126,Health Care,Biotechnology: Pharmaceutical Preparations
ALMU,Aeluma Inc. Common Stock,$17.48,-0.28,-1.577%,276104763.00,United States,,168668,Technology,Semiconductors
ALNT,Allient Inc. Common Stock,$39.14,0.57,1.478%,662596598.00,United States,,139796,Industrials,Electrical Products
ALNY,Alnylam Pharmaceuticals Inc. Common Stock,$325.28,4.76,1.485%,42412736475.00,United States,2004,1268975,Health Care,Biotechnology: Pharmaceutical Preparations
ALOT,AstroNova Inc. Common Stock,$11.14,-0.16,-1.416%,84622058.00,United States,1983,14397,Technology,Computer peripheral equipment
ALRM,Alarm.com Holdings Inc. Common Stock,$55.59,0.56,1.018%,2765158280.00,United States,2015,302378,Technology,Computer Software: Prepackaged Software
ALRS,Alerus Financial Corporation Common Stock,$22.12,0.09,0.409%,561088443.00,United States,2019,56957,Finance,Major Banks
ALSN,Allison Transmission Holdings Inc. Common Stock,$86.09,0.51,0.596%,7253494527.00,United States,2012,1646508,Consumer Discretionary,Auto Parts:O.E.M.
ALT,Altimmune Inc. Common Stock,$4.20,0.15,3.704%,340649287.00,United States,,3258127,Health Care,Biotechnology: Pharmaceutical Preparations
ALTG,Alta Equipment Group Inc. Class A Common Stock,$7.63,0.24,3.248%,253247826.00,United States,2019,186020,Industrials,Industrial Machinery/Components
ALTG^A,Alta Equipment Group Inc. Depositary Shares (each representing 1/1000th in a share of 10% Series A Cumulative Perpetual Preferred Stock),$25.13,0.29,1.167%,,United States,,1841,,
ALTI,AlTi Global Inc. Class A Common Stock,$4.43,0.03,0.682%,642278721.00,United States,2021,166326,Finance,Investment Managers
ALTO,Alto Ingredients Inc. Common Stock,$1.24,0.01,0.813%,95740612.00,United States,,290484,Industrials,Major Chemicals
ALTS,ALT5 Sigma Corporation Common Stock,$7.22,-0.15,-2.035%,126022645.00,United States,,149669,Consumer Discretionary,Home Furnishings
ALUR,Allurion Technologies Inc. Common Stock,$3.26,0.07,2.194%,24312291.00,United States,,108879,Health Care,Medical/Dental Instruments
ALV,Autoliv Inc. Common Stock,$113.88,0.72,0.636%,8746805644.00,Sweden,,711024,Consumer Discretionary,Auto Parts:O.E.M.
ALVO,Alvotech Ordinary Shares,$8.68,0.04,0.463%,2619673276.00,Luxembourg,,174203,Health Care,Biotechnology: Biological Products (No Diagnostic Substances)
ALVOW,Alvotech Warrant,$1.75,-0.21,-10.714%,528159935.00,Luxembourg,,5309,Health Care,Biotechnology: Biological Products (No Diagnostic Substances)
ALX,Alexander's Inc. Common Stock,$254.52,6.17,2.484%,1299907451.00,United States,,44311,Real Estate,Real Estate Investment Trusts
ALXO,ALX Oncology Holdings Inc. Common Stock,$0.4799,-0.0001,-0.021%,25647785.00,United States,2020,241535,Health Care,Biotechnology: Pharmaceutical Preparations
ALZN,Alzamend Neuro Inc. Common Stock,$3.20,-0.06,-1.84%,2563053.00,United States,2021,127989,Health Care,Biotechnology: Pharmaceutical Preparations
AM,Antero Midstream Corporation Common Stock,$17.18,-0.04,-0.232%,8232982420.00,United States,2017,3513375,Utilities,Natural Gas Distribution
AMAL,Amalgamated Financial Corp. Common Stock (DE),$32.81,-0.29,-0.876%,1003649041.00,United States,2018,191183,Finance,Major Banks
AMAT,Applied Materials Inc. Common Stock,$187.14,-5.47,-2.84%,150179516329.00,United States,1972,7065840,Technology,Semiconductors
AMBA,Ambarella Inc. Ordinary Shares,$68.12,-1.63,-2.337%,2889247606.00,United States,2012,560404,Technology,Semiconductors
AMBC,Ambac Financial Group Inc. Common Stock,$8.71,-0.05,-0.571%,404382837.00,United States,,984532,Finance,Property-Casualty Insurers
AMBI,Ambipar Emergency Response Class A Ordinary Shares,$4.66,0.0934,2.045%,258303106.00,,,1485,Industrials,Environmental Services
AMBO,Ambow Education Holding Ltd. American Depository Shares (each representing twenty (20) Class A Ordinary Shares),$2.8499,0.0899,3.257%,8140386.00,China,,8709,Real Estate,Other Consumer Services
AMBP,Ardagh Metal Packaging S.A. Ordinary Shares,$4.61,0.09,1.991%,2755395091.00,,,1360076,Industrials,Containers/Packaging
AMBR,Amber International Holding Limited American Depositary Shares,$7.36,-0.30,-3.916%,69759044.00,Hong Kong,2017,97364,Finance,Finance: Consumer Services
AMC,AMC Entertainment Holdings Inc. Class A Common Stock,$3.50,0.06,1.744%,1516002464.00,United States,2013,9034402,Consumer Discretionary,Movies/Entertainment
AMCR,Amcor plc Ordinary Shares,$9.69,0.28,2.976%,14005375724.00,United Kingdom,2019,16571930,Consumer Discretionary,Miscellaneous manufacturing industries
AMCX,AMC Networks Inc. Class A Common Stock,$6.20,0.06,0.977%,278549124.00,United States,,307769,Telecommunications,Cable & Other Pay Television Services
AMD,Advanced Micro Devices Inc. Common Stock,$154.72,-2.28,-1.452%,250863657050.00,United States,,48860655,Technology,Semiconductors
AME,AMETEK Inc.,$179.20,1.11,0.623%,41373512858.00,United States,,1088805,Industrials,Industrial Machinery/Components
AMED,Amedisys Inc Common Stock,$97.97,0.26,0.266%,3215339935.00,United States,,290582,Health Care,Medical/Nursing Services
AMG,Affiliated Managers Group Inc. Common Stock,$208.70,2.04,0.987%,5933109134.00,United States,,205132,Finance,Investment Managers
AMGN,Amgen Inc. Common Stock,$305.69,9.82,3.319%,164371383211.00,United States,1983,2520325,Health Care,Biotechnology: Biological Products (No Diagnostic Substances)
AMH,American Homes 4 Rent Common Shares of Beneficial Interest,$36.74,0.64,1.773%,13599703971.00,United States,2013,1980883,Real Estate,Real Estate Investment Trusts
AMH^G,American Homes 4 Rent Series G cumulative redeemable perpetual preferred shares of beneficial interest,$22.65,-0.015,-0.066%,,United States,,5247,,
AMH^H,American Homes 4 Rent Series H cumulative redeemable perpetual Preferred Shares of Beneficial Interest,$23.636,-0.2077,-0.871%,,United States,,8996,,
AMIX,Autonomix Medical Inc. Common Stock,$1.39,-0.44,-24.044%,3864867.00,United States,2024,1550830,Health Care,Medical/Dental Instruments
AMKR,Amkor Technology Inc. Common Stock,$21.51,-0.44,-2.005%,5314180755.00,United States,1998,1552720,Technology,Semiconductors
AMLX,Amylyx Pharmaceuticals Inc. Common Stock,$7.87,-0.34,-4.141%,701540355.00,United States,2022,1047050,Health Care,Biotechnology: Pharmaceutical Preparations
AMN,AMN Healthcare Services Inc,$19.92,1.35,7.27%,762628634.00,United States,,950422,Consumer Discretionary,Professional Services
AMOD,Alpha Modus Holdings Inc. Class A Common Stock,$1.16,-0.05,-4.132%,16041415.00,United States,,142313,Miscellaneous,Multi-Sector Companies
AMODW,Alpha Modus Holdings Inc. Warrant,$0.0981,0.0122,14.203%,1356606.00,United States,,3332,Miscellaneous,Multi-Sector Companies
AMP,Ameriprise Financial Inc. Common Stock,$536.58,2.07,0.387%,51094581878.00,United States,,305422,Finance,Investment Managers
AMPG,Amplitech Group Inc. Common Stock,$2.79,-0.14,-4.778%,57400330.00,United States,,401584,Telecommunications,Telecommunications Equipment
AMPGW,Amplitech Group Inc. Warrants,$0.6298,-0.0202,-3.108%,12957250.00,United States,,3124,Telecommunications,Telecommunications Equipment
AMPH,Amphastar Pharmaceuticals Inc. Common Stock,$21.35,0.16,0.755%,1006419465.00,United States,2014,469496,Health Care,Biotechnology: Pharmaceutical Preparations
AMPL,Amplitude Inc. Class A Common Stock,$12.61,-0.01,-0.079%,1650505612.00,United States,,1056615,Technology,Computer Software: Prepackaged Software
AMPX,Amprius Technologies Inc. Common Stock,$8.19,-0.19,-2.267%,987272371.00,United States,2022,11980583,Miscellaneous,Industrial Machinery/Components
AMPY,Amplify Energy Corp. Common Stock,$3.93,0.60,18.018%,158522755.00,United States,2016,2353852,Energy,Oil & Gas Production
AMR,Alpha Metallurgical Resources Inc. Common Stock,$141.35,15.28,12.12%,1844996883.00,United States,2018,893195,Energy,Coal Mining
AMRC,Ameresco Inc. Class A Common Stock,$19.24,1.41,7.908%,1012092898.00,United States,2010,958753,Consumer Discretionary,Engineering & Construction
AMRK,A-Mark Precious Metals Inc. Common Stock,$22.81,0.75,3.40%,561690228.00,United States,,196115,Industrials,Other Specialty Stores
AMRN,Amarin Corporation plc,$15.24,-0.31,-1.994%,315574863.00,Ireland,,60717,Health Care,Biotechnology: Pharmaceutical Preparations
AMRX,Amneal Pharmaceuticals Inc. Class A Common Stock,$7.96,0.05,0.632%,2494820008.00,United States,,1153996,Health Care,Biotechnology: Pharmaceutical Preparations
AMRZ,Amrize Ltd Ordinary Shares,$50.28,0.60,1.208%,0.00,,2025,2277368,Industrials,Building Materials
AMS,American Shared Hospital Services Common Stock,$2.51,-0.13,-4.924%,16189500.00,United States,1988,2678,Health Care,Medical Specialities
AMSC,American Superconductor Corporation Common Stock,$41.23,-1.07,-2.53%,1628694919.00,United States,1991,1126831,Consumer Discretionary,Metal Fabrications
AMSF,AMERISAFE Inc. Common Stock,$44.11,0.02,0.045%,840309395.00,United States,2005,180361,Finance,Property-Casualty Insurers
AMST,Amesite Inc. Common Stock,$3.20,0.01,0.313%,14632682.00,United States,2020,77658,Technology,Computer Software: Prepackaged Software
AMT,American Tower Corporation (REIT) Common Stock,$232.35,5.85,2.583%,108771921226.00,United States,,2274384,Real Estate,Real Estate Investment Trusts
AMTB,Amerant Bancorp Inc. Class A Common Stock,$19.95,0.12,0.605%,834486894.00,United States,,173085,Finance,Major Banks
AMTD,AMTD IDEA Group American Depositary Shares each representing six (6) Class A Ordinary Shares,$1.05,0.03,2.941%,97484842.00,,,14848,Finance,Finance: Consumer Services
AMTM,Amentum Holdings Inc. Common Stock,$24.91,0.17,0.687%,6061162678.00,United States,2024,1505788,,
AMTX,Aemetis Inc. (DE) Common Stock,$3.14,0.16,5.369%,173859784.00,United States,,737270,Industrials,Major Chemicals
AMWD,American Woodmark Corporation Common Stock,$54.41,2.12,4.054%,789128743.00,United States,1986,145353,Basic Materials,Forest Products
AMWL,American Well Corporation Class A Common Stock,$8.18,0.16,1.995%,129322561.00,United States,2020,78470,Consumer Discretionary,Business Services
AMX,America Movil S.A.B. de C.V. American Depositary Shares (each representing the right to receive twenty (20) Series B Shares,$17.00,-0.16,-0.932%,51629000000.00,Mexico,2023,2290400,Telecommunications,Telecommunications Equipment
AMZE,Amaze Holdings Inc. Common Stock,$6.22,-0.12,-1.893%,5023104.00,,2021,56401,Consumer Staples,Beverages (Production/Distribution)
AMZN,Amazon.com Inc. Common Stock,$227.47,-1.83,-0.798%,2414901682020.00,United States,1997,37419660,Consumer Discretionary,Catalog/Specialty Distribution
AN,AutoNation Inc. Common Stock,$201.91,3.02,1.518%,7612236774.00,United States,,372303,Consumer Discretionary,Retail-Auto Dealers and Gas Stations
ANAB,AnaptysBio Inc. Common Stock,$26.21,0.04,0.153%,770062800.00,United States,2017,480672,Health Care,Biotechnology: Pharmaceutical Preparations
ANDE,Andersons Inc. (The) Common Stock,$36.60,0.78,2.178%,1251273700.00,United States,,333347,Industrials,Farming/Seeds/Milling
ANEB,Anebulo Pharmaceuticals Inc. Common Stock,$1.83,0.03,1.667%,75185058.00,United States,2021,28678,Health Care,Biotechnology: Pharmaceutical Preparations
ANET,Arista Networks Inc. Common Stock,$109.78,-1.83,-1.64%,137875054695.00,United States,,7774388,Telecommunications,Computer Communications Equipment
ANF,Abercrombie & Fitch Company Common Stock,$95.72,0.41,0.43%,4560418112.00,United States,,1422386,Consumer Discretionary,Clothing/Shoe/Accessory Stores
ANG^B,American National Group Inc. Depositary Shares each representing a 1/1000th interest in a share of 6.625% Fixed-Rate Reset Non-Cumulative Preferred Stock Series B,$25.255,-0.005,-0.02%,,United States,,3442,,
ANG^D,American National Group Inc. Depositary Shares each representing a 1/1000th interest in a share of 7.375% Fixed-Rate Non-Cumulative Preferred Stock Series D,$25.56,-0.07,-0.273%,,United States,,8498,,
ANGH,Anghami Inc. Ordinary Shares,$0.4992,0.0142,2.928%,33378856.00,United Arab Emirates,,458325,Consumer Discretionary,Telecommunications Equipment
ANGHW,Anghami Inc. Warrants,$0.0131,0.0028,27.184%,875928.00,United Arab Emirates,,540687,Consumer Discretionary,Telecommunications Equipment
ANGI,Angi Inc. Class A Common Stock,$16.68,0.59,3.667%,800422376.00,United States,,814829,Consumer Discretionary,Advertising
ANGO,AngioDynamics Inc. Common Stock,$9.13,0.14,1.557%,370987370.00,United States,2004,698032,Health Care,Medical/Dental Instruments
ANIK,Anika Therapeutics Inc. Common Stock,$11.00,0.31,2.90%,157755653.00,United States,,87771,Health Care,Medical/Dental Instruments
ANIP,ANI Pharmaceuticals Inc.,$66.34,0.93,1.422%,1395134777.00,United States,,198248,Health Care,Biotechnology: Pharmaceutical Preparations
ANIX,Anixa Biosciences Inc. Common Stock,$3.335,-0.095,-2.77%,107423992.00,United States,,135150,Health Care,Biotechnology: Pharmaceutical Preparations
ANL,Adlai Nortye Ltd. American Depositary Shares,$1.55,0.03,1.974%,57195415.00,Cayman Islands,2023,911,Health Care,Biotechnology: Pharmaceutical Preparations
ANNA,AleAnna Inc. Class A Common Stock,$4.61,0.11,2.444%,307276235.00,United States,,3786,Energy,Oil & Gas Production
ANNAW,AleAnna Inc. Warrant,$0.1401,-0.0199,-12.438%,9338265.00,United States,,25571,Energy,Oil & Gas Production
ANNX,Annexon Inc. Common Stock,$2.37,-0.10,-4.049%,260023137.00,United States,2020,3088681,Health Care,Biotechnology: Pharmaceutical Preparations
ANPA,Rich Sparkle Holdings Limited Ordinary Shares,$12.01,1.03,9.381%,0.00,Hong Kong,2025,617067,,
ANRO,Alto Neuroscience Inc. Common Stock,$2.80,0.07,2.564%,75801961.00,United States,2024,82464,Health Care,Biotechnology: Pharmaceutical Preparations
ANSC,Agriculture & Natural Solutions Acquisition Corporation Class A Ordinary Shares,$10.88,0.005,0.046%,0.00,United States,2024,422,,
ANSCW,Agriculture & Natural Solutions Acquisition Corporation Warrant,$0.2099,-0.0088,-4.024%,0.00,United States,2024,10840,,
ANTA,Antalpha Platform Holding Company Ordinary Shares,$11.70,0.02,0.171%,277206638.00,Singapore,2025,26358,Finance,Investment Bankers/Brokers/Service
ANTE,AirNet Technology Inc. Ordinary Share,$1.23,0.13,11.818%,36762545.00,China,2007,102798,Consumer Discretionary,Advertising
ANTX,AN2 Therapeutics Inc. Common Stock,$1.11,-0.02,-1.77%,33495049.00,United States,2022,46795,Health Care,Biotechnology: Pharmaceutical Preparations
ANVS,Annovis Bio Inc. Common Stock,$2.57,0.04,1.581%,50079614.00,United States,2020,188252,Health Care,Biotechnology: Pharmaceutical Preparations
ANY,Sphere 3D Corp. Common Shares,$0.69,0.0181,2.694%,18255954.00,Canada,,442587,Finance,Finance: Consumer Services
AOD,abrdn Total Dynamic Dividend Fund Common Shares of Beneficial Interest,$9.05,0.00,0.00%,0.00,United States,2007,549146,Finance,Investment Managers
AOMD,Angel Oak Mortgage REIT Inc. 9.750% Senior Notes due 2030,$24.82,-0.08,-0.321%,0.00,United States,2025,3339,Finance,Real Estate
AOMN,Angel Oak Mortgage REIT Inc. 9.500% Senior Notes due 2029,$24.90,-0.025,-0.10%,0.00,United States,2024,10735,Finance,Real Estate
AOMR,Angel Oak Mortgage REIT Inc. Common Stock,$9.59,0.21,2.239%,225366678.00,United States,2021,98308,Finance,Real Estate
AON,Aon plc Class A Ordinary Shares (Ireland),$354.22,3.31,0.943%,76490237046.00,United States,,1960917,Finance,Specialty Insurers
AORT,Artivion Inc. Common Stock,$30.40,-0.24,-0.783%,1298164664.00,United States,,228700,Health Care,Medical/Dental Instruments
AOS,A.O. Smith Corporation Common Stock,$71.10,2.03,2.939%,10103952886.00,United States,,1668121,Consumer Discretionary,Consumer Electronics/Appliances
AOSL,Alpha and Omega Semiconductor Limited Common Shares,$28.26,-0.63,-2.181%,841017459.00,Bermuda,2010,201843,Technology,Semiconductors
AOUT,American Outdoor Brands Inc. Common Stock ,$9.90,0.30,3.125%,126303745.00,United States,,96497,Consumer Discretionary,Recreational Games/Products/Toys
AP,Ampco-Pittsburgh Corporation Common Stock,$3.76,0.41,12.239%,75555760.00,United States,,130816,Industrials,Fluid Controls
APA,APA Corporation Common Stock,$18.74,0.39,2.125%,6762237549.00,United States,,5845153,Energy,Oil & Gas Production
APAM,Artisan Partners Asset Management Inc. Class A Common Stock,$46.21,0.95,2.099%,3727446149.00,United States,2013,825033,Finance,Investment Managers
APD,Air Products and Chemicals Inc. Common Stock,$298.13,4.41,1.501%,66347106520.00,United States,,739401,Industrials,Major Chemicals
APDN,Applied DNA Sciences Inc. Common Stock,$5.20,0.09,1.761%,2600000.00,United States,,52707,Consumer Discretionary,Other Consumer Services
APEI,American Public Education Inc. Common Stock,$29.35,-1.45,-4.708%,529464197.00,United States,2007,400274,Real Estate,Other Consumer Services
APG,APi Group Corporation Common Stock,$34.38,-0.30,-0.865%,14276629380.00,United States,2020,2111114,Consumer Discretionary,Engineering & Construction
APGE,Apogee Therapeutics Inc. Common Stock,$39.60,0.49,1.253%,2357548697.00,United States,2023,514190,Health Care,Biotechnology: Biological Products (No Diagnostic Substances)
APH,Amphenol Corporation Common Stock,$101.78,-1.93,-1.861%,123112994464.00,United States,,8821670,Technology,Electrical Products
API,Agora Inc. American Depositary Shares,$4.00,0.02,0.503%,374042964.00,China,2020,208422,Technology,Computer Software: Prepackaged Software
APLD,Applied Digital Corporation Common Stock,$10.95,-0.14,-1.262%,2460658957.00,United States,2022,22511799,Finance,Finance: Consumer Services
APLE,Apple Hospitality REIT Inc. Common Shares,$12.66,0.32,2.593%,3011995532.00,United States,2015,1798125,Real Estate,Real Estate Investment Trusts
APLM,Apollomics Inc. Class A Ordinary Shares,$6.50,-0.57,-8.062%,7171762.00,United States,,28504,Health Care,Biotechnology: Pharmaceutical Preparations
APLMW,Apollomics Inc. Warrant,$0.0301,0.0001,0.333%,33211.00,United States,,88847,Health Care,Biotechnology: Pharmaceutical Preparations
APLS,Apellis Pharmaceuticals Inc. Common Stock,$19.89,0.61,3.164%,2499820151.00,United States,2017,1883887,Health Care,Biotechnology: Pharmaceutical Preparations
APLT,Applied Therapeutics Inc. Common Stock,$0.4749,0.0149,3.239%,67234217.00,United States,2019,899613,Health Care,Biotechnology: Pharmaceutical Preparations
APM,Aptorum Group Limited Class A Ordinary Shares,$1.6105,-0.1395,-7.971%,11505021.00,Hong Kong,2018,370418,Health Care,Biotechnology: Pharmaceutical Preparations
APO,Apollo Global Management Inc. (New) Common Stock,$149.65,0.96,0.646%,85524112118.00,United States,,2033500,Finance,Investment Managers
APO^A,Apollo Global Management Inc. 6.75% Series A Mandatory Convertible Preferred Stock,$78.26,0.20,0.256%,,United States,,13330,,
APOG,Apogee Enterprises Inc. Common Stock,$42.40,0.86,2.07%,912853768.00,United States,,160929,Consumer Discretionary,Auto Parts:O.E.M.
APOS,Apollo Global Management Inc. 7.625% Fixed-Rate Resettable Junior Subordinated Notes due 2053,$26.45,0.12,0.456%,15064181468.00,United States,1987,15976,Finance,Investment Managers
APP,Applovin Corporation Class A Common Stock,$350.00,-16.17,-4.416%,118435401000.00,United States,2021,4766669,Technology,Computer Software: Programming Data Processing
APPF,AppFolio Inc. Class A Common Stock,$255.49,3.26,1.292%,9204958767.00,United States,2015,184666,Technology,Computer Software: Prepackaged Software
APPN,Appian Corporation Class A Common Stock,$29.24,0.29,1.002%,2170431632.00,United States,2017,485532,Technology,Computer Software: Prepackaged Software
APPS,Digital Turbine Inc. Common Stock,$5.39,-0.155,-2.795%,576634532.00,United States,,5066275,Miscellaneous,Multi-Sector Companies
APRE,Aprea Therapeutics Inc. Common stock,$2.08,0.35,20.231%,11505256.00,United States,2019,130944,Health Care,Biotechnology: Pharmaceutical Preparations
APT,Alpha Pro Tech Ltd. Common Stock,$4.75,-0.01,-0.21%,51604010.00,Canada,2000,17944,Health Care,Industrial Specialties
APTV,Aptiv PLC Ordinary Shares,$69.97,0.97,1.406%,15234602315.00,United Kingdom,,1847260,Consumer Discretionary,Auto Parts:O.E.M.
APUS,Apimeds Pharmaceuticals US Inc. Common Stock,$1.99,-0.11,-5.238%,23036206.00,,2025,201425,Health Care,Biotechnology: Pharmaceutical Preparations
APVO,Aptevo Therapeutics Inc. Common Stock,$3.13,0.08,2.623%,2118400.00,United States,,122452,Health Care,Biotechnology: Pharmaceutical Preparations
APWC,Asia Pacific Wire & Cable Corporation Ltd. Ordinary Shares (Bermuda),$1.84,0.05,2.793%,37933858.00,Taiwan,,22362,Industrials,Telecommunications Equipment
APYX,Apyx Medical Corporation Common Stock,$2.25,0.01,0.446%,85036244.00,United States,,41910,Health Care,Medical/Dental Instruments
AQB,AquaBounty Technologies Inc. Common Stock,$0.7802,0.02,2.631%,3018875.00,United States,,71413,Consumer Staples,Meat/Poultry/Fish
AQMS,Aqua Metals Inc. Common Stock,$0.542,-0.0463,-7.87%,4821822.00,United States,2015,1095746,Industrials,Metal Fabrications
AQN,Algonquin Power & Utilities Corp. Common Shares,$6.11,0.06,0.992%,4691442992.00,United States,2016,4631714,Utilities,Electric Utilities: Central
AQNB,Algonquin Power & Utilities Corp. 6.20% Fixed-to-Floating Subordinated Notes Series 2019-A due July 1 2079,$25.58,0.06,0.235%,19641098486.00,United States,2019,5287,Utilities,Electric Utilities: Central
AQST,Aquestive Therapeutics Inc. Common Stock,$3.97,-0.26,-6.147%,394331874.00,United States,2018,1053694,Health Care,Biotechnology: Pharmaceutical Preparations
AR,Antero Resources Corporation Common Stock,$33.18,0.67,2.061%,10303285860.00,United States,2013,6551217,Energy,Oil & Gas Production
ARAI,Arrive AI Inc. Common Stock,$9.82,-0.66,-6.298%,323957577.00,United States,,206084,Finance,Diversified Commercial Services
ARAY,Accuray Incorporated Common Stock,$1.36,0.02,1.493%,140098202.00,United States,2007,697107,Health Care,Medical/Dental Instruments
ARBB,ARB IOT Group Limited Ordinary Shares,$5.1793,-0.1307,-2.461%,9142894.00,Malaysia,2023,7857,Technology,EDP Services
ARBE,Arbe Robotics Ltd. Ordinary Shares,$1.48,-0.03,-1.987%,155641518.00,Israel,,1078976,Technology,EDP Services
ARBEW,Arbe Robotics Ltd. Warrant,$0.2197,0.0172,8.494%,23104352.00,Israel,,2465,Technology,EDP Services
ARBK,Argo Blockchain plc American Depositary Shares,$0.3913,-0.0118,-2.927%,28066006.00,United Kingdom,2021,4072783,Finance,Finance: Consumer Services
ARBKL,Argo Blockchain plc 8.75% Senior Notes due 2026,$2.65,-0.34,-11.371%,1686327500.00,United Kingdom,,33680,Finance,Finance: Consumer Services
ARCB,ArcBest Corporation Common Stock,$81.89,3.51,4.478%,1876210697.00,United States,,312298,Industrials,Trucking Freight/Courier Services
ARCC,Ares Capital Corporation Common Stock,$22.96,0.14,0.613%,15833956988.00,United States,2004,2509579,Finance,Finance: Consumer Services
ARCO,Arcos Dorados Holdings Inc. Class A Shares,$7.15,-0.05,-0.694%,1506240858.00,Argentina,2011,1474754,Consumer Discretionary,Restaurants
ARCT,Arcturus Therapeutics Holdings Inc. Common Stock,$14.53,0.74,5.366%,394062362.00,Israel,2013,288360,Health Care,Biotechnology: Pharmaceutical Preparations
ARDC,Ares Dynamic Credit Allocation Fund Inc. Common Shares,$14.27,-0.02,-0.14%,326996180.00,United States,2012,119303,Finance,Investment Managers
ARDT,Ardent Health Inc. Common Stock,$10.51,-0.44,-4.018%,1503388877.00,United States,2024,792686,Health Care,Hospital/Nursing Management
ARDX,Ardelyx Inc. Common Stock,$4.425,0.005,0.113%,1058704313.00,United States,2014,2299294,Health Care,Biotechnology: Pharmaceutical Preparations
ARE,Alexandria Real Estate Equities Inc. Common Stock,$80.69,2.42,3.092%,13958472243.00,United States,,2554025,Real Estate,Real Estate Investment Trusts
AREB,American Rebel Holdings Inc. Common Stock,$1.40,-0.04,-2.778%,9153669.00,United States,,163604,Industrials,Plastic Products
AREBW,American Rebel Holdings Inc. Warrants,$0.0299,0.00,0.00%,195496.00,United States,,44819,Industrials,Plastic Products
AREC,American Resources Corporation Class A Common Stock,$1.44,-0.05,-3.356%,118475572.00,United States,,1778434,Energy,Coal Mining
AREN,The Arena Group Holdings Inc. Common Stock,$6.38,0.61,10.572%,303438874.00,United States,2022,416196,Technology,EDP Services
ARES,Ares Management Corporation Class A Common Stock,$178.25,-0.64,-0.358%,58212775020.00,United States,2014,1266398,Finance,Investment Managers
ARES^B,Ares Management Corporation 6.75% Series B Mandatory Convertible Preferred Stock,$55.06,-0.13,-0.236%,,United States,,2961,,
ARGD,Argo Group International Holdings Ltd. 6.5% Senior Notes Due 2042,$21.13,-0.01,-0.047%,275.00,Bermuda,,4765,Finance,Specialty Insurers
ARGO^A,Argo Group International Holdings Inc. Depositary Shares Each Representing a 1/1000th Interest in a 7.00% Resettable Fixed Rate Preference Share Series A,$25.22,0.00,0.00%,,Bermuda,,22245,,
ARGX,argenx SE American Depositary Shares,$571.23,5.09,0.899%,34839807244.00,Netherlands,2017,224704,Health Care,Biotechnology: Biological Products (No Diagnostic Substances)
ARHS,Arhaus Inc. Class A Common Stock,$9.28,0.73,8.538%,1307864940.00,United States,2021,2201013,Consumer Discretionary,Other Specialty Stores
ARI,Apollo Commercial Real Estate Finance Inc,$9.74,0.04,0.412%,1353312914.00,United States,2009,892695,Real Estate,Real Estate Investment Trusts
ARIS,Aris Water Solutions Inc. Class A Common Stock,$20.93,-0.36,-1.691%,1237697455.00,United States,2021,572127,Energy,Oilfield Services/Equipment
ARKO,ARKO Corp. Common Stock,$4.52,0.18,4.147%,515076049.00,United States,,295254,Consumer Staples,Food Chains
ARKOW,ARKO Corp. Warrant,$0.0148,0.0014,10.448%,1686532.00,United States,,154956,Consumer Staples,Food Chains
ARKR,Ark Restaurants Corp. Common Stock,$8.66,-0.09,-1.029%,31229320.00,United States,,9629,Consumer Discretionary,Restaurants
ARL,American Realty Investors Inc. Common Stock,$13.06,0.04,0.307%,210945682.00,United States,,5747,Real Estate,Other Consumer Services
ARLO,Arlo Technologies Inc. Common Stock,$16.19,-0.06,-0.369%,1674061494.00,United States,2018,1192305,Consumer Staples,Consumer Electronics/Appliances
ARLP,Alliance Resource Partners L.P. Common Units representing Limited Partners Interests,$27.73,0.89,3.316%,3561309106.00,United States,1999,409939,Energy,Coal Mining
ARM,Arm Holdings plc American Depositary Shares,$156.50,-5.42,-3.347%,165774815844.00,United Kingdom,2023,5143436,Technology,Semiconductors
ARMK,Aramark Common Stock,$43.83,0.68,1.576%,11486561455.00,United States,2013,1519933,Consumer Discretionary,Restaurants
ARMN,Aris Mining Corporation Common Shares,$7.38,0.21,2.929%,1314378000.00,,2023,1227565,,
ARMP,Armata Pharmaceuticals Inc. Common Stock,$2.35,-0.03,-1.261%,85054676.00,United States,,18113,Health Care,Biotechnology: Biological Products (No Diagnostic Substances)
AROC,Archrock Inc. Common Stock,$22.65,-0.17,-0.745%,4004727972.00,United States,,1427670,Utilities,Natural Gas Distribution
AROW,Arrow Financial Corporation Common Stock,$26.74,-0.17,-0.632%,445898538.00,United States,,33302,Finance,Major Banks
ARQ,Arq Inc. Common Stock,$5.57,-0.20,-3.466%,235115938.00,United States,,142377,Industrials,Major Chemicals
ARQQ,Arqit Quantum Inc. Ordinary Shares,$39.36,-2.04,-4.928%,492157794.00,United Kingdom,,1191931,Technology,Computer Software: Prepackaged Software
ARQQW,Arqit Quantum Inc. Warrants,$0.8087,-0.0408,-4.803%,10111992.00,United Kingdom,,58332,Technology,Computer Software: Prepackaged Software
ARQT,Arcutis Biotherapeutics Inc. Common Stock,$14.55,0.21,1.464%,1734385084.00,United States,2020,1326360,Health Care,Biotechnology: Pharmaceutical Preparations
ARR,ARMOUR Residential REIT Inc.,$16.68,0.37,2.269%,1363581760.00,United States,,2670429,Real Estate,Real Estate Investment Trusts
ARR^C,ARMOUR Residential REIT Inc. 7% Series C Cumulative Redeemable Preferred Stock (liquidation preference $25.00 per share),$21.30,0.12,0.567%,,United States,,4117,,
ARRY,Array Technologies Inc. Common Stock,$7.06,0.24,3.519%,1076982088.00,United States,2020,5233116,Consumer Discretionary,Miscellaneous manufacturing industries
ARTL,Artelo Biosciences Inc. Common Stock,$14.17,-0.38,-2.612%,7748709.00,United States,,123123,Health Care,Biotechnology: Pharmaceutical Preparations
ARTNA,Artesian Resources Corporation Class A Common Stock,$33.81,0.30,0.895%,348516354.00,United States,,27945,Utilities,Water Supply
ARTV,Artiva Biotherapeutics Inc. Common Stock,$2.58,0.03,1.176%,62856847.00,United States,2024,99653,Health Care,Biotechnology: Biological Products (No Diagnostic Substances)
ARTW,Art's-Way Manufacturing Co. Inc. Common Stock,$2.79,0.01,0.36%,14251554.00,United States,,62163,Industrials,Industrial Machinery/Components
ARVN,Arvinas Inc. Common Stock,$7.58,0.06,0.798%,553274736.00,United States,2018,1645872,Health Care,Biotechnology: Pharmaceutical Preparations
ARW,Arrow Electronics Inc. Common Stock,$130.46,0.09,0.069%,6767480344.00,United States,,430040,Technology,Electronic Components
ARWR,Arrowhead Pharmaceuticals Inc. Common Stock,$14.96,0.25,1.70%,2065982508.00,United States,,2729064,Health Care,Biotechnology: Pharmaceutical Preparations
AS,Amer Sports Inc. Ordinary Shares,$37.37,-0.81,-2.122%,20697200019.00,,2024,3350551,Consumer Discretionary,Apparel
ASA,ASA  Gold and Precious Metals Limited,$34.22,0.72,2.149%,645729381.00,United States,,72385,Industrials,Precious Metals
ASAN,Asana Inc. Class A Common Stock,$15.03,0.21,1.417%,3536892471.00,United States,2020,4485888,Technology,Computer Software: Prepackaged Software
ASB,Associated Banc-Corp Common Stock,$25.77,0.15,0.585%,4272913263.00,United States,,1559427,Finance,Major Banks
ASB^E,Associated Banc-Corp Depositary Shares each representing a 1/40th interest in a share of 5.875% Non-Cumulative Perpetual Preferred Stock Series E,$20.9013,-0.0087,-0.042%,,United States,,3837,,
ASB^F,Associated Banc-Corp Depositary Shares each representing a 1/40th interest in a share of Associated Banc-Corp 5.625% Non-Cumulative Perpetual Preferred Stock Series F,$20.58,0.3601,1.781%,,United States,,5950,,
ASBA,Associated Banc-Corp 6.625% Fixed-Rate Reset Subordinated Notes due 2033,$24.47,-0.0065,-0.027%,3692542943.00,United States,2023,17583,Finance,Major Banks
ASBP,Aspire Biopharma Holdings Inc. Common Stock,$0.3901,-0.0185,-4.528%,19320081.00,United States,2022,1331062,Health Care,Biotechnology: Pharmaceutical Preparations
ASBPW,Aspire Biopharma Holdings Inc. Warrant,$0.0841,0.0296,54.312%,4165134.00,United States,2022,104317,Health Care,Biotechnology: Pharmaceutical Preparations
ASC,Ardmore Shipping Corporation Common Stock,$10.05,0.08,0.802%,407058577.00,,2013,440345,Consumer Discretionary,Marine Transportation
ASG,Liberty All-Star Growth Fund Inc.,$5.39,0.01,0.186%,0.00,United States,,173998,Finance,Investment Managers
ASGI,abrdn Global Infrastructure Income Fund Common Shares of Beneficial Interest,$21.04,0.18,0.863%,0.00,United States,2020,167644,Finance,Investment Managers
ASGN,ASGN Incorporated Common Stock,$49.73,1.48,3.067%,2178174000.00,United States,1992,446479,Consumer Discretionary,Professional Services
ASH,Ashland Inc. Common Stock,$52.15,0.99,1.935%,2382970000.00,United States,,482025,Consumer Discretionary,Specialty Chemicals
ASIC,Ategrity Specialty Insurance Company Holdings Common Stock,$21.41,-0.18,-0.834%,1007697490.00,,2025,69241,Finance,Property-Casualty Insurers
ASIX,AdvanSix Inc. Common Stock ,$22.25,0.26,1.182%,596582286.00,United States,2016,446924,Industrials,Major Chemicals
ASLE,AerSale Corporation Common Stock,$5.98,0.20,3.46%,280234999.00,United States,2019,274734,Consumer Discretionary,Industrial Specialties
ASM,Avino Silver & Gold Mines Ltd. Common Shares (Canada),$3.54,-0.18,-4.839%,512472769.00,Canada,,6578184,Basic Materials,Metal Mining
ASMB,Assembly Biosciences Inc. Common Stock,$18.68,0.43,2.356%,142669490.00,United States,2010,27540,Health Care,Biotechnology: Pharmaceutical Preparations
ASML,ASML Holding N.V. New York Registry Shares,$705.48,-14.20,-1.973%,277453798786.00,Netherlands,1995,3420761,Technology,Industrial Machinery/Components
ASND,Ascendis Pharma A/S American Depositary Shares,$165.54,-2.48,-1.476%,10046537678.00,Denmark,2015,326520,Health Care,Biotechnology: Pharmaceutical Preparations
ASNS,Actelis Networks Inc. Common Stock,$0.533,-0.0069,-1.278%,4812375.00,United States,2022,99175,Telecommunications,Telecommunications Equipment
ASO,Academy Sports and Outdoors Inc. Common Stock,$56.11,2.16,4.004%,3729954108.00,United States,2020,2170256,Consumer Discretionary,Other Specialty Stores
ASPC,A SPAC III Acquisition Corp. Class A Ordinary Shares,$10.26,0.00,0.00%,0.00,China,2025,5,,
ASPCR,A SPAC III Acquisition Corp. Right,$0.20,0.00,0.00%,0.00,China,2025,2,Finance,Blank Checks
ASPCU,A SPAC III Acquisition Corp. Unit,$10.50,0.00,0.00%,0.00,China,2024,10,Finance,Blank Checks
ASPI,ASP Isotopes Inc. Common Stock,$9.325,-0.555,-5.617%,699951677.00,United States,2022,2998848,Industrials,Major Chemicals
ASPN,Aspen Aerogels Inc. Common Stock,$7.77,0.38,5.142%,638494762.00,United States,2014,2748341,Consumer Discretionary,RETAIL: Building Materials
ASPS,Altisource Portfolio Solutions S.A. Common Stock,$12.32,-0.025,-0.203%,136985957.00,Luxembourg,,37759,Consumer Discretionary,Other Consumer Services
ASPSW,Altisource Portfolio Solutions S.A. Net Settle Stakeholder Warrants,$0.96,0.025,2.674%,0.00,Luxembourg,,41239,,
ASPSZ,Altisource Portfolio Solutions S.A. Cash Exercise Stakeholder Warrants,$1.00,0.05,5.263%,0.00,Luxembourg,,52089,,
ASR,Grupo Aeroportuario del Sureste S.A. de C.V. Common Stock,$301.51,-6.98,-2.263%,9045300000.00,Mexico,,94562,Consumer Discretionary,Aerospace
ASRT,Assertio Holdings Inc. Common Stock,$0.7231,0.0281,4.043%,69259054.00,United States,,357853,Health Care,Biotechnology: Pharmaceutical Preparations
ASRV,AmeriServ Financial Inc. Common Stock,$3.07,-0.05,-1.603%,50714150.00,United States,,22437,Finance,Major Banks
ASST,Asset Entities Inc. Class B Common Stock,$4.31,-0.06,-1.373%,67977510.00,United States,2023,1832665,Technology,Computer Software: Prepackaged Software
ASTC,Astrotech Corporation (DE) Common Stock,$5.60,-0.0302,-0.536%,9486137.00,United States,,2552,Industrials,Biotechnology: Laboratory Analytical Instruments
ASTE,Astec Industries Inc. Common Stock,$39.12,0.94,2.462%,894555866.00,United States,1986,148612,Industrials,Construction/Ag Equipment/Trucks
ASTH,Astrana Health Inc. Common Stock,$22.96,-0.08,-0.347%,1287176908.00,United States,,262450,Consumer Discretionary,Professional Services
ASTI,Ascent Solar Technologies Inc. Common Stock,$2.12,0.02,0.952%,3845203.00,United States,,59346,Technology,Semiconductors
ASTL,Algoma Steel Group Inc. Common Shares,$6.92,-0.01,-0.144%,726141910.00,Canada,,471037,Industrials,Steel/Iron Ore
ASTLW,Algoma Steel Group Inc. Warrant,$0.44,0.02,4.762%,46170873.00,Canada,,16268,Industrials,Steel/Iron Ore
ASTS,AST SpaceMobile Inc. Class A Common Stock,$57.09,0.42,0.741%,18736345863.00,United States,2019,13674540,Consumer Discretionary,Telecommunications Equipment
ASUR,Asure Software Inc Common Stock,$10.27,0.06,0.588%,278871652.00,United States,,46961,Technology,EDP Services
ASX,ASE Technology Holding Co. Ltd. American Depositary Shares (each representing Two Common Shares) ,$10.29,-0.19,-1.813%,22722818093.00,Taiwan,2018,6965075,Technology,Semiconductors
ASYS,Amtech Systems Inc. Common Stock,$4.64,0.08,1.754%,66416788.00,United States,,46903,Technology,Industrial Machinery/Components
ATAI,ATAI Life Sciences N.V. Common Shares,$3.53,0.00,0.00%,707191760.00,Germany,2008,5601404,Health Care,Biotechnology: Pharmaceutical Preparations
ATAT,Atour Lifestyle Holdings Limited American Depositary Shares,$36.26,-0.24,-0.658%,5010622583.00,China,2022,998843,Consumer Discretionary,Hotels/Resorts
ATCH,AtlasClear Holdings Inc. Common Stock,$0.1781,-0.0115,-6.065%,2777818.00,,2024,2228337,Finance,Finance: Consumer Services
ATCO^H,Atlas Corp. 7.875% Series H,$26.10,-0.175,-0.666%,,United Kingdom,,2141,,
ATEC,Alphatec Holdings Inc. Common Stock,$10.74,0.435,4.221%,1569894830.00,United States,2006,1605428,Health Care,Medical/Dental Instruments
ATEN,A10 Networks Inc. Common Stock,$18.83,0.02,0.106%,1357279901.00,United States,2014,869228,Telecommunications,Computer Communications Equipment
ATER,Aterian Inc. Common Stock,$1.37,0.005,0.366%,11988515.00,United States,2019,58125,Consumer Discretionary,Home Furnishings
ATEX,Anterix Inc. Common Stock,$22.04,-0.52,-2.305%,412057063.00,United States,2015,159150,Telecommunications,Telecommunications Equipment
ATGE,Adtalem Global Education Inc. Common Stock,$114.65,-1.50,-1.291%,4119140843.00,United States,,525718,Real Estate,Other Consumer Services
ATGL,Alpha Technology Group Limited Class A Ordinary Shares,$21.80,-0.17,-0.774%,358882500.00,China,2023,4456,Technology,EDP Services
ATH^A,Athene Holding Ltd. Depositary Shares Each Representing a 1/1000th Interest in a 6.35% Fixed-to-Floating Rate Perpetual Non-Cumulative Preference Share Series A,$24.535,-0.195,-0.789%,,Bermuda,,56328,,
ATH^B,Athene Holding Ltd. Depositary Shares Each Representing a 1/1000th Interest in a 5.625% Fixed Rate Perpetual Non- Cumulative Preference Share Series B par value $1.00 per share,$19.9232,-0.0768,-0.384%,,Bermuda,,14227,,
ATH^D,Athene Holding Ltd. Depositary Shares Each Representing a 1/1000th Interest in a 4.875% Fixed-Rate Perpetual Non-Cumulative Preference Share Series D,$16.91,-0.07,-0.412%,,Bermuda,,83514,,
ATH^E,Athene Holding Ltd. Depositary Shares Each Representing a 1/1000th Interest in a 7.750% Fixed-Rate Reset Perpetual Non-Cumulative Preference Share Series E,$26.06,-0.01,-0.038%,,Bermuda,,12679,,
ATHA,Athira Pharma Inc. Common Stock,$0.4672,0.0362,8.399%,18240630.00,United States,2020,502300,Health Care,Biotechnology: Biological Products (No Diagnostic Substances)
ATHE,Alterity Therapeutics Limited American Depositary Shares,$5.16,0.26,5.306%,45112657.00,Australia,,16717,Health Care,Biotechnology: Pharmaceutical Preparations
ATHM,Autohome Inc. American Depositary Shares each representing four class A ordinary shares.,$27.62,0.42,1.544%,3271415961.00,China,2013,211986,Technology,EDP Services
ATHR,Aether Holdings Inc. Common Stock,$8.31,-1.90,-18.609%,100561579.00,United States,2025,142975,Technology,Computer Software: Prepackaged Software
ATHS,Athene Holding Ltd. 7.250% Fixed-Rate Reset Junior Subordinated Debentures due 2064,$25.13,-0.04,-0.159%,5121630506.00,Bermuda,2024,61883,,
ATI,ATI Inc. Common Stock,$92.46,-0.37,-0.399%,13043108262.00,United States,,1736844,Industrials,Steel/Iron Ore
ATII,Archimedes Tech SPAC Partners II Co. Ordinary Shares,$10.23,0.00,0.00%,0.00,United States,2025,49,,
ATIIU,Archimedes Tech SPAC Partners II Co. Unit,$10.415,0.00,0.00%,0.00,United States,2025,20,Finance,Blank Checks
ATIIW,Archimedes Tech SPAC Partners II Co. Warrant,$0.3451,-0.0049,-1.40%,0.00,United States,2025,74004,Finance,Blank Checks
ATKR,Atkore Inc. Common Stock,$75.13,2.14,2.932%,2528245159.00,United States,2016,392320,Miscellaneous,Industrial Machinery/Components
ATLC,Atlanticus Holdings Corporation Common Stock,$51.90,0.24,0.465%,785051285.00,United States,1995,58732,Finance,Finance: Consumer Services
ATLCL,Atlanticus Holdings Corporation 6.125% Senior Notes due 2026,$24.3899,-0.0301,-0.123%,368927213.00,United States,,11147,Finance,Finance: Consumer Services
ATLCP,Atlanticus Holdings Corporation 7.625% Series B Cumulative Perpetual Preferred Stock no par value per share,$22.0442,-0.0051,-0.023%,333445617.00,United States,,4235,Finance,Finance: Consumer Services
ATLCZ,Atlanticus Holdings Corporation 9.25% Senior Notes due 2029,$24.92,-0.04,-0.16%,376945627.00,United States,,27644,Finance,Finance: Consumer Services
ATLN,Atlantic International Corp. Common Stock,$1.77,0.04,2.312%,103324614.00,United States,2024,19411,Industrials,Biotechnology: Laboratory Analytical Instruments
ATLO,Ames National Corporation Common Stock,$18.31,0.04,0.219%,163243849.00,United States,,14133,Finance,Major Banks
ATLX,Atlas Lithium Corporation Common Stock,$5.34,0.88,19.731%,95250669.00,United States,,1003080,Industrials,Mining & Quarrying of Nonmetallic Minerals (No Fuels)
ATMC,AlphaTime Acquisition Corp Ordinary Shares,$11.80,-0.20,-1.667%,0.00,United States,2023,5767,Finance,Blank Checks
ATMCR,AlphaTime Acquisition Corp Right,$0.2334,-0.0166,-6.64%,0.00,United States,2023,34518,Finance,Blank Checks
ATMCW,AlphaTime Acquisition Corp Warrant,$0.04,0.00,0.00%,0.00,United States,2023,878,Finance,Blank Checks
ATMU,Atmus Filtration Technologies Inc. Common Stock,$38.32,0.98,2.625%,3167681606.00,United States,2023,615463,Consumer Discretionary,Auto Parts:O.E.M.
ATMV,AlphaVest Acquisition Corp Ordinary Shares,$11.90,0.00,0.00%,0.00,United States,2023,10,Finance,Blank Checks
ATMVU,AlphaVest Acquisition Corp Unit,$11.85,0.00,0.00%,0.00,United States,2022,1,Finance,Blank Checks
ATNF,180 Life Sciences Corp. Common Stock,$2.21,-0.60,-21.352%,12587026.00,United States,2017,3269128,Health Care,Biotechnology: Pharmaceutical Preparations
ATNFW,180 Life Sciences Corp. Warrant,$0.0095,-0.001,-9.524%,54107.00,United States,2017,200013,Health Care,Biotechnology: Pharmaceutical Preparations
ATNI,ATN International Inc. Common Stock,$18.46,0.54,3.013%,280897144.00,United States,,43898,Telecommunications,Telecommunications Equipment
ATNM,Actinium Pharmaceuticals Inc. (Delaware) Common Stock,$1.82,0.13,7.692%,56776522.00,United States,,380557,Health Care,Biotechnology: Pharmaceutical Preparations
ATO,Atmos Energy Corporation Common Stock,$158.78,0.56,0.354%,25220117266.00,United States,,479665,Utilities,Oil/Gas Transmission
ATOM,Atomera Incorporated Common Stock,$5.20,0.08,1.563%,159661486.00,United States,2016,539991,Technology,Semiconductors
ATOS,Atossa Therapeutics Inc. Common Stock,$0.8593,0.0106,1.249%,110995784.00,United States,2012,422203,Health Care,Biotechnology: Pharmaceutical Preparations
ATPC,Agape ATP Corporation Common Stock,$1.35,0.05,3.846%,67507264.00,Malaysia,,4009,Health Care,Medical/Nursing Services
ATR,AptarGroup Inc. Common Stock,$159.17,3.72,2.393%,10511697741.00,United States,,449890,Industrials,Plastic Products
ATRA,Atara Biotherapeutics Inc. Common Stock,$13.02,1.52,13.217%,77617311.00,United States,2014,149602,Health Care,Biotechnology: Biological Products (No Diagnostic Substances)
ATRC,AtriCure Inc. Common Stock,$29.37,0.13,0.445%,1453957474.00,United States,2005,388644,Health Care,Medical/Dental Instruments
ATRO,Astronics Corporation Common Stock,$33.71,-0.89,-2.572%,1193544249.00,United States,,444780,Industrials,Military/Government/Technical
ATS,ATS Corporation Common Shares,$30.92,0.05,0.162%,3018855710.00,Canada,2023,86255,Industrials,Industrial Machinery/Components
ATUS,Altice USA Inc. Class A Common Stock,$2.78,-0.02,-0.714%,1300198224.00,United States,2017,5390891,Telecommunications,Cable & Other Pay Television Services
ATXG,Addentax Group Corp. Common Stock,$0.6758,-0.0191,-2.749%,6819473.00,China,,250736,Consumer Discretionary,Professional Services
ATXS,Astria Therapeutics Inc. Common Stock,$6.42,0.16,2.556%,362307686.00,United States,2015,226078,Health Care,Biotechnology: Pharmaceutical Preparations
ATYR,aTyr Pharma Inc. Common Stock,$5.24,-0.47,-8.231%,466383245.00,United States,2015,5432640,Health Care,Biotechnology: Biological Products (No Diagnostic Substances)
AU,AngloGold Ashanti PLC Ordinary Shares,$51.93,1.31,2.588%,26148159810.00,South Africa,,2641385,Basic Materials,Precious Metals
AUB,Atlantic Union Bankshares Corporation Common Stock,$33.17,0.19,0.576%,4725679747.00,United States,,794021,Finance,Major Banks
AUB^A,Atlantic Union Bankshares Corporation Depositary Shares each representing a 1/400th ownership interest in a share of 6.875% Perpetual Non-Cumulative Preferred Stock Series A,$24.39,-0.18,-0.733%,,United States,,8579,,
AUBN,Auburn National Bancorporation Inc. Common Stock,$28.00,-0.06,-0.214%,97823572.00,United States,,3971,Finance,Major Banks
AUDC,AudioCodes Ltd. Common Stock,$10.63,-0.20,-1.847%,313298979.00,Israel,1999,238492,Utilities,Telecommunications Equipment
AUGO,Aura Minerals Inc. Common Shares,$25.28,0.41,1.649%,1884102271.00,United States,,480656,,
AUID,authID Inc. Common Stock,$4.06,0.06,1.50%,54581584.00,United States,,55774,Technology,Computer Software: Prepackaged Software
AUNA,Auna SA Class A Ordinary Shares,$6.37,0.02,0.315%,471190805.00,Peru,2024,32933,Health Care,Medical/Nursing Services
AUPH,Aurinia Pharmaceuticals Inc Ordinary Shares,$8.88,0.26,3.016%,1269759849.00,Canada,,1254245,Health Care,Biotechnology: Pharmaceutical Preparations
AUR,Aurora Innovation Inc. Class A Common Stock,$6.17,0.00,0.00%,10913957942.00,United States,2021,15256467,Technology,EDP Services
AURA,Aura Biosciences Inc. Common Stock,$6.77,0.00,0.00%,340319492.00,United States,2021,98250,Health Care,Biotechnology: Biological Products (No Diagnostic Substances)
AUROW,Aurora Innovation Inc. Warrant,$0.9767,-0.0433,-4.245%,1727660085.00,United States,2021,15623,Technology,EDP Services
AUST,Austin Gold Corp. Common Shares,$1.36,-0.027,-1.947%,18049580.00,,2022,21281,Basic Materials,Precious Metals
AUTL,Autolus Therapeutics plc American Depositary Share,$2.61,0.18,7.407%,694629083.00,United Kingdom,2018,1351526,Health Care,Biotechnology: Biological Products (No Diagnostic Substances)
AUUD,Auddia Inc. Common Stock,$4.24,0.05,1.193%,2630649.00,United States,2021,21352,Technology,EDP Services
AVA,Avista Corporation Common Stock,$37.91,0.19,0.504%,3054164522.00,United States,,771468,Utilities,Power Generation
AVAH,Aveanna Healthcare Holdings Inc. Common Stock,$4.02,-0.01,-0.248%,784277341.00,United States,2021,318958,Health Care,Medical/Nursing Services
AVAL,Grupo Aval Acciones y Valores S.A. ADR (Each representing 20 preferred shares),$2.88,-0.12,-4.00%,3419060509.00,,2014,122936,Finance,Commercial Banks
AVAV,AeroVironment Inc. Common Stock,$262.48,-9.70,-3.564%,11993473442.00,United States,2007,1496169,Industrials,Aerospace
AVB,AvalonBay Communities Inc. Common Stock,$204.51,3.72,1.853%,29115715878.00,United States,,662498,Real Estate,Real Estate Investment Trusts
AVBP,ArriVent BioPharma Inc. Common Stock,$21.56,0.01,0.046%,737622815.00,United States,2024,266004,Health Care,Biotechnology: Pharmaceutical Preparations
AVD,American Vanguard Corporation Common Stock ($0.10 Par Value),$3.51,-0.02,-0.567%,99516352.00,United States,1998,230054,Industrials,Agricultural Chemicals
AVDL,Avadel Pharmaceuticals plc Ordinary Share,$11.23,0.25,2.277%,1086378240.00,France,,1052540,Health Care,Biotechnology: Pharmaceutical Preparations
AVDX,AvidXchange Holdings Inc. Common Stock,$9.85,-0.01,-0.101%,2033492942.00,United States,2021,615678,Technology,Computer Software: Prepackaged Software
AVGO,Broadcom Inc. Common Stock,$278.59,-9.62,-3.338%,1310339980040.00,United States,2009,16512194,Technology,Semiconductors
AVIR,Atea Pharmaceuticals Inc. Common Stock,$3.43,0.00,0.00%,293537599.00,United States,2020,383566,Health Care,Biotechnology: Pharmaceutical Preparations
AVK,Advent Convertible and Income Fund,$12.27,0.05,0.409%,0.00,United States,2003,189586,Finance,Trusts Except Educational Religious and Charitable
AVNS,Avanos Medical Inc. Common Stock,$11.83,0.44,3.863%,547066283.00,United States,2014,604719,Health Care,Industrial Specialties
AVNT,Avient Corporation Common Stock,$33.50,0.47,1.423%,3066346087.00,United States,,625463,Industrials,Major Chemicals
AVNW,Aviat Networks Inc. Common Stock,$23.85,0.22,0.931%,302714479.00,United States,,77252,Technology,Radio And Television Broadcasting And Communications Equipment
AVO,Mission Produce Inc. Common Stock,$12.22,0.20,1.664%,862954563.00,United States,2020,177406,Consumer Staples,Farming/Seeds/Milling
AVPT,AvePoint Inc. Class A Common Stock,$18.65,-0.62,-3.217%,3790299217.00,United States,2019,1023190,Technology,Computer Software: Prepackaged Software
AVR,Anteris Technologies Global Corp. Common Stock,$3.175,0.17,5.657%,114497126.00,United States,2024,110050,Health Care,Industrial Specialties
AVT,Avnet Inc. Common Stock,$55.03,-0.02,-0.036%,4614668044.00,United States,,668726,Technology,Electronic Components
AVTR,Avantor Inc. Common Stock,$13.02,0.68,5.511%,8872214212.00,United States,2019,13358949,Industrials,Biotechnology: Laboratory Analytical Instruments
AVTX,Avalo Therapeutics Inc. Common Stock,$6.42,-0.31,-4.606%,69513320.00,United States,2015,62905,Health Care,Biotechnology: Pharmaceutical Preparations
AVXL,Anavex Life Sciences Corp. Common Stock,$11.17,0.01,0.09%,953603587.00,United States,,882662,Health Care,Biotechnology: Biological Products (No Diagnostic Substances)
AVY,Avery Dennison Corporation Common Stock,$181.67,2.66,1.486%,14202154530.00,United States,,855622,Consumer Discretionary,Containers/Packaging
AWF,Alliancebernstein Global High Income Fund,$10.99,-0.01,-0.091%,0.00,United States,1993,157464,Finance,Trusts Except Educational Religious and Charitable
AWI,Armstrong World Industries Inc Common Stock,$165.42,1.43,0.872%,7183663903.00,United States,,346445,Industrials,Plastic Products
AWK,American Water Works Company Inc. Common Stock,$144.91,2.07,1.449%,28259133130.00,United States,2008,1137208,Utilities,Water Supply
AWP,abrdn Global Premier Properties Fund Common Shares of Beneficial Interest,$3.91,0.06,1.558%,0.00,United States,2007,441653,Finance,Trusts Except Educational Religious and Charitable
AWR,American States Water Company Common Stock,$75.66,0.37,0.491%,2913573311.00,United States,,242186,Utilities,Water Supply
AWRE,Aware Inc. Common Stock,$2.42,0.11,4.762%,51041505.00,United States,1996,84861,Technology,Computer Software: Prepackaged Software
AWX,Avalon Holdings Corporation Common Stock,$2.52,-0.07,-2.703%,9826566.00,United States,1998,4899,Utilities,Environmental Services
AX,Axos Financial Inc. Common Stock,$85.07,-0.45,-0.526%,4795658766.00,United States,2018,318316,Finance,Savings Institutions
AXGN,Axogen Inc. Common Stock,$12.54,0.93,8.01%,571122312.00,United States,,1652266,Health Care,Biotechnology: Electromedical & Electrotherapeutic Apparatus
AXIL,AXIL Brands Inc. Common Stock,$7.30,0.35,5.036%,48543920.00,,2024,24525,Consumer Discretionary,Package Goods/Cosmetics
AXINU,Axiom Intelligence Acquisition Corp 1 Units,$10.125,0.015,0.148%,0.00,United Kingdom,2025,32086,Finance,Blank Checks
AXL,American Axle & Manufacturing Holdings Inc. Common Stock,$4.68,0.15,3.311%,553808493.00,United States,,5095908,Consumer Discretionary,Auto Parts:O.E.M.
AXON,Axon Enterprise Inc. Common Stock,$720.74,-30.81,-4.10%,56110194241.00,United States,2001,758853,Industrials,Ordnance And Accessories
AXP,American Express Company Common Stock,$304.14,1.17,0.386%,211645620520.00,United States,,2295673,Finance,Finance: Consumer Services
AXR,AMREP Corporation Common Stock,$21.90,0.25,1.155%,115795133.00,United States,,4133,Real Estate,Homebuilding
AXS,Axis Capital Holdings Limited Common Stock,$96.99,0.89,0.926%,7628571443.00,Bermuda,2003,487490,Finance,Property-Casualty Insurers
AXS^E,Axis Capital Holdings Limited Depositary Shares each representing 1/100th interest in a share of a 5.50% Series E Preferred Shares,$20.59,-0.13,-0.627%,,Bermuda,,23262,,
AXSM,Axsome Therapeutics Inc. Common Stock,$102.55,-7.13,-6.501%,5049189231.00,United States,2015,1119933,Health Care,Biotechnology: Pharmaceutical Preparations
AXTA,Axalta Coating Systems Ltd. Common Shares,$29.96,0.18,0.604%,6548041931.00,United States,2014,3632623,Consumer Discretionary,Paints/Coatings
AXTI,AXT Inc Common Stock,$2.35,0.03,1.293%,107168653.00,United States,1998,242375,Technology,Semiconductors
AYI,Acuity Inc. Common Stock,$295.90,5.37,1.848%,9067805789.00,United States,,218056,Consumer Discretionary,Building Products
AYRO,AYRO Inc. Common Stock,$7.05,0.09,1.293%,3829680.00,United States,,17386,Consumer Discretionary,Telecommunications Equipment
AYTU,Aytu BioPharma Inc.  Common Stock,$2.555,0.185,7.806%,15764979.00,United States,,412548,Health Care,Biotechnology: Pharmaceutical Preparations
AZ,A2Z Cust2Mate Solutions Corp. Common Shares,$10.96,0.07,0.643%,384035463.00,Canada,,373689,Industrials,Industrial Machinery/Components
AZI,Autozi Internet Technology (Global) Ltd. Class A Ordinary Shares,$0.2612,-0.0076,-2.827%,27682289.00,China,2024,1313463,Consumer Discretionary,Automotive Aftermarket
AZN,AstraZeneca PLC American Depositary Shares,$70.48,1.76,2.561%,218582537361.00,United Kingdom,,3126281,Health Care,Biotechnology: Pharmaceutical Preparations
AZO,AutoZone Inc. Common Stock,$3773.71,44.01,1.18%,63129315309.00,United States,,101527,Consumer Discretionary,Auto & Home Supply Stores
AZTA,Azenta Inc.,$32.92,1.60,5.109%,1507075822.00,United States,,602153,Technology,Industrial Machinery/Components
AZTR,Azitra Inc Common Stock,$0.23,-0.0015,-0.648%,3789561.00,,2023,421250,Health Care,Biotechnology: Pharmaceutical Preparations
AZZ,AZZ Inc.,$110.52,-0.92,-0.826%,3317151369.00,United States,,265327,Industrials,Industrial Specialties
B,Barrick Mining Corporation Common Shares,$21.74,0.43,2.018%,37381018224.00,Canada,,10661165,Basic Materials,Precious Metals
BA,Boeing Company (The) Common Stock,$228.48,-0.84,-0.366%,172275170700.00,United States,,4613447,Industrials,Aerospace
BA^A,Boeing Company (The) Depositary Shares each representing a 1/20th interest in a share of 6.00% Series A Mandatory Convertible Preferred Stock par value $1.00,$73.03,-0.15,-0.205%,,United States,,103065,,
BABA,Alibaba Group Holding Limited American Depositary Shares each representing eight Ordinary share,$120.71,0.44,0.366%,278753124099.00,China,2014,11492153,Consumer Discretionary,Business Services
BAC,Bank of America Corporation Common Stock,$47.77,0.29,0.611%,359797721440.00,United States,,34728470,Finance,Major Banks
BAC^B,Bank of America Corporation Depositary Shares each representing a 1/1000th interest in a share of 6.000% Non-Cumulative Preferred Stock Series GG,$25.18,-0.02,-0.079%,,United States,,49630,,
BAC^E,Bank of America Corporation Depositary Sh repstg 1/1000th Perp Pfd Ser E,$21.53,-0.07,-0.324%,,United States,,13653,,
BAC^K,Bank of America Corporation Depositary Shares each representing a 1/1000th interest in a share of 5.875% Non- Cumulative Preferred Stock Series HH,$24.45,-0.02,-0.082%,,United States,,44289,,
BAC^L,Bank of America Corporation Non Cumulative Perpetual Conv Pfd Ser L,$1222.00,0.53,0.043%,,United States,,1761,,
BAC^M,Bank of America Corporation Depositary Shares each representing a 1/1000th interest in a share of 5.375% Non-Cumulative Preferred Stock Series KK,$22.0301,-0.0699,-0.316%,,United States,,52298,,
BAC^N,Bank of America Corporation Depositary shares each representing 1/1000th interest in a share of 5.000% Non-Cumulative Preferred Stock Series LL,$20.45,-0.12,-0.583%,,United States,,47223,,
BAC^O,Bank of America Corporation Depositary shares each representing 1/1000th interest in a share of 4.375% Non-Cumulative Preferred Stock Series NN,$17.78,-0.04,-0.224%,,United States,,90327,,
BAC^P,Bank of America Corporation Depositary Shares each representing a 1/1000th interest in a share of 4.125% Non-Cumulative Preferred Stock Series PP,$16.76,-0.09,-0.534%,,United States,,94830,,
BAC^Q,Bank of America Corporation Depositary shares each representing 1/1000th interest in a share of 4.250% Non-Cumulative Preferred Stock Series QQ,$17.39,-0.10,-0.572%,,United States,,243599,,
BAC^S,Bank of America Corporation Depositary shares each representing 1/1000th interest in a share of 4.750% Non-Cumulative Preferred Stock Series SS,$19.555,-0.095,-0.483%,,United States,,35680,,
BACCU,Blue Acquisition Corp. Unit,$10.05,0.00,0.00%,0.00,United States,2025,316,Finance,Blank Checks
BACQ,Bleichroeder Acquisition Corp. I Class A Ordinary Shares,$10.47,0.00,0.00%,0.00,United States,2024,2,,
BACQR,Bleichroeder Acquisition Corp. I Right,$0.3601,0.00,0.00%,0.00,United States,2024,20,Finance,Blank Checks
BAER,Bridger Aerospace Group Holdings Inc. Common Stock,$1.88,0.05,2.732%,102878574.00,United States,,188096,Consumer Discretionary,Business Services
BAERW,Bridger Aerospace Group Holdings Inc. Warrant,$0.07,0.00,0.00%,3830585.00,United States,,22319,Consumer Discretionary,Business Services
BAFN,BayFirst Financial Corp. Common Stock,$14.75,0.02,0.136%,60903148.00,United States,,3249,Finance,Major Banks
BAH,Booz Allen Hamilton Holding Corporation Common Stock,$111.89,2.57,2.351%,13895354368.00,United States,2010,2638703,Consumer Discretionary,Professional Services
BAK,Braskem SA ADR,$3.18,0.12,3.922%,1436306313.00,Brazil,,1108092,Industrials,Major Chemicals
BALL,Ball Corporation Common Stock,$59.70,1.69,2.913%,16561824989.00,United States,,1766054,Industrials,Containers/Packaging
BALY,Bally's Corporation Common Stock,$9.64,-0.01,-0.104%,472487200.00,United States,2024,54338,Consumer Discretionary,Hotels/Resorts
BAM,Brookfield Asset Management Inc Class A Limited Voting Shares,$60.74,0.55,0.914%,97947187592.00,,2022,1020313,Consumer Discretionary,Other Consumer Services
BANC,Banc of California Inc. Common Stock,$15.07,0.07,0.467%,2224599327.00,United States,,2745832,Finance,Major Banks
BANC^F,Banc of California Inc. Depositary Shares each representing a 1/40th interest in a share of 7.75% non-cumulative perpetual preferred stock Series F,$24.70,-0.14,-0.564%,,United States,,14044,,
BAND,Bandwidth Inc. Class A Common Stock,$15.64,0.18,1.164%,465491991.00,United States,2017,216029,Technology,Computer Software: Prepackaged Software
BANF,BancFirst Corporation Common Stock,$131.33,-1.83,-1.374%,4365778763.00,United States,1993,132724,Finance,Major Banks
BANFP,BancFirst Corporation - BFC Capital Trust II Cumulative Trust Preferred Securities,$25.782,-0.018,-0.07%,857066231.00,United States,,2858,Finance,Major Banks
BANL,CBL International Limited Ordinary Shares,$0.84,0.0121,1.462%,23100000.00,Malaysia,2023,91750,Energy,Oil Refining/Marketing
BANR,Banner Corporation Common Stock,$65.28,-0.645,-0.978%,2257384358.00,United States,,253586,Finance,Major Banks
BANX,ArrowMark Financial Corp. Common Stock,$20.68,0.02,0.097%,146882306.00,United States,,13555,Finance,Trusts Except Educational Religious and Charitable
BAOS,Baosheng Media Group Holdings Limited Ordinary shares,$2.92,-0.05,-1.684%,4480702.00,China,2021,45729,Consumer Discretionary,Business Services
BAP,Credicorp Ltd. Common Stock,$230.40,4.06,1.794%,21745685837.00,Peru,,470750,Finance,Commercial Banks
BARK,BARK Inc. Class A Common Stock,$1.04,0.0814,8.492%,176101690.00,United States,2020,1212916,Consumer Discretionary,Other Specialty Stores
BASE,Couchbase Inc. Common Stock,$24.26,-0.02,-0.082%,1312088660.00,United States,2021,939167,Technology,Computer Software: Prepackaged Software
BATL,Battalion Oil Corporation Common Stock,$1.35,0.01,0.746%,22216360.00,United States,,35901,Energy,Oil & Gas Production
BATRA,Atlanta Braves Holdings Inc. Series A Common Stock,$49.96,0.32,0.645%,3127148678.00,United States,,41435,Consumer Discretionary,Services-Misc. Amusement & Recreation
BATRK,Atlanta Braves Holdings Inc. Series C Common Stock,$46.62,0.26,0.561%,2918087898.00,United States,,242667,Consumer Discretionary,Services-Misc. Amusement & Recreation
BAX,Baxter International Inc. Common Stock,$27.51,0.14,0.512%,14117433879.00,United States,,6501009,Health Care,Medical/Dental Instruments
BAYA,Bayview Acquisition Corp Ordinary Shares,$11.12,0.00,0.00%,0.00,United States,2023,102,,
BAYAR,Bayview Acquisition Corp Right,$0.25,0.02,8.696%,0.00,United States,2023,1150,,
BB,BlackBerry Limited Common Stock,$3.96,0.08,2.062%,2361348000.00,Canada,,11009519,Technology,Computer Software: Prepackaged Software
BBAI,BigBear.ai Inc. Common Stock,$7.37,-0.03,-0.405%,2146061493.00,United States,2021,74497634,Technology,Computer Software: Prepackaged Software
BBAR,Banco BBVA Argentina S.A. ADS,$14.73,-0.20,-1.34%,3008406488.00,Argentina,,647944,Finance,Commercial Banks
BBCP,Concrete Pumping Holdings Inc. Common Stock,$6.95,0.10,1.46%,361595420.00,United States,2017,81105,Consumer Discretionary,Engineering & Construction
BBD,Banco Bradesco Sa American Depositary Shares,$2.80,-0.01,-0.356%,29798076638.00,Brazil,,21552720,Finance,Major Banks
BBDC,Barings BDC Inc. Common Stock,$9.55,0.05,0.526%,1005222858.00,United States,,333737,Finance,Diversified Financial Services
BBDO,Banco Bradesco Sa American Depositary Shares (each representing one Common Share),$2.45,0.01,0.41%,26073317059.00,Brazil,,5816,Finance,Major Banks
BBGI,Beasley Broadcast Group Inc. Class A Common Stock,$4.21,-0.10,-2.32%,7554512.00,United States,2000,10150,Consumer Discretionary,Broadcasting
BBIO,BridgeBio Pharma Inc. Common Stock,$45.77,-0.13,-0.283%,8690840554.00,United States,2019,2108962,Health Care,Biotechnology: Pharmaceutical Preparations
BBLG,Bone Biologics Corp Common Stock,$2.97,-0.01,-0.336%,1619167.00,United States,,44162,Health Care,Industrial Specialties
BBN,BlackRock Taxable Municipal Bond Trust Common Shares of Beneficial Interest,$15.95,0.08,0.504%,0.00,United States,2010,89687,Finance,Finance Companies
BBNX,Beta Bionics Inc. Common Stock,$14.96,0.66,4.615%,648609964.00,United States,2025,362386,Health Care,Medical/Dental Instruments
BBSI,Barrett Business Services Inc. Common Stock,$44.63,0.93,2.128%,1146107862.00,United States,1993,139816,Consumer Discretionary,Professional Services
BBU,Brookfield Business Partners L.P. Limited Partnership Units ,$25.90,0.30,1.172%,5508165613.00,,2016,57332,Consumer Discretionary,Engineering & Construction
BBUC,Brookfield Business Corporation Class A Exchangeable Subordinate Voting Shares,$31.25,0.01,0.032%,3050880875.00,,2022,110873,Consumer Discretionary,Engineering & Construction
BBVA,Banco Bilbao Vizcaya Argentaria S.A. Common Stock,$14.86,0.13,0.883%,85642422010.00,Spain,,4480120,Finance,Commercial Banks
BBW,Build-A-Bear Workshop Inc. Common Stock,$53.98,0.74,1.39%,712999796.00,United States,2004,234879,Consumer Discretionary,Recreational Games/Products/Toys
BBWI,Bath & Body Works Inc.,$33.11,0.75,2.318%,7006466499.00,United States,,5056454,Consumer Discretionary,Clothing/Shoe/Accessory Stores
BBY,Best Buy Co. Inc. Common Stock,$68.15,1.96,2.961%,14403277196.00,United States,,3466270,Consumer Discretionary,Consumer Electronics/Video Chains
BC,Brunswick Corporation Common Stock,$63.67,4.10,6.883%,4182062842.00,United States,,1561042,Industrials,Industrial Machinery/Components
BC^A,Brunswick Corporation 6.500% Senior Notes due 2048,$24.57,-0.0398,-0.162%,,United States,,2780,,
BC^C,Brunswick Corporation 6.375% Notes due 2049,$24.31,-0.14,-0.573%,,United States,,13533,,
BCAB,BioAtla Inc. Common Stock,$0.3413,0.0053,1.577%,19938112.00,United States,2020,1228508,Health Care,Biotechnology: Biological Products (No Diagnostic Substances)
BCAL,California BanCorp Common Stock,$16.70,0.33,2.016%,541296048.00,United States,,571119,Finance,Major Banks
BCAT,BlackRock Capital Allocation Term Trust Common Shares of Beneficial Interest,$14.86,-0.06,-0.402%,1606886100.00,United States,2020,423636,Finance,Finance/Investors Services
BCAX,Bicara Therapeutics Inc. Common Stock,$11.45,0.21,1.868%,624439696.00,United States,2024,196375,Health Care,Biotechnology: Pharmaceutical Preparations
BCBP,BCB Bancorp Inc. (NJ) Common Stock,$8.94,0.07,0.789%,153433885.00,United States,2005,62332,Finance,Savings Institutions
BCC,Boise Cascade L.L.C. Common Stock,$87.15,3.64,4.359%,3279426612.00,United States,2013,427236,Consumer Discretionary,RETAIL: Building Materials
BCDA,BioCardia Inc. Common Stock,$2.295,-0.04,-1.713%,11883258.00,United States,,131699,Health Care,Biotechnology: Biological Products (No Diagnostic Substances)
BCE,BCE Inc. Common Stock,$24.38,0.41,1.71%,22241462051.00,Canada,,3610195,Telecommunications,Telecommunications Equipment
BCG,Binah Capital Group Inc. Common Stock,$2.25,0.11,5.14%,37355535.00,United States,,129950,Finance,Finance: Consumer Services
BCGWW,Binah Capital Group Inc. Warrants,$0.0505,0.0053,11.726%,838424.00,United States,,100,Finance,Finance: Consumer Services
BCH,Banco De Chile ADS,$28.36,-0.17,-0.596%,14324222114.00,Chile,,987790,Finance,Commercial Banks
BCML,BayCom Corp Common Stock,$28.54,0.22,0.777%,314138153.00,United States,2018,18110,Finance,Major Banks
BCO,Brinks Company (The) Common Stock,$94.06,1.30,1.401%,3950519342.00,United States,,216754,Consumer Discretionary,Oil Refining/Marketing
BCPC,Balchem Corporation Common Stock,$152.42,-0.60,-0.392%,4971529018.00,United States,,139869,Industrials,Major Chemicals
BCRX,BioCryst Pharmaceuticals Inc. Common Stock,$8.65,0.13,1.526%,1810014870.00,United States,1994,3893008,Health Care,Biotechnology: Biological Products (No Diagnostic Substances)
BCS,Barclays PLC Common Stock,$18.94,-0.09,-0.473%,66990210758.00,United Kingdom,,19132007,Finance,Commercial Banks
BCSF,Bain Capital Specialty Finance Inc. Common Stock,$15.26,0.09,0.593%,989893417.00,United States,2018,131100,Finance,Finance/Investors Services
BCTX,BriaCell Therapeutics Corp. Common Shares,$0.805,0.002,0.249%,2986099.00,Canada,,648546,Health Care,Biotechnology: Pharmaceutical Preparations
BCTXW,BriaCell Therapeutics Corp. Warrant,$0.0639,0.0149,30.408%,237033.00,Canada,,11507,Health Care,Biotechnology: Pharmaceutical Preparations
BCTXZ,BriaCell Therapeutics Corp. Warrant,$0.3099,-0.01,-3.126%,1149555.00,Canada,,12382,Health Care,Biotechnology: Pharmaceutical Preparations
BCV,Bancroft Fund Ltd.,$19.6599,0.0299,0.152%,0.00,United States,1972,16396,Finance,Finance/Investors Services
BCV^A,Bancroft Fund Limited 5.375% Series A Cumulative Preferred Shares,$21.67,-0.0749,-0.344%,,United States,,1932,,
BCX,BlackRock Resources Common Shares of Beneficial Interest,$9.69,0.05,0.519%,822274117.00,United States,2011,330903,Finance,Finance/Investors Services
BCYC,Bicycle Therapeutics plc American Depositary Shares,$8.37,0.06,0.722%,579655511.00,United Kingdom,2019,370731,Health Care,Biotechnology: Pharmaceutical Preparations
BDC,Belden Inc Common Stock,$127.37,-0.26,-0.204%,5030715440.00,United States,,246639,Industrials,Telecommunications Equipment
BDJ,Blackrock Enhanced Equity Dividend Trust,$8.80,0.03,0.342%,1556600725.00,United States,2005,231132,Finance,Finance Companies
BDL,Flanigan's Enterprises Inc. Common Stock,$31.25,-1.705,-5.174%,58082719.00,United States,1972,550,Consumer Discretionary,Restaurants
BDMD,Baird Medical Investment Holdings Ltd Ordinary Share,$2.17,-0.89,-29.085%,80324501.00,China,,1087000,Health Care,Medical/Dental Instruments
BDMDW,Baird Medical Investment Holdings Ltd Warrant,$0.067,-0.0305,-31.282%,2480065.00,China,,54141,Health Care,Medical/Dental Instruments
BDN,Brandywine Realty Trust Common Stock,$4.25,0.09,2.163%,735039642.00,United States,,1446461,Real Estate,Real Estate Investment Trusts
BDRX,Biodexa Pharmaceuticals plc American Depositary Shs,$0.9012,0.0507,5.961%,523453.00,United Kingdom,,560325,Health Care,Biotechnology: Pharmaceutical Preparations
BDSX,Biodesix Inc. Common Stock,$0.36,0.01,2.857%,52762691.00,United States,2020,1471378,Health Care,Medical Specialities
BDTX,Black Diamond Therapeutics Inc. Common Stock,$3.19,0.04,1.27%,181391806.00,United States,2020,754346,Health Care,Biotechnology: Biological Products (No Diagnostic Substances)
BDX,Becton Dickinson and Company Common Stock,$181.28,5.95,3.394%,51956192010.00,United States,,1892026,Health Care,Medical/Dental Instruments
BE,Bloom Energy Corporation Class A Common Stock,$25.93,0.57,2.248%,6021687754.00,United States,2018,5068178,Energy,Industrial Machinery/Components
BEAG,Bold Eagle Acquisition Corp. Class A Ordinary Shares,$10.47,-0.03,-0.286%,0.00,United States,2024,5371,,
BEAGR,Bold Eagle Acquisition Corp. Right,$0.30,0.004,1.351%,0.00,United States,2024,3050,,
BEAGU,Bold Eagle Acquisition Corp. Units,$10.96,0.27,2.526%,0.00,United States,2024,1805,,
BEAM,Beam Therapeutics Inc. Common Stock,$21.54,0.51,2.425%,2165999805.00,United States,2020,1938091,Health Care,Biotechnology: Biological Products (No Diagnostic Substances)
BEAT,Heartbeam Inc. Common Stock,$1.27,0.00,0.00%,42938328.00,United States,2021,118052,Health Care,Medical/Dental Instruments
BEATW,Heartbeam Inc. Warrant,$0.28,0.0001,0.036%,9466718.00,United States,2021,1063,Health Care,Medical/Dental Instruments
BEDU,Bright Scholar Education Holdings Limited American Depositary Shares each  representing four Class A Ordinary Share,$1.815,0.035,1.966%,53953060.00,China,2017,2277,Real Estate,Other Consumer Services
BEEM,Beam Global Common Stock,$3.07,0.09,3.02%,47358366.00,United States,,732105,Technology,Semiconductors
BEEP,Mobile Infrastructure Corporation Common Stock,$3.73,-0.12,-3.117%,158152000.00,United States,,40682,Finance,Blank Checks
BEKE,KE Holdings Inc American Depositary Shares (each representing three Class A Ordinary Shares),$19.33,0.29,1.523%,22494980559.00,China,2020,7101562,Finance,Real Estate
BELFA,Bel Fuse Inc. Class A Common Stock,$94.00,2.15,2.341%,1190735600.00,United States,,5366,,
BELFB,Bel Fuse Inc. Class B Common Stock,$106.00,2.28,2.198%,1342744400.00,United States,,153882,,
BEN,Franklin Resources Inc. Common Stock,$24.56,0.28,1.153%,12906803005.00,United States,,3135151,Finance,Investment Managers
BENF,Beneficient Class A Common Stock,$0.42,-0.011,-2.552%,3636759.00,United States,,1850184,Finance,Finance: Consumer Services
BENFW,Beneficient Warrant,$0.0069,0.00,0.00%,59747.00,United States,,432,Finance,Finance: Consumer Services
BEP,Brookfield Renewable Partners L.P. Limited Partnership Units,$27.36,0.03,0.11%,18008571427.00,Canada,,411971,Utilities,Electric Utilities: Central
BEP^A,Brookfield Renewable Partners L.P. 5.25% Class A Preferred Limited Partnership Units Series 17,$18.48,-0.01,-0.054%,,Canada,,1680,,
BEPC,Brookfield Renewable Corporation Brookfield Renewable Corporation Class A Subordinate Voting Shares,$36.50,0.44,1.22%,13654718985.00,United States,,806163,Utilities,Electric Utilities: Central
BEPH,Brookfield BRP Holdings (Canada) Inc. 4.625% Perpetual Subordinated Notes,$15.15,0.02,0.132%,4350539751.00,Canada,,9343,Utilities,Electric Utilities: Central
BEPI,Brookfield BRP Holdings (Canada) Inc. 4.875% Perpetual Subordinated Notes,$15.98,0.06,0.377%,4588886153.00,Canada,2021,7043,Utilities,Electric Utilities: Central
BEPJ,Brookfield BRP Holdings (Canada) Inc. 7.250% Perpetual Subordinated Notes,$24.87,0.17,0.688%,7141777136.00,Canada,2024,5390,Utilities,Electric Utilities: Central
BETR,Better Home & Finance Holding Company Class A Common Stock,$14.44,1.18,8.899%,219552763.00,United Kingdom,2021,57051,Finance,Finance: Consumer Services
BETRW,Better Home & Finance Holding Company Warrant,$0.1299,-0.0201,-13.40%,1975063.00,United Kingdom,2021,1100,Finance,Finance: Consumer Services
BF/A,Brown Forman Corporation,$30.13,1.62,5.682%,,United States,,120288,,
BF/B,Brown Forman Corporation,$30.19,1.84,6.49%,,United States,,5425502,,
BFAM,Bright Horizons Family Solutions Inc. Common Stock,$114.19,0.12,0.105%,6537770199.00,United States,2013,685437,Consumer Discretionary,Other Consumer Services
BFC,Bank First Corporation Common Stock,$129.41,2.28,1.793%,1283452663.00,United States,,142325,Finance,Major Banks
BFH,Bread Financial Holdings Inc. Common Stock,$62.87,1.79,2.931%,2926546947.00,United States,,995568,Consumer Discretionary,Business Services
BFIN,BankFinancial Corporation Common Stock,$11.63,-0.12,-1.021%,144917685.00,United States,2005,46276,Finance,Savings Institutions
BFK,BlackRock Municipal Income Trust,$9.53,0.00,0.00%,0.00,United States,,141639,Finance,Finance Companies
BFLY,Butterfly Network Inc. Class A Common Stock,$1.89,0.01,0.532%,467376078.00,United States,2020,2486907,Health Care,Medical Electronics
BFRG,Bullfrog AI Holdings Inc. Common Stock,$1.47,-0.03,-2.00%,13840822.00,United States,2023,158921,Health Care,Biotechnology: Pharmaceutical Preparations
BFRGW,Bullfrog AI Holdings Inc. Warrants,$0.649,0.0985,17.893%,6110676.00,United States,2023,10878,Health Care,Biotechnology: Pharmaceutical Preparations
BFRI,Biofrontera Inc. Common Stock,$0.901,0.0319,3.67%,8511023.00,United States,2021,73614,Health Care,Biotechnology: Pharmaceutical Preparations
BFRIW,Biofrontera Inc. Warrants,$0.0971,0.00,0.00%,917226.00,United States,2021,50,Health Care,Biotechnology: Pharmaceutical Preparations
BFS,Saul Centers Inc. Common Stock,$33.22,0.11,0.332%,804441069.00,United States,1993,51791,Real Estate,Real Estate Investment Trusts
BFS^D,Saul Centers Inc. Depositary Shares each representing 1/100th of a share of 6.125% Series D Cumulative Redeemable Preferred Stock,$21.6448,-0.0552,-0.254%,,United States,,2505,,
BFS^E,Saul Centers Inc. Depositary shares each representing a 1/100th fractional interest in a share of 6.000% Series E Cumulative Redeemable Preferred Stock,$22.5801,-0.0699,-0.309%,,United States,,1165,,
BFST,Business First Bancshares Inc. Common Stock,$26.13,-0.08,-0.305%,775929984.00,United States,,73011,Finance,Major Banks
BFZ,BlackRock California Municipal Income Trust,$10.48,0.01,0.096%,0.00,United States,2001,73166,Finance,Finance Companies
BG,Bunge Limited Common Shares,$75.68,1.44,1.94%,10171768281.00,United States,,1371256,Consumer Staples,Packaged Foods
BGB,Blackstone Strategic Credit 2027 Term Fund Common Shares of Beneficial Interest,$12.45,-0.01,-0.08%,0.00,United States,2012,116334,Finance,Trusts Except Educational Religious and Charitable
BGC,BGC Group Inc. Class A Common Stock,$9.88,-0.19,-1.887%,4823153498.00,United States,,2616440,Finance,Investment Bankers/Brokers/Service
BGFV,Big 5 Sporting Goods Corporation Common Stock,$1.41,0.00,0.00%,32225639.00,United States,2002,184918,Consumer Discretionary,Other Specialty Stores
BGH,Barings Global Short Duration High Yield Fund Common Shares of Beneficial Interests,$15.51,-0.17,-1.084%,0.00,United States,2012,92114,Finance,Investment Managers
BGI,Birks Group Inc. Common Stock,$0.8749,0.0073,0.841%,16768306.00,Canada,,62710,Consumer Discretionary,Consumer Specialties
BGL,Blue Gold Limited Class A Ordinary Shares,$19.83,4.68,30.891%,606238080.00,United Kingdom,,501715,Basic Materials,Metal Mining
BGLC,BioNexus Gene Lab Corp Common stock,$5.10,0.16,3.239%,9162645.00,Malaysia,,106740,Health Care,Medical Specialities
BGLWW,Blue Gold Limited Warrant,$0.5989,0.2403,67.011%,18309429.00,United Kingdom,,212814,Basic Materials,Metal Mining
BGM,BGM Group Ltd. Class A Ordinary Shares,$10.04,-0.59,-5.55%,976110296.00,China,2021,77686,Health Care,Biotechnology: Pharmaceutical Preparations
BGR,BlackRock Energy and Resources Trust,$13.25,0.05,0.379%,1796517071.00,United States,2004,60439,Finance,Trusts Except Educational Religious and Charitable
BGS,B&G Foods Inc. Common Stock,$4.54,0.47,11.548%,362282412.00,United States,,5411509,Consumer Staples,Packaged Foods
BGSF,BGSF Inc. Common Stock,$6.49,0.27,4.341%,72095418.00,United States,,27524,Consumer Discretionary,Professional Services
BGT,BlackRock Floating Rate Income Trust,$12.59,0.03,0.239%,0.00,United States,2004,68215,Finance,Trusts Except Educational Religious and Charitable
BGX,Blackstone Long Short Credit Income Fund Common Shares,$12.57,0.01,0.08%,0.00,,2011,50784,Finance,Trusts Except Educational Religious and Charitable
BGY,Blackrock Enhanced International Dividend Trust,$5.75,0.00,0.00%,0.00,United States,2007,243594,Finance,Trusts Except Educational Religious and Charitable
BH,Biglari Holdings Inc. Class B Common Stock,$322.64,6.73,2.13%,734168611.00,United States,2018,16660,Consumer Discretionary,Restaurants
BHAT,Blue Hat Interactive Entertainment Technology Ordinary Shares,$1.84,0.035,1.939%,107636837.00,China,2019,35235,Consumer Discretionary,Recreational Games/Products/Toys
BHB,Bar Harbor Bankshares Inc. Common Stock,$31.57,0.05,0.159%,483708058.00,United States,1997,46946,Finance,Major Banks
BHC,Bausch Health Companies Inc. Common Stock,$6.51,0.19,3.006%,2405771060.00,Canada,,1124640,Health Care,Biotechnology: Pharmaceutical Preparations
BHE,Benchmark Electronics Inc. Common Stock,$39.59,-0.25,-0.628%,1429023300.00,United States,,211277,Technology,Electrical Products
BHF,Brighthouse Financial Inc. Common Stock,$50.47,0.715,1.437%,2897431523.00,United States,,771227,Finance,Life Insurance
BHFAL,Brighthouse Financial Inc. 6.25% Junior Subordinated Debentures due 2058,$18.61,-0.09,-0.481%,1068381229.00,United States,,165169,Finance,Life Insurance
BHFAM,Brighthouse Financial Inc. Depositary shares each representing a 1/1000th Interest in a Share of 4.625% Non-Cumulative Preferred Stock Series D,$10.80,0.00,0.00%,620017049.00,United States,,154090,Finance,Life Insurance
BHFAN,Brighthouse Financial Inc. Depositary shares each representing a 1/1000th interest in a share of 5.375% Non-Cumulative Preferred Stock Series C,$12.40,0.03,0.243%,711871426.00,United States,,317386,Finance,Life Insurance
BHFAO,Brighthouse Financial Inc. Depositary Shares 6.75% Non-Cumulative Preferred Stock Series B,$15.58,-0.07,-0.447%,894432002.00,United States,,300143,Finance,Life Insurance
BHFAP,Brighthouse Financial Inc. Depositary Shares 6.6% Non-Cumulative Preferred Stock Series A,$15.15,-0.15,-0.98%,869746138.00,United States,,220102,Finance,Life Insurance
BHK,Blackrock Core Bond Trust,$9.49,0.07,0.743%,0.00,United States,2001,296756,Finance,Finance Companies
BHLB,Berkshire Hills Bancorp Inc. Common Stock,$26.43,0.24,0.916%,1224025103.00,United States,,432724,Finance,Banks
BHM,Bluerock Homes Trust Inc. Class A Common Stock,$13.91,-0.09,-0.643%,56640157.00,,2022,1423,Real Estate,Real Estate Investment Trusts
BHP,BHP Group Limited American Depositary Shares (Each representing two Ordinary Shares),$55.06,1.88,3.535%,139684499706.00,Australia,,3340204,Energy,Coal Mining
BHR,Braemar Hotels & Resorts Inc. Common Stock,$2.45,0.06,2.51%,164263981.00,United States,2013,217963,Real Estate,Real Estate Investment Trusts
BHR^B,Braemar Hotels & Resorts Inc. 5.50% Series B Cumulative Convertible Preferred Stock par value $0.01 per share,$13.19,-0.01,-0.076%,,United States,,6766,,
BHR^D,Braemar Hotels & Resorts Inc. 8.25% Series D Cumulative Preferred Stock  par value $0.01 per share,$21.20,0.22,1.049%,,United States,,1058,,
BHRB,Burke & Herbert Financial Services Corp. Common Stock,$64.22,0.13,0.203%,963648008.00,United States,,32726,Finance,Major Banks
BHST,BioHarvest Sciences Inc. Common Stock,$6.9037,0.0637,0.931%,119625353.00,Canada,,2103,,
BHV,BlackRock Virginia Municipal Bond Trust,$10.3537,-0.0963,-0.922%,0.00,United States,2002,518,Finance,Finance/Investors Services
BHVN,Biohaven Ltd. Common Shares ,$13.43,-0.38,-2.752%,1371371197.00,United States,2022,1374220,Health Care,Biotechnology: Pharmaceutical Preparations
BIAF,bioAffinity Technologies Inc. Common Stock,$0.343,-0.022,-6.027%,9346565.00,United States,2022,1656457,Health Care,Biotechnology: Commercial Physical & Biological Resarch
BIAFW,bioAffinity Technologies Inc. Warrant,$0.18,0.00,0.00%,4904903.00,United States,2022,50,Health Care,Biotechnology: Commercial Physical & Biological Resarch
BIDU,Baidu Inc. ADS,$92.45,3.64,4.099%,31781619335.00,China,2005,6898468,Technology,Computer Software: Programming Data Processing
BIGC,BigCommerce Holdings Inc. Series 1 Common Stock,$5.13,0.15,3.012%,410904515.00,United States,2020,1204269,Technology,Computer Software: Prepackaged Software
BIIB,Biogen Inc. Common Stock,$127.85,5.17,4.214%,18733583321.00,United States,,1319072,Health Care,Biotechnology: Biological Products (No Diagnostic Substances)
BILI,Bilibili Inc. American Depositary Shares,$24.74,-0.21,-0.842%,10310847222.00,China,2018,2452128,Technology,EDP Services
BILL,BILL Holdings Inc. Common Stock,$46.07,0.78,1.722%,4746460294.00,United States,2019,1540524,Technology,EDP Services
BIO,Bio-Rad Laboratories Inc. Class A Common Stock,$245.47,1.22,0.499%,6679878395.00,United States,1980,542280,Industrials,Biotechnology: Laboratory Analytical Instruments
BIO/B,Bio-Rad Laboratories Inc.,$257.75,0.00,0.00%,,United States,,7,,
BIOA,BioAge Labs Inc. Common Stock,$4.76,0.16,3.478%,170646176.00,United States,2024,111257,Health Care,Biotechnology: Pharmaceutical Preparations
BIOX,Bioceres Crop Solutions Corp. Ordinary Shares,$3.66,0.10,2.809%,230025448.00,Argentina,,113677,Industrials,Agricultural Chemicals
BIP,Brookfield Infrastructure Partners LP Limited Partnership Units,$32.21,-0.08,-0.248%,21088628861.00,Bermuda,,418335,Consumer Discretionary,Marine Transportation
BIP^A,Brookfield Infrastructure Partners LP 5.125% Class A Preferred Limited Partnership Units Series 13,$17.03,0.04,0.235%,,Bermuda,,5589,,
BIP^B,Brookfield Infrastructure Partners LP 5.000% Class A Preferred Limited Partnership Units Series 14,$16.68,-0.02,-0.12%,,Bermuda,,3327,,
BIPC,Brookfield Infrastructure Corporation Brookfield Infrastructure Corporation,$41.59,0.29,0.702%,5492740477.00,Canada,,518360,Consumer Discretionary,Marine Transportation
BIPH,Brookfield Infrastructure Corporation 5.000% Subordinated Notes due 2081,$16.6803,0.1803,1.093%,7695355856.00,Canada,2021,10709,Utilities,Oil & Gas Production
BIPI,BIP Bermuda Holdings I Limited 5.125% Perpetual Subordinated Notes,$16.92,0.11,0.654%,160349148.00,Bermuda,2022,12755,Consumer Discretionary,Marine Transportation
BIPJ,Brookfield Infrastructure Corporation 7.250% Subordinated Notes due 2084,$24.31,0.215,0.892%,11215271959.00,Canada,2024,10063,Utilities,Oil & Gas Production
BIRD,Allbirds Inc. Class A Common Stock,$11.77,1.36,13.064%,94837823.00,United States,2021,79075,Consumer Discretionary,Apparel
BIRK,Birkenstock Holding plc Ordinary Shares,$49.73,0.46,0.934%,9340746215.00,,2023,1433847,Consumer Discretionary,Shoe Manufacturing
BIT,BlackRock Multi-Sector Income Trust Common Shares of Beneficial Interest,$14.56,0.02,0.138%,0.00,,2013,166279,Finance,Trusts Except Educational Religious and Charitable
BITF,Bitfarms Ltd. Common Stock,$1.32,0.19,16.814%,733869620.00,Canada,,60083144,Finance,Finance: Consumer Services
BIVI,BioVie Inc. Class A Common Stock,$8.19,0.88,12.038%,15234104.00,United States,,71586,Health Care,Biotechnology: Pharmaceutical Preparations
BIYA,Baiya International Group Inc. Ordinary Shares,$0.81,-0.0618,-7.089%,10141200.00,China,2025,283142,Consumer Discretionary,Diversified Commercial Services
BJ,BJ's Wholesale Club Holdings Inc. Common Stock,$104.66,-0.06,-0.057%,13820426785.00,United States,2018,1331292,Consumer Discretionary,Department/Specialty Retail Stores
BJDX,Bluejay Diagnostics Inc. Common Stock,$1.56,0.00,0.00%,2330924.00,United States,2021,28120,Health Care,Medical/Dental Instruments
BJRI,BJ's Restaurants Inc. Common Stock,$40.86,0.54,1.339%,903653100.00,United States,,476071,Consumer Discretionary,Restaurants
BK,The Bank of New York Mellon Corporation Common Stock,$98.90,0.30,0.304%,70756450787.00,United States,,3237417,Finance,Major Banks
BK^K,The Bank Of New York Mellon Corporation  Depositary Shares each representing a 1/4000th interest in a share of Series K Noncumulative Perpetual Preferred Stock,$25.40,0.01,0.039%,,United States,,42157,,
BKD,Brookdale Senior Living Inc. Common Stock,$7.64,-0.10,-1.292%,1790417666.00,United States,2005,2431876,Health Care,Hospital/Nursing Management
BKE,Buckle Inc. (The) Common Stock,$49.67,0.72,1.471%,2540966501.00,United States,,388322,Consumer Discretionary,Clothing/Shoe/Accessory Stores
BKH,Black Hills Corporation Common Stock,$57.99,0.38,0.66%,4204818772.00,United States,,551194,Utilities,Electric Utilities: Central
BKHA,Black Hawk Acquisition Corporation Class A Ordinary Shares,$11.00,0.00,0.00%,0.00,United States,2024,2,Health Care,Biotechnology: Biological Products (No Diagnostic Substances)
BKHAR,Black Hawk Acquisition Corporation Rights,$1.95,0.20,11.429%,0.00,United States,2024,710,Health Care,Biotechnology: Biological Products (No Diagnostic Substances)
BKKT,Bakkt Holdings Inc. Class A Common Stock,$22.39,-1.48,-6.20%,311476224.00,United States,,456762,Finance,Finance: Consumer Services
BKN,BlackRock Investment Quality Municipal Trust Inc. (The),$10.58,-0.02,-0.189%,0.00,United States,1993,25818,Finance,Trusts Except Educational Religious and Charitable
BKNG,Booking Holdings Inc. Common Stock,$5775.53,98.38,1.733%,187937698329.00,United States,,143637,Consumer Discretionary,Transportation Services
BKR,Baker Hughes Company Class A Common Stock,$40.02,0.17,0.427%,39649814000.00,United States,,13082391,Industrials,Metal Fabrications
BKSY,BlackSky Technology Inc. Class A Common Stock,$20.14,-2.19,-9.807%,637479135.00,United States,2019,4999078,Technology,Radio And Television Broadcasting And Communications Equipment
BKT,BlackRock Income Trust Inc. (The),$11.67,0.02,0.172%,1736058037.00,United States,,60836,Finance,Investment Bankers/Brokers/Service
BKTI,BK Technologies Corporation Common Stock,$40.70,0.36,0.892%,149515276.00,United States,,40991,Technology,Radio And Television Broadcasting And Communications Equipment
BKU,BankUnited Inc. Common Stock,$38.72,0.91,2.407%,2912205659.00,United States,2011,1372967,Finance,Savings Institutions
BKV,BKV Corporation Common Stock,$20.12,0.27,1.36%,1704332465.00,United States,2024,364099,Energy,Oil & Gas Production
BKYI,BIO-key International Inc. Common Stock,$0.8501,0.0202,2.434%,4948692.00,United States,,224722,Technology,Computer Software: Prepackaged Software
BL,BlackLine Inc. Common Stock,$57.05,0.71,1.26%,3555363588.00,United States,2016,630135,Technology,Computer Software: Prepackaged Software
BLBD,Blue Bird Corporation Common Stock,$43.95,1.06,2.471%,1387301659.00,United States,2014,438115,Consumer Discretionary,Construction/Ag Equipment/Trucks
BLBX,Blackboxstocks Inc. Common Stock,$7.64,-0.81,-9.586%,27755157.00,United States,,67575,Technology,EDP Services
BLCO,Bausch + Lomb Corporation Common Shares,$14.30,0.37,2.656%,5053572095.00,,2022,447644,Health Care,Ophthalmic Goods
BLD,TopBuild Corp. Common Stock,$375.28,18.39,5.153%,10728041169.00,United States,2015,435850,Consumer Discretionary,Engineering & Construction
BLDE,Blade Air Mobility Inc. Class A Common Stock,$4.43,-0.16,-3.486%,358906701.00,United States,2019,1033063,Consumer Discretionary,Transportation Services
BLDEW,Blade Air Mobility Inc. Warrants,$0.265,-0.0092,-3.355%,21469588.00,United States,2019,45700,Consumer Discretionary,Transportation Services
BLDP,Ballard Power Systems Inc. Common Shares,$2.04,0.10,5.155%,611659797.00,Canada,,6333957,Energy,Industrial Machinery/Components
BLDR,Builders FirstSource Inc. Common Stock,$130.83,8.93,7.326%,14458653639.00,United States,2005,2159691,Consumer Discretionary,RETAIL: Building Materials
BLE,BlackRock Municipal Income Trust II,$9.73,0.07,0.725%,0.00,United States,2002,92275,Finance,Finance/Investors Services
BLFS,BioLife Solutions Inc. Common Stock,$21.41,0.65,3.131%,1018284671.00,United States,,870151,Health Care,Biotechnology: Electromedical & Electrotherapeutic Apparatus
BLFY,Blue Foundry Bancorp Common Stock,$9.07,-0.05,-0.548%,197007883.00,United States,2021,42727,Finance,Banks
BLIN,Bridgeline Digital Inc. Common Stock,$1.47,-0.06,-3.922%,17517384.00,United States,2007,173605,Technology,Computer Software: Prepackaged Software
BLIV,BeLive Holdings Ordinary Share,$2.67,-0.13,-4.643%,29009021.00,Singapore,2025,23220,Technology,EDP Services
BLK,BlackRock Inc. Common Stock,$1100.39,7.37,0.674%,170479220311.00,United States,1999,580763,Finance,Investment Bankers/Brokers/Service
BLKB,Blackbaud Inc. Common Stock,$65.03,0.85,1.324%,3155106291.00,United States,2004,205566,Technology,Computer Software: Prepackaged Software
BLMN,Bloomin' Brands Inc. Common Stock,$9.95,0.51,5.403%,846360423.00,United States,2012,1906123,Consumer Discretionary,Restaurants
BLMZ,BloomZ Inc. Ordinary Shares,$0.2543,0.0601,30.947%,3668516.00,Japan,2024,185695256,Consumer Discretionary,Movies/Entertainment
BLND,Blend Labs Inc. Class A Common Stock,$3.49,0.02,0.576%,902246013.00,United States,2021,1069543,Technology,Computer Software: Programming Data Processing
BLNE,Beeline Holdings Inc. Common Stock,$2.59,0.93,56.024%,107605953.00,United States,,18903336,Consumer Staples,Beverages (Production/Distribution)
BLNK,Blink Charging Co. Common Stock,$1.16,0.03,2.655%,119151872.00,United States,,4609468,Consumer Discretionary,Industrial Specialties
BLRX,BioLineRx Ltd. American Depositary Shares,$4.49,0.13,2.982%,16707303.00,Israel,,55071,Health Care,Biotechnology: Pharmaceutical Preparations
BLTE,Belite Bio Inc American Depositary Shares,$59.675,-1.625,-2.651%,1926414207.00,United States,2022,132211,Health Care,Biotechnology: Pharmaceutical Preparations
BLUWU,Blue Water Acquisition Corp. III Unit.,$10.02,-0.005,-0.05%,0.00,United States,2025,9772,Health Care,Biotechnology: Biological Products (No Diagnostic Substances)
BLW,Blackrock Limited Duration Income Trust,$14.14,0.06,0.426%,504957117.00,United States,2003,71476,Consumer Discretionary,Other Consumer Services
BLX,Banco Latinoamericano de Comercio Exterior S.A.,$42.50,0.06,0.141%,1563609850.00,Panama,1992,75190,Finance,Commercial Banks
BLZE,Backblaze Inc. Class A Common Stock,$5.39,-0.03,-0.554%,295911000.00,United States,2021,321810,Technology,Computer Software: Prepackaged Software
BMA,Banco Macro S.A.  ADR (representing Ten Class B Common Shares),$65.96,0.92,1.415%,4217570852.00,Argentina,,383167,Finance,Commercial Banks
BMBL,Bumble Inc. Class A Common Stock,$7.69,0.32,4.342%,794311204.00,United States,2021,2948892,Technology,Computer Software: Programming Data Processing
BME,Blackrock Health Sciences Trust,$35.91,0.44,1.24%,478788676.00,United States,2005,45717,Finance,Trusts Except Educational Religious and Charitable
BMEA,Biomea Fusion Inc. Common Stock,$1.82,-0.01,-0.546%,68381495.00,United States,2021,559467,Health Care,Biotechnology: Pharmaceutical Preparations
BMEZ,BlackRock Health Sciences Term Trust Common Shares of Beneficial Interest,$14.07,0.11,0.788%,187595563.00,United States,2020,244703,Finance,Trusts Except Educational Religious and Charitable
BMGL,Basel Medical Group Ltd Ordinary Shares,$2.20,-0.14,-5.983%,40601000.00,Singapore,2025,274532,,
BMHL,Bluemount Holdings Limited Class B Ordinary Shares,$4.16,0.0701,1.714%,105581412.00,Hong Kong,2025,190005,Finance,Finance: Consumer Services
BMI,Badger Meter Inc. Common Stock,$204.80,-40.42,-16.483%,6032037274.00,United States,1971,1336168,Industrials,Industrial Machinery/Components
BML^G,Bank of America Corporation Depositary Shares (Each representing a 1/1200th interest in a share of Floating Rate Non-Cumulative Preferred Stock  Series 1),$20.84,-0.36,-1.698%,,United States,,10912,,
BML^H,Bank of America Corporation Depositary Shares (Each representing a 1/1200th interest in a Share of Floating Rate Non-Cumulative Preferred Stock Series 2),$20.54,-0.10,-0.484%,,United States,,11262,,
BML^J,Bank of America Corporation Depositary Shares (Each representing a 1/1200th interest in a Share of Floating Rate Non-Cumulative Preferred Stock Series 4),$21.55,-0.16,-0.737%,,United States,,11389,,
BML^L,Bank of America Corporation Depositary Shares (Each representing a 1/1200th Interest in a Share of Floating Rate Non-Cumulative Preferred Stock Series 5),$20.74,-0.11,-0.528%,,United States,,172967,,
BMN,BlackRock 2037 Municipal Target Term Trust Common Shares of Beneficial Interest,$24.94,0.19,0.768%,0.00,,2022,6483,Finance,Trusts Except Educational Religious and Charitable
BMNR,BitMine Immersion Technologies Inc. Common Stock,$40.33,0.76,1.921%,173554751.00,,2025,26993086,Finance,Finance: Consumer Services
BMO,Bank Of Montreal Common Stock,$114.85,-0.14,-0.122%,82929827590.00,Canada,,746876,Finance,Commercial Banks
BMR,Beamr Imaging Ltd. Ordinary Share,$3.45,0.03,0.877%,53539839.00,Israel,2023,82431,Technology,Computer Software: Prepackaged Software
BMRA,Biomerica Inc. Common Stock,$3.60,0.10,2.857%,9164743.00,United States,,10889,Health Care,Biotechnology: In Vitro & In Vivo Diagnostic Substances
BMRC,Bank of Marin Bancorp Common Stock,$24.72,-0.15,-0.603%,400861226.00,United States,,67219,Finance,Major Banks
BMRN,BioMarin Pharmaceutical Inc. Common Stock,$59.20,2.64,4.668%,11353119368.00,United States,1999,1773910,Health Care,Biotechnology: Pharmaceutical Preparations
BMY,Bristol-Myers Squibb Company Common Stock,$48.02,1.33,2.849%,97724580496.00,United States,,9591345,Health Care,Biotechnology: Pharmaceutical Preparations
BN,Brookfield Corporation Class A Limited Voting Shares,$66.46,0.13,0.196%,109496024927.00,Canada,1925,2251710,Real Estate,Building operators
BNAI,Brand Engagement Network Inc. Common Stock,$0.322,-0.008,-2.424%,13842586.00,United States,2021,726799,Technology,EDP Services
BNAIW,Brand Engagement Network Inc. Warrant,$0.0301,0.0026,9.455%,1293981.00,United States,2021,19195,Technology,EDP Services
BNED,Barnes & Noble Education Inc Common Stock,$8.66,-0.21,-2.368%,294906315.00,United States,2015,1307062,Consumer Discretionary,Other Specialty Stores
BNGO,Bionano Genomics Inc. Common Stock,$3.53,0.04,1.146%,11874920.00,United States,2018,320833,Industrials,Biotechnology: Laboratory Analytical Instruments
BNH,Brookfield Finance Inc. 4.625% Subordinated Notes due October 16 2080,$15.81,0.05,0.317%,23838270001.00,Canada,2020,13780,Real Estate,Building operators
BNJ,Brookfield Finance Inc. 4.50% Perpetual Subordinated Notes,$15.451,-0.0089,-0.058%,23296970891.00,Canada,2020,10827,Real Estate,Building operators
BNL,Broadstone Net Lease Inc. Common Stock,$16.02,0.25,1.585%,3029064836.00,United States,2020,1380425,Real Estate,Real Estate Investment Trusts
BNR,Burning Rock Biotech Limited American Depositary Shares,$5.8267,0.8337,16.697%,62733725.00,China,2020,42308,Health Care,Medical Specialities
BNRG,Brenmiller Energy Ltd Ordinary Shares,$2.06,-0.02,-0.962%,5615255.00,Israel,,61100,Industrials,Building Products
BNS,Bank Nova Scotia Halifax Pfd 3 Ordinary Shares,$56.38,0.82,1.476%,70224052620.00,Canada,,2296488,Finance,Major Banks
BNT,Brookfield Wealth Solutions Ltd. Class A Exchangeable Limited Voting Shares,$66.35,0.11,0.166%,16090704839.00,,2021,10917,Finance,Property-Casualty Insurers
BNTC,Benitec Biopharma Inc. Common Stock,$11.26,0.08,0.716%,288258365.00,United States,2015,62959,Health Care,Biotechnology: Pharmaceutical Preparations
BNTX,BioNTech SE American Depositary Share,$111.44,2.53,2.323%,26742346398.00,Germany,2019,427398,Health Care,Biotechnology: Biological Products (No Diagnostic Substances)
BNY,BlackRock New York Municipal Income Trust,$9.43,0.00,0.00%,0.00,United States,,125955,Finance,Trusts Except Educational Religious and Charitable
BNZI,Banzai International Inc. Class A Common Stock,$3.79,-0.26,-6.42%,9355945.00,United States,2021,223325,Technology,Computer Software: Prepackaged Software
BNZIW,Banzai International Inc. Warrant,$0.0235,0.0005,2.174%,58012.00,United States,2021,6322,Technology,Computer Software: Prepackaged Software
BOC,Boston Omaha Corporation Class A Common Stock,$13.69,0.17,1.257%,430597511.00,United States,2022,153977,Finance,Real Estate
BODI,The Beachbody Company Inc. Class A Common Stock,$4.22,0.23,5.764%,29562007.00,United States,2021,43583,Consumer Discretionary,Other Consumer Services
BOE,Blackrock Enhanced Global Dividend Trust Common Shares of Beneficial Interest,$11.25,-0.12,-1.055%,0.00,United States,2005,116212,Finance,Trusts Except Educational Religious and Charitable
BOF,BranchOut Food Inc. Common Stock,$2.90,-0.06,-2.027%,27795830.00,United States,2023,7629477,Consumer Staples,Packaged Foods
BOH,Bank of Hawaii Corporation Common Stock,$67.28,-0.31,-0.459%,2673357411.00,United States,,416155,Finance,Major Banks
BOH^A,Bank of Hawaii Corporation Depositary Shares Each Representing a 1/40th Interest in a Share of 4.375% Fixed Rate Non-Cumulative Perpetual Preferred Stock Series A,$16.2897,-0.0803,-0.491%,,United States,,5509,,
BOH^B,Bank of Hawaii Corporation Depositary Shares Each Representing a 1/40th Interest in a Share of 8.000% Fixed Rate Non-Cumulative Perpetual Preferred Stock Series B,$25.86,0.02,0.077%,,United States,,10774,,
BOKF,BOK Financial Corporation Common Stock,$105.76,-0.94,-0.881%,6796330506.00,United States,,478898,Finance,Major Banks
BOLD,Boundless Bio Inc. Common Stock,$1.19,0.04,3.478%,26638877.00,United States,2024,84532,Health Care,Biotechnology: Pharmaceutical Preparations
BOLT,Bolt Biotherapeutics Inc. Common Stock,$5.95,0.215,3.749%,11406061.00,United States,2021,26490,Health Care,Biotechnology: Pharmaceutical Preparations
BON,Bon Natural Life Limited Class A Ordinary Shares,$1.44,0.02,1.408%,3523326.00,China,2021,310528,Health Care, Medicinal Chemicals and Botanical Products 
BOOM,DMC Global Inc. Common Stock,$8.00,-0.02,-0.249%,163925776.00,United States,,217131,Industrials,Industrial Specialties
BOOT,Boot Barn Holdings Inc. Common Stock,$175.60,1.74,1.001%,5372322906.00,United States,2014,709324,Consumer Discretionary,Clothing/Shoe/Accessory Stores
BORR,Borr Drilling Limited Common Shares,$2.00,0.14,7.527%,489853642.00,,2019,3281427,Energy,Oil & Gas Production
BOSC,B.O.S. Better Online Solutions Common Stock,$4.98,-0.03,-0.599%,29499324.00,Israel,,194957,Telecommunications,Computer Communications Equipment
BOTJ,Bank of the James Financial Group Inc. Common Stock,$13.90,-0.034,-0.244%,63152398.00,United States,,1766,Finance,Major Banks
BOW,Bowhead Specialty Holdings Inc. Common Stock,$33.74,0.58,1.749%,1102038924.00,United States,2024,105522,Finance,Property-Casualty Insurers
BOX,Box Inc. Class A Common Stock,$33.09,0.23,0.70%,4791212514.00,United States,2015,1547266,Technology,Computer Software: Prepackaged Software
BOXL,Boxlight Corporation Class A Common Stock,$2.24,-0.07,-3.03%,4996049.00,United States,2017,4085,Real Estate,Other Consumer Services
BP,BP p.l.c. Common Stock,$32.52,0.29,0.90%,86358658389.00,United Kingdom,,6789092,Energy,Integrated oil Companies
BPOP,Popular Inc. Common Stock,$115.22,0.23,0.20%,7893811380.00,United States,,514609,Finance,Major Banks
BPOPM,Popular Inc. Popular Capital Trust II - 6.125% Cumulative Monthly Income Trust Preferred Securities,$25.0468,0.00,0.00%,1715975654.00,United States,,232,Finance,Major Banks
BPRN,Princeton Bancorp Inc. Common Stock (PA),$32.06,-0.09,-0.28%,222147908.00,United States,,6148,Finance,Major Banks
BPYPM,Brookfield Property Partners L.P. 6.25% Class A Cumulative Redeemable Preferred Units Series 1,$15.17,0.01,0.066%,13673389239.00,Bermuda,,9136,Finance,Real Estate
BPYPN,Brookfield Property Partners L.P. 5.750% Class A Cumulative Redeemable Perpetual Preferred Units Series 3,$13.0234,0.0634,0.489%,11738564101.00,Bermuda,,6054,Finance,Real Estate
BPYPO,Brookfield Property Partners L.P. 6.375% Class A Cumulative Redeemable Perpetual Preferred Units Series 2,$14.40,0.00,0.00%,12979354320.00,Bermuda,,15579,Finance,Real Estate
BPYPP,Brookfield Property Partners L.P. 6.50% Class A Cumulative Redeemable Perpetual Preferred Units,$14.61,0.0799,0.55%,13168636571.00,Bermuda,,19747,Finance,Real Estate
BQ,Boqii Holding Limited Class A Ordinary Shares,$2.90,0.09,3.203%,3107437.00,,2025,47073,Consumer Discretionary,Other Specialty Stores
BR,Broadridge Financial Solutions Inc. Common Stock,$244.10,2.38,0.985%,28672825704.00,United States,,567302,Consumer Discretionary,Business Services
BRAG,Bragg Gaming Group Inc. Common Shares,$4.68,0.08,1.739%,117318156.00,Canada,,14098,Technology,Office Equipment/Supplies/Services
BRBR,BellRing Brands Inc. Common Stock ,$55.29,-2.23,-3.877%,7021648206.00,United States,2022,3728994,Consumer Staples,Packaged Foods
BRBS,Blue Ridge Bankshares Inc. Common Stock,$3.95,0.02,0.509%,360152504.00,United States,,433940,Finance,Major Banks
BRC,Brady Corporation Common Stock,$68.75,0.31,0.453%,3252947225.00,United States,,178105,Consumer Discretionary,Miscellaneous manufacturing industries
BRCC,BRC Inc. Class A Common Stock,$1.91,0.22,13.018%,407252183.00,United States,2022,2268679,Consumer Staples,Beverages (Production/Distribution)
BRDG,Bridge Investment Group Holdings Inc. Class A Common Stock,$10.53,0.06,0.573%,1303370062.00,United States,2021,348263,Finance,Investment Managers
BREA,Brera Holdings PLC Class B Ordinary Shares,$6.89,0.36,5.513%,16637338.00,Ireland,2023,11090,Consumer Discretionary,Services-Misc. Amusement & Recreation
BRFH,Barfresh Food Group Inc. Common Stock,$3.32,-0.04,-1.19%,52854556.00,United States,,2225,Consumer Staples,Packaged Foods
BRFS,BRF S.A.,$3.88,0.11,2.918%,6207224291.00,Brazil,,4337541,Consumer Staples,Meat/Poultry/Fish
BRIA,BrilliA Inc Class A Ordinary Shares,$2.29,-0.1629,-6.641%,70131250.00,,2024,2204,Consumer Discretionary,Apparel
BRID,Bridgford Foods Corporation Common Stock,$7.79,0.29,3.867%,70708521.00,United States,,6200,Consumer Staples,Specialty Foods
BRK/A,Berkshire Hathaway Inc.,$714710.00,3709.80,0.522%,1051248356540.00,United States,,588,,
BRK/B,Berkshire Hathaway Inc.,$478.13,3.72,0.784%,1054903655816.00,United States,,4503187,,
BRKL,Brookline Bancorp Inc. Common Stock,$11.07,0.09,0.82%,986387977.00,United States,,474906,Finance,Savings Institutions
BRKR,Bruker Corporation Common Stock,$38.80,3.165,8.882%,5879433956.00,United States,,4732783,Industrials,Biotechnology: Laboratory Analytical Instruments
BRLS,Borealis Foods Inc. Class A Common Shares,$2.80,-0.21,-6.977%,59869186.00,Canada,2021,28523,Consumer Staples,Packaged Foods
BRLSW,Borealis Foods Inc. Warrant,$0.0951,0.0001,0.105%,2033414.00,Canada,2021,100,Consumer Staples,Packaged Foods
BRLT,Brilliant Earth Group Inc. Class A Common Stock,$1.66,0.17,11.409%,164861575.00,United States,2021,122395,Consumer Discretionary,Consumer Specialties
BRN,Barnwell Industries Inc. Common Stock,$1.13,-0.01,-0.877%,11360493.00,United States,1965,12269,Energy,Oil & Gas Production
BRNS,Barinthus Biotherapeutics plc American Depositary Shares,$1.81,-0.16,-8.122%,73014305.00,United Kingdom,2021,182392,Health Care,Biotechnology: Pharmaceutical Preparations
BRO,Brown & Brown Inc. Common Stock,$103.24,0.75,0.732%,29589365217.00,United States,,1938813,Finance,Specialty Insurers
BROS,Dutch Bros Inc. Class A Common Stock,$62.78,0.21,0.336%,10326206076.00,United States,2021,1502435,Consumer Discretionary,Restaurants
BRSL,Brightstar Lottery PLC Trading under the Legal Name to begin at the market open on July 21 2025. Ordinary Shares,$14.45,0.01,0.069%,2919357126.00,United States,2015,1788754,Consumer Discretionary,Services-Misc. Amusement & Recreation
BRSP,BrightSpire Capital Inc. Class A Common Stock,$4.94,0.00,0.00%,644482255.00,United States,2018,681027,Real Estate,Real Estate Investment Trusts
BRT,BRT Apartments Corp. (MD) Common Stock,$15.78,0.37,2.401%,298286168.00,United States,,27708,Real Estate,Real Estate Investment Trusts
BRTX,BioRestorative Therapies Inc. Common Stock (NV),$1.66,0.07,4.403%,12457935.00,United States,,183590,Health Care,Managed Health Care
BRW,Saba Capital Income & Opportunities Fund SBI,$8.37,-0.02,-0.238%,0.00,United States,,189111,Finance,Trusts Except Educational Religious and Charitable
BRX,Brixmor Property Group Inc. Common Stock,$26.00,0.48,1.881%,7957563718.00,United States,2013,2113353,Real Estate,Real Estate Investment Trusts
BRY,Berry Corporation (bry) Common Stock,$3.10,0.00,0.00%,240548226.00,United States,2018,959298,Energy,Oil & Gas Production
BRZE,Braze Inc. Class A Common Stock,$28.31,-0.32,-1.118%,2989872040.00,United States,2021,1321329,Technology,Computer Software: Prepackaged Software
BSAAU,BEST SPAC I Acquisition Corp. Unit ,$10.08,0.01,0.099%,0.00,Hong Kong,2025,1570,Finance,Blank Checks
BSAC,Banco Santander - Chile ADS,$23.62,-0.35,-1.46%,11127743788.00,Chile,,219118,Finance,Commercial Banks
BSBK,Bogota Financial Corp. Common Stock,$8.02,-0.2023,-2.46%,104331891.00,United States,2020,10380,Finance,Banks
BSBR,Banco Santander Brasil SA American Depositary Shares each representing one unit,$4.73,0.00,0.00%,35284040095.00,Brazil,2009,676139,Finance,Commercial Banks
BSET,Bassett Furniture Industries Incorporated Common Stock,$19.02,0.31,1.657%,165275850.00,United States,,84175,Consumer Discretionary,Home Furnishings
BSGM,BioSig Technologies Inc. Common Stock,$6.10,0.34,5.903%,166497084.00,United States,,1150400,Health Care,Biotechnology: Electromedical & Electrotherapeutic Apparatus
BSL,Blackstone Senior Floating Rate 2027 Term Fund Common Shares of Beneficial Interest,$14.32,0.015,0.105%,0.00,United States,2010,41725,Finance,Trusts Except Educational Religious and Charitable
BSLK,Bolt Projects Holdings Inc. Common Stock,$2.65,-0.21,-7.343%,5463714.00,United States,2021,171991,Industrials,Major Chemicals
BSLKW,Bolt Projects Holdings Inc. Warrant,$0.0222,-0.008,-26.49%,45771.00,United States,2021,131758,Industrials,Major Chemicals
BSM,Black Stone Minerals L.P. Common units representing limited partner interests,$12.11,0.11,0.917%,2562917083.00,United States,2015,546997,Energy,Oil & Gas Production
BSRR,Sierra Bancorp Common Stock,$30.62,-0.12,-0.39%,423130737.00,United States,,64374,Finance,Major Banks
BST,BlackRock Science and Technology Trust Common Shares of Beneficial Interest,$38.43,-0.37,-0.954%,851525407.00,United States,2014,95323,Finance,Finance Companies
BSTZ,BlackRock Science and Technology Term Trust Common Shares of Beneficial Interest,$21.08,-0.15,-0.707%,467087056.00,United States,2019,233312,Finance,Trusts Except Educational Religious and Charitable
BSVN,Bank7 Corp. Common stock,$48.82,0.52,1.077%,461311750.00,United States,2018,50233,Finance,Major Banks
BSX,Boston Scientific Corporation Common Stock,$103.16,-0.62,-0.597%,152619684950.00,United States,,7923316,Health Care,Medical/Dental Instruments
BSY,Bentley Systems Incorporated Class B Common Stock,$58.18,0.28,0.484%,17650732063.00,United States,2020,1152111,Technology,Computer Software: Prepackaged Software
BTA,BlackRock Long-Term Municipal Advantage Trust Common Shares of Beneficial Interest,$8.81,-0.02,-0.227%,0.00,United States,2006,53421,Finance,Trusts Except Educational Religious and Charitable
BTAI,BioXcel Therapeutics Inc. Common Stock,$1.805,-0.085,-4.497%,10931163.00,United States,2018,384233,Health Care,Biotechnology: Pharmaceutical Preparations
BTBD,BT Brands Inc. Common Stock,$1.26,0.05,4.132%,7754952.00,United States,2021,6725,Consumer Discretionary,Restaurants
BTBT,Bit Digital Inc. Ordinary Shares,$3.27,-0.05,-1.506%,679443448.00,United States,2018,42607190,Finance,Finance: Consumer Services
BTCM,BIT Mining Limited ADS,$3.55,-0.09,-2.473%,37825740.00,,2013,768607,Technology,EDP Services
BTCS,BTCS Inc. Common Stock,$6.30,0.12,1.942%,132900957.00,United States,,12179659,Finance,Finance: Consumer Services
BTCT,BTC Digital Ltd. Ordinary Shares,$3.15,-0.06,-1.869%,20267226.00,China,,768774,Real Estate,Other Consumer Services
BTDR,Bitdeer Technologies Group Class A Ordinary Shares,$14.65,0.90,6.545%,2882331083.00,Singapore,,6644328,Finance,Finance: Consumer Services
BTE,Baytex Energy Corp Common Shares,$1.99,0.05,2.577%,1529514000.00,Canada,2023,31015906,Energy,Oil & Gas Production
BTG,B2Gold Corp Common shares (Canada),$3.54,0.11,3.207%,4677659854.00,Canada,,24840269,Basic Materials,Precious Metals
BTI,British American Tobacco  Industries p.l.c. Common Stock ADR,$52.22,0.42,0.811%,114593852207.00,United Kingdom,1998,5343514,Health Care, Medicinal Chemicals and Botanical Products 
BTM,Bitcoin Depot Inc. Class A Common Stock,$5.53,0.09,1.654%,355647555.00,United States,2022,992280,Finance,Finance: Consumer Services
BTMD,Biote Corp. Class A Common Stock,$4.12,0.11,2.743%,208529915.00,United States,,97312,Health Care, Medicinal Chemicals and Botanical Products 
BTMWW,Bitcoin Depot Inc. Warrant,$0.5558,-0.0517,-8.51%,35744830.00,United States,2022,72189,Finance,Finance: Consumer Services
BTO,John Hancock Financial Opportunities Fund Common Stock,$36.39,0.22,0.608%,0.00,United States,1994,14708,Finance,Investment Managers
BTOC,Armlogi Holding Corp. Common Stock,$1.67,0.01,0.602%,70327083.00,United States,2024,28712,Consumer Discretionary,Office Equipment/Supplies/Services
BTOG,Bit Origin Limited Class A Ordinary Shares,$0.6782,-0.0381,-5.319%,5742165.00,United States,2019,28894937,Finance,Finance: Consumer Services
BTSG,BrightSpring Health Services Inc. Common Stock,$20.15,0.44,2.232%,3511041747.00,United States,2024,2546375,Health Care,Medical/Nursing Services
BTSGU,BrightSpring Health Services Inc. Tangible Equity Unit,$70.45,0.00,0.00%,12275577722.00,United States,2024,192,Health Care,Medical/Nursing Services
BTT,BlackRock Municipal 2030 Target Term Trust,$21.98,-0.05,-0.227%,0.00,United States,2012,136083,Finance,Investment Managers
BTU,Peabody Energy Corporation Common Stock ,$17.34,1.43,8.988%,2108544000.00,United States,2017,12991990,Energy,Coal Mining
BTX,BlackRock Technology and Private Equity Term Trust Common Shares of Beneficial Interest,$7.27,-0.09,-1.223%,1714238185.00,United States,2021,451685,,
BTZ,BlackRock Credit Allocation Income Trust,$10.98,0.04,0.366%,1187322300.00,United States,2006,154094,Finance,Finance Companies
BUD,Anheuser-Busch Inbev SA Sponsored ADR (Belgium),$69.34,1.18,1.731%,124617745585.00,Belgium,,1505375,Consumer Staples,Beverages (Production/Distribution)
BUI,BlackRock Utility Infrastructure & Power Opportunities Trust,$26.11,0.09,0.346%,0.00,United States,2011,75458,Finance,Trusts Except Educational Religious and Charitable
BULL,Webull Corporation Class A Ordinary Shares,$16.97,2.35,16.074%,7830827577.00,United States,,27040661,Finance,Investment Bankers/Brokers/Service
BULLW,Webull Corporation Warrants,$7.03,1.1093,18.736%,3244002231.00,United States,,54651,Finance,Investment Bankers/Brokers/Service
BUR,Burford Capital Limited Ordinary Shares,$13.95,0.19,1.381%,3052421694.00,,2020,1136791,Finance,Finance: Consumer Services
BURL,Burlington Stores Inc. Common Stock,$275.44,1.53,0.559%,17376589630.00,United States,2013,833310,Consumer Discretionary,Department/Specialty Retail Stores
BURU,Nuburu Inc. Common Stock,$0.3088,-0.0059,-1.875%,16194506.00,United States,,2589886,Miscellaneous,Industrial Machinery/Components
BUSE,First Busey Corporation Class A Common Stock,$24.16,0.02,0.083%,2162091616.00,United States,,826003,Finance,Major Banks
BUSEP,First Busey Corporation Depositary Shares Each Representing a 1/40thInterest in a Share of 8.25% Fixed-Rate Series B Non-Cumulative Perpetual Preferred Stock $0.001 par value,$25.41,-0.05,-0.196%,2273954799.00,United States,,25167,Finance,Major Banks
BV,BrightView Holdings Inc. Common Stock,$15.69,0.01,0.064%,1495257000.00,United States,2018,627812,Consumer Discretionary,Business Services
BVFL,BV Financial Inc. Common Stock,$16.06,0.12,0.753%,169091629.00,United States,2023,83216,Finance,Savings Institutions
BVN,Buenaventura Mining Company Inc.,$17.80,0.37,2.123%,4520966233.00,Peru,1996,1136352,Basic Materials,Metal Mining
BVS,Bioventus Inc. Class A Common Stock,$6.44,0.14,2.222%,529009595.00,United States,2021,467995,Health Care,Medical/Dental Instruments
BW,Babcock & Wilcox Enterprises Inc. Common Stock,$1.03,-0.01,-0.962%,101356145.00,United States,2015,1655879,Industrials,Building Products
BW^A,Babcock & Wilcox Enterprises Inc. 7.75% Series A Cumulative Perpetual Preferred Stock,$9.57,0.02,0.209%,,United States,,56587,,
BWA,BorgWarner Inc. Common Stock,$35.35,-0.03,-0.085%,7767103697.00,United States,,1672135,Consumer Discretionary,Auto Parts:O.E.M.
BWAY,BrainsWay Ltd. American Depositary Shares,$12.10,0.01,0.083%,228317659.00,Israel,2019,21462,Health Care,Medical/Dental Instruments
BWB,Bridgewater Bancshares Inc. Common Stock,$16.07,-0.05,-0.31%,440959932.00,United States,2018,51600,Finance,Major Banks
BWBBP,Bridgewater Bancshares Inc. Depositary Shares Each Representing a 1/100th Interest in a Share of 5.875% Non-Cumulative Perpetual Preferred Stock Series A,$19.25,0.01,0.052%,528218961.00,United States,,4387,Finance,Major Banks
BWEN,Broadwind Inc. Common Stock,$2.50,0.24,10.619%,56717690.00,United States,,441156,Telecommunications,Metal Fabrications
BWFG,Bankwell Financial Group Inc. Common Stock,$38.01,-0.04,-0.105%,299267440.00,United States,2014,45669,Finance,Major Banks
BWG,BrandywineGLOBAL Global Income Opportunities Fund Inc.,$8.37,-0.01,-0.119%,0.00,United States,2012,88280,Finance,Finance/Investors Services
BWIN,The Baldwin Insurance Group Inc. Class A Common Stock,$40.82,0.24,0.591%,4837940967.00,United States,2019,651025,Finance,Specialty Insurers
BWLP,BW LPG Limited Common Shares,$13.21,0.17,1.304%,2001822832.00,,2024,367249,Consumer Discretionary,Transportation Services
BWMN,Bowman Consulting Group Ltd. Common Stock,$32.36,0.65,2.05%,557662113.00,United States,2021,174149,Consumer Discretionary,Professional Services
BWMX,Betterware de Mexico S.A.P.I. de C.V. Ordinary Shares,$9.43,0.16,1.726%,351895029.00,Mexico,,17378,Consumer Discretionary,Catalog/Specialty Distribution
BWNB,Babcock & Wilcox Enterprises Inc. 6.50% Senior Notes due 2026,$15.81,0.06,0.381%,1555767619.00,United States,2021,305,Industrials,Building Products
BWSN,Babcock & Wilcox Enterprises Inc. 8.125% Senior Notes due 2026,$19.21,-0.07,-0.363%,1890341301.00,United States,2021,5453,Industrials,Building Products
BWXT,BWX Technologies Inc. Common Stock,$140.04,-0.32,-0.228%,12794156069.00,United States,,843883,Industrials,Industrial Machinery/Components
BX,Blackstone Inc. Common Stock,$169.38,2.69,1.614%,123587773159.00,United States,2007,3359518,Finance,Investment Managers
BXC,Bluelinx Holdings Inc. Common Stock,$77.22,3.34,4.521%,619476060.00,United States,2004,200267,Consumer Discretionary,Wholesale Distributors
BXMT,Blackstone Mortgage Trust Inc. Common Stock,$19.43,0.22,1.145%,3333803092.00,United States,,886905,Real Estate,Real Estate Investment Trusts
BXMX,Nuveen S&P 500 Buy-Write Income Fund Common Shares of Beneficial Interest,$14.00,-0.01,-0.071%,0.00,United States,,150815,Finance,Investment Managers
BXP,BXP Inc. Common Stock,$71.12,2.11,3.058%,11260045268.00,United States,1997,848734,Real Estate,Real Estate Investment Trusts
BXSL,Blackstone Secured Lending Fund Common Shares of Beneficial Interest,$32.22,0.26,0.814%,0.00,,2021,674799,Finance,Trusts Except Educational Religious and Charitable
BY,Byline Bancorp Inc. Common Stock,$27.91,0.12,0.432%,1288110330.00,United States,2017,288396,Finance,Major Banks
BYD,Boyd Gaming Corporation Common Stock,$82.26,-0.30,-0.363%,6696217361.00,United States,1993,1299316,Consumer Discretionary,Hotels/Resorts
BYFC,Broadway Financial Corporation Class A Common Stock,$8.09,-0.19,-2.295%,73783737.00,United States,,2157,Finance,Savings Institutions
BYM,Blackrock Municipal Income Quality Trust Common Shares of Beneficial Interest,$10.39,0.15,1.465%,0.00,United States,2002,179848,Finance,Investment Managers
BYND,Beyond Meat Inc. Common Stock,$4.22,0.12,2.927%,322709371.00,United States,2019,9456009,Consumer Staples,Packaged Foods
BYON,Beyond Inc. Common Stock,$10.63,-0.21,-1.937%,613132649.00,United States,,5799071,Consumer Discretionary,Catalog/Specialty Distribution
BYRN,Byrna Technologies Inc. Common Stock,$21.68,0.23,1.072%,492218688.00,United States,,758098,Miscellaneous,Industrial Machinery/Components
BYSI,BeyondSpring Inc. Ordinary Shares,$1.87,-0.01,-0.532%,75391518.00,United States,2017,74680,Health Care,Biotechnology: Pharmaceutical Preparations
BZ,KANZHUN LIMITED American Depository Shares,$19.45,0.57,3.019%,8455609423.00,China,2021,2962000,Technology,Computer Software: Programming Data Processing
BZAI,Blaize Holdings Inc. Common Stock,$4.99,0.30,6.397%,507402741.00,United States,2025,3299653,Finance,Blank Checks
BZAIW,Blaize Holdings Inc. Warrants,$0.78,-0.0525,-6.306%,79313454.00,United States,2025,205800,Finance,Blank Checks
BZFD,BuzzFeed Inc. Class A Common Stock,$2.44,0.07,2.954%,94001390.00,United States,2021,217299,Consumer Discretionary,Telecommunications Equipment
BZFDW,BuzzFeed Inc. Warrant,$0.1135,0.0335,41.875%,4372606.00,United States,2021,23307,Consumer Discretionary,Telecommunications Equipment
BZH,Beazer Homes USA Inc. Common Stock,$25.39,2.10,9.017%,769403453.00,United States,1994,523549,Consumer Discretionary,Homebuilding
BZUN,Baozun Inc. American Depositary Shares,$2.97,-0.10,-3.257%,171510518.00,China,2015,635068,Consumer Discretionary,Catalog/Specialty Distribution
C,Citigroup Inc. Common Stock,$94.00,1.35,1.457%,175566965920.00,United States,,15273757,Finance,Major Banks
C^N,Citigroup Capital XIII 7.875% Fixed rate Floating Rate trust Preferred Securities (TruPS),$30.5452,0.0452,0.148%,,United States,,45424,,
CAAP,Corporacion America Airports SA Common Shares,$19.54,-0.14,-0.711%,3147706064.00,,2018,57528,Consumer Discretionary,Aerospace
CAAS,China Automotive Systems Inc. Common Stock,$4.15,0.00,0.00%,125208413.00,China,,8853,Consumer Discretionary,Auto Parts:O.E.M.
CABA,Cabaletta Bio Inc. Common Stock,$1.58,-0.06,-3.659%,80174100.00,United States,2019,2089714,Health Care,Biotechnology: Biological Products (No Diagnostic Substances)
CABO,Cable One Inc. Common Stock,$150.00,9.69,6.906%,844165200.00,United States,2015,212206,Telecommunications,Cable & Other Pay Television Services
CAC,Camden National Corporation Common Stock,$42.17,-0.12,-0.284%,712764087.00,United States,,42321,Finance,Major Banks
CACC,Credit Acceptance Corporation Common Stock,$519.04,14.10,2.792%,6022667664.00,United States,1992,90525,Finance,Finance: Consumer Services
CACI,CACI International Inc. Class A Common Stock,$477.46,-1.21,-0.253%,10499370228.00,United States,,288810,Technology,EDP Services
CADE,Cadence Bank Common Stock,$35.47,0.42,1.198%,6477566693.00,United States,,2196239,Finance,Major Banks
CADE^A,Cadence Bank 5.50% Series A ,$20.55,0.00,0.00%,,United States,,1502,,
CADL,Candel Therapeutics Inc. Common Stock,$6.67,0.10,1.522%,334184869.00,United States,2021,1046360,Health Care,Biotechnology: Biological Products (No Diagnostic Substances)
CAE,CAE Inc. Ordinary Shares,$28.78,-0.80,-2.705%,9217306421.00,Canada,,859023,Miscellaneous,Industrial Machinery/Components
CAEP,Cantor Equity Partners III Inc. Class A Ordinary Shares,$10.635,-0.115,-1.07%,0.00,United States,2025,52404,,
CAF,Morgan Stanley China A Share Fund Inc. Common Stock,$14.49,0.22,1.542%,0.00,United States,2006,63223,Finance,Investment Managers
CAG,ConAgra Brands Inc. Common Stock,$19.40,0.65,3.467%,9262394103.00,United States,,11922820,Consumer Staples,Packaged Foods
CAH,Cardinal Health Inc. Common Stock,$157.10,-1.48,-0.933%,37496157486.00,United States,,1980105,Health Care,Other Pharmaceuticals
CAI,Caris Life Sciences Inc. Common Stock,$30.29,2.00,7.07%,8588886554.00,United States,2025,784085,Health Care,Medical Specialities
CAKE,Cheesecake Factory Incorporated (The) Common Stock,$66.01,2.10,3.286%,3269344402.00,United States,1992,1635146,Consumer Discretionary,Restaurants
CAL,Caleres Inc. Common Stock,$15.13,1.15,8.226%,511344495.00,United States,,1039722,Consumer Discretionary,Shoe Manufacturing
CALC,CalciMedica Inc. Common Stock,$3.78,0.29,8.309%,52814122.00,United States,2023,210007,Health Care,Biotechnology: Pharmaceutical Preparations
CALM,Cal-Maine Foods Inc. Common Stock,$104.71,-1.46,-1.375%,5135601948.00,United States,1996,1074785,Consumer Staples,Farming/Seeds/Milling
CALX,Calix Inc Common Stock,$55.42,1.69,3.145%,3592338366.00,United States,2010,2698451,Consumer Discretionary,Telecommunications Equipment
CAMP,CAMP4 Therapeutics Corporation Common Stock,$1.67,0.08,5.031%,33668992.00,United States,2024,31916,,
CAMT,Camtek Ltd. Ordinary Shares,$92.33,-1.96,-2.079%,4209737784.00,Israel,2000,311148,Technology,Electronic Components
CAN,Canaan Inc. American Depositary Shares,$0.8234,0.011,1.354%,346045014.00,China,2019,62257587,Technology,Semiconductors
CANF,Can-Fite Biopharma Ltd Sponsored ADR (Israel),$1.025,0.00,0.00%,10611915.00,Israel,,60443,Health Care,Biotechnology: Pharmaceutical Preparations
CANG,Cango Inc. American Depositary Shares  each representing two (2) Class A Ordinary Shares,$5.18,0.15,2.982%,537622431.00,China,2018,1042190,Technology,Computer Software: Prepackaged Software
CAPL,CrossAmerica Partners LP Common Units representing limited partner interests,$21.20,0.13,0.617%,807667276.00,United States,2012,11814,Energy,Oil Refining/Marketing
CAPN,Cayson Acquisition Corp Ordinary shares,$10.36,0.00,0.00%,0.00,United States,2024,43,,
CAPNR,Cayson Acquisition Corp Right,$0.17,0.00,0.00%,0.00,United States,2024,49,Finance,Blank Checks
CAPR,Capricor Therapeutics Inc. Common Stock,$6.52,0.25,3.987%,298014980.00,United States,,1367626,Health Care,Biotechnology: Pharmaceutical Preparations
CAPS,Capstone Holding Corp. Common Stock,$1.60,-0.02,-1.235%,8304402.00,United States,,5297,Health Care,Biotechnology: Pharmaceutical Preparations
CAPT,Captivision Inc. Ordinary Shares,$1.49,-0.15,-9.146%,43444887.00,United Kingdom,,397883,Miscellaneous,Industrial Machinery/Components
CAPTW,Captivision Inc. Warrant,$0.0549,-0.0039,-6.633%,1600755.00,United Kingdom,,2853,Miscellaneous,Industrial Machinery/Components
CAR,Avis Budget Group Inc. Common Stock,$199.75,9.67,5.087%,7029649740.00,United States,,1187396,Consumer Discretionary,Rental/Leasing Companies
CARE,Carter Bankshares Inc. Common Stock,$18.00,-0.10,-0.552%,416862234.00,United States,,69301,Finance,Major Banks
CARG,CarGurus Inc. Class A Common Stock ,$33.30,0.08,0.241%,3291592613.00,United States,2017,726565,Technology,EDP Services
CARM,Carisma Therapeutics Inc. Common Stock,$0.3856,-0.0042,-1.077%,16113490.00,United States,2014,459615,Health Care,Biotechnology: Pharmaceutical Preparations
CARR,Carrier Global Corporation Common Stock ,$76.42,0.45,0.592%,65515618508.00,United States,2020,3395313,Industrials,Industrial Machinery/Components
CARS,Cars.com Inc. Common Stock ,$13.12,0.24,1.863%,825073438.00,United States,2017,1025463,Technology,EDP Services
CART,Maplebear Inc. Common Stock,$49.96,0.93,1.897%,13026305062.00,United States,2023,3236367,Consumer Discretionary,Business Services
CARV,Carver Bancorp Inc. Common Stock,$2.76,0.23,9.091%,14005021.00,United States,,82365,Finance,Savings Institutions
CASH,Pathward Financial Inc. Common Stock,$80.48,0.02,0.025%,1919087932.00,United States,1993,126938,Finance,Major Banks
CASI,CASI Pharmaceuticals Inc. Ordinary Shares,$1.255,0.035,2.869%,19443315.00,United States,,747392,Health Care,Biotechnology: Pharmaceutical Preparations
CASK,Heritage Distilling Holding Company Inc. Common Stock,$0.4872,0.0022,0.454%,3971325.00,United States,2024,573413,Consumer Staples,Beverages (Production/Distribution)
CASS,Cass Information Systems Inc Common Stock,$43.10,-0.24,-0.554%,575815957.00,United States,,54738,Consumer Discretionary,Business Services
CASY,Casey's General Stores Inc. Common Stock,$523.42,5.16,0.996%,19461271169.00,United States,1983,264433,Consumer Discretionary,Retail-Auto Dealers and Gas Stations
CAT,Caterpillar Inc. Common Stock,$417.19,7.12,1.736%,196513923536.00,United States,,2184048,Industrials,Construction/Ag Equipment/Trucks
CATO,Cato Corporation (The) Class A Common Stock,$3.04,0.15,5.19%,60000501.00,United States,,35075,Consumer Discretionary,Clothing/Shoe/Accessory Stores
CATX,Perspective Therapeutics Inc. Common Stock,$4.30,-0.01,-0.232%,319181836.00,United States,,842443,Health Care,Medical/Dental Instruments
CATY,Cathay General Bancorp Common Stock,$47.89,-0.20,-0.416%,3357585380.00,United States,,478114,Finance,Major Banks
CAVA,CAVA Group Inc. Common Stock,$89.93,2.50,2.859%,10401301012.00,United States,2023,3446838,Consumer Discretionary,Restaurants
CB,Chubb Limited  Common Stock,$278.73,4.71,1.719%,111694276312.00,Switzerland,,2331586,Finance,Property-Casualty Insurers
CBAN,Colony Bankcorp Inc. Common Stock,$17.73,0.11,0.624%,309272209.00,United States,,59005,Finance,Major Banks
CBAT,CBAK Energy Technology Inc. Common Stock,$1.07,-0.01,-0.926%,96235438.00,China,,121457,Miscellaneous,Industrial Machinery/Components
CBFV,CB Financial Services Inc. Common Stock,$28.68,0.28,0.986%,144066581.00,United States,,20698,Finance,Major Banks
CBIO,Crescent Biopharma Inc. Common Stock,$13.04,-0.16,-1.212%,192992000.00,United States,2014,79364,Health Care,Biotechnology: Pharmaceutical Preparations
CBL,CBL & Associates Properties Inc. Common Stock,$27.42,0.62,2.313%,848256263.00,United States,2021,134564,Real Estate,Real Estate Investment Trusts
CBLL,CeriBell Inc. Common Stock,$15.52,0.31,2.038%,560939701.00,United States,2024,177038,Health Care,Biotechnology: Electromedical & Electrotherapeutic Apparatus
CBNA,Chain Bridge Bancorp Inc. Class A Common Stock,$26.98,0.37,1.39%,177037823.00,,2024,11587,Finance,Major Banks
CBNK,Capital Bancorp Inc. Common Stock,$35.45,-0.01,-0.028%,587205888.00,United States,2018,91914,Finance,Major Banks
CBOE,Cboe Global Markets Inc. Common Stock,$241.18,4.92,2.082%,26968446125.00,,2010,681404,Finance,Investment Bankers/Brokers/Service
CBRE,CBRE Group Inc Common Stock Class A,$143.07,1.63,1.152%,42649861319.00,United States,,1257051,Finance,Real Estate
CBRL,Cracker Barrel Old Country Store Inc Common Stock,$68.16,1.60,2.404%,1517715380.00,United States,1981,969717,Consumer Discretionary,Restaurants
CBSH,Commerce Bancshares Inc. Common Stock,$64.24,-0.06,-0.093%,8571386583.00,United States,,645006,Finance,Major Banks
CBT,Cabot Corporation Common Stock,$77.02,1.99,2.652%,4137751776.00,United States,,287918,Industrials,Major Chemicals
CBU,Community Financial System Inc. Common Stock,$55.77,-2.15,-3.712%,2947525534.00,United States,,481317,Finance,Major Banks
CBUS,Cibus Inc. Class A Common Stock,$1.72,0.07,4.242%,59141433.00,United States,2017,267475,Industrials,Agricultural Chemicals
CBZ,CBIZ Inc. Common Stock,$73.23,0.55,0.757%,3983390520.00,United States,,566164,Consumer Discretionary,Business Services
CC,Chemours Company (The) Common Stock,$13.91,0.34,2.506%,2081968247.00,United States,2015,4115914,Industrials,Major Chemicals
CCAP,Crescent Capital BDC Inc. Common stock,$14.60,0.19,1.319%,541098586.00,United States,,251180,Finance,Finance: Consumer Services
CCB,Coastal Financial Corporation Common Stock,$101.11,-0.945,-0.926%,1519306362.00,United States,2018,114220,Finance,Major Banks
CCBG,Capital City Bank Group Common Stock,$40.71,-1.24,-2.956%,694306811.00,United States,,94114,Finance,Major Banks
CCCC,C4 Therapeutics Inc. Common Stock,$2.22,-0.05,-2.203%,157635724.00,United States,2020,869813,Health Care,Biotechnology: Biological Products (No Diagnostic Substances)
CCCM,Columbus Circle Capital Corp I Class A Ordinary Shares,$10.49,0.155,1.50%,0.00,United States,2025,1643302,Finance,Blank Checks
CCCMU,Columbus Circle Capital Corp I Units,$11.37,0.21,1.882%,0.00,United States,2025,79048,Finance,Blank Checks
CCCMW,Columbus Circle Capital Corp I Warrant,$1.8499,0.0799,4.514%,0.00,United States,2025,249000,Finance,Blank Checks
CCCS,CCC Intelligent Solutions Holdings Inc. Common Stock,$9.84,0.15,1.548%,6485152329.00,United States,,4025477,Technology,Computer Software: Prepackaged Software
CCCX,Churchill Capital Corp X Class A Ordinary Shares,$10.15,-0.01,-0.098%,0.00,United States,2025,61945,Finance,Blank Checks
CCCXU,Churchill Capital Corp X Unit,$10.34,0.00,0.00%,0.00,United States,2025,325,Finance,Blank Checks
CCCXW,Churchill Capital Corp X Warrants,$0.77,0.07,10.00%,0.00,United States,2025,23505,Finance,Blank Checks
CCD,Calamos Dynamic Convertible & Income Fund Common Stock,$20.58,0.02,0.097%,0.00,United States,,94247,Finance,Trusts Except Educational Religious and Charitable
CCEC,Capital Clean Energy Carriers Corp. Common Share,$23.99,0.61,2.609%,1408628339.00,Greece,2007,293007,Consumer Discretionary,Marine Transportation
CCEL,Cryo-Cell International Inc. Common Stock,$5.29,0.5947,12.666%,42622324.00,United States,2022,16900,Health Care,Misc Health and Biotechnology Services
CCEP,Coca-Cola Europacific Partners plc Ordinary Shares,$99.17,1.56,1.598%,45439664547.00,United Kingdom,,1614337,Consumer Staples,Beverages (Production/Distribution)
CCG,Cheche Group Inc. Class A Ordinary Shares,$0.80,0.0147,1.872%,66913292.00,China,,214845,Finance,Specialty Insurers
CCGWW,Cheche Group Inc. Warrant,$0.0266,-0.0004,-1.481%,2224867.00,China,,14838,Finance,Specialty Insurers
CCI,Crown Castle Inc. Common Stock,$110.25,3.85,3.618%,48009333582.00,United States,,3734802,Real Estate,Real Estate Investment Trusts
CCIA,Carlyle Credit Income Fund 8.75% Series A Preferred Shares due 2028,$25.6847,-0.0503,-0.195%,0.00,,2023,2511,,
CCIF,Carlyle Credit Income Fund Shares of Beneficial Interest,$6.127,-0.053,-0.858%,0.00,,2019,148237,Finance,Finance/Investors Services
CCIIU,Cohen Circle Acquisition Corp. II Unit,$10.21,0.005,0.049%,0.00,United States,2025,346768,,
CCIR,Cohen Circle Acquisition Corp. I Class A Ordinary Shares,$11.05,-0.02,-0.181%,0.00,United States,2024,238443,,
CCIRU,Cohen Circle Acquisition Corp. I Unit,$12.00,0.00,0.00%,0.00,United States,2024,265,Finance,Blank Checks
CCIRW,Cohen Circle Acquisition Corp. I Warrant,$2.80,0.15,5.66%,0.00,United States,2024,4932,Finance,Blank Checks
CCIX,Churchill Capital Corp IX Ordinary Shares,$10.53,0.01,0.095%,0.00,United States,2024,5849,,
CCIXU,Churchill Capital Corp IX Unit,$10.72,0.00,0.00%,0.00,United States,2024,281,,
CCIXW,Churchill Capital Corp IX Warrant,$0.99,0.13,15.116%,0.00,United States,2024,177,,
CCJ,Cameco Corporation Common Stock,$77.90,0.82,1.064%,33911187990.00,Canada,1996,5317273,Basic Materials,Other Metals and Minerals
CCK,Crown Holdings Inc.,$105.05,0.30,0.286%,12227002081.00,United States,,3720405,Industrials,Containers/Packaging
CCL,Carnival Corporation Common Stock,$29.89,0.10,0.336%,40527317703.00,United States,1987,12881254,Consumer Discretionary,Marine Transportation
CCLD,CareCloud Inc. Common Stock,$2.41,0.05,2.119%,101993921.00,United States,2014,160255,Technology,Computer Software: Prepackaged Software
CCLDO,CareCloud Inc. 8.75% Series B Cumulative Redeemable Perpetual Preferred Stock,$20.05,0.09,0.451%,848538636.00,United States,,1369,Technology,Computer Software: Prepackaged Software
CCM,Concord Medical Services Holdings Limited American Depositary Shares (Each represents thirty (30) Class A ordinary shares),$5.66,-0.08,-1.394%,24574152.00,China,2024,14977,Health Care,Medical/Nursing Services
CCNE,CNB Financial Corporation Common Stock,$23.57,-0.17,-0.716%,494483138.00,United States,,79613,Finance,Major Banks
CCNEP,CNB Financial Corporation Depositary Shares each representing a 1/40th ownership interest in a share of 7.125% Series A Fixed-Rate Non-Cumulative Perpetual Preferred Stock,$25.10,0.29,1.169%,526581534.00,United States,,5382,Finance,Major Banks
CCO,Clear Channel Outdoor Holdings Inc. Common Stock,$1.13,-0.02,-1.739%,561288407.00,United States,2005,3885686,Consumer Discretionary,Advertising
CCOI,Cogent Communications Holdings Inc.,$49.39,1.47,3.068%,2436769741.00,United States,,589888,Consumer Discretionary,Telecommunications Equipment
CCRD,CoreCard Corporation Common Stock,$26.99,-1.00,-3.573%,210162466.00,United States,1986,34517,Technology,Computer Software: Prepackaged Software
CCRN,Cross Country Healthcare Inc. Common Stock $0.0001 Par Value,$13.37,0.01,0.075%,438310956.00,United States,2001,243873,Consumer Discretionary,Professional Services
CCS,Century Communities Inc. Common Stock,$63.72,5.03,8.57%,1946438464.00,United States,2014,616326,Consumer Discretionary,Homebuilding
CCSI,Consensus Cloud Solutions Inc. Common Stock,$20.84,-0.12,-0.573%,407233127.00,United States,,134613,Technology,Computer Software: Prepackaged Software
CCTG,CCSC Technology International Holdings Limited Class A Ordinary Shares,$1.10,-0.02,-1.786%,12739375.00,Hong Kong,2024,4185,Consumer Discretionary,Building Products
CCU,Compania Cervecerias Unidas S.A. Common Stock,$12.09,-0.05,-0.412%,893457940.00,Chile,,135368,Consumer Staples,Beverages (Production/Distribution)
CCZ,Comcast Holdings ZONES,$59.75,0.00,0.00%,223088809638.00,United States,,10,Telecommunications,Cable & Other Pay Television Services
CDE,Coeur Mining Inc. Common Stock,$9.57,0.11,1.163%,6121904128.00,United States,,8630118,Basic Materials,Precious Metals
CDIO,Cardio Diagnostics Holdings Inc. Common stock,$4.47,0.10,2.288%,7772034.00,United States,2022,84268,Health Care,Biotechnology: In Vitro & In Vivo Diagnostic Substances
CDIOW,Cardio Diagnostics Holdings Inc. Warrant,$0.0143,0.0007,5.147%,24864.00,United States,2022,1776,Health Care,Biotechnology: In Vitro & In Vivo Diagnostic Substances
CDLR,Cadeler A/S American Depositary Share (each representing four (4) Ordinary Shares),$21.62,0.60,2.854%,1896925742.00,,2023,39567,Consumer Discretionary,Marine Transportation
CDLX,Cardlytics Inc. Common Stock,$2.85,0.82,40.394%,149631812.00,United States,2018,15245081,Technology,Computer Software: Programming Data Processing
CDNA,CareDx Inc. Common Stock,$13.02,0.27,2.118%,724960748.00,United States,2014,1783034,Health Care,Medical Specialities
CDNS,Cadence Design Systems Inc. Common Stock,$319.60,3.28,1.037%,87264223200.00,United States,,1211068,Technology,Computer Software: Prepackaged Software
CDP,COPT Defense Properties Common Shares of Beneficial Interest,$28.38,0.42,1.502%,3203560566.00,United States,,683651,Real Estate,Real Estate Investment Trusts
CDR^B,Cedar Realty Trust Inc. 7.25% Series B Cumulative Redeemable Preferred Stock,$16.90,0.0899,0.535%,,United States,,654,,
CDR^C,Cedar Realty Trust Inc. 6.50% Series C Cumulative Redeemable Preferred Stock,$15.625,0.1851,1.199%,,United States,,11631,,
CDRE,Cadre Holdings Inc. Common Stock,$32.77,0.52,1.612%,1332414600.00,United States,2021,201576,Health Care,Industrial Specialties
CDRO,Codere Online Luxembourg S.A. Ordinary Shares,$8.54,0.04,0.471%,389772552.00,Luxembourg,,33433,Consumer Discretionary,Services-Misc. Amusement & Recreation
CDROW,Codere Online Luxembourg S.A. Warrants,$1.0499,0.0099,0.952%,47918291.00,Luxembourg,,20062,Consumer Discretionary,Services-Misc. Amusement & Recreation
CDT,Conduit Pharmaceuticals Inc. Common Stock,$2.16,0.06,2.857%,1722451.00,United States,2022,126403,Health Care,Biotechnology: Pharmaceutical Preparations
CDTG,CDT Environmental Technology Investment Holdings Limited ordinary shares,$0.76,0.013,1.74%,9367000.00,China,2024,28092,Industrials,Miscellaneous
CDTTW,Conduit Pharmaceuticals Inc. Warrant,$0.008,-0.001,-11.111%,6379.00,United States,2022,80863,Health Care,Biotechnology: Pharmaceutical Preparations
CDTX,Cidara Therapeutics Inc. Common Stock,$61.53,4.48,7.853%,798033209.00,United States,2015,694468,Health Care,Biotechnology: Biological Products (No Diagnostic Substances)
CDW,CDW Corporation Common Stock,$180.07,3.20,1.809%,23712544961.00,United States,2013,668268,Consumer Discretionary,Catalog/Specialty Distribution
CDXS,Codexis Inc. Common Stock,$3.05,0.21,7.394%,252676789.00,United States,2010,685267,Industrials,Major Chemicals
CDZI,CADIZ Inc. Common Stock,$2.97,0.02,0.678%,243172837.00,United States,,408706,Utilities,Water Supply
CDZIP,Cadiz Inc. Depositary Shares,$17.20,-0.1876,-1.079%,1408273667.00,United States,,24809,Utilities,Water Supply
CE,Celanese Corporation Common Stock,$58.74,0.73,1.258%,6426588679.00,United States,2005,1511850,Industrials,Major Chemicals
CECO,CECO Environmental Corp. Common Stock,$32.11,0.56,1.775%,1132453618.00,United States,1998,271946,Industrials,Pollution Control Equipment
CEE,The Central and Eastern Europe Fund Inc. (The) Common Stock,$15.75,-0.02,-0.127%,0.00,United States,,14783,Finance,Finance Companies
CEG,Constellation Energy Corporation Common Stock ,$317.79,-0.09,-0.028%,99600906012.00,United States,,1763099,Utilities,Electric Utilities: Central
CELC,Celcuity Inc. Common Stock,$13.94,0.40,2.954%,527857031.00,United States,2017,293560,Health Care,Medical Specialities
CELH,Celsius Holdings Inc. Common Stock,$44.34,0.73,1.674%,11428247291.00,United States,,4507711,Consumer Staples,Beverages (Production/Distribution)
CELU,Celularity Inc. Class A Common Stock,$3.74,0.59,18.73%,89570116.00,United States,2019,1009087,Health Care,Biotechnology: Pharmaceutical Preparations
CELUW,Celularity Inc. Warrant,$0.0499,0.0029,6.17%,1195067.00,United States,2019,32160,Health Care,Biotechnology: Pharmaceutical Preparations
CELZ,Creative Medical Technology Holdings Inc. Common Stock,$2.74,0.00,0.00%,7084358.00,United States,,14080,Finance,Finance: Consumer Services
CENN,Cenntro Inc. Common Stock,$0.6153,-0.0347,-5.338%,18992228.00,New Zealand,,1319280,Consumer Discretionary,Auto Manufacturing
CENT,Central Garden & Pet Company Common Stock,$40.65,0.75,1.88%,2577625565.00,United States,1993,59700,Consumer Discretionary,Consumer Specialties
CENTA,Central Garden & Pet Company Class A Common Stock Nonvoting,$36.89,0.89,2.472%,2339203126.00,United States,,346803,Consumer Discretionary,Consumer Specialties
CENX,Century Aluminum Company Common Stock,$22.53,0.33,1.486%,2102117919.00,United States,1996,2539347,Industrials,Aluminum
CEP,Cantor Equity Partners Inc. Class A Ordinary Shares,$28.70,-1.00,-3.367%,824733934.00,United States,2024,491402,Finance,Investment Managers
CEPO,Cantor Equity Partners I Inc. Class A Ordinary Shares,$12.19,0.90,7.972%,0.00,United States,2025,903686,Finance,Blank Checks
CEPT,Cantor Equity Partners II Inc. Class A Ordinary Share,$11.25,-0.01,-0.089%,0.00,United States,2025,107885,Finance,Blank Checks
CEPU,Central Puerto S.A. American Depositary Shares (each represents ten Common Shares),$11.47,0.06,0.526%,1736583532.00,,2018,153973,Utilities,Electric Utilities: Central
CERO,CERo Therapeutics Holdings Inc. Common Stock,$8.45,0.09,1.077%,4360977.00,United States,2021,78021,Health Care,Biotechnology: Biological Products (No Diagnostic Substances)
CEROW,CERo Therapeutics Holdings Inc. Warrants,$0.0276,0.0006,2.222%,14244.00,United States,2021,14363,Health Care,Biotechnology: Biological Products (No Diagnostic Substances)
CERS,Cerus Corporation Common Stock,$1.43,0.05,3.623%,273359486.00,United States,1997,1146550,Technology,EDP Services
CERT,Certara Inc. Common Stock,$10.62,0.48,4.734%,1722923253.00,United States,2020,1814362,Technology,Computer Software: Prepackaged Software
CET,Central Securities Corporation Common Stock,$48.49,-0.01,-0.021%,11735801948.00,United States,1951,1953,Finance,Finance/Investors Services
CETX,Cemtrex Inc. Common Stock,$1.25,0.03,2.459%,2230726.00,United States,,363660,Technology,Electrical Products
CETY,Clean Energy Technologies Inc. Common Stock,$0.251,-0.0094,-3.61%,14722440.00,United States,,489883,Consumer Discretionary,Metal Fabrications
CEV,Eaton Vance California Municipal Income Trust Shares of Beneficial Interest,$9.55,-0.025,-0.261%,67170641.00,United States,1999,47201,Finance,Finance/Investors Services
CEVA,CEVA Inc. Common Stock,$23.47,-0.09,-0.382%,561316993.00,United States,,229799,Technology,Computer Software: Programming Data Processing
CF,CF Industries Holdings Inc. Common Stock,$91.72,0.73,0.802%,14859559493.00,United States,2005,1972161,Industrials,Agricultural Chemicals
CFBK,CF Bankshares Inc. Common Stock,$23.88,-0.06,-0.251%,154750280.00,United States,,12863,Finance,Major Banks
CFFI,C&F Financial Corporation Common Stock,$67.94,0.40,0.592%,220111876.00,United States,,24416,Finance,Major Banks
CFFN,Capitol Federal Financial Inc. Common Stock,$6.15,-0.01,-0.162%,816725320.00,United States,,575646,Finance,Savings Institutions
CFG,Citizens Financial Group Inc. Common Stock,$49.13,0.53,1.091%,21305181167.00,United States,2014,6143200,Finance,Major Banks
CFG^E,Citizens Financial Group Inc. Depositary Shares Each Representing 1/40th Interest in a Share of 5.000% Fixed-Rate Non-Cumulative Perpetual Preferred Stock Series E,$19.52,0.01,0.051%,,United States,,16823,,
CFG^H,Citizens Financial Group Inc. Depositary Shares Each Representing a 1/40th Interest in a Share of 7.375% Fixed-Rate Non-Cumulative Perpetual Preferred Stock Series H,$26.50,0.27,1.029%,,United States,,36656,,
CFLT,Confluent Inc. Class A Common Stock,$26.01,0.525,2.06%,8853540675.00,United States,2021,5381649,Technology,Computer Software: Prepackaged Software
CFR,Cullen/Frost Bankers Inc. Common Stock,$137.65,0.23,0.167%,8849235079.00,United States,,294781,Finance,Major Banks
CFR^B,Cullen/Frost Bankers Inc. Depositary Shares each representing a 1/40th ownership interest in a share of 4.450% non-cumulative perpetual preferred stock Series B,$17.54,-0.11,-0.623%,,United States,,12438,,
CFSB,CFSB Bancorp Inc. Common Stock,$13.85,-0.0075,-0.054%,90697764.00,United States,2022,997,Finance,Savings Institutions
CG,The Carlyle Group Inc. Common Stock,$59.71,-0.03,-0.05%,21563423455.00,United States,2012,2019566,Finance,Investment Managers
CGABL,The Carlyle Group Inc. 4.625% Subordinated Notes due 2061,$17.54,-0.19,-1.072%,6334323353.00,United States,,48662,Finance,Investment Managers
CGAU,Centerra Gold Inc. Common Shares,$7.68,0.17,2.264%,1597010903.00,Canada,2021,1000473,Basic Materials,Precious Metals
CGBD,Carlyle Secured Lending Inc. Common Stock,$13.99,0.20,1.45%,1019912704.00,United States,2017,231194,Finance,Finance: Consumer Services
CGBDL,Carlyle Secured Lending Inc. 8.20% Notes due 2028,$25.85,0.05,0.194%,1314432639.00,United States,,48476,,
CGC,Canopy Growth Corporation Common Shares,$1.25,0.13,11.607%,134442161.00,Canada,,21457816,Health Care, Medicinal Chemicals and Botanical Products 
CGCT,Cartesian Growth Corporation III Class A Ordinary Shares,$10.02,0.00,0.00%,0.00,United States,2025,2016,Finance,Blank Checks
CGCTU,Cartesian Growth Corporation III Unit,$10.16,-0.01,-0.098%,0.00,United States,2025,501,Finance,Blank Checks
CGCTW,Cartesian Growth Corporation III Warrant,$0.30,0.00,0.00%,0.00,United States,2025,200,Finance,Blank Checks
CGEM,Cullinan Therapeutics Inc. Common Stock,$8.11,0.59,7.846%,478608949.00,United States,2021,298955,Health Care,Biotechnology: Biological Products (No Diagnostic Substances)
CGEN,Compugen Ltd. Ordinary Shares,$1.55,0.04,2.649%,144945122.00,Israel,2000,165596,Health Care,Biotechnology: Biological Products (No Diagnostic Substances)
CGNT,Cognyte Software Ltd. Ordinary Shares,$9.07,-0.09,-0.983%,652642652.00,Israel,,217754,Technology,Computer Software: Prepackaged Software
CGNX,Cognex Corporation Common Stock,$34.26,0.53,1.571%,5751047294.00,United States,1989,1336065,Industrials,Industrial Machinery/Components
CGO,Calamos Global Total Return Fund Common Stock,$11.67,-0.03,-0.256%,0.00,United States,2005,32965,Finance,Investment Managers
CGON,CG Oncology Inc. Common stock,$26.01,-0.89,-3.309%,1982620261.00,United States,2024,1949475,,
CGTL,Creative Global Technology Holdings Limited Class A Ordinary Shares,$1.10,-0.06,-5.172%,23581250.00,China,2024,426365,Technology,Retail: Computer Software & Peripheral Equipment
CGTX,Cognition Therapeutics Inc. Common Stock,$0.7753,0.0753,10.757%,48063209.00,United States,2021,5089191,Health Care,Biotechnology: Biological Products (No Diagnostic Substances)
CHA,Chagee Holdings Limited American Depositary Shares,$25.02,0.66,2.709%,2959260141.00,China,2025,1015806,Consumer Discretionary,Restaurants
CHAC,Crane Harbor Acquisition Corp. Class A Ordinary Shares,$10.02,-0.02,-0.199%,0.00,United States,2025,2206,,
CHAR,Charlton Aria Acquisition Corporation Class A Ordinary Shares,$10.31,0.00,0.00%,0.00,United States,2024,2,,
CHARR,Charlton Aria Acquisition Corporation Rights,$0.1901,-0.0199,-9.476%,0.00,United States,2024,1450,,
CHCI,Comstock Holding Companies Inc. Class A Common Stock,$12.05,-0.21,-1.713%,121321738.00,United States,2004,16443,Finance,Real Estate
CHCO,City Holding Company Common Stock,$128.77,4.70,3.788%,1864912941.00,United States,,154008,Finance,Major Banks
CHCT,Community Healthcare Trust Incorporated Common Stock,$16.25,0.29,1.817%,460488909.00,United States,2015,274477,Real Estate,Real Estate Investment Trusts
CHD,Church & Dwight Company Inc. Common Stock,$98.11,1.62,1.679%,24162269337.00,United States,,1840566,Consumer Discretionary,Package Goods/Cosmetics
CHDN,Churchill Downs Incorporated Common Stock,$108.055,2.395,2.267%,7805039890.00,United States,,665359,Consumer Discretionary,Services-Misc. Amusement & Recreation
CHE,Chemed Corp,$452.87,3.45,0.768%,6625254419.00,United States,,196734,Health Care,Medical/Nursing Services
CHEB,Chenghe Acquisition II Co. Class A Ordinary Shares,$9.3001,0.3001,3.334%,0.00,,2024,35472,,
CHEF,The Chefs' Warehouse Inc. Common Stock,$64.11,-1.50,-2.286%,2608219698.00,United States,2011,422929,Consumer Discretionary,Food Distributors
CHEK,Check-Cap Ltd. Ordinary Share,$0.7627,0.0087,1.154%,4462382.00,Israel,2015,15132,Health Care,Medical Electronics
CHGG,Chegg Inc. Common Stock,$1.70,0.33,24.088%,181169768.00,United States,2013,9209296,Real Estate,Other Consumer Services
CHH,Choice Hotels International Inc. Common Stock,$134.36,3.54,2.706%,6637324747.00,United States,,432716,Consumer Discretionary,Hotels/Resorts
CHI,Calamos Convertible Opportunities and Income Fund Common Stock,$10.49,-0.02,-0.19%,0.00,United States,2002,175285,Finance,Investment Managers
CHKP,Check Point Software Technologies Ltd. Ordinary Shares,$222.89,0.25,0.112%,24154260091.00,Israel,1996,517707,Technology,Computer Software: Prepackaged Software
CHMG,Chemung Financial Corp Common Stock,$52.51,-0.21,-0.398%,251539966.00,United States,,13727,Finance,Major Banks
CHMI,Cherry Hill Mortgage Investment Corporation Common Stock,$2.64,0.02,0.763%,86218305.00,,2013,263939,Real Estate,Real Estate Investment Trusts
CHMI^A,Cherry Hill Mortgage Investment Corporation 8.20% Series A Cumulative Redeemable Preferred Stock,$20.41,0.11,0.542%,,,,2547,,
CHMI^B,Cherry Hill Mortgage Investment Corporation 8.250% Series B Fixed-to-Floating Rate Cumulative Redeemable Preferred Stock,$23.99,-0.16,-0.663%,,,,2575,,
CHN,China Fund Inc. (The) Common Stock,$15.86,0.19,1.213%,0.00,United States,,66025,Finance,Investment Managers
CHNR,China Natural Resources Inc. Common Stock,$3.92,-0.10,-2.488%,4834226.00,Hong Kong,,14023,Basic Materials,Precious Metals
CHPG,ChampionsGate Acquisition Corporation Class A Ordinary Share,$10.03,-0.05,-0.496%,0.00,United States,2025,24222,,
CHPGR,ChampionsGate Acquisition Corporation Rights,$0.16,-0.0043,-2.617%,0.00,United States,2025,101099,,
CHPGU,ChampionsGate Acquisition Corporation Unit,$10.17,0.01,0.098%,0.00,United States,2025,36617,,
CHPT,ChargePoint Holdings Inc. Common Stock,$0.6392,0.0177,2.848%,295086475.00,United States,2019,10860327,Consumer Discretionary,Industrial Specialties
CHR,Cheer Holding Inc. Class A Ordinary Share,$1.675,0.14,9.121%,20327076.00,China,2018,82025,Technology,EDP Services
CHRD,Chord Energy Corporation Common Stock,$108.05,2.54,2.407%,6240401170.00,United States,,747685,Energy,Oil & Gas Production
CHRS,Coherus Oncology Inc. Common Stock,$0.9223,0.0355,4.003%,106925260.00,United States,2014,905734,Health Care,Biotechnology: Biological Products (No Diagnostic Substances)
CHRW,C.H. Robinson Worldwide Inc. Common Stock,$98.94,2.12,2.19%,11747207741.00,United States,1997,888095,Consumer Discretionary,Oil Refining/Marketing
CHSCL,CHS Inc Class B Cumulative Redeemable Preferred Stock Series 4,$25.49,-0.01,-0.039%,312813356.00,United States,,20556,Industrials,Farming/Seeds/Milling
CHSCM,CHS Inc Class B Reset Rate Cumulative Redeemable Preferred Stock Series 3,$24.12,0.01,0.041%,296000712.00,United States,,22998,Industrials,Farming/Seeds/Milling
CHSCN,CHS Inc Preferred Class B Series 2 Reset Rate,$25.03,-0.07,-0.279%,307168235.00,United States,,26867,Industrials,Farming/Seeds/Milling
CHSCO,CHS Inc. Class B Cumulative Redeemable Preferred Stock,$26.40,0.11,0.418%,323980879.00,United States,,65453,Industrials,Farming/Seeds/Milling
CHSCP,CHS Inc. 8%  Cumulative Redeemable Preferred Stock,$27.5367,-0.1433,-0.518%,337930465.00,United States,,14012,Industrials,Farming/Seeds/Milling
CHSN,Chanson International Holding Class A Ordinary Shares,$0.1202,0.0044,3.80%,3281425.00,China,2023,15079715,Consumer Staples,Packaged Foods
CHT,Chunghwa Telecom Co. Ltd.,$44.09,0.30,0.685%,34202581839.00,Taiwan,,107011,Telecommunications,Telecommunications Equipment
CHTR,Charter Communications Inc. Class A Common Stock New,$395.85,6.96,1.79%,55563179258.00,United States,,1331227,Telecommunications,Cable & Other Pay Television Services
CHW,Calamos Global Dynamic Income Fund Common Stock,$7.13,-0.01,-0.14%,0.00,United States,2007,226264,Finance,Investment Managers
CHWY,Chewy Inc. Class A Common Stock,$38.08,0.19,0.501%,15811196952.00,United States,2019,4301138,Consumer Discretionary,Catalog/Specialty Distribution
CHY,Calamos Convertible and High Income Fund Common Stock,$11.05,-0.02,-0.181%,0.00,United States,2003,115334,Finance,Investment Managers
CHYM,Chime Financial Inc. Class A Common Stock,$33.47,0.26,0.783%,12197188877.00,United States,2025,1714167,Finance,Finance: Consumer Services
CI,The Cigna Group Common Stock,$300.05,5.25,1.781%,80156136230.00,United States,,1392346,Health Care,Medical Specialities
CIA,Citizens Inc. Class A Common Stock ($1.00 Par),$3.81,0.16,4.384%,191071370.00,United States,1994,232982,Finance,Life Insurance
CIB,Grupo Cibest S.A. American Depositary Shares each representing four Preferred Shares,$44.68,-1.09,-2.381%,5693400203.00,,2025,176740,Finance,Commercial Banks
CICB,CION Investment Corporation 7.50% Notes due 2029,$24.99,-0.05,-0.20%,0.00,United States,2024,2860,Finance,Finance/Investors Services
CIEN,Ciena Corporation Common Stock,$84.36,-1.11,-1.299%,11925738510.00,United States,1997,1680303,Utilities,Telecommunications Equipment
CIF,MFS Intermediate High Income Fund Common Stock,$1.74,0.02,1.163%,0.00,United States,,29410,Finance,Trusts Except Educational Religious and Charitable
CIFR,Cipher Mining Inc. Common Stock,$6.94,0.69,11.04%,2576220906.00,United States,2020,73409492,Finance,Finance: Consumer Services
CIFRW,Cipher Mining Inc. Warrant,$1.6899,0.3399,25.178%,627313503.00,United States,2020,577732,Finance,Finance: Consumer Services
CIG,Comp En De Mn Cemig ADS American Depositary Shares,$1.84,-0.01,-0.541%,5265678687.00,Brazil,,2146765,Utilities,Electric Utilities: Central
CIGI,Colliers International Group Inc. Subordinate Voting Shares,$140.11,0.46,0.329%,7050661096.00,Canada,,144571,Finance,Real Estate
CIGL,Concorde International Group Ltd Class A Ordinary Shares,$3.33,-0.07,-2.059%,74346865.00,Singapore,2025,61112,Consumer Discretionary,Diversified Commercial Services
CII,BlackRock Enhanced Large Cap Core Fund Inc. Common Stock,$21.23,0.04,0.189%,3158227259.00,United States,2004,64722,Finance,Investment Bankers/Brokers/Service
CIIT,Tianci International Inc. Common Stock,$1.17,0.09,8.333%,19342210.00,Hong Kong,,35697,Energy,Oil & Gas Production
CIK,Credit Suisse Asset Management Income Fund Inc. Common Stock,$2.94,-0.01,-0.339%,0.00,United States,,264270,Finance,Finance/Investors Services
CIM,Chimera Investment Corporation Common Stock,$14.01,0.13,0.937%,1134399367.00,United States,2007,421038,Real Estate,Real Estate Investment Trusts
CIM^A,Chimera Investment Corporation 8.00% Series A Cumulative Redeemable Preferred Stock,$22.255,-0.045,-0.202%,,United States,,7146,,
CIM^B,Chimera Investment Corporation 8.00% Series B Fixed-to-Floating Rate Cumulative Redeemable Preferred Stock,$24.955,-0.045,-0.18%,,United States,,4863,,
CIM^C,Chimera Investment Corporation 7.75% Series C Fixed-to-Floating Rate  Cumulative Redeemable  Preferred Stock,$23.33,0.04,0.172%,,United States,,8496,,
CIM^D,Chimera Investment Corporation 8.00% Series D Fixed-to-Floating Rate Cumulative Redeemable Preferred Stock,$24.6941,-0.0159,-0.064%,,United States,,10335,,
CIMN,Chimera Investment Corporation 9.000% Senior Notes due 2029,$25.37,0.03,0.118%,2043063758.00,United States,2024,7204,Real Estate,Real Estate Investment Trusts
CIMO,Chimera Investment Corporation 9.250% Senior Notes due 2029,$25.59,-0.01,-0.039%,0.00,United States,2024,8225,Real Estate,Real Estate Investment Trusts
CINF,Cincinnati Financial Corporation Common Stock,$151.00,2.00,1.342%,23601845110.00,United States,,382746,Finance,Property-Casualty Insurers
CING,Cingulate Inc. Common Stock,$5.73,0.07,1.237%,24327935.00,United States,2021,241288,Health Care,Biotechnology: Pharmaceutical Preparations
CINGW,Cingulate Inc. Warrants,$0.1749,0.00,0.00%,742575.00,United States,2021,147112,Health Care,Biotechnology: Pharmaceutical Preparations
CINT,CI&T Inc Class A Common Shares,$5.45,-0.07,-1.268%,734018295.00,,2021,1434472,Technology,EDP Services
CIO,City Office REIT Inc. Common Stock,$5.49,0.06,1.105%,221566738.00,Canada,2014,154772,Real Estate,Real Estate Investment Trusts
CIO^A,City Office REIT Inc. 6.625% Series A Cumulative Redeemable Preferred Stock,$19.06,0.04,0.21%,,Canada,,6489,,
CION,CION Investment Corporation Common Stock,$10.11,0.07,0.697%,532670261.00,United States,2021,142391,Finance,Finance/Investors Services
CISO,CISO Global Inc. Common Stock,$1.07,0.01,0.943%,34285975.00,United States,,384098,Consumer Discretionary,Professional Services
CISS,C3is Inc. Common Stock,$3.64,-0.05,-1.355%,2841996.00,Greece,,33909,Consumer Discretionary,Marine Transportation
CIVB,Civista Bancshares Inc. Common Stock,$21.26,-0.01,-0.047%,329935471.00,United States,,62599,Finance,Major Banks
CIVI,Civitas Resources Inc. Common Stock,$29.60,0.68,2.351%,2740364862.00,United States,2017,1306008,Energy,Oil & Gas Production
CIX,CompX International Inc. Common Stock,$24.04,-0.68,-2.751%,296138110.00,United States,1998,6524,Consumer Discretionary,Industrial Machinery/Components
CJET,Chijet Motor Company Inc. Ordinary Shares,$2.65,0.31,13.248%,86091941.00,Cayman Islands,,3450,Consumer Discretionary,Auto Manufacturing
CJMB,Callan JMB Inc. Common Stock,$5.72,0.22,4.00%,25417215.00,United States,2025,13659,Consumer Discretionary,Business Services
CKX,CKX Lands Inc. Common Stock,$11.58,-0.12,-1.026%,23775234.00,United States,2003,12933,Energy,Oil & Gas Production
CL,Colgate-Palmolive Company Common Stock,$88.70,2.06,2.378%,71884264467.00,United States,,5047453,Consumer Discretionary,Package Goods/Cosmetics
CLAR,Clarus Corporation Common Stock,$3.87,0.18,4.878%,148615059.00,United States,,141433,Consumer Discretionary,Recreational Games/Products/Toys
CLB,Core Laboratories Inc. Common Stock,$11.77,0.35,3.065%,551812145.00,Netherlands,2023,543709,Energy,Oilfield Services/Equipment
CLBK,Columbia Financial Inc. Common Stock,$14.70,-0.25,-1.672%,1542435147.00,United States,2018,82319,Finance,Savings Institutions
CLBT,Cellebrite DI Ltd. Ordinary Shares,$14.26,0.06,0.423%,3414843084.00,Israel,,873602,Technology,Computer Software: Prepackaged Software
CLCO,Cool Company Ltd. Common Shares,$6.81,0.08,1.189%,365878950.00,,2023,60240,Consumer Discretionary,Marine Transportation
CLDI,Calidi Biotherapeutics Inc. Common Stock,$0.696,-0.0174,-2.439%,22127636.00,,2021,2013418,Health Care,Biotechnology: Biological Products (No Diagnostic Substances)
CLDT,Chatham Lodging Trust (REIT) Common Shares of Beneficial Interest,$7.36,0.25,3.516%,360524073.00,United States,2010,210500,Real Estate,Real Estate Investment Trusts
CLDT^A,Chatham Lodging Trust (REIT) 6.625% Series A Cumulative Redeemable Preferred Shares of Beneficial Interest,$20.55,-0.155,-0.749%,,United States,,860,,
CLDX,Celldex Therapeutics Inc.,$22.36,0.30,1.36%,1484575229.00,United States,,717510,Health Care,Biotechnology: In Vitro & In Vivo Diagnostic Substances
CLF,Cleveland-Cliffs Inc. Common Stock,$11.32,0.66,6.191%,5599508218.00,United States,,52825535,Basic Materials,Metal Mining
CLFD,Clearfield Inc. Common Stock,$43.30,0.30,0.698%,598880135.00,United States,,184057,Utilities,Telecommunications Equipment
CLGN,CollPlant Biotechnologies Ltd Ordinary Shares,$2.21,-0.03,-1.339%,25314472.00,Israel,,39935,Health Care,Industrial Specialties
CLH,Clean Harbors Inc. Common Stock,$227.29,1.45,0.642%,12178107511.00,United States,,330623,Industrials,Environmental Services
CLIK,Click Holdings Limited Class A Ordinary Share,$0.4041,0.0042,1.05%,6021090.00,Hong Kong,2024,469225,Consumer Discretionary,Diversified Commercial Services
CLIR,ClearSign Technologies Corporation Common Stock (DE),$0.595,0.01,1.709%,31191407.00,United States,2012,132326,Industrials,Industrial Machinery/Components
CLLS,Cellectis S.A. American Depositary Shares,$1.85,0.02,1.093%,133373665.00,France,2015,60566,Health Care,Biotechnology: Pharmaceutical Preparations
CLM,Cornerstone Strategic Investment Fund Inc. Common Shares,$7.975,0.005,0.063%,0.00,United States,2003,988238,Finance,Finance/Investors Services
CLMB,Climb Global Solutions Inc. Common Stock,$98.14,-0.82,-0.829%,451675807.00,United States,,40652,Technology,Retail: Computer Software & Peripheral Equipment
CLMT,Calumet Inc. Common Stock,$17.02,0.48,2.902%,1474297419.00,United States,2006,681523,Energy,Integrated oil Companies
CLNE,Clean Energy Fuels Corp. Common Stock,$2.09,0.04,1.951%,461852202.00,United States,2007,1628732,Utilities,Natural Gas Distribution
CLNN,Clene Inc. Common Stock,$3.81,-0.06,-1.55%,34224266.00,United States,,44827,Health Care,Biotechnology: Pharmaceutical Preparations
CLNNW,Clene Inc. Warrant,$0.03,-0.0002,-0.662%,269482.00,United States,,5473,Health Care,Biotechnology: Pharmaceutical Preparations
CLOV,Clover Health Investments Corp. Class A Common Stock,$3.22,0.11,3.537%,1638711391.00,United States,,12050405,Health Care,Medical Specialities
CLPR,Clipper Realty Inc. Common Stock,$4.01,-0.04,-0.988%,64747649.00,United States,2017,63082,Real Estate,Real Estate Investment Trusts
CLPS,CLPS Incorporation Common Stock,$0.95,-0.0536,-5.341%,26448636.00,China,2018,28985,Technology,Computer Software: Prepackaged Software
CLPT,ClearPoint Neuro Inc. Common Stock,$11.22,0.24,2.186%,314038757.00,United States,,253766,Health Care,Medical/Dental Instruments
CLRB,Cellectar Biosciences Inc.  Common Stock,$5.20,-0.03,-0.574%,9422608.00,United States,,100607,Health Care,Biotechnology: Pharmaceutical Preparations
CLRO,ClearOne Inc. (DE) Common Stock,$5.94,-0.46,-7.188%,10293224.00,United States,,59398,Utilities,Telecommunications Equipment
CLS,Celestica Inc. Common Stock,$156.91,-6.11,-3.748%,18043391582.00,Canada,1998,3843054,Technology,Electrical Products
CLSD,Clearside Biomedical Inc. Common Stock,$0.3514,0.0124,3.658%,27306780.00,United States,2016,1734066,Health Care,Biotechnology: Pharmaceutical Preparations
CLSK,CleanSpark Inc. Common Stock,$12.84,0.45,3.632%,3607319111.00,United States,,20632229,Finance,Finance: Consumer Services
CLSKW,CleanSpark Inc. Warrant,$0.4265,0.0364,9.331%,119822555.00,United States,,347017,Finance,Finance: Consumer Services
CLST,Catalyst Bancorp Inc. Common Stock,$12.27,-0.21,-1.683%,51295937.00,United States,2021,2001,Finance,Savings Institutions
CLVT,Clarivate Plc Ordinary Shares,$4.38,0.16,3.791%,2991920596.00,United Kingdom,2019,4460660,Technology,EDP Services
CLW,Clearwater Paper Corporation Common Stock,$28.78,0.51,1.804%,467836945.00,United States,,127949,Basic Materials,Paper
CLWT,Euro Tech Holdings Company Limited Common Stock,$1.22,0.0242,2.024%,9292550.00,Hong Kong,1997,7538,Consumer Discretionary,Professional and commerical equipment
CLX,Clorox Company (The) Common Stock,$129.78,3.21,2.536%,15995749292.00,United States,,1341952,Consumer Discretionary,Specialty Chemicals
CLYM,Climb Bio Inc. Common Stock,$1.41,0.00,0.00%,95281831.00,United States,2021,64961,Health Care,Biotechnology: Pharmaceutical Preparations
CM,Canadian Imperial Bank of Commerce Common Stock,$74.42,0.99,1.348%,69522462517.00,Canada,,2042742,Finance,Commercial Banks
CMA,Comerica Incorporated Common Stock,$65.28,2.12,3.357%,8578629151.00,United States,,5678887,Finance,Major Banks
CMBM,Cambium Networks Corporation Ordinary Shares,$1.11,-0.25,-18.382%,31350627.00,Cayman Islands,2019,1456631,Technology,Radio And Television Broadcasting And Communications Equipment
CMBT,CMB.TECH NV Ordinary Shares,$9.15,0.05,0.549%,2013226124.00,,2015,83874,Consumer Discretionary,Marine Transportation
CMC,Commercial Metals Company Common Stock,$53.71,0.65,1.225%,6011788766.00,United States,,923610,Industrials,Steel/Iron Ore
CMCL,Caledonia Mining Corporation Plc Common Shares,$22.85,0.95,4.338%,440885814.00,Canada,,210918,Basic Materials,Precious Metals
CMCM,Cheetah Mobile Inc. American Depositary Shares each representing fifty (50) Class A Ordinary Shares,$5.77,-0.45,-7.235%,4427131271.00,China,2022,106343,Technology,Computer Software: Prepackaged Software
CMCO,Columbus McKinnon Corporation Common Stock,$15.60,0.56,3.723%,446662928.00,United States,1996,400922,Industrials,Construction/Ag Equipment/Trucks
CMCSA,Comcast Corporation Class A Common Stock,$35.27,0.26,0.743%,131687737505.00,United States,,14552677,Telecommunications,Cable & Other Pay Television Services
CMCT,Creative Media & Community Trust Corporation Common stock,$7.29,0.1647,2.311%,5501085.00,United States,,4136,Real Estate,Real Estate Investment Trusts
CMDB,Costamare Bulkers Holdings Limited Common Stock,$9.35,0.15,1.63%,226305016.00,,2025,69632,,
CME,CME Group Inc. Class A Common Stock,$274.64,-0.36,-0.131%,98969063047.00,United States,2002,2682928,Finance,Investment Bankers/Brokers/Service
CMG,Chipotle Mexican Grill Inc. Common Stock,$52.38,-0.08,-0.152%,70574926320.00,United States,2006,15916281,Consumer Discretionary,Restaurants
CMI,Cummins Inc. Common Stock,$357.25,12.63,3.665%,49212936953.00,United States,,1401853,Industrials,Industrial Machinery/Components
CMMB,Chemomab Therapeutics Ltd. American Depositary Share,$1.12,0.02,1.818%,21119404.00,Israel,2019,77159,Health Care,Biotechnology: Pharmaceutical Preparations
CMND,Clearmind Medicine Inc. Common Shares,$1.13,-0.03,-2.586%,4953056.00,Canada,,254035,Health Care,Biotechnology: Pharmaceutical Preparations
CMP,Compass Minerals Intl Inc Common Stock,$21.18,0.03,0.142%,881522656.00,United States,2003,377824,Industrials,Mining & Quarrying of Nonmetallic Minerals (No Fuels)
CMPO,CompoSecure Inc. Class A Common Stock,$14.53,-0.51,-3.391%,1486678390.00,United States,2020,764708,Finance,Finance: Consumer Services
CMPOW,CompoSecure Inc. Warrant,$6.99,-0.10,-1.41%,715201785.00,United States,2020,38305,Finance,Finance: Consumer Services
CMPR,Cimpress plc Ordinary Shares (Ireland),$47.31,2.66,5.957%,1177014703.00,Netherlands,2005,239185,Consumer Discretionary,Publishing
CMPS,COMPASS Pathways Plc American Depository Shares,$4.42,-0.04,-0.897%,413542948.00,United Kingdom,2020,1584952,Health Care,Biotechnology: Pharmaceutical Preparations
CMPX,Compass Therapeutics Inc. Common Stock,$3.07,0.00,0.00%,424527269.00,United States,,527627,Health Care,Biotechnology: Biological Products (No Diagnostic Substances)
CMRE,Costamare Inc. Common Stock $0.0001 par value,$9.35,0.21,2.298%,1121639922.00,Greece,2010,426661,Consumer Discretionary,Marine Transportation
CMRE^B,Costamare Inc. Perpetual Preferred Stock Series B (Marshall Islands),$25.57,0.0438,0.172%,,Greece,,566,,
CMRE^C,Costamare Inc. Perpetual Preferred Series C (Marshall Islands),$25.7648,0.0531,0.207%,,Greece,,4145,,
CMRE^D,Costamare Inc. 8.75% Series D Cumulative Redeemable Perpetual Preferred Stock,$26.6465,0.0565,0.212%,,Greece,,2349,,
CMS,CMS Energy Corporation Common Stock,$73.58,1.33,1.841%,22009525157.00,United States,,1520271,Utilities,Power Generation
CMS^B,CMS Energy Corporation Preferred Stock,$75.90,0.363,0.481%,,United States,,1450,,
CMS^C,CMS Energy Corporation Depositary Shares each representing a 1/1000th interest in a share of 4.200% Cumulative Redeemable Perpetual Preferred Stock Series C,$17.64,0.17,0.973%,,United States,,24895,,
CMSA,CMS Energy Corporation 5.625% Junior Subordinated Notes due 2078,$21.7101,0.0001,0.00%,6494006416.00,United States,2018,6353,Utilities,Power Generation
CMSC,CMS Energy Corporation 5.875% Junior Subordinated Notes due 2078,$22.47,-0.03,-0.133%,6721310550.00,United States,2018,10916,Utilities,Power Generation
CMSD,CMS Energy Corporation 5.875% Junior Subordinated Notes due 2079,$22.92,0.00,0.00%,6855916235.00,United States,2019,34649,Utilities,Power Generation
CMT,Core Molding Technologies Inc Common Stock,$17.25,0.51,3.047%,155112604.00,United States,1996,36427,Industrials,Plastic Products
CMTG,Claros Mortgage Trust Inc. Common Stock,$3.24,0.19,6.23%,451535009.00,United States,2021,1112044,Finance,Real Estate
CMTL,Comtech Telecommunications Corp. Common Stock,$2.25,-0.10,-4.255%,66139342.00,United States,,207279,Technology,Radio And Television Broadcasting And Communications Equipment
CMU,MFS Municipal Income Trust Common Stock,$3.24,0.02,0.621%,91774017.00,United States,1987,118706,Finance,Investment Managers
CNA,CNA Financial Corporation Common Stock,$44.64,0.94,2.151%,12080560054.00,United States,,637254,Finance,Property-Casualty Insurers
CNC,Centene Corporation Common Stock,$27.89,0.46,1.677%,13878147670.00,United States,,18992484,Health Care,Medical Specialities
CNCK,Coincheck Group N.V. Ordinary Shares,$5.742,-0.018,-0.313%,744755062.00,Netherlands,,41560,Finance,Finance: Consumer Services
CNCKW,Coincheck Group N.V. Warrants,$1.04,-0.01,-0.952%,134891199.00,Netherlands,,4582,Finance,Finance: Consumer Services
CNDT,Conduent Incorporated Common Stock ,$2.70,0.10,3.846%,436941373.00,United States,,867299,Consumer Discretionary,Business Services
CNET,ZW Data Action Technologies Inc. Common Stock,$1.63,0.01,0.617%,3750964.00,China,,35860,Technology,Computer Software: Programming Data Processing
CNEY,CN Energy Group Inc. Class A Ordinary Shares,$2.68,0.06,2.29%,8066800.00,China,2021,21348,Industrials,Major Chemicals
CNF,CNFinance Holdings Limited American Depositary Shares each representing  twenty (20) Ordinary Shares,$0.74,0.00,0.00%,50750800.00,,2018,499185,Finance,Finance: Consumer Services
CNFR,Conifer Holdings Inc. Common Stock,$0.88,0.0099,1.138%,10756135.00,United States,2015,4014,Finance,Property-Casualty Insurers
CNFRZ,Conifer Holdings Inc. 9.75% Senior Unsecured Notes due 2028,$19.90,0.00,0.00%,243235332.00,United States,,5,Finance,Property-Casualty Insurers
CNH,CNH Industrial N.V. Common Shares,$13.06,0.40,3.16%,16317577127.00,United Kingdom,2013,29101230,Industrials,Construction/Ag Equipment/Trucks
CNI,Canadian National Railway Company Common Stock,$100.37,0.82,0.824%,62982175000.00,Canada,,2564443,Industrials,Railroads
CNK,Cinemark Holdings Inc Cinemark Holdings Inc. Common Stock,$30.07,0.32,1.076%,3458399113.00,United States,2007,3322823,Consumer Discretionary,Movies/Entertainment
CNL,Collective Mining Ltd. Common Shares,$9.87,-0.16,-1.595%,837443433.00,,2024,27719,,
CNM,Core & Main Inc. Class A Common Stock,$65.03,2.10,3.337%,12819182206.00,United States,2021,3017262,Consumer Discretionary,Durable Goods
CNMD,CONMED Corporation Common Stock,$48.03,0.19,0.397%,1486041716.00,United States,1987,658914,Health Care,Biotechnology: Electromedical & Electrotherapeutic Apparatus
CNNE,Cannae Holdings Inc. Common Stock,$21.60,0.21,0.982%,1356868822.00,United States,2017,816234,Consumer Discretionary,Restaurants
CNO,CNO Financial Group Inc. Common Stock,$37.62,0.48,1.292%,3729699468.00,United States,,747967,Finance,Accident &Health Insurance
CNO^A,CNO Financial Group Inc. 5.125% Subordinated Debentures due 2060,$18.34,-0.06,-0.326%,,United States,,47690,,
CNOB,ConnectOne Bancorp Inc. Common Stock,$25.10,0.17,0.682%,965596373.00,United States,,293278,Finance,Major Banks
CNOBP,ConnectOne Bancorp Inc. Depositary Shares each representing a 1/40th interest in a share of 5.25% Fixed-Rate Reset Non-Cumulative Perpetual Preferred Stock Series A,$23.25,-0.04,-0.172%,894426919.00,United States,,6974,Finance,Major Banks
CNP,CenterPoint Energy Inc (Holding Co) Common Stock,$37.76,0.34,0.909%,24647024308.00,United States,,5460757,Utilities,Electric Utilities: Central
CNQ,Canadian Natural Resources Limited Common Stock,$31.20,0.64,2.094%,65310211200.00,Canada,,4172318,Energy,Oil & Gas Production
CNR,Core Natural Resources Inc. Common Stock,$83.69,6.36,8.224%,4407121760.00,United States,2017,1321902,Energy,Coal Mining
CNS,Cohen & Steers Inc Common Stock,$74.84,1.03,1.395%,3815280110.00,United States,2004,259878,Finance,Investment Managers
CNSP,CNS Pharmaceuticals Inc. Common Stock,$8.82,-0.1212,-1.356%,48174408.00,United States,2019,84936,Health Care,Biotechnology: Pharmaceutical Preparations
CNTA,Centessa Pharmaceuticals plc American Depositary Shares,$16.17,0.11,0.685%,2160615576.00,United Kingdom,2021,616348,Health Care,Biotechnology: Pharmaceutical Preparations
CNTB,Connect Biopharma Holdings Limited American Depositary Shares,$2.38,0.38,19.00%,132235313.00,China,2021,837183,Health Care,Biotechnology: Pharmaceutical Preparations
CNTX,Context Therapeutics Inc. Common Stock,$0.8272,-0.0415,-4.777%,74203309.00,United States,2021,202608,Health Care,Biotechnology: Pharmaceutical Preparations
CNTY,Century Casinos Inc. Common Stock,$2.46,-0.03,-1.205%,75479203.00,United States,,30024,Consumer Discretionary,Hotels/Resorts
CNVS,Cineverse Corp. Class A Common Stock,$5.95,-0.15,-2.459%,101792969.00,United States,,361539,Consumer Discretionary,Consumer Electronics/Video Chains
CNX,CNX Resources Corporation Common Stock,$33.35,0.97,2.996%,4826503079.00,United States,1999,2563954,Energy,Oil & Gas Production
CNXC,Concentrix Corporation Common Stock,$60.88,3.06,5.292%,3836969306.00,United States,,587335,Technology,Computer Software: Prepackaged Software
CNXN,PC Connection Inc. Common Stock,$65.17,-0.10,-0.153%,1655138000.00,United States,,55232,Consumer Discretionary,Catalog/Specialty Distribution
COCH,Envoy Medical Inc. Class A Common Stock,$1.61,0.00,0.00%,34335857.00,United States,2021,26839,Health Care,Industrial Specialties
COCHW,Envoy Medical Inc Warrant,$0.045,-0.0199,-30.663%,959698.00,United States,2021,32090,Health Care,Industrial Specialties
COCO,The Vita Coco Company Inc. Common Stock,$39.10,0.07,0.179%,2218282665.00,United States,2021,735528,Consumer Staples,Beverages (Production/Distribution)
COCP,Cocrystal Pharma Inc. Common Stock,$1.60,-0.01,-0.621%,16278064.00,United States,,12375,Health Care,Biotechnology: Pharmaceutical Preparations
CODA,Coda Octopus Group Inc. Common stock,$7.33,-0.47,-6.026%,82334328.00,United States,,158859,Industrials,Industrial Machinery/Components
CODI,D/B/A Compass Diversified Holdings Shares of Beneficial Interest,$6.67,0.30,4.71%,501823893.00,United States,2006,1084778,Consumer Discretionary,Home Furnishings
CODI^A,Compass Diversified Holdings 7.250% Series A Preferred Shares representing beneficial interest in Compass Diversified Holdings,$17.50,-0.18,-1.018%,,United States,,9483,,
CODI^B,Compass Diversified Holdings 7.875% Series B Fixed-to-Floating Rate Cumulative Preferred Shares representing beneficial interests in Compass Diversified Holdings,$19.22,-0.02,-0.104%,,United States,,10821,,
CODI^C,Compass Diversified Holdings 7.875% Series C Cumulative Preferred Shares,$19.20,-0.04,-0.208%,,United States,,67373,,
CODX,Co-Diagnostics Inc. Common Stock,$0.2944,0.011,3.881%,9924969.00,United States,2017,1340098,Health Care,Medical/Dental Instruments
COE,51Talk Online Education Group American depositary shares each representing 60 Class A ordinary shares,$29.01,-1.09,-3.621%,169983370.00,China,2016,14559,Real Estate,Other Consumer Services
COEP,Coeptis Therapeutics Holdings Inc. Common Stock,$10.91,0.21,1.963%,38335973.00,United States,2020,68127,Health Care,Biotechnology: Biological Products (No Diagnostic Substances)
COEPW,Coeptis Therapeutics Holdings Inc. Warrants,$0.035,-0.0035,-9.091%,122984.00,United States,2020,63823,Health Care,Biotechnology: Biological Products (No Diagnostic Substances)
COF,Capital One Financial Corporation Common Stock,$217.42,1.54,0.713%,83301767426.00,United States,1994,4365803,Finance,Major Banks
COF^I,Capital One Financial Corporation Depositary shares each representing a 1/40th interest in a share of Fixed Rate Non-Cumulative Perpetual Preferred Stock Series I of the Issuer,$19.70,-0.03,-0.152%,,United States,,68700,,
COF^J,Capital One Financial Corporation Depositary Shares Each Representing a 1/40th Interest in a Share of Fixed Rate Non- Cumulative Perpetual Preferred Stock Series J,$18.6601,-0.0499,-0.267%,,United States,,43040,,
COF^K,Capital One Financial Corporation Depositary Shares Each Representing a 1/40th Ownership Interest in a Share of Fixed Rate Non-Cumulative Perpetual Preferred Stock Series K,$18.0174,0.0674,0.375%,,United States,,9072,,
COF^L,Capital One Financial Corporation Depositary Shares Each Representing a 1/40th Interest in a Share of Fixed Rate Non-Cumulative Perpetual Preferred Stock Series L,$17.20,-0.01,-0.058%,,United States,,25551,,
COF^N,Capital One Financial Corporation Depositary Shares Each Representing a 1/40th Ownership Interest in a Share of Fixed Rate Non-Cumulative Perpetual Preferred Stock Series N,$17.01,-0.04,-0.235%,,United States,,6659,,
COFS,ChoiceOne Financial Services Inc. Common Stock,$29.48,0.13,0.443%,441735778.00,United States,,76512,Finance,Major Banks
COGT,Cogent Biosciences Inc. Common Stock,$12.45,0.15,1.22%,1417512852.00,United States,2018,3469484,Health Care,Biotechnology: Pharmaceutical Preparations
COHN,Cohen & Company Inc.,$12.01,0.51,4.435%,24676635.00,United States,,45218,Finance,Investment Bankers/Brokers/Service
COHR,Coherent Corp. Common Stock,$97.02,-2.86,-2.863%,15080848079.00,United States,,2810099,Technology,Electronic Components
COHU,Cohu Inc. Common Stock,$19.79,-0.31,-1.542%,920288235.00,United States,,280459,Industrials,Electrical Products
COIN,Coinbase Global Inc. Class A Common Stock,$404.44,-9.19,-2.222%,103012875640.00,United States,,14509240,Finance,Finance: Consumer Services
COKE,Coca-Cola Consolidated Inc. Common Stock,$117.37,2.64,2.301%,10232063081.00,United States,1972,618081,Consumer Staples,Beverages (Production/Distribution)
COLA,Columbus Acquisition Corp Ordinary Shares,$10.14,0.00,0.00%,0.00,Singapore,2025,15,,
COLAR,Columbus Acquisition Corp Rights,$0.1301,-0.0129,-9.021%,0.00,Singapore,2025,703,,
COLAU,Columbus Acquisition Corp Unit,$10.47,0.00,0.00%,0.00,Singapore,2025,29,,
COLB,Columbia Banking System Inc. Common Stock,$24.38,0.17,0.702%,5124695455.00,United States,1992,2770585,Finance,Savings Institutions
COLD,Americold Realty Trust Inc. Common Stock,$16.94,0.50,3.041%,4823251207.00,United States,2018,3264366,Real Estate,Real Estate Investment Trusts
COLL,Collegium Pharmaceutical Inc. Common Stock,$31.64,0.73,2.362%,1016978955.00,United States,2015,272130,Health Care,Biotechnology: Pharmaceutical Preparations
COLM,Columbia Sportswear Company Common Stock,$62.09,2.21,3.691%,3399048627.00,United States,1998,486054,Consumer Discretionary,Apparel
COMM,CommScope Holding Company Inc. Common Stock,$7.59,-0.26,-3.312%,1643971518.00,United States,2013,3804485,Technology,Radio And Television Broadcasting And Communications Equipment
COMP,Compass Inc. Class A Common Stock,$7.30,0.35,5.036%,3805098450.00,United States,2021,9144816,Technology,EDP Services
CON,Concentra Group Holdings Parent Inc. Common Stock,$19.77,-0.18,-0.902%,2533959491.00,United States,2024,746147,Health Care,Medical Specialities
COO,The Cooper Companies Inc. Common Stock,$73.03,1.71,2.398%,14570398167.00,United States,,2832456,Health Care,Ophthalmic Goods
COOK,Traeger Inc. Common Stock,$1.98,0.08,4.211%,268666707.00,United States,2021,250942,Consumer Discretionary,Consumer Electronics/Appliances
COOP,Mr. Cooper Group Inc. Common Stock,$169.12,8.31,5.168%,10821208988.00,United States,,2571211,Finance,Finance: Consumer Services
COOT,Australian Oilseeds Holdings Limited Ordinary Shares,$0.5328,-0.0182,-3.303%,14864341.00,Australia,,57206,Consumer Staples,Packaged Foods
COOTW,Australian Oilseeds Holdings Limited Warrant,$0.0228,0.00,0.00%,636087.00,Australia,,6157,Consumer Staples,Packaged Foods
COP,ConocoPhillips Common Stock,$92.98,1.98,2.176%,117378884217.00,United States,,5543929,Energy,Integrated oil Companies
COPL,Copley Acquisition Corp Ordinary Shares,$10.06,-0.01,-0.099%,0.00,,2025,16636,,
COR,Cencora Inc. Common Stock,$292.97,0.30,0.103%,56784466986.00,United States,,868268,Health Care,Other Pharmaceuticals
CORT,Corcept Therapeutics Incorporated Common Stock,$69.08,-1.04,-1.483%,7325567600.00,United States,2004,852874,Health Care,Biotechnology: Pharmaceutical Preparations
CORZ,Core Scientific Inc. Common Stock,$13.48,0.21,1.583%,4014638336.00,United States,,12597048,Finance,Finance: Consumer Services
CORZW,Core Scientific Inc. Tranche 1 Warrants,$7.29,0.13,1.816%,2171121177.00,United States,,737057,Finance,Finance: Consumer Services
CORZZ,Core Scientific Inc. Tranche 2 Warrants,$13.33,0.00,0.00%,3969965061.00,United States,,13979,Finance,Finance: Consumer Services
COSM,Cosmos Health Inc. Common Stock,$0.4789,-0.0011,-0.229%,13769056.00,United States,,203868,Health Care,Other Pharmaceuticals
COSO,CoastalSouth Bancshares Inc. Common Stock,$21.06,0.06,0.286%,252178147.00,,2025,99361,Finance,Major Banks
COST,Costco Wholesale Corporation Common Stock,$941.61,-5.95,-0.628%,417582458948.00,United States,,1797507,Consumer Discretionary,Department/Specialty Retail Stores
COTY,Coty Inc. Class A Common Stock,$5.01,0.24,5.031%,4370172700.00,United States,2013,14988806,Consumer Discretionary,Package Goods/Cosmetics
COUR,Coursera Inc. Common Stock,$8.92,-0.01,-0.112%,1439688000.00,United States,2021,2840074,Technology,Computer Software: Prepackaged Software
COYA,Coya Therapeutics Inc. Common Stock,$5.69,-0.09,-1.557%,95165239.00,United States,2022,64850,Health Care,Biotechnology: Pharmaceutical Preparations
CP,Canadian Pacific Kansas City Limited Common Shares,$78.30,0.80,1.032%,73063698071.00,Canada,,2901562,Industrials,Railroads
CPA,Copa Holdings S.A. Class A Common Stock,$109.09,1.65,1.536%,4491557770.00,Panama,2005,293822,Consumer Discretionary,Air Freight/Delivery Services
CPAC,Cementos Pacasmayo S.A.A. American Depositary Shares (Each representing five Common Shares),$6.25,0.15,2.459%,529835563.00,Peru,,3922,Industrials,Building Materials
CPAY,Corpay Inc. Common Stock,$334.29,3.52,1.064%,23565255735.00,United States,,374244,Consumer Discretionary,Business Services
CPB,The Campbell's Company Common Stock,$32.21,1.425,4.629%,9602766398.00,United States,,4731678,Consumer Staples,Packaged Foods
CPBI,Central Plains Bancshares Inc. Common Stock,$14.86,-0.09,-0.602%,62769799.00,United States,2023,811,Finance,Savings Institutions
CPF,Central Pacific Financial Corp New,$28.48,-0.04,-0.14%,768274429.00,United States,,89151,Finance,Major Banks
CPHC,Canterbury Park Holding Corporation 'New' Common Stock,$18.06,-0.42,-2.273%,91349069.00,United States,,2806,Consumer Discretionary,Services-Misc. Amusement & Recreation
CPHI,China Pharma Holdings Inc. Common Stock,$1.78,0.01,0.565%,5806364.00,China,,41956,Health Care,Biotechnology: Pharmaceutical Preparations
CPIX,Cumberland Pharmaceuticals Inc. Common Stock,$3.40,-0.10,-2.857%,50867866.00,United States,2009,30379,Health Care,Biotechnology: Pharmaceutical Preparations
CPK,Chesapeake Utilities Corporation Common Stock,$122.78,-0.33,-0.268%,2864133015.00,United States,,153264,Utilities,Oil & Gas Production
CPNG,Coupang Inc. Class A Common Stock,$30.78,-0.61,-1.943%,55884568879.00,United States,2021,11827503,Consumer Discretionary,Catalog/Specialty Distribution
CPOP,Pop Culture Group Co. Ltd Class A Ordinary Shares,$0.77,0.0198,2.639%,11503062.00,China,2021,493996,Consumer Discretionary,Services-Misc. Amusement & Recreation
CPRI,Capri Holdings Limited Ordinary Shares,$19.53,0.12,0.618%,2302989201.00,Hong Kong,2011,2718491,Consumer Discretionary,Apparel
CPRT,Copart Inc. (DE) Common Stock,$46.39,0.36,0.782%,44856170967.00,United States,1994,6640895,Consumer Discretionary,Retail-Auto Dealers and Gas Stations
CPRX,Catalyst Pharmaceuticals Inc. Common Stock,$20.90,-0.11,-0.524%,2549280677.00,United States,2006,1311667,Health Care,Biotechnology: Pharmaceutical Preparations
CPS,Cooper-Standard Holdings Inc. Common Stock,$22.96,0.18,0.79%,402905455.00,United States,,145849,Consumer Discretionary,Auto Parts:O.E.M.
CPSH,CPS Technologies Corp. Common Stock,$2.52,-0.01,-0.395%,36605419.00,United States,,41720,Consumer Discretionary,Building Materials
CPSS,Consumer Portfolio Services Inc. Common Stock,$8.68,-0.17,-1.921%,187139021.00,United States,1992,16621,Finance,Finance: Consumer Services
CPT,Camden Property Trust Common Stock,$115.69,2.45,2.164%,12360084518.00,United States,1993,525208,Real Estate,Real Estate Investment Trusts
CPZ,Calamos Long/Short Equity & Dynamic Income Trust Common Stock,$16.27,-0.08,-0.489%,319415796.00,United States,2019,57408,Finance,Trusts Except Educational Religious and Charitable
CQP,Cheniere Energy Partners LP Common Units,$52.38,-0.13,-0.248%,25354440683.00,United States,2007,140956,Utilities,Oil/Gas Transmission
CR,Crane Company Common Stock,$187.03,0.17,0.091%,10754447379.00,United States,2023,176670,Industrials,Metal Fabrications
CRAI,CRA International Inc. Common Stock,$174.59,-0.59,-0.337%,1188760962.00,United States,1998,61517,Consumer Discretionary,Other Consumer Services
CRAQ,Cal Redwood Acquisition Corp. Class A Ordinary Shares,$9.98,-0.035,-0.349%,0.00,United States,2025,95459,Finance,Blank Checks
CRAQR,Cal Redwood Acquisition Corp. Right,$0.2583,-0.0117,-4.333%,0.00,United States,2025,836,Finance,Blank Checks
CRAQU,Cal Redwood Acquisition Corp. Units,$10.24,0.00,0.00%,0.00,United States,2025,115,Finance,Blank Checks
CRBD,Corebridge Financial Inc. 6.375% Junior Subordinated Notes due 2064,$24.00,0.00,0.00%,0.00,United States,2024,39717,Finance,Life Insurance
CRBG,Corebridge Financial Inc. Common Stock,$34.96,0.40,1.157%,19237284642.00,United States,2022,1900017,Finance,Life Insurance
CRBP,Corbus Pharmaceuticals Holdings Inc. Common Stock,$8.70,0.14,1.636%,106459873.00,United States,,123783,Health Care,Biotechnology: Pharmaceutical Preparations
CRBU,Caribou Biosciences Inc. Common Stock,$2.37,0.30,14.493%,220420907.00,United States,2021,2458259,Health Care,Biotechnology: Biological Products (No Diagnostic Substances)
CRC,California Resources Corporation Common Stock,$48.98,0.62,1.282%,4367793165.00,United States,2020,950384,Energy,Oil & Gas Production
CRCL,Circle Internet Group Inc. Class A Common Stock,$198.31,-17.79,-8.232%,43735310206.00,,2025,18419165,Finance,Finance: Consumer Services
CRCT,Cricut Inc. Class A Common Stock,$5.49,0.11,2.045%,1162664234.00,United States,2021,654556,Technology,Industrial Machinery/Components
CRD/A,Crawford & Company,$10.85,0.29,2.746%,,United States,,71062,,
CRD/B,Crawford & Company,$10.50,0.39,3.858%,,United States,,5889,,
CRDF,Cardiff Oncology Inc. Common Stock,$3.78,-0.13,-3.325%,251467728.00,United States,,1600568,Health Care,Biotechnology: Biological Products (No Diagnostic Substances)
CRDL,Cardiol Therapeutics Inc. Class A Common Shares,$1.40,0.18,14.754%,115709615.00,Canada,,1061893,Health Care,Biotechnology: Biological Products (No Diagnostic Substances)
CRDO,Credo Technology Group Holding Ltd Ordinary Shares,$92.93,-2.81,-2.935%,15950675727.00,United States,2022,4895026,Technology,Semiconductors
CREG,Smart Powerr Corp. Common Stock,$2.206,0.176,8.67%,5501504.00,China,,63287,Consumer Discretionary,Business Services
CRESW,Cresud S.A.C.I.F. y A. Warrant,$0.80,-0.0206,-2.51%,477084256.00,Argentina,,10711,Finance,Real Estate
CRESY,Cresud S.A.C.I.F. y A. American Depositary Shares,$10.84,0.11,1.025%,646449167.00,Argentina,1997,116138,Finance,Real Estate
CREV,Carbon Revolution Public Limited Ordinary Shares,$3.83,0.25,6.983%,7220255.00,Ireland,,29370,Consumer Discretionary,Auto Parts:O.E.M.
CREVW,Carbon Revolution Public Limited Company Warrant,$0.0249,0.0025,11.161%,46941.00,Ireland,,20149,Consumer Discretionary,Auto Parts:O.E.M.
CREX,Creative Realities Inc. Common Stock,$2.85,-0.02,-0.697%,29978956.00,United States,,87920,Technology,EDP Services
CRF,Cornerstone Total Return Fund Inc. (The) Common Stock,$7.73,0.01,0.13%,0.00,United States,2003,467973,Finance,Finance/Investors Services
CRGO,Freightos Limited Ordinary shares,$2.65,0.17,6.855%,132613258.00,Israel,,138563,Consumer Discretionary,Oil Refining/Marketing
CRGOW,Freightos Limited Warrants,$0.203,0.002,0.995%,10158676.00,Israel,,84927,Consumer Discretionary,Oil Refining/Marketing
CRGX,CARGO Therapeutics Inc. Common Stock,$4.49,-0.03,-0.664%,207048955.00,United States,2023,7717514,,
CRGY,Crescent Energy Company Class A Common Stock,$8.64,0.19,2.249%,2205329665.00,United States,2021,2703370,Energy,Oil & Gas Production
CRH,CRH PLC Ordinary Shares,$95.54,1.29,1.369%,64309979194.00,Ireland,,2703067,Industrials,Building Materials
CRI,Carter's Inc. Common Stock,$33.48,2.07,6.59%,1220052113.00,United States,2003,1532497,Consumer Discretionary,Apparel
CRIS,Curis Inc. Common Stock,$1.82,0.08,4.598%,19041295.00,United States,,149910,Health Care,Biotechnology: Biological Products (No Diagnostic Substances)
CRK,Comstock Resources Inc. Common Stock,$21.35,0.33,1.57%,6253795201.00,United States,,2883495,Energy,Oil & Gas Production
CRL,Charles River Laboratories International Inc. Common Stock,$163.36,13.57,9.059%,8023542712.00,United States,2000,1884129,Health Care,Biotechnology: Commercial Physical & Biological Resarch
CRM,Salesforce Inc. Common Stock,$263.59,1.31,0.499%,251992040000.00,United States,2004,4998146,Technology,Computer Software: Prepackaged Software
CRMD,CorMedix Inc. Common Stock,$11.06,0.12,1.097%,750140729.00,United States,,1803503,Health Care,Biotechnology: Pharmaceutical Preparations
CRML,Critical Metals Corp. Ordinary Shares,$4.04,0.13,3.325%,366477167.00,British Virgin Islands,,2863832,Basic Materials,Metal Mining
CRMLW,Critical Metals Corp. Warrants,$1.4701,0.0301,2.09%,133355961.00,British Virgin Islands,,261642,Basic Materials,Metal Mining
CRMT,America's Car-Mart Inc Common Stock,$55.53,1.41,2.605%,458781586.00,United States,,66909,Consumer Discretionary,Retail-Auto Dealers and Gas Stations
CRNC,Cerence Inc. Common Stock,$9.37,0.09,0.97%,405328078.00,United States,,1551484,Technology,Computer Software: Prepackaged Software
CRNT,Ceragon Networks Ltd. Ordinary Shares,$2.26,0.02,0.893%,200776319.00,Israel,,691562,Technology,Radio And Television Broadcasting And Communications Equipment
CRNX,Crinetics Pharmaceuticals Inc. Common Stock,$30.47,-0.48,-1.551%,2854433561.00,United States,2018,601270,Health Care,Biotechnology: Pharmaceutical Preparations
CRON,Cronos Group Inc. Common Share,$2.14,0.05,2.392%,824769685.00,Canada,,1602617,Health Care, Medicinal Chemicals and Botanical Products 
CROX,Crocs Inc. Common Stock,$106.31,2.67,2.576%,5961286580.00,United States,2006,940117,Consumer Discretionary,Shoe Manufacturing
CRS,Carpenter Technology Corporation Common Stock,$274.42,-6.57,-2.338%,13660447306.00,United States,,1117828,Industrials,Steel/Iron Ore
CRSP,CRISPR Therapeutics AG Common Shares,$65.93,0.60,0.918%,5693957686.00,Switzerland,2016,4194768,Health Care,Biotechnology: Biological Products (No Diagnostic Substances)
CRSR,Corsair Gaming Inc. Common Stock,$9.315,0.095,1.03%,985723966.00,United States,2020,796789,Technology,Computer peripheral equipment
CRT,Cross Timbers Royalty Trust Common Stock,$9.62,0.12,1.263%,57720000.00,United States,1992,12244,Energy,Oil & Gas Production
CRTO,Criteo S.A. American Depositary Shares,$23.21,-0.14,-0.60%,1233422779.00,France,2013,466040,Consumer Discretionary,Advertising
CRUS,Cirrus Logic Inc. Common Stock,$104.31,-0.32,-0.306%,5378237682.00,United States,1989,373709,Technology,Semiconductors
CRVL,CorVel Corp. Common Stock,$93.28,-2.75,-2.864%,4789991990.00,United States,,172873,Finance,Specialty Insurers
CRVO,CervoMed Inc. Common Stock,$8.25,-0.18,-2.135%,71797432.00,United States,,121450,Health Care,Biotechnology: Pharmaceutical Preparations
CRVS,Corvus Pharmaceuticals Inc. Common Stock,$4.33,-0.12,-2.697%,333906374.00,United States,2016,433437,Health Care,Biotechnology: Pharmaceutical Preparations
CRWD,CrowdStrike Holdings Inc. Class A Common Stock,$471.23,-10.35,-2.149%,117453217034.00,United States,2019,1971232,Technology,Computer Software: Prepackaged Software
CRWS,Crown Crafts Inc Common Stock,$2.90,0.01,0.346%,30645875.00,United States,,14137,Consumer Discretionary,Textiles
CRWV,CoreWeave Inc. Class A Common Stock,$129.77,4.86,3.891%,62286632549.00,United States,2025,9381707,Technology,Computer Software: Prepackaged Software
CSAI,Cloudastructure Inc. Class A Common Stock,$1.85,-0.03,-1.596%,30935632.00,United States,,125047,Technology,Computer Software: Programming Data Processing
CSAN,Cosan S.A. ADS,$4.10,-0.05,-1.205%,1905111117.00,Brazil,2021,1700855,Consumer Discretionary,Retail-Auto Dealers and Gas Stations
CSBR,Champions Oncology Inc. Common Stock,$7.845,-0.185,-2.304%,108472062.00,United States,,97106,Health Care,Biotechnology: Biological Products (No Diagnostic Substances)
CSCI,COSCIENS Biopharma Inc. Common Stock,$4.19,0.00,0.00%,13184975.00,Canada,,2046,Health Care,Biotechnology: Pharmaceutical Preparations
CSCO,Cisco Systems Inc. Common Stock (DE),$68.16,-0.18,-0.263%,269913475949.00,United States,1990,14524115,Telecommunications,Computer Communications Equipment
CSGP,CoStar Group Inc. Common Stock,$85.16,0.15,0.176%,35927867369.00,United States,1998,4518998,Consumer Discretionary,Business Services
CSGS,CSG Systems International Inc. Common Stock,$62.33,0.22,0.354%,1806132670.00,United States,1996,146412,Technology,EDP Services
CSIQ,Canadian Solar Inc. Common Shares (ON),$13.46,0.56,4.341%,901305761.00,Canada,2006,1085007,Technology,Semiconductors
CSL,Carlisle Companies Incorporated Common Stock,$418.82,13.84,3.417%,18115461025.00,United States,,465083,Industrials,Specialty Chemicals
CSPI,CSP Inc. Common Stock,$11.71,-0.18,-1.514%,115496913.00,United States,1982,10705,Technology,EDP Services
CSQ,Calamos Strategic Total Return Common Stock,$18.36,-0.03,-0.163%,2917176740.00,United States,2004,189206,Finance,Finance Companies
CSR,D/B/A Centerspace Common Stock,$59.17,0.24,0.407%,990210483.00,United States,,89828,Real Estate,Real Estate Investment Trusts
CSTE,Caesarstone Ltd. Ordinary Shares,$1.96,0.24,13.953%,67729421.00,Israel,2012,101951,Industrials,Building Materials
CSTL,Castle Biosciences Inc. Common Stock,$16.32,-0.40,-2.392%,471196181.00,United States,2019,457398,Health Care,Medical Specialities
CSTM,Constellium SE Ordinary Shares (France),$14.31,0.39,2.802%,2045156566.00,Netherlands,2013,1473265,Industrials,Metal Fabrications
CSV,Carriage Services Inc. Common Stock,$46.42,0.63,1.376%,728466043.00,United States,,83315,Consumer Discretionary,Other Consumer Services
CSW,CSW Industrials Inc. Common Stock,$285.16,2.45,0.867%,4792876603.00,United States,,94801,Industrials,Home Furnishings
CSWC,Capital Southwest Corporation Common Stock,$23.10,0.08,0.348%,1240718325.00,United States,,406223,Consumer Discretionary,Textiles
CSWCZ,Capital Southwest Corporation 7.75% Notes due 2028,$25.25,-0.14,-0.551%,1183490149.00,United States,,2091,Finance,Finance Companies
CSX,CSX Corporation Common Stock,$35.23,0.87,2.532%,66181171035.00,United States,,20965358,Industrials,Railroads
CTA^A,EIDP Inc. Preferred Stock $3.50 Series,$54.22,0.00,0.00%,,United States,,87,,
CTA^B,EIDP Inc. Preferred Stock $4.50 Series,$69.83,-0.03,-0.043%,,United States,,645,,
CTAS,Cintas Corporation Common Stock,$219.68,-1.64,-0.741%,88703920032.00,United States,1983,1318768,Consumer Discretionary,Apparel
CTBB,Qwest Corporation 6.5% Notes due 2056,$19.13,0.15,0.79%,19.00,United States,2016,25572,Telecommunications,Telecommunications Equipment
CTBI,Community Trust Bancorp Inc. Common Stock,$56.75,-0.11,-0.193%,1027795448.00,United States,,78590,Finance,Major Banks
CTDD,Qwest Corporation 6.75% Notes due 2057,$19.21,0.09,0.471%,19.00,United States,2017,21837,Telecommunications,Telecommunications Equipment
CTEV,Claritev Corporation Class A Common Stock,$42.68,-0.21,-0.49%,701504229.00,United States,2020,89231,Consumer Discretionary,Business Services
CTGO,Contango ORE Inc. Common Stock,$21.03,0.61,2.987%,263999853.00,United States,2021,143234,Basic Materials,Precious Metals
CTKB,Cytek Biosciences Inc. Common Stock,$3.25,0.15,4.839%,411642387.00,United States,2021,612773,Industrials,Biotechnology: Laboratory Analytical Instruments
CTLP,Cantaloupe Inc. Common Stock,$11.09,0.01,0.09%,810218344.00,United States,,2389868,Miscellaneous,Office Equipment/Supplies/Services
CTM,Castellum Inc. Common Stock,$1.27,-0.07,-5.224%,109266830.00,,2022,3688766,Consumer Discretionary,Professional Services
CTMX,CytomX Therapeutics Inc. Common Stock,$2.39,0.01,0.42%,192684890.00,United States,2015,1602045,Health Care,Biotechnology: Pharmaceutical Preparations
CTNM,Contineum Therapeutics Inc. Class A Common Stock,$5.18,-0.47,-8.319%,134014624.00,United States,2024,336721,Health Care,Biotechnology: Pharmaceutical Preparations
CTNT,Cheetah Net Supply Chain Service Inc. Class A Common Stock,$1.56,0.06,4.00%,4168337.00,United States,2023,44897,Consumer Discretionary,Motor Vehicles
CTO,CTO Realty Growth Inc. Common Stock,$17.64,0.32,1.848%,580968390.00,United States,1992,318909,Real Estate,Real Estate Investment Trusts
CTO^A,CTO Realty Growth Inc. 6.375% Series A Cumulative Redeemable Preferred Stock,$21.27,0.02,0.094%,,United States,,1631,,
CTOR,Citius Oncology Inc. Common Stock,$1.65,0.17,11.486%,118061463.00,United States,2022,432774,Health Care,Biotechnology: Pharmaceutical Preparations
CTOS,Custom Truck One Source Inc. Common Stock,$5.73,0.17,3.058%,1297706139.00,Cayman Islands,2017,904551,Consumer Discretionary,Diversified Commercial Services
CTRA,Coterra Energy Inc. Common Stock,$23.57,0.48,2.079%,17990055642.00,United States,,9016332,Energy,Oil & Gas Production
CTRE,CareTrust REIT Inc. Common Stock,$30.77,0.38,1.25%,5898270438.00,United States,2022,1866330,Real Estate,Real Estate Investment Trusts
CTRI,Centuri Holdings Inc. Common Stock,$20.68,0.14,0.682%,1831398983.00,,2024,468211,Utilities,Oil & Gas Production
CTRM,Castor Maritime Inc. Common Shares,$2.4086,0.0486,2.059%,23272746.00,Cyprus,,30842,Consumer Discretionary,Marine Transportation
CTRN,Citi Trends Inc. Common Stock,$31.77,0.53,1.697%,263502000.00,United States,2005,72217,Consumer Discretionary,Clothing/Shoe/Accessory Stores
CTS,CTS Corporation Common Stock,$40.71,0.04,0.098%,1214941546.00,United States,,318077,Technology,Electrical Products
CTSH,Cognizant Technology Solutions Corporation Class A Common Stock,$76.80,1.38,1.83%,37857942758.00,United States,1998,2738823,Technology,EDP Services
CTSO,Cytosorbents Corporation Common Stock,$1.00,-0.04,-3.846%,62610376.00,United States,,82351,Health Care,Medical/Dental Instruments
CTVA,Corteva Inc. Common Stock ,$73.75,0.75,1.027%,50310037500.00,United States,2019,3733930,Consumer Staples,Farming/Seeds/Milling
CTXR,Citius Pharmaceuticals Inc. Common Stock,$1.46,0.02,1.389%,15023889.00,United States,,385389,Health Care,Biotechnology: Pharmaceutical Preparations
CUB,Lionheart Holdings Class A Ordinary Shares,$10.49,0.00,0.00%,333252362.00,United States,2024,2206,Industrials,Industrial Machinery/Components
CUBB,Customers Bancorp Inc 5.375% Subordinated Notes Due 2034,$20.31,0.06,0.296%,641548096.00,United States,2019,1976,Finance,Major Banks
CUBE,CubeSmart Common Shares,$41.74,0.74,1.805%,9514800461.00,United States,,2242820,Real Estate,Real Estate Investment Trusts
CUBI,Customers Bancorp Inc Common Stock,$63.27,-0.66,-1.032%,1998559726.00,United States,,294960,Finance,Major Banks
CUBI^F,Customers Bancorp Inc Fixed-to-Floating Rate Non-Cumulative Perpetual Preferred Stock Series F,$25.72,-0.125,-0.484%,,United States,,2406,,
CUBWU,Lionheart Holdings Unit,$11.94,0.00,0.00%,0.00,United States,2024,1,Finance,Blank Checks
CUBWW,Lionheart Holdings Warrant,$0.2709,-0.0363,-11.816%,0.00,United States,2024,100,,
CUE,Cue Biopharma Inc. Common Stock,$0.899,0.016,1.812%,67739543.00,United States,2018,198417,Health Care,Biotechnology: Pharmaceutical Preparations
CUK,Carnival Plc ADS ADS,$27.31,0.11,0.404%,37029141735.00,United States,,1747922,Consumer Discretionary,Marine Transportation
CULP,Culp Inc. Common Stock,$4.41,0.04,0.915%,55385759.00,United States,,9363,Consumer Discretionary,Textiles
CUPR,Cuprina Holdings (Cayman) Limited Class A Ordinary Shares,$7.73,-0.22,-2.767%,162330000.00,Singapore,2025,444621,Health Care,Biotechnology: Pharmaceutical Preparations
CURB,Curbline Properties Corp. Common Stock,$23.30,0.32,1.393%,2451510805.00,United States,2024,396551,Finance,Real Estate
CURI,CuriosityStream Inc. Class A Common Stock,$4.60,0.12,2.679%,265079545.00,United States,2020,455007,Consumer Discretionary,Movies/Entertainment
CURIW,CuriosityStream Inc. Warrant,$0.0318,-0.0103,-24.466%,1832506.00,United States,2020,6295,Consumer Discretionary,Movies/Entertainment
CURR,Currenc Group Inc. Ordinary Shares,$1.87,0.22,13.333%,142278342.00,Singapore,,1884109,Consumer Discretionary,Business Services
CURV,Torrid Holdings Inc. Common Stock,$2.78,0.07,2.583%,291957338.00,United States,2021,602495,Consumer Discretionary,Clothing/Shoe/Accessory Stores
CUZ,Cousins Properties Incorporated Common Stock,$28.56,0.35,1.241%,4795556810.00,United States,,1152926,Real Estate,Real Estate Investment Trusts
CV,CapsoVision Inc. Common Stock,$4.40,-0.05,-1.124%,202813952.00,United States,2025,48830,Health Care,Biotechnology: Electromedical & Electrotherapeutic Apparatus
CVAC,CureVac N.V. Ordinary Shares,$5.43,0.03,0.556%,1218156736.00,Germany,2020,738446,Health Care,Biotechnology: Pharmaceutical Preparations
CVBF,CVB Financial Corporation Common Stock,$20.81,-0.01,-0.048%,2867713809.00,United States,,979663,Finance,Major Banks
CVCO,Cavco Industries Inc. Common Stock When Issued,$425.82,9.99,2.402%,3415808810.00,United States,,173775,Consumer Discretionary,Homebuilding
CVE,Cenovus Energy Inc Common Stock,$14.31,0.26,1.851%,26082837000.00,Canada,,10039724,Energy,Oil & Gas Production
CVEO,Civeo Corporation (Canada) Common Shares,$24.15,0.03,0.124%,324896108.00,,2014,43530,Consumer Discretionary,Hotels/Resorts
CVGI,Commercial Vehicle Group Inc. Common Stock,$1.875,0.145,8.382%,64942086.00,United States,2004,161962,Consumer Discretionary,Auto Parts:O.E.M.
CVGW,Calavo Growers Inc. Common Stock,$26.70,0.33,1.251%,476252492.00,United States,,157694,Consumer Discretionary,Specialty Foods
CVI,CVR Energy Inc. Common Stock,$27.85,-0.55,-1.937%,2799777182.00,United States,2007,786152,Energy,Integrated oil Companies
CVKD,Cadrenal Therapeutics Inc. Common Stock,$10.81,0.025,0.232%,21259757.00,United States,2023,45703,Health Care,Biotechnology: Pharmaceutical Preparations
CVLG,Covenant Logistics Group Inc. Class A Common Stock,$24.12,0.52,2.203%,640527777.00,United States,,82922,Industrials,Trucking Freight/Courier Services
CVLT,Commvault Systems Inc. Common Stock,$166.86,-1.87,-1.108%,7362769250.00,United States,2006,450544,Technology,Computer Software: Prepackaged Software
CVM,Cel-Sci Corporation Common Stock,$5.27,0.92,21.149%,15992210.00,United States,1997,694495,Health Care,Biotechnology: Biological Products (No Diagnostic Substances)
CVNA,Carvana Co. Class A Common Stock,$341.56,-0.36,-0.105%,73142650973.00,United States,2017,2630092,Consumer Discretionary,Retail-Auto Dealers and Gas Stations
CVR,Chicago Rivet & Machine Co. Common Stock,$11.55,-0.1502,-1.284%,11158825.00,United States,1930,5106,Industrials,Industrial Machinery/Components
CVRX,CVRx Inc. Common Stock,$8.07,-0.22,-2.654%,210405874.00,United States,2021,258466,Health Care,Medical/Dental Instruments
CVS,CVS Health Corporation Common Stock,$61.08,-0.56,-0.909%,77267386723.00,United States,,6683832,Consumer Staples,Retail-Drug Stores and Proprietary Stores
CVU,CPI Aerostructures Inc. Common Stock,$3.51,0.00,0.00%,45630253.00,United States,2022,22482,Industrials,Military/Government/Technical
CVV,CVD Equipment Corporation Common Stock,$3.48,-0.02,-0.571%,23948796.00,United States,,37778,Technology,Industrial Machinery/Components
CVX,Chevron Corporation Common Stock,$150.04,0.36,0.241%,262028941506.00,United States,,26194856,Energy,Integrated oil Companies
CW,Curtiss-Wright Corporation Common Stock,$474.48,-5.58,-1.162%,17882811472.00,United States,,250122,Technology,Industrial Machinery/Components
CWAN,Clearwater Analytics Holdings Inc. Class A Common Stock,$21.18,0.06,0.284%,5999949147.00,United States,2021,3171010,Technology,Computer Software: Prepackaged Software
CWBC,Community West Bancshares Common Stock,$21.07,0.04,0.19%,401622518.00,United States,,105939,Finance,Major Banks
CWCO,Consolidated Water Co. Ltd. Ordinary Shares,$29.67,0.02,0.067%,472248044.00,Cayman Islands,,103614,Utilities,Water Supply
CWD,CaliberCos Inc. Class A Common Stock,$2.67,-0.25,-8.562%,3476482.00,United States,2023,43725,Finance,Real Estate
CWEN,Clearway Energy Inc. Class C Common Stock,$32.56,-0.15,-0.459%,3842080000.00,United States,2015,695141,Utilities,Electric Utilities: Central
CWH,Camping World Holdings Inc. Class A Common Stock,$18.19,0.75,4.30%,1856042352.00,United States,2016,2270564,Consumer Discretionary,Retail-Auto Dealers and Gas Stations
CWK,Cushman & Wakefield plc Ordinary Shares,$11.58,0.17,1.49%,2678308347.00,,2018,1540571,Finance,Real Estate
CWST,Casella Waste Systems Inc. Class A Common Stock,$108.41,1.13,1.053%,6880071530.00,United States,1997,476981,Utilities,Environmental Services
CWT,California Water Service Group Common Stock,$45.60,0.30,0.662%,2716398384.00,United States,,346603,Utilities,Water Supply
CX,Cemex S.A.B. de C.V. Sponsored ADR,$7.91,0.18,2.329%,11475376529.00,Mexico,,15332541,Industrials,Building Materials
CXAI,CXApp Inc. Class A Common Stock,$1.08,-0.03,-2.703%,22439157.00,United States,2021,468492,Technology,EDP Services
CXAIW,CXApp Inc. Warrant,$0.08,-0.0006,-0.744%,1662160.00,United States,2021,10616,Technology,EDP Services
CXDO,Crexendo Inc. Common Stock,$5.76,0.10,1.767%,167215928.00,United States,,136144,Telecommunications,Telecommunications Equipment
CXE,MFS High Income Municipal Trust Common Stock,$3.49,0.01,0.287%,110024948.00,United States,1989,78926,Finance,Investment Managers
CXH,MFS Investment Grade Municipal Trust Common Stock,$7.38,0.02,0.272%,67233608.00,United States,1989,28933,Finance,Investment Managers
CXM,Sprinklr Inc. Class A Common Stock,$9.05,0.06,0.667%,2342482470.00,United States,2021,1259378,Technology,Computer Software: Prepackaged Software
CXT,Crane NXT Co. Common Stock,$57.63,0.48,0.84%,3305991630.00,United States,,346918,Industrials,Metal Fabrications
CXW,CoreCivic Inc. Common Stock,$19.73,-0.51,-2.52%,2153695469.00,United States,,1100028,Real Estate,Real Estate Investment Trusts
CYBN,Cybin Inc. Common Shares,$7.73,-0.30,-3.736%,154537464.00,Canada,,501283,Health Care,Biotechnology: Pharmaceutical Preparations
CYBR,CyberArk Software Ltd. Ordinary Shares,$381.56,-4.49,-1.163%,18871466532.00,Israel,2014,353511,Technology,Computer Software: Prepackaged Software
CYCC,Cyclacel Pharmaceuticals Inc. Common Stock,$10.76,-0.90,-7.719%,17043463.00,United States,,345109,Health Care,Biotechnology: Pharmaceutical Preparations
CYCCP,Cyclacel Pharmaceuticals Inc. 6% Convertible Preferred Stock,$4.99,-0.12,-2.348%,7903985.00,United States,,14128,Health Care,Biotechnology: Pharmaceutical Preparations
CYCN,Cyclerion Therapeutics Inc. Common Stock,$3.19,-0.18,-5.341%,10240200.00,United States,,74907,Health Care,Biotechnology: Pharmaceutical Preparations
CYCU,Cycurion Inc. Common Stock,$0.399,0.0184,4.834%,12546118.00,United States,2025,981907,Technology,EDP Services
CYCUW,Cycurion Inc. Warrant,$0.052,0.002,4.00%,1635083.00,United States,2025,46514,Technology,EDP Services
CYD,China Yuchai International Limited Common Stock,$23.20,-1.51,-6.111%,870425070.00,Singapore,1994,263541,Industrials,Industrial Machinery/Components
CYH,Community Health Systems Inc. Common Stock,$3.84,0.09,2.40%,538776730.00,United States,2000,5363290,Health Care,Hospital/Nursing Management
CYN,Cyngn Inc. Common Stock,$9.24,0.51,5.842%,16187611.00,United States,2021,805940,Technology,EDP Services
CYRX,CryoPort Inc. Common Stock,$7.43,0.72,10.73%,372519530.00,United States,,507281,Health Care,Biotechnology: Pharmaceutical Preparations
CYTK,Cytokinetics Incorporated Common Stock,$37.70,0.74,2.002%,4502408946.00,United States,2004,1161348,Health Care,Biotechnology: Pharmaceutical Preparations
CZFS,Citizens Financial Services Inc. Common Stock,$61.30,0.85,1.406%,291767894.00,United States,,8472,Finance,Major Banks
CZNC,Citizens & Northern Corp Common Stock,$19.68,0.02,0.102%,304933551.00,United States,,25145,Finance,Major Banks
CZR,Caesars Entertainment Inc. Common Stock,$29.95,0.14,0.47%,6228645164.00,United States,,4888649,Consumer Discretionary,Hotels/Resorts
CZWI,Citizens Community Bancorp Inc. Common Stock,$15.04,0.06,0.401%,150234515.00,United States,2006,27637,Finance,Savings Institutions
D,Dominion Energy Inc. Common Stock,$58.51,0.82,1.421%,49896776309.00,United States,,4017586,Utilities,Electric Utilities: Central
DAAQ,Digital Asset Acquisition Corp. Class A Ordinary shares,$10.47,-0.18,-1.69%,0.00,United States,2025,189633,,
DAAQU,Digital Asset Acquisition Corp. Units,$11.0536,-0.0275,-0.248%,0.00,United States,2025,6180,Finance,Blank Checks
DAAQW,Digital Asset Acquisition Corp. Warrant,$0.85,-0.10,-10.526%,0.00,United States,2025,460,,
DAC,Danaos Corporation Common Stock,$90.12,0.87,0.975%,1682478217.00,Greece,2006,33019,Consumer Discretionary,Marine Transportation
DAIC,CID HoldCo Inc. Common Stock,$5.37,-0.21,-3.763%,66098412.00,United States,,101115,Technology,EDP Services
DAICW,CID HoldCo Inc. Warrants,$0.1441,0.0001,0.069%,1773702.00,United States,,137267,Technology,EDP Services
DAIO,Data I/O Corporation Common Stock,$3.18,0.00,0.00%,29382345.00,United States,1981,25140,Industrials,Electrical Products
DAKT,Daktronics Inc. Common Stock,$15.92,0.05,0.315%,781883449.00,United States,1994,360319,Consumer Discretionary,Miscellaneous manufacturing industries
DAL,Delta Air Lines Inc. Common Stock,$55.67,-0.37,-0.66%,36349637539.00,United States,,7540529,Consumer Discretionary,Air Freight/Delivery Services
DALN,DallasNews Corporation Series A Common Stock,$13.67,-0.04,-0.292%,73168538.00,United States,,75573,Consumer Discretionary,Newspapers/Magazines
DAN,Dana Incorporated Common Stock ,$16.15,-0.16,-0.981%,2353689437.00,United States,,1626503,Consumer Discretionary,Auto Parts:O.E.M.
DAO,Youdao Inc. American Depositary Shares each representing one Class A Ordinary Share,$8.81,-0.06,-0.676%,1053405084.00,China,2019,94492,Real Estate,Other Consumer Services
DAR,Darling Ingredients Inc. Common Stock,$36.16,0.23,0.64%,5719023908.00,United States,1997,1973873,Consumer Staples,Packaged Foods
DARE,Dare Bioscience Inc. Common Stock,$2.61,-0.07,-2.612%,23099507.00,United States,2014,512472,Health Care,Biotechnology: Pharmaceutical Preparations
DASH,DoorDash Inc. Class A Common Stock,$239.82,-0.71,-0.295%,101622316058.00,United States,,1724794,Consumer Discretionary,Business Services
DATS,DatChat Inc. Common Stock,$2.53,-0.055,-2.128%,10649602.00,United States,2021,57328,Telecommunications,Telecommunications Equipment
DATSW,DatChat Inc. Series A Warrant,$0.25,0.00,0.00%,1052332.00,United States,2021,4,Telecommunications,Telecommunications Equipment
DAVA,Endava plc American Depositary Shares (each representing one Class A Ordinary Share),$14.44,0.99,7.361%,852413878.00,United Kingdom,2018,786943,Technology,EDP Services
DAVE,Dave Inc. Class A Common Stock,$194.05,-1.49,-0.762%,2588712382.00,United States,,444023,Finance,Finance: Consumer Services
DAVEW,Dave Inc. Warrants,$1.24,-0.01,-0.80%,16542146.00,United States,,18599,Finance,Finance: Consumer Services
DAWN,Day One Biopharmaceuticals Inc. Common Stock,$6.57,0.17,2.656%,665951415.00,United States,2021,894498,Health Care,Biotechnology: Pharmaceutical Preparations
DAY,Dayforce Inc. Common Stock,$58.39,0.99,1.725%,9335455619.00,United States,2018,1279511,Technology,Computer Software: Prepackaged Software
DB,Deutsche Bank AG Common Stock,$30.42,0.10,0.33%,59170725467.00,Germany,,1761974,Finance,Major Banks
DBD,Diebold Nixdorf Incorporated Common stock,$59.20,0.16,0.271%,2206021459.00,United States,2023,208433,Miscellaneous,Office Equipment/Supplies/Services
DBI,Designer Brands Inc. Class A Common Stock,$3.37,0.44,15.017%,164538181.00,United States,,2394408,Consumer Discretionary,Clothing/Shoe/Accessory Stores
DBL,DoubleLine Opportunistic Credit Fund Common Shares of Beneficial Interest,$15.16,0.06,0.397%,0.00,United States,2012,70618,,
DBRG,DigitalBridge Group Inc.,$10.97,0.20,1.857%,1933636967.00,United States,2014,1555883,Real Estate,Real Estate Investment Trusts
DBRG^H,DigitalBridge Group Inc. 7.125% Series H ,$21.53,-0.02,-0.093%,,United States,,9586,,
DBRG^I,DigitalBridge Group Inc. 7.15% Series I ,$21.31,0.03,0.141%,,United States,,8241,,
DBRG^J,DigitalBridge Group Inc. 7.125% Series J ,$21.5403,-0.0297,-0.138%,,United States,,3898,,
DBVT,DBV Technologies S.A. American Depositary Shares,$9.28,-0.2244,-2.361%,254177103.00,France,2014,9747,Health Care,Biotechnology: Biological Products (No Diagnostic Substances)
DBX,Dropbox Inc. Class A Common Stock,$27.88,0.66,2.425%,7848015026.00,United States,2018,2698753,Technology,Computer Software: Prepackaged Software
DC,Dakota Gold Corp. Common Stock,$4.36,0.13,3.073%,487837836.00,United States,2022,801900,Basic Materials,Metal Mining
DCBO,Docebo Inc. Common Shares,$31.87,1.29,4.218%,944409510.00,Canada,,69854,Technology,Computer Software: Prepackaged Software
DCGO,DocGo Inc. Common Stock,$1.46,0.04,2.817%,144692323.00,United States,2020,305305,Health Care,Medical/Nursing Services
DCI,Donaldson Company Inc. Common Stock,$71.27,1.28,1.829%,8304376551.00,United States,,603422,Industrials,Pollution Control Equipment
DCO,Ducommun Incorporated Common Stock,$88.25,-1.87,-2.075%,1312961349.00,United States,,169063,Industrials,Military/Government/Technical
DCOM,Dime Community Bancshares Inc. Common Stock,$28.37,-0.25,-0.874%,1243132604.00,United States,,285954,Finance,Major Banks
DCOMG,Dime Community Bancshares Inc. 9.000% Fixed-to-Floating Rate Subordinated Notes due 2034,$26.46,-0.04,-0.151%,1035872935.00,United States,,1428,Finance,Major Banks
DCOMP,Dime Community Bancshares Inc. Fixed-Rate Non-Cumulative Perpetual Preferred Stock Series A,$19.40,0.0649,0.336%,850080103.00,United States,,4615,Finance,Major Banks
DCTH,Delcath Systems Inc. Common Stock,$11.08,-0.24,-2.12%,385874108.00,United States,,523876,Health Care,Medical/Dental Instruments
DD,DuPont de Nemours Inc. Common Stock,$77.54,1.59,2.093%,32450389586.00,United States,2017,3060526,Industrials,Major Chemicals
DDC,DDC Enterprise Limited Class A Ordinary Shares,$18.76,3.24,20.876%,75980795.00,,2023,217122,Consumer Staples,Packaged Foods
DDD,3D Systems Corporation Common Stock,$1.92,0.10,5.495%,261912703.00,United States,,4131056,Technology,Computer Software: Prepackaged Software
DDI,DoubleDown Interactive Co. Ltd. American Depository Shares,$9.75,-0.14,-1.416%,483146040.00,South Korea,2021,20564,Technology,EDP Services
DDL,Dingdong (Cayman) Limited American Depositary Shares (each two representing three Ordinary Shares),$2.31,0.08,3.587%,545685952.00,Cayman Islands,2021,339256,Consumer Discretionary,Catalog/Specialty Distribution
DDOG,Datadog Inc. Class A Common Stock,$144.89,-0.38,-0.262%,50038229640.00,United States,2019,3693312,Technology,Computer Software: Prepackaged Software
DDS,Dillard's Inc. Common Stock,$484.52,20.05,4.317%,7576650006.00,United States,,131403,Consumer Discretionary,Department/Specialty Retail Stores
DDT,Dillard's Capital Trust I,$25.8545,-0.0854,-0.329%,404298063.00,United States,,6869,Consumer Discretionary,Department/Specialty Retail Stores
DE,Deere & Company Common Stock,$505.69,9.45,1.904%,136954533443.00,United States,,975844,Industrials,Industrial Machinery/Components
DEA,Easterly Government Properties Inc. Common Stock,$23.16,0.28,1.224%,1040003459.00,United States,2015,333487,Real Estate,Real Estate Investment Trusts
DEC,Diversified Energy Company plc Ordinary Shares,$14.60,0.23,1.601%,873020753.00,,,319259,,
DECK,Deckers Outdoor Corporation Common Stock,$105.69,0.59,0.561%,15793877629.00,United States,1993,2652707,Consumer Discretionary,Shoe Manufacturing
DEFT,Defi Technologies Inc. Common Stock,$3.18,-0.12,-3.636%,1048869016.00,Canada,,5361586,Finance,Finance: Consumer Services
DEI,Douglas Emmett Inc. Common Stock,$15.85,0.34,2.192%,2654024648.00,United States,2006,1258753,Real Estate,Real Estate Investment Trusts
DELL,Dell Technologies Inc. Class C Common Stock ,$124.33,-4.63,-3.59%,84401355102.00,United States,2018,6272484,Technology,Computer Manufacturing
DENN,Denny's Corporation Common Stock,$4.13,0.20,5.089%,211666903.00,United States,,460230,Consumer Discretionary,Restaurants
DEO,Diageo plc Common Stock,$105.51,3.25,3.178%,58698546061.00,United Kingdom,,1050639,Consumer Staples,Beverages (Production/Distribution)
DERM,Journey Medical Corporation Common Stock,$7.27,0.08,1.113%,169360241.00,United States,2021,70970,Health Care,Biotechnology: Pharmaceutical Preparations
DEVS,DevvStream Corp. Common Stock,$0.455,0.0525,13.043%,15225089.00,Canada,2024,23066267,Finance,Finance/Investors Services
DFDV,DeFi Development Corp. Common Stock,$23.58,0.06,0.255%,341131648.00,United States,2023,2151177,Finance,Finance: Consumer Services
DFH,Dream Finders Homes Inc. Class A Common Stock,$28.70,3.29,12.948%,2685000345.00,United States,2022,956958,Consumer Discretionary,Homebuilding
DFIN,Donnelley Financial Solutions Inc. Common Stock ,$61.82,0.59,0.964%,1708632965.00,United States,2016,200704,Consumer Discretionary,Other Consumer Services
DFLI,Dragonfly Energy Holdings Corp. Common Stock (NV),$0.52,0.2535,95.122%,4868835.00,United States,2021,690757041,Miscellaneous,Industrial Machinery/Components
DFLIW,Dragonfly Energy Holdings Corp. Warrant,$0.04,0.0168,72.414%,374526.00,United States,2021,1423805,Miscellaneous,Industrial Machinery/Components
DFP,Flaherty & Crumrine Dynamic Preferred and Income Fund Inc. Common Stock,$20.67,0.00,0.00%,0.00,,2013,55608,Finance,Investment Managers
DFSC,DEFSEC Technologies Inc. Common Stock,$7.06,-0.81,-10.292%,3744370.00,Canada,,112737,Technology,Computer Software: Prepackaged Software
DFSCW,DEFSEC Technologies Inc. Warrant,$0.0449,-0.0028,-5.87%,23813.00,Canada,,3629,Technology,Computer Software: Prepackaged Software
DG,Dollar General Corporation Common Stock,$109.83,2.23,2.072%,24170355206.00,United States,2009,2049071,Consumer Discretionary,Department/Specialty Retail Stores
DGICA,Donegal Group Inc. Class A Common Stock,$18.32,0.04,0.219%,661291013.00,United States,,80133,Finance,Property-Casualty Insurers
DGICB,Donegal Group Inc. Class B Common Stock,$15.70,-0.30,-1.875%,566717735.00,United States,1986,596,Finance,Property-Casualty Insurers
DGII,Digi International Inc. Common Stock,$33.25,0.03,0.09%,1232467709.00,United States,1989,132549,Telecommunications,Computer Communications Equipment
DGLY,Digital Ally Inc. Common Stock,$2.07,0.11,5.612%,3453778.00,United States,,152244,Technology,Radio And Television Broadcasting And Communications Equipment
DGNX,Diginex Limited Ordinary Shares,$56.07,-1.05,-1.838%,1289260291.00,Hong Kong,2025,26681,Technology,EDP Services
DGX,Quest Diagnostics Incorporated Common Stock,$178.24,11.79,7.083%,19897906529.00,United States,,2697877,Health Care,Medical Specialities
DGXX,Digi Power X Inc. Subordinate Voting Shares,$3.58,-0.07,-1.918%,129982175.00,Canada,,1132017,Finance,Finance: Consumer Services
DH,Definitive Healthcare Corp. Class A Common Stock,$4.10,0.11,2.757%,440101802.00,United States,2021,324364,Technology,Computer Software: Prepackaged Software
DHAI,DIH Holdings US Inc. Class A Common Stock,$0.2623,-0.0323,-10.964%,12416313.00,United States,2024,2311097,Health Care,Medical/Dental Instruments
DHAIW,DIH Holding US Inc. Warrants,$0.0208,0.0025,13.661%,984595.00,United States,2024,9708,Health Care,Medical/Dental Instruments
DHC,Diversified Healthcare Trust Common Shares of Beneficial Interest,$3.53,0.11,3.216%,851615624.00,United States,,782292,Real Estate,Real Estate Investment Trusts
DHCNI,Diversified Healthcare Trust 5.625% Senior Notes due 2042,$16.0344,-0.1156,-0.716%,3868313190.00,United States,,1795,Real Estate,Real Estate Investment Trusts
DHCNL,Diversified Healthcare Trust 6.25% Senior Notes Due 2046,$16.70,-0.06,-0.358%,4028889780.00,United States,,2580,Real Estate,Real Estate Investment Trusts
DHF,BNY Mellon High Yield Strategies Fund Common Stock,$2.58,0.00,0.00%,0.00,United States,1998,135850,Finance,Finance Companies
DHI,D.R. Horton Inc. Common Stock,$153.50,22.28,16.979%,47152328629.00,United States,,13094909,Consumer Discretionary,Homebuilding
DHIL,Diamond Hill Investment Group Inc. Class A Common Stock,$152.49,0.42,0.276%,415945601.00,United States,,23540,Finance,Investment Managers
DHR,Danaher Corporation Common Stock,$189.91,1.84,0.978%,135912812597.00,United States,,7052370,Industrials,Industrial Machinery/Components
DHT,DHT Holdings Inc.,$10.75,-0.06,-0.555%,1725998264.00,Jersey,2005,1380911,Consumer Discretionary,Marine Transportation
DHX,DHI Group Inc. Common Stock,$2.76,-0.02,-0.719%,134553364.00,United States,2007,61206,Consumer Discretionary,Business Services
DHY,Credit Suisse High Yield Bond Fund Common Stock,$2.13,0.00,0.00%,0.00,United States,1998,576258,Finance,Finance/Investors Services
DIAX,Nuveen Dow 30SM Dynamic Overwrite Fund Common Shares of Beneficial Interest,$14.32,0.02,0.14%,0.00,,2014,58735,Finance,Finance Companies
DIBS,1stdibs.com Inc. Common Stock,$2.72,0.03,1.115%,97060613.00,United States,2021,36755,Consumer Discretionary,Catalog/Specialty Distribution
DIN,Dine Brands Global Inc. Common Stock,$25.14,1.26,5.276%,392832084.00,United States,,322103,Consumer Discretionary,Restaurants
DINO,HF Sinclair Corporation Common Stock,$44.84,0.44,0.991%,8448294535.00,United States,1960,2125078,Energy,Natural Gas Distribution
DIOD,Diodes Incorporated Common Stock,$54.38,-0.88,-1.592%,2523305848.00,United States,,321446,Technology,Semiconductors
DIS,Walt Disney Company (The) Common Stock,$121.06,0.22,0.182%,217635168410.00,United States,,5605716,Consumer Discretionary,Services-Misc. Amusement & Recreation
DIT,AMCON Distributing Company Common Stock,$110.00,-5.69,-4.918%,71000820.00,United States,1999,162,Consumer Discretionary,Food Distributors
DJCO,Daily Journal Corp. (S.C.) Common Stock,$400.85,2.16,0.542%,552141212.00,United States,,43440,Consumer Discretionary,Newspapers/Magazines
DJT,Trump Media & Technology Group Corp. Common Stock,$19.86,0.61,3.169%,4381602729.00,United States,2024,16780164,Technology,Computer Software: Programming Data Processing
DJTWW,Trump Media & Technology Group Corp. Warrants,$11.2701,0.2201,1.992%,2486460268.00,United States,2021,65973,Technology,Computer Software: Programming Data Processing
DK,Delek US Holdings Inc. Common Stock,$24.44,-0.32,-1.292%,1484174968.00,United States,2017,992465,Energy,Integrated oil Companies
DKL,Delek Logistics Partners L.P. Common Units representing Limited Partner Interests,$44.17,-0.03,-0.068%,2360479606.00,United States,2012,86606,Energy,Natural Gas Distribution
DKNG,DraftKings Inc. Class A Common Stock,$44.56,0.09,0.202%,22114487717.00,United States,2019,8774497,Consumer Discretionary,Services-Misc. Amusement & Recreation
DKS,Dick's Sporting Goods Inc Common Stock,$214.63,-0.81,-0.376%,17180511434.00,United States,2002,1045511,Consumer Discretionary,Other Specialty Stores
DLB,Dolby Laboratories Common Stock,$76.61,1.50,1.997%,7359630663.00,United States,2005,293369,Miscellaneous,Multi-Sector Companies
DLHC,DLH Holdings Corp.,$5.89,0.19,3.333%,84736297.00,United States,,42596,Consumer Discretionary,Professional Services
DLNG,Dynagas LNG Partners LP Common Units,$3.45,-0.09,-2.542%,126538348.00,Greece,,30986,Consumer Discretionary,Marine Transportation
DLNG^A,Dynagas LNG Partners LP 9.00% Series A Cumulative Redeemable Preferred Units,$26.17,0.02,0.076%,,Greece,,6475,,
DLNG^B,Dynagas LNG Partners LP 8.75% Series B Fixed to Floating Rate Cumulative Redeemable Perpetual Preferred Units liquidation preference $25.00 per Uni,$25.44,0.01,0.039%,,Greece,,5156,,
DLO,DLocal Limited Class A Common Shares,$10.77,-0.13,-1.193%,3074567215.00,Uruguay,2021,742422,Consumer Discretionary,Business Services
DLPN,Dolphin Entertainment Inc. Common Stock,$1.31,0.11,9.167%,14630236.00,United States,,174792,Consumer Discretionary,Other Consumer Services
DLR,Digital Realty Trust Inc. Common Stock,$179.34,2.23,1.259%,60400185637.00,United States,2004,1662626,Real Estate,Real Estate Investment Trusts
DLR^J,Digital Realty Trust Inc. 5.250% Series J Cumulative Redeemable Preferred Stock,$21.2878,-0.0022,-0.01%,,United States,,5919,,
DLR^K,Digital Realty Trust Inc. 5.850% Series K Cumulative Redeemable Preferred Stock par value $0.01 per share,$23.5292,-0.0208,-0.088%,,United States,,10350,,
DLR^L,Digital Realty Trust Inc. 5.200% Series L Cumulative Redeemable Preferred Stock,$20.6499,0.1499,0.731%,,United States,,18985,,
DLTH,Duluth Holdings Inc. Class B Common Stock,$2.33,0.11,4.955%,87558744.00,United States,2015,224771,Consumer Discretionary,Clothing/Shoe/Accessory Stores
DLTR,Dollar Tree Inc. Common Stock,$114.77,2.46,2.19%,23952019032.00,United States,1995,4921096,Consumer Discretionary,Department/Specialty Retail Stores
DLX,Deluxe Corporation Common Stock,$16.70,0.45,2.769%,747155328.00,United States,,354479,Consumer Discretionary,Publishing
DLXY,Delixy Holdings Limited Ordinary Shares,$5.34,0.23,4.501%,87309000.00,Singapore,2025,74972,,
DLY,DoubleLine Yield Opportunities Fund Common Shares of Beneficial Interest,$15.35,0.07,0.458%,735967708.00,United States,2020,99340,Finance,Investment Managers
DMA,Destra Multi-Alternative Fund Common Stock,$8.61,-0.03,-0.347%,0.00,,2022,17964,Finance,Trusts Except Educational Religious and Charitable
DMAA,Drugs Made In America Acquisition Corp. Ordinary Shares,$10.26,0.0153,0.149%,0.00,United States,2025,15901,,
DMAAR,Drugs Made In America Acquisition Corp. Rights,$0.1999,0.0199,11.056%,0.00,United States,2025,243248,Finance,Blank Checks
DMAAU,Drugs Made In America Acquisition Corp. Units,$10.4401,0.0401,0.386%,0.00,United States,2025,3620,,
DMAC,DiaMedica Therapeutics Inc. Common Stock,$4.60,0.06,1.322%,197263939.00,United States,2018,314976,Health Care,Biotechnology: Pharmaceutical Preparations
DMB,BNY Mellon Municipal Bond Infrastructure Fund Inc. Common Stock,$9.97,0.02,0.201%,0.00,,2013,61544,Finance,Trusts Except Educational Religious and Charitable
DMLP,Dorchester Minerals L.P. Common Units Representing Limited Partnership Interests,$27.12,-0.07,-0.257%,1283854183.00,United States,,83366,Energy,Oil & Gas Production
DMO,Western Asset Mortgage Opportunity Fund Inc. Common Stock,$11.96,-0.01,-0.084%,0.00,United States,2010,32104,Finance,Trusts Except Educational Religious and Charitable
DMRC,Digimarc Corporation Common Stock,$12.54,0.10,0.804%,270262093.00,United States,,106904,Technology,EDP Services
DMYY,dMY Squared Technology Group Inc. Class A Common Stock,$12.16,-0.22,-1.777%,0.00,,2022,67534,Finance,Blank Checks
DNA,Ginkgo Bioworks Holdings Inc. Class A Common Stock,$13.35,2.03,17.933%,781400558.00,United States,2021,3620472,Health Care,Biotechnology: Biological Products (No Diagnostic Substances)
DNB,Dun & Bradstreet Holdings Inc. Common Stock,$9.12,0.02,0.22%,4071392124.00,United States,2020,1560458,Finance,Finance: Consumer Services
DNLI,Denali Therapeutics Inc. Common Stock,$13.87,0.04,0.289%,2014982267.00,United States,2017,1520472,Health Care,Biotechnology: Biological Products (No Diagnostic Substances)
DNN,Denison Mines Corp Ordinary Shares (Canada),$2.16,0.05,2.37%,1936104209.00,Canada,,93464496,Basic Materials,Other Metals and Minerals
DNOW,DNOW Inc. Common Stock,$15.12,0.31,2.093%,1596190730.00,United States,2014,1327604,Industrials,Metal Fabrications
DNP,DNP Select Income Fund Inc. Common Stock,$9.84,0.03,0.306%,0.00,United States,1987,328610,Finance,Investment Managers
DNTH,Dianthus Therapeutics Inc. Common Stock,$20.74,0.00,0.00%,666998027.00,United States,2018,235841,Health Care,Biotechnology: Pharmaceutical Preparations
DNUT,Krispy Kreme Inc. Common Stock,$4.13,0.87,26.687%,705404000.00,United States,2021,40775566,Consumer Staples,Food Chains
DOC,Healthpeak Properties Inc. Common Stock,$18.99,0.59,3.207%,13192962693.00,United States,,6361819,Real Estate,Real Estate Investment Trusts
DOCN,DigitalOcean Holdings Inc. Common Stock,$28.78,-0.36,-1.235%,2619944936.00,United States,2021,1848795,Technology,Computer Software: Programming Data Processing
DOCS,Doximity Inc. Class A Common Stock,$59.38,-0.87,-1.444%,11153116965.00,United States,2021,1589561,Technology,EDP Services
DOCU,DocuSign Inc. Common Stock,$81.38,2.04,2.571%,16443868385.00,United States,1989,2104864,Technology,Computer Software: Prepackaged Software
DOGZ,Dogness (International) Corporation Class A Common Stock,$9.19,0.16,1.772%,116994747.00,China,2017,102290,Consumer Discretionary,Miscellaneous manufacturing industries
DOLE,Dole plc Ordinary Shares,$14.24,0.51,3.714%,1354765604.00,Ireland,2021,724943,Consumer Staples,Farming/Seeds/Milling
DOMH,Dominari Holdings Inc. Common Stock,$5.23,0.01,0.192%,76902155.00,United States,,211600,Health Care,Biotechnology: Pharmaceutical Preparations
DOMO,Domo Inc. Class B Common Stock,$15.75,-0.065,-0.411%,633702321.00,United States,2018,484088,Technology,Computer Software: Prepackaged Software
DOOO,BRP Inc. (Recreational Products) Common Subordinate Voting Shares,$50.05,2.22,4.641%,3660258302.00,Canada,,156511,Consumer Discretionary,Industrial Specialties
DORM,Dorman Products Inc. Common Stock,$122.11,0.66,0.543%,3725719457.00,United States,,138320,Consumer Discretionary,Auto Parts:O.E.M.
DOUG,Douglas Elliman Inc. Common Stock,$2.72,0.09,3.422%,241366919.00,United States,2021,912488,Finance,Real Estate
DOV,Dover Corporation Common Stock,$189.54,2.56,1.369%,25986761721.00,United States,,858998,Industrials,Industrial Machinery/Components
DOW,Dow Inc. Common Stock ,$29.66,1.27,4.473%,20965519149.00,United States,2019,9290814,Industrials,Major Chemicals
DOX,Amdocs Limited Ordinary Shares,$89.48,1.45,1.647%,10101447667.00,Guernsey,,718633,Technology,EDP Services
DOYU,DouYu International Holdings Limited ADS,$8.55,0.00,0.00%,258029244.00,China,2019,81069,Technology,Computer Software: Programming Data Processing
DPG,Duff & Phelps Utility and Infrastructure Fund Inc.,$12.62,0.09,0.718%,0.00,United States,2011,66806,Finance,Trusts Except Educational Religious and Charitable
DPRO,Draganfly Inc. Common Shares,$5.76,-0.24,-4.00%,31362008.00,Canada,,9193800,Industrials,Aerospace
DPZ,Domino's Pizza Inc Common Stock,$480.97,18.73,4.052%,16469123193.00,United States,2004,1234521,Consumer Discretionary,Food Distributors
DQ,DAQO New Energy Corp. American Depositary Shares each representing five ordinary shares,$24.60,3.54,16.809%,1649595189.00,China,2010,4902436,Technology,Semiconductors
DRCT,Direct Digital Holdings Inc. Class A Common Stock,$0.508,-0.0168,-3.201%,9607032.00,United States,2022,215754,Consumer Discretionary,Advertising
DRD,DRDGOLD Limited American Depositary Shares,$14.95,0.15,1.014%,1292560121.00,South Africa,,353238,Basic Materials,Precious Metals
DRDB,Roman DBDR Acquisition Corp. II Ordinary shares,$10.26,-0.01,-0.097%,0.00,United States,2025,232650,,
DRDBU,Roman DBDR Acquisition Corp. II Unit,$10.74,0.00,0.00%,0.00,United States,2024,39,,
DRDBW,Roman DBDR Acquisition Corp. II Warrants,$0.5001,0.00,0.00%,0.00,United States,2025,10,,
DRH,Diamondrock Hospitality Company Common Stock,$8.15,0.20,2.516%,1681436655.00,United States,2005,3372485,Real Estate,Real Estate Investment Trusts
DRH^A,Diamondrock Hospitality Company 8.250% Series A Cumulative Redeemable Preferred Stock,$25.12,-0.04,-0.159%,,United States,,4985,,
DRI,Darden Restaurants Inc. Common Stock,$209.26,2.45,1.185%,24490499266.00,United States,,754603,Consumer Discretionary,Restaurants
DRIO,DarioHealth Corp. Common Stock,$0.7003,-0.0046,-0.653%,30777782.00,Israel,,153702,Health Care,Medical/Dental Instruments
DRMA,Dermata Therapeutics Inc. Common Stock,$0.697,0.0021,0.302%,4445548.00,United States,2021,77290,Health Care,Biotechnology: Pharmaceutical Preparations
DRMAW,Dermata Therapeutics Inc. Warrant,$0.0157,-0.0001,-0.633%,100136.00,United States,2021,350,Health Care,Biotechnology: Pharmaceutical Preparations
DRRX,DURECT Corporation Common Stock,$0.55,-0.015,-2.655%,17073420.00,United States,2000,48611,Health Care,Biotechnology: Pharmaceutical Preparations
DRS,Leonardo DRS Inc. Common Stock,$46.14,-0.65,-1.389%,12275510319.00,Israel,,1564102,Industrials,Industrial Machinery/Components
DRTS,Alpha Tau Medical Ltd. Ordinary Shares,$3.05,0.07,2.349%,214660739.00,Israel,,43948,Health Care,Medical/Dental Instruments
DRTSW,Alpha Tau Medical Ltd. Warrant,$0.2538,-0.0162,-6.00%,17862589.00,Israel,,144,Health Care,Medical/Dental Instruments
DRUG,Bright Minds Biosciences Inc. Common Stock,$26.415,0.275,1.052%,184614144.00,Canada,,17170,Health Care,Biotechnology: Pharmaceutical Preparations
DRVN,Driven Brands Holdings Inc. Common Stock,$17.26,0.23,1.351%,2835392696.00,United States,2021,444709,Consumer Discretionary,Automotive Aftermarket
DSGN,Design Therapeutics Inc. Common Stock,$4.25,0.20,4.938%,241266882.00,United States,2021,47486,Health Care,Biotechnology: Pharmaceutical Preparations
DSGR,Distribution Solutions Group Inc. Common Stock,$28.58,0.30,1.061%,1327207786.00,United States,,37836,Consumer Discretionary,Industrial Specialties
DSGX,Descartes Systems Group Inc. (The) Common Stock,$104.585,0.395,0.379%,8971597276.00,Canada,,240444,Technology,Computer Software: Prepackaged Software
DSL,DoubleLine Income Solutions Fund Common Shares of Beneficial Interests,$12.05,0.06,0.50%,1229061777.00,United States,2013,417340,Finance,Trusts Except Educational Religious and Charitable
DSM,BNY Mellon Strategic Municipal Bond Fund Inc. Common Stock,$5.50,-0.01,-0.181%,0.00,United States,1989,104962,Finance,Investment Managers
DSP,Viant Technology Inc. Class A Common Stock,$13.51,-0.03,-0.222%,845274550.00,United States,2021,175922,Technology,Computer Software: Programming Data Processing
DSS,DSS Inc. Common Stock,$0.912,0.0009,0.099%,8292376.00,United States,,39456,Consumer Discretionary,Containers/Packaging
DSU,Blackrock Debt Strategies Fund Inc. Common Stock,$10.54,0.00,0.00%,0.00,United States,1998,193711,Finance,Finance Companies
DSWL,Deswell Industries Inc. Common Shares,$3.13,-0.04,-1.262%,49877298.00,Macau,1995,41249,Industrials,Plastic Products
DSX,Diana Shipping inc. common stock,$1.59,0.02,1.274%,184070899.00,Greece,2005,295457,Consumer Discretionary,Marine Transportation
DSX^B,Diana Shipping Inc. Perpetual Preferred Shares Series B (Marshall Islands),$26.5747,0.00,0.00%,,Greece,,364,,
DSY,Big Tree Cloud Holdings Limited Ordinary Shares,$1.35,0.01,0.746%,77058737.00,China,,10198,Consumer Discretionary,Containers/Packaging
DSYWW,Big Tree Cloud Holdings Limited Warrants,$0.0229,-0.0021,-8.40%,1307145.00,China,,14877,Consumer Discretionary,Containers/Packaging
DT,Dynatrace Inc. Common Stock,$52.58,0.00,0.00%,15756480554.00,United States,2019,1689540,Technology,Computer Software: Prepackaged Software
DTB,DTE Energy Company 2020 Series G 4.375% Junior Subordinated Debentures due 2080,$17.15,-0.08,-0.464%,3558893946.00,United States,2020,12477,Utilities,Electric Utilities: Central
DTC,Solo Brands Inc. Class A Common Stock,$20.23,-0.67,-3.206%,93785107.00,,,14200,Consumer Discretionary,Recreational Games/Products/Toys
DTCK,Davis Commodities Limited Ordinary Shares,$0.96,-0.04,-4.00%,23520600.00,Singapore,2023,192523,Industrials,Farming/Seeds/Milling
DTE,DTE Energy Company Common Stock,$139.55,1.66,1.204%,28958813423.00,United States,,918460,Utilities,Electric Utilities: Central
DTF,DTF Tax-Free Income 2028 Term Fund Inc. Common Stock,$11.2001,-0.0399,-0.355%,78731853.00,United States,1991,3420,Finance,Investment Managers
DTG,DTE Energy Company 2021 Series E 4.375% Junior Subordinated Debentures,$17.32,-0.07,-0.403%,3594171612.00,United States,2021,11062,Utilities,Electric Utilities: Central
DTI,Drilling Tools International Corporation Common Stock,$2.32,0.00,0.00%,82575150.00,United States,2021,34887,Industrials,Metal Fabrications
DTIL,Precision BioSciences Inc. Common Stock,$4.86,0.21,4.516%,53888817.00,United States,2019,118070,Health Care,Biotechnology: Biological Products (No Diagnostic Substances)
DTM,DT Midstream Inc. Common Stock ,$99.45,-0.38,-0.381%,10103193723.00,United States,2021,1005784,Utilities,Natural Gas Distribution
DTSQ,DT Cloud Star Acquisition Corporation Ordinary Shares,$10.41,0.01,0.096%,0.00,United States,2024,111,,
DTSQR,DT Cloud Star Acquisition Corporation Right,$0.15,0.00,0.00%,0.00,United States,2024,92649,,
DTSS,Datasea Inc. Common Stock,$2.17,-0.06,-2.691%,16608900.00,China,,48450,Technology,Computer Software: Prepackaged Software
DTST,Data Storage Corporation Common Stock,$5.14,0.23,4.684%,36699050.00,United States,,228918,Technology,EDP Services
DTSTW,Data Storage Corporation Warrant,$0.32,-0.0001,-0.031%,2284766.00,United States,,2430,Technology,EDP Services
DTW,DTE Energy Company 2017 Series E 5.25% Junior Subordinated Debentures due 2077,$21.57,-0.06,-0.277%,4476113261.00,United States,2017,13176,Utilities,Electric Utilities: Central
DUK,Duke Energy Corporation (Holding Company) Common Stock,$120.73,0.90,0.751%,93838250528.00,United States,,3194671,Utilities,Power Generation
DUK^A,Duke Energy Corporation Depositary Shares each representing a 1/1000th interest in a share of 5.75% Series A Cumulative Redeemable Perpetual Preferred Stock,$24.69,-0.07,-0.283%,,United States,,36798,,
DUKB,Duke Energy Corporation 5.625% Junior Subordinated Debentures due 2078,$23.95,0.06,0.251%,18615307713.00,United States,2018,17475,Utilities,Power Generation
DUO,Fangdd Network Group Ltd. Class A Ordinary Shares,$2.32,0.13,5.936%,9058591.00,China,2019,445032,Finance,Real Estate
DUOL,Duolingo Inc. Class A Common Stock,$356.23,0.38,0.107%,16192165696.00,United States,2021,632467,Technology,Computer Software: Prepackaged Software
DUOT,Duos Technologies Group Inc. Common Stock,$7.92,-0.13,-1.615%,92298928.00,United States,,77358,Technology,Computer Software: Prepackaged Software
DV,DoubleVerify Holdings Inc. Common Stock,$15.69,0.02,0.128%,2549665810.00,United States,2021,1971277,Technology,Computer Software: Programming Data Processing
DVA,DaVita Inc. Common Stock,$146.05,6.62,4.748%,11026775000.00,United States,,970731,Health Care,Misc Health and Biotechnology Services
DVAX,Dynavax Technologies Corporation Common Stock,$11.18,0.24,2.194%,1342501667.00,United States,2004,1951793,Health Care,Biotechnology: Pharmaceutical Preparations
DVLT,Datavault AI Inc. Common Stock,$0.7243,-0.0435,-5.666%,47821321.00,United States,2018,5721802,Technology,Semiconductors
DVN,Devon Energy Corporation Common Stock,$32.81,0.46,1.422%,21067301000.00,United States,1985,6161030,Energy,Oil & Gas Production
DVS,Dolly Varden Silver Corporation Common Shares,$4.09,0.19,4.872%,325637812.00,,2025,405600,,
DWSN,Dawson Geophysical Company Common Stock,$1.49,0.04,2.759%,46166401.00,United States,,66470,Energy,Oil & Gas Production
DWTX,Dogwood Therapeutics Inc. Common Stock,$4.69,-0.12,-2.495%,8963190.00,United States,2020,34036,Health Care,Biotechnology: Pharmaceutical Preparations
DX,Dynex Capital Inc. Common Stock,$12.72,0.18,1.435%,1339815917.00,United States,,6467698,Real Estate,Real Estate Investment Trusts
DX^C,Dynex Capital Inc. 6.900% Series C Fixed-to-Floating Rate Cumulative Redeemable Preferred Stock,$25.6492,0.0592,0.231%,,United States,,9572,,
DXC,DXC Technology Company Common Stock ,$14.63,0.28,1.951%,2651926028.00,United States,,1318284,Technology,EDP Services
DXCM,DexCom Inc. Common Stock,$85.12,1.09,1.297%,33376190485.00,United States,2005,1971436,Health Care,Medical/Dental Instruments
DXF,Eason Technology Limited American Depositary Shares (each representing sixty-thousand (60000) Ordinary Shares),$4.97,0.09,1.844%,1239836.00,,,11248,Finance,Finance: Consumer Services
DXLG,Destination XL Group Inc. Common Stock,$1.58,0.11,7.483%,85027706.00,United States,,541013,Consumer Discretionary,Clothing/Shoe/Accessory Stores
DXPE,DXP Enterprises Inc. Common Stock,$99.71,1.36,1.383%,1564877656.00,United States,,176193,Industrials,Industrial Machinery/Components
DXR,Daxor Corporation Common Stock,$9.1833,0.00,0.00%,44447172.00,United States,,127,Health Care,Medical/Dental Instruments
DXST,Decent Holding Inc Class A Ordinary Shares,$1.30,0.00,0.00%,21125000.00,China,2025,27567,Industrials,Miscellaneous
DXYZ,Destiny Tech100 Inc. Common Stock,$32.00,-1.22,-3.672%,0.00,,2024,438921,,
DY,Dycom Industries Inc. Common Stock,$252.68,-4.05,-1.578%,7308727813.00,United States,,303283,Industrials,Water Sewer Pipeline Comm & Power Line Construction
DYAI,Dyadic International Inc. Common Stock,$0.98,-0.02,-2.00%,29488848.00,United States,,332317,Health Care,Biotechnology: Biological Products (No Diagnostic Substances)
DYCQ,DT Cloud Acquisition Corporation Ordinary Shares,$10.85,0.00,0.00%,0.00,United Kingdom,2024,46,,
DYCQR,DT Cloud Acquisition Corporation Right,$0.23,0.00,0.00%,0.00,United Kingdom,2024,600,,
DYN,Dyne Therapeutics Inc. Common Stock,$9.21,0.04,0.436%,1046869183.00,United States,2020,1375131,Health Care,Biotechnology: Pharmaceutical Preparations
DYNX,Dynamix Corporation Class A Ordinary Shares,$11.71,-0.28,-2.335%,0.00,United States,2024,3199956,,
DYNXU,Dynamix Corporation Unit,$12.84,0.08,0.627%,0.00,United States,2024,17636,,
DYNXW,Dynamix Corporation Warrant,$2.00,0.00,0.00%,0.00,United States,2024,574451,,
E,ENI S.p.A. Common Stock,$33.50,0.48,1.454%,55015216311.00,Italy,,237271,Energy,Oil & Gas Production
EA,Electronic Arts Inc. Common Stock,$157.02,3.63,2.367%,39375272923.00,United States,,3204522,Technology,Computer Software: Prepackaged Software
EAD,Allspring Income Opportunities Fund Common Shares,$7.03,0.00,0.00%,0.00,United States,2003,174151,Finance,Finance/Investors Services
EAF,GrafTech International Ltd. Common Stock,$1.37,0.05,3.788%,353614751.00,United States,2018,1199339,Energy,Industrial Machinery/Components
EAI,Entergy Arkansas LLC First Mortgage Bonds 4.875% Series Due September 1 2066,$20.51,0.0101,0.049%,8835176976.00,United States,2016,22118,Utilities,Electric Utilities: Central
EARN,Ellington Credit Company Common Shares of Beneficial Interest,$5.95,0.09,1.536%,223477210.00,United States,2013,226909,Real Estate,Real Estate Investment Trusts
EAT,Brinker International Inc. Common Stock,$161.30,-1.39,-0.854%,7169970979.00,United States,,1090756,Consumer Discretionary,Restaurants
EB,Eventbrite Inc. Class A Common Stock,$2.50,0.08,3.306%,239722810.00,United States,2018,840400,Technology,Computer Software: Programming Data Processing
EBAY,eBay Inc. Common Stock,$81.76,2.73,3.454%,37691360000.00,United States,1998,4213542,Consumer Discretionary,Business Services
EBC,Eastern Bankshares Inc. Common Stock,$16.19,0.02,0.124%,3417546242.00,United States,2020,1966523,Finance,Savings Institutions
EBF,Ennis Inc. Common Stock,$18.02,0.27,1.521%,464828801.00,United States,,155613,Consumer Discretionary,Office Equipment/Supplies/Services
EBMT,Eagle Bancorp Montana Inc. Common Stock,$17.16,0.10,0.586%,136459357.00,United States,2010,63033,Finance,Major Banks
EBON,Ebang International Holdings Inc. Class A Ordinary Shares,$4.92,0.05,1.027%,32196175.00,China,2020,6334,Technology,Semiconductors
EBR,Centrais Electricas Brasileiras S A American Depositary Shares (Each representing one Common Share),$6.96,-0.06,-0.855%,15610436378.00,Brazil,2016,864444,Utilities,Electric Utilities: Central
EBS,Emergent BioSolutions Inc. Common Stock,$7.16,0.22,3.17%,388629241.00,United States,2006,947558,Health Care,Biotechnology: Pharmaceutical Preparations
EC,Ecopetrol S.A. American Depositary Shares,$8.73,-0.11,-1.244%,17947437237.00,Colombia,,1491484,Energy,Oil & Gas Production
ECAT,BlackRock ESG Capital Allocation Term Trust Common Shares of Beneficial Interest,$16.20,-0.06,-0.369%,1751787000.00,United States,2021,186019,Finance,Trusts Except Educational Religious and Charitable
ECBK,ECB Bancorp Inc. Common Stock,$16.10,-0.10,-0.617%,145345664.00,United States,2022,17148,Finance,Banks
ECC           ,Eagle Point Credit Company Inc. Common Stock,$7.37,0.07,0.959%,447082802.00,United States,2014,872485,Finance,Trusts Except Educational Religious and Charitable
ECC^D,Eagle Point Credit Company Inc. 6.75% Series D Preferred Stock,$19.63,-0.07,-0.355%,,United States,,6436,,
ECCC,Eagle Point Credit Company Inc. 6.50% Series C Term Preferred Stock due 2031,$24.005,-0.015,-0.062%,1456203889.00,United States,,1101,Finance,Trusts Except Educational Religious and Charitable
ECCF,Eagle Point Credit Company Inc. 8.00% Series F Term Preferred Stock due 2029,$25.11,-0.0799,-0.317%,27336574711.00,United States,,1067,,
ECCU,Eagle Point Credit Company Inc. 7.75% Notes due 2030,$24.825,-0.045,-0.181%,0.00,United States,2024,2221,,
ECCV,Eagle Point Credit Company Inc. 5.375% Notes due 2029,$23.25,-0.09,-0.386%,1410403683.00,United States,2022,3080,Finance,Trusts Except Educational Religious and Charitable
ECCW,Eagle Point Credit Company Inc. 6.75% Notes due 2031,$23.69,-0.0102,-0.043%,1437095194.00,United States,2021,1096,Finance,Trusts Except Educational Religious and Charitable
ECCX,Eagle Point Credit Company Inc. 6.6875% Notes due 2028,$24.79,0.04,0.162%,1503823970.00,United States,2022,1411,Finance,Trusts Except Educational Religious and Charitable
ECDA,ECD Automotive Design Inc. Common Stock,$0.2673,-0.0032,-1.183%,9458587.00,United States,2022,4339089,Consumer Discretionary,Auto Manufacturing
ECDAW,ECD Automotive Design Inc. Warrant ,$0.0169,0.00,0.00%,598018.00,United States,2022,200,Consumer Discretionary,Auto Manufacturing
ECF,Ellsworth Growth and Income Fund Ltd.,$10.51,-0.08,-0.755%,0.00,United States,1986,23061,Finance,Finance/Investors Services
ECF^A,Ellsworth Growth and Income Fund Ltd. 5.25% Series A Cumulative Preferred Shares (Liquidation Preference $25.00 per share),$21.47,0.038,0.177%,,United States,,1781,,
ECG,Everus Construction Group Inc. Common Stock,$66.70,-2.11,-3.066%,3401672053.00,United States,2024,1129480,Consumer Discretionary,Homebuilding
ECL,Ecolab Inc. Common Stock,$270.55,2.44,0.91%,76704338800.00,United States,,1107446,Consumer Discretionary,Package Goods/Cosmetics
ECO,Okeanis Eco Tankers Corp. Common Stock,$22.67,0.04,0.177%,729840428.00,,,71191,Consumer Discretionary,Marine Transportation
ECOR,electroCore Inc. Common Stock,$7.03,-0.07,-0.986%,52166945.00,United States,2018,81663,Health Care,Biotechnology: Electromedical & Electrotherapeutic Apparatus
ECPG,Encore Capital Group Inc Common Stock,$39.20,0.48,1.24%,915288640.00,United States,,156009,Finance,Finance Companies
ECVT,Ecovyst Inc. Common Stock,$8.83,0.00,0.00%,1036646503.00,United States,2017,1364577,Industrials,Major Chemicals
ECX,ECARX Holdings Inc. Class A Ordinary shares,$1.33,0.07,5.556%,459820935.00,China,,3362406,Technology,EDP Services
ECXWW,ECARX Holdings Inc. Warrants,$0.0604,0.00,0.00%,20882094.00,China,,99,Technology,EDP Services
ED,Consolidated Edison Inc. Common Stock,$103.59,1.52,1.489%,37323075485.00,United States,,1663782,Utilities,Power Generation
EDAP,EDAP TMS S.A. American Depositary Shares,$1.505,-0.005,-0.331%,56275089.00,France,1997,61495,Health Care,Biotechnology: Electromedical & Electrotherapeutic Apparatus
EDBL,Edible Garden AG Incorporated Common Stock,$2.70,0.11,4.247%,4469213.00,United States,2022,51701,Consumer Staples,Farming/Seeds/Milling
EDBLW,Edible Garden AG Incorporated Warrant,$0.115,0.00,0.00%,190355.00,United States,2022,100,Consumer Staples,Farming/Seeds/Milling
EDD,Morgan Stanley Emerging Markets Domestic Debt Fund Inc. Common Stock,$5.08,0.09,1.804%,0.00,United States,2007,648143,Finance,Finance Companies
EDF,Virtus Stone Harbor Emerging Markets Income Fund Common Shares of Beneficial Interest,$5.02,0.05,1.006%,0.00,United States,2010,87109,Finance,Investment Managers
EDHL,Everbright Digital Holding Limited Ordinary Shares,$0.7305,-0.0196,-2.613%,19358250.00,Hong Kong,2025,452820,Consumer Discretionary,Advertising
EDIT,Editas Medicine Inc. Common Stock,$3.36,0.21,6.667%,281275206.00,United States,2016,2601780,Health Care,Biotechnology: Biological Products (No Diagnostic Substances)
EDN,Empresa Distribuidora Y Comercializadora Norte S.A. (Edenor) American Depositary Shares,$24.15,-0.49,-1.989%,1094544533.00,Argentina,2007,82051,Utilities,Electric Utilities: Central
EDRY,EuroDry Ltd. Common Shares ,$10.80,0.135,1.266%,30528328.00,Greece,,2548,Consumer Discretionary,Marine Transportation
EDSA,Edesa Biotech Inc. Common Shares,$2.43,0.0201,0.834%,7891155.00,United States,,49616,Health Care,Biotechnology: Pharmaceutical Preparations
EDTK,Skillful Craftsman Education Technology Limited Ordinary Share,$1.01,0.0619,6.529%,16088746.00,China,2020,27182,Real Estate,Other Consumer Services
EDU,New Oriental Education & Technology Group Inc. Sponsored ADR representing 10 Ordinary Share (Cayman Islands),$47.59,0.86,1.84%,7782337162.00,China,2006,1919693,Real Estate,Other Consumer Services
EDUC,Educational Development Corporation Common Stock,$1.30,-0.028,-2.108%,11158161.00,United States,,3673,Consumer Discretionary,Consumer Specialties
EE,Excelerate Energy Inc. Class A Common Stock,$24.69,-0.68,-2.68%,2815109432.00,United States,2022,463599,Utilities,Oil/Gas Transmission
EEA,The European Equity Fund Inc. Common Stock,$10.26,-0.02,-0.195%,0.00,United States,,15377,Finance,Trusts Except Educational Religious and Charitable
EEFT,Euronet Worldwide Inc. Common Stock,$103.87,2.85,2.821%,4491843193.00,United States,1997,303883,Finance,Investment Bankers/Brokers/Service
EEIQ,EpicQuest Education Group International Limited Common Stock,$0.689,0.049,7.656%,9162441.00,United States,2021,34690,Real Estate,Other Consumer Services
EEX,Emerald Holding Inc. Common Stock,$5.02,0.04,0.803%,998271422.00,United States,2017,38729,Consumer Discretionary,Business Services
EFC,Ellington Financial Inc. Common Stock ,$13.19,0.03,0.228%,1246628277.00,United States,2010,999777,Finance,Real Estate
EFC^A,Ellington Financial Inc. 6.750% Series A Fixed-to-Floating Rate Cumulative Redeemable Preferred Stock,$25.1799,0.0299,0.119%,,United States,,1496,,
EFC^B,Ellington Financial Inc. 6.250% Series B Fixed-Rate Reset Cumulative Redeemable Preferred Stock,$23.15,0.04,0.173%,,United States,,14741,,
EFC^C,Ellington Financial Inc. 8.625% Series C Fixed-Rate Reset Cumulative Redeemable Preferred Stock,$25.01,0.032,0.128%,,United States,,1850,,
EFC^D,Ellington Financial Inc. 7.00% Series D Cumulative Perpetual Redeemable Preferred Stock,$23.07,-0.4482,-1.906%,,United States,,392,,
EFOI,Energy Focus Inc. Common Stock,$2.08,-0.12,-5.455%,11157885.00,United States,,12891,Consumer Discretionary,Building Products
EFR,Eaton Vance Senior Floating-Rate Fund Common Shares of Beneficial Interest,$11.97,0.01,0.084%,0.00,United States,2003,79000,Finance,Trusts Except Educational Religious and Charitable
EFSC,Enterprise Financial Services Corporation Common Stock,$57.60,-0.48,-0.826%,2127322368.00,United States,,159355,Finance,Major Banks
EFSCP,Enterprise Financial Services Corporation Depositary Shares Each Representing a 1/40th Interest in a Share of 5% Fixed Rate Non-Cumulative Perpetual Preferred Stock Series A,$20.04,-0.09,-0.447%,740130907.00,United States,,744,Finance,Major Banks
EFSI,Eagle Financial Services Inc Common Stock,$33.89,0.17,0.504%,182272688.00,United States,,16761,Finance,Major Banks
EFT,Eaton Vance Floating Rate Income Trust Common Shares of Beneficial Interest,$12.39,-0.01,-0.081%,360430242.00,United States,2004,67479,Finance,Finance Companies
EFX,Equifax Inc. Common Stock,$238.41,-21.23,-8.177%,29610293365.00,United States,,2437707,Finance,Finance: Consumer Services
EFXT,Enerflex Ltd Common Shares,$7.99,-0.02,-0.25%,986952997.00,Canada,2022,179219,Industrials,Industrial Machinery/Components
EG,Everest Group Ltd. Common Stock,$337.02,7.05,2.137%,14335054031.00,Bermuda,,312670,Finance,Property-Casualty Insurers
EGAN,eGain Corporation Common Stock,$6.40,-0.12,-1.84%,175044435.00,United States,1999,24229,Technology,Computer Software: Prepackaged Software
EGBN,Eagle Bancorp Inc. Common Stock,$21.35,-0.10,-0.466%,648557255.00,United States,,357659,Finance,Major Banks
EGG,Enigmatig Limited Class A Ordinary Shares,$6.16,0.13,2.156%,177100000.00,,2025,28371,Consumer Discretionary,Professional Services
EGHA,EGH Acquisition Corp. Class A Ordinary Shares,$10.05,0.045,0.45%,0.00,United States,2025,262915,Finance,Finance/Investors Services
EGY,VAALCO Energy Inc.  Common Stock,$3.62,0.09,2.55%,375824947.00,United States,,691073,Energy,Oil & Gas Production
EH,EHang Holdings Limited ADS,$19.84,1.00,5.308%,1428179583.00,China,2019,1920285,Industrials,Aerospace
EHAB,Enhabit Inc. Common Stock,$6.76,0.04,0.595%,342308939.00,United States,2022,432047,Health Care,Medical/Nursing Services
EHC,Encompass Health Corporation Common Stock,$108.39,-1.61,-1.464%,10925378701.00,United States,,1076873,Health Care,Hospital/Nursing Management
EHGO,Eshallgo Inc. Class A Ordinary Shares,$0.7983,0.0083,1.051%,16353176.00,China,2024,100581,Consumer Discretionary,Diversified Commercial Services
EHI,Western Asset Global High Income Fund Inc Common Stock,$6.59,0.06,0.919%,0.00,United States,2003,48647,Finance,Investment Managers
EHLD,Euroholdings Ltd. Common Stock ,$7.04,-0.41,-5.503%,19828970.00,Greece,,13876,Consumer Discretionary,Marine Transportation
EHTH,eHealth Inc. Common Stock,$3.95,0.22,5.898%,119790252.00,United States,2006,474120,Finance,Specialty Insurers
EIC,Eagle Point Income Company Inc. Common Stock,$13.45,0.01,0.074%,119814053.00,,2019,259813,Finance,Finance/Investors Services
EICA,Eagle Point Income Company Inc. 5.00% Series A Term Preferred Stock due 2026,$24.58,0.02,0.081%,218961295.00,,2021,1921,Finance,Finance/Investors Services
EICB,Eagle Point Income Company Inc. 7.75% Series B Term Preferred Stock Due 2028,$25.035,-0.005,-0.02%,0.00,,,14188,,
EICC,Eagle Point Income Company Inc. 8.00% Series C Term Preferred Stock due 2029,$25.20,0.04,0.159%,0.00,,,14784,,
EIG,Employers Holdings Inc Common Stock,$46.13,0.45,0.985%,1108992970.00,United States,2007,182863,Finance,Property-Casualty Insurers
EIIA,Eagle Point Institutional Income Fund 8.125% Series A Term Preferred Shares Due 2029,$25.1606,-0.0844,-0.334%,0.00,,2024,347,,
EIM,Eaton Vance Municipal Bond Fund Common Shares of Beneficial Interest $.01 par value,$9.49,0.05,0.53%,0.00,United States,2002,52646,Finance,Finance/Investors Services
EIX,Edison International Common Stock,$52.03,1.11,2.18%,20019253334.00,United States,,2371715,Utilities,Electric Utilities: Central
EJH,E-Home Household Service Holdings Limited Ordinary Shares,$1.51,-1.00,-39.841%,5547514.00,China,2021,1830136,Consumer Discretionary,Other Consumer Services
EKSO,Ekso Bionics Holdings Inc. Common Stock,$3.86,-0.10,-2.525%,9081214.00,United States,,55377,Industrials,Industrial Machinery/Components
EL,Estee Lauder Companies Inc. (The) Common Stock,$89.00,2.96,3.44%,32017926220.00,United States,1995,3023571,Consumer Discretionary,Package Goods/Cosmetics
ELA,Envela Corporation Common Stock,$6.15,0.37,6.401%,159870486.00,United States,,28622,Consumer Discretionary,Consumer Specialties
ELAB,PMGC Holdings Inc. Common Stock,$2.37,-0.02,-0.837%,3259662.00,United States,2023,38473,Health Care,Biotechnology: Pharmaceutical Preparations
ELAN,Elanco Animal Health Incorporated Common Stock,$14.93,0.25,1.703%,7414932305.00,United States,2018,3755691,Health Care,Biotechnology: Pharmaceutical Preparations
ELBM,Electra Battery Materials Corporation Common Stock,$1.25,-0.01,-0.794%,22451466.00,Canada,,102472,Miscellaneous,Industrial Machinery/Components
ELC,Entergy Louisiana Inc. Collateral Trust Mortgage Bonds 4.875 % Series due September 1 2066,$20.3899,-0.1701,-0.827%,4347892362.00,United States,2016,20404,Utilities,Electric Utilities: Central
ELDN,Eledon Pharmaceuticals Inc. Common Stock,$3.71,0.02,0.542%,222161385.00,United States,2014,504754,Health Care,Biotechnology: Pharmaceutical Preparations
ELEV,Elevation Oncology Inc. Common stock,$0.365,-0.0079,-2.119%,21616661.00,United States,2021,4794060,Health Care,Biotechnology: Biological Products (No Diagnostic Substances)
ELF,e.l.f. Beauty Inc. Common Stock,$116.05,4.44,3.978%,6536908151.00,United States,2016,1528230,Consumer Discretionary,Package Goods/Cosmetics
ELLO,Ellomay Capital Ltd Ordinary Shares (Israel),$17.81,-0.0349,-0.196%,228904539.00,Israel,,453,Utilities,Electric Utilities: Central
ELMD,Electromed Inc. Common Stock,$18.69,0.57,3.146%,156736489.00,United States,2011,86231,Health Care,Biotechnology: Electromedical & Electrotherapeutic Apparatus
ELME,Elme Communities Common Stock,$16.16,0.12,0.748%,1424643897.00,United States,2000,445353,Real Estate,Real Estate Investment Trusts
ELP,Companhia Paranaense de Energia (COPEL) American Depositary Shares (each representing one Unit consisting one Common Share and four non-voting Class B Preferred Shares),$8.47,-0.07,-0.82%,2747929511.00,Brazil,2021,1333914,Utilities,Electric Utilities: Central
ELPC,Companhia Paranaense de Energia (COPEL) American Depositary Shares (each representing four (4) Common Shares),$7.93,0.00,0.00%,2572736839.00,Brazil,2023,309,Utilities,Electric Utilities: Central
ELPW,Elong Power Holding Limited Class A Ordinary Shares,$2.05,-0.02,-0.966%,102615034.00,China,,258069,,
ELS,Equity Lifestyle Properties Inc. Common Stock,$61.55,-0.17,-0.275%,11767714033.00,United States,,3044596,Real Estate,Real Estate Investment Trusts
ELSE,Electro-Sensors Inc. Common Stock,$4.69,-0.0299,-0.633%,16175908.00,United States,,1108,Industrials,Industrial Machinery/Components
ELTK,Eltek Ltd. Ordinary Shares,$10.41,0.01,0.096%,69893156.00,Israel,1997,9168,Technology,Electrical Products
ELTX,Elicio Therapeutics Inc. Common Stock,$9.32,0.08,0.866%,149091816.00,United States,2021,22770,Health Care,Biotechnology: Pharmaceutical Preparations
ELUT,Elutia Inc. Class A Common Stock,$2.10,-0.03,-1.408%,86342894.00,United States,2020,27165,Health Care,Biotechnology: Biological Products (No Diagnostic Substances)
ELV,Elevance Health Inc. Common Stock,$281.72,5.27,1.906%,63437231803.00,United States,,3504023,Health Care,Medical Specialities
ELVA,Electrovaya Inc. Common Shares,$3.82,0.06,1.596%,153208415.00,Canada,,309690,,
ELVN,Enliven Therapeutics Inc. Common Stock,$21.56,-0.31,-1.417%,1057933202.00,United States,2020,278226,Health Care,Biotechnology: Pharmaceutical Preparations
ELWS,Earlyworks Co. Ltd. American Depositary Shares,$2.3851,-0.0349,-1.442%,7191983.00,Japan,2023,61707,Technology,EDP Services
EM,Smart Share Global Limited American Depositary Shares,$1.14,0.00,0.00%,289068952.00,China,2021,171138,Consumer Discretionary,Other Consumer Services
EMA,Emera Incorporated Common Shares,$46.87,0.62,1.341%,13962573000.00,,2025,99387,Utilities,Electric Utilities: Central
EMBC,Embecta Corp. Common Stock,$10.69,0.40,3.887%,624750411.00,United States,,535960,Health Care,Medical/Dental Instruments
EMCG,Embrace Change Acquisition Corp Ordinary Shares,$12.15,0.00,0.00%,0.00,United States,2022,1,Finance,Blank Checks
EMCGR,Embrace Change Acquisition Corp Rights,$0.10,0.00,0.00%,0.00,United States,2022,1,Finance,Blank Checks
EMD,Western Asset Emerging Markets Debt Fund Inc Common Stock,$10.17,0.05,0.494%,0.00,United States,,304059,Finance,Finance/Investors Services
EME,EMCOR Group Inc. Common Stock,$558.98,-1.46,-0.261%,25018829076.00,United States,,315018,Industrials,Engineering & Construction
EMF,Templeton Emerging Markets Fund Common Stock,$14.84,0.02,0.135%,0.00,United States,1987,69516,Finance,Finance/Investors Services
EML,Eastern Company (The) Common Stock,$23.37,0.80,3.545%,143650365.00,United States,,8913,Consumer Discretionary,Industrial Machinery/Components
EMN,Eastman Chemical Company Common Stock,$79.07,1.59,2.052%,9129433902.00,United States,,1668606,Industrials,Major Chemicals
EMO,ClearBridge Energy Midstream Opportunity Fund Inc. Common Stock,$47.29,-0.66,-1.376%,0.00,United States,2011,53558,Finance,Investment Managers
EMP,Entergy Mississippi LLC First Mortgage Bonds 4.90% Series Due October 1 2066,$20.50,0.06,0.294%,8830869235.00,United States,2016,10045,Utilities,Electric Utilities: Central
EMPG,Empro Group Inc. Ordinary shares,$3.80,0.10,2.703%,30875000.00,Malaysia,2025,259177,,
EMR,Emerson Electric Company Common Stock,$144.34,1.43,1.001%,81191250000.00,United States,,2684463,Technology,Consumer Electronics/Appliances
EMX,EMX Royalty Corporation Common Shares (Canada),$3.08,0.12,4.054%,332616343.00,Canada,,336377,Basic Materials,Metal Mining
ENB,Enbridge Inc Common Stock,$45.20,0.61,1.368%,98536000000.00,Canada,,5254066,Energy,Natural Gas Distribution
ENFY,Enlightify Inc. Common Stock,$0.9503,0.0056,0.593%,14987119.00,China,,61573,Industrials,Agricultural Chemicals
ENGN,enGene Holdings Inc. Common Stock,$3.86,0.01,0.26%,197266076.00,Canada,,47030,Health Care,Biotechnology: Biological Products (No Diagnostic Substances)
ENGNW,enGene Holdings Inc. Warrants,$0.8699,-0.0001,-0.011%,44456414.00,Canada,,4,Health Care,Biotechnology: Biological Products (No Diagnostic Substances)
ENGS,Energys Group Limited Ordinary Shares,$2.18,0.09,4.306%,31065000.00,United Kingdom,2025,77287,Industrials,Engineering & Construction
ENIC,Enel Chile S.A. American Depositary Shares (Each representing 50 shares of Common Stock),$3.32,-0.05,-1.484%,4592659398.00,Chile,2016,427072,Utilities,Electric Utilities: Central
ENJ,Entergy New Orleans LLC First Mortgage Bonds 5.0% Series due December 1 2052,$20.97,0.12,0.576%,9033333066.00,United States,,1542,Utilities,Power Generation
ENLT,Enlight Renewable Energy Ltd. Ordinary Shares,$25.85,0.24,0.937%,3078622294.00,Israel,2023,22285,Utilities,Electric Utilities: Central
ENLV,Enlivex Therapeutics Ltd. Ordinary Shares,$1.18,-0.01,-0.84%,28142923.00,Israel,2014,137709,Health Care,Biotechnology: Pharmaceutical Preparations
ENO,Entergy New Orleans LLC First Mortgage Bonds 5.50% Series due April 1 2066,$21.8315,0.0515,0.236%,4668248114.00,United States,2016,2324,Utilities,Power Generation
ENOV,Enovis Corporation Common Stock,$27.24,0.94,3.574%,1556031909.00,United States,,1658255,Health Care,Industrial Specialties
ENPH,Enphase Energy Inc. Common Stock,$42.50,2.84,7.161%,5576298265.00,United States,2012,18003835,Technology,Semiconductors
ENR,Energizer Holdings Inc. Common Stock,$23.71,0.69,2.997%,1711689937.00,United States,2015,1406010,Miscellaneous,Industrial Machinery/Components
ENS,EnerSys Common Stock,$90.35,1.76,1.987%,3541378025.00,United States,2004,230645,Technology,Industrial Machinery/Components
ENSC,Ensysce Biosciences Inc. Common Stock,$2.20,0.03,1.382%,5215536.00,United States,,93455,Health Care,Biotechnology: Pharmaceutical Preparations
ENSG,The Ensign Group Inc. Common Stock,$136.36,-0.96,-0.699%,7839657255.00,United States,2007,444074,Health Care,Hospital/Nursing Management
ENTA,Enanta Pharmaceuticals Inc. Common Stock,$7.67,-0.06,-0.776%,163958376.00,United States,2013,269589,Health Care,Biotechnology: Pharmaceutical Preparations
ENTG,Entegris Inc. Common Stock,$92.00,0.36,0.393%,13928800000.00,United States,2000,2366097,Industrials,Plastic Products
ENTO,Entero Therapeutics Inc. Common Stock,$0.4946,0.0019,0.386%,2357130.00,United States,2016,79675,Health Care,Biotechnology: Pharmaceutical Preparations
ENTX,Entera Bio Ltd. Ordinary Shares,$1.95,-0.0392,-1.971%,88631726.00,Israel,2018,34064,Health Care,Biotechnology: Biological Products (No Diagnostic Substances)
ENVA,Enova International Inc. Common Stock,$114.15,1.11,0.982%,2895616796.00,United States,2014,303536,Finance,Finance: Consumer Services
ENVB,Enveric Biosciences Inc. Common Stock,$1.41,0.04,2.92%,3485035.00,United States,,258392,Health Care,Biotechnology: Pharmaceutical Preparations
ENVX,Enovix Corporation Common Stock,$14.69,0.26,1.802%,3223470491.00,United States,2021,12343030,Miscellaneous,Industrial Machinery/Components
ENVXW,Enovix Corporation Warrant,$5.80,5.80,,0.00,United States,,3163035,,
ENX,Eaton Vance New York Municipal Bond Fund Common Shares of Beneficial Interest $.01 par value,$9.01,0.05,0.558%,0.00,United States,2002,20609,Finance,Finance/Investors Services
EOD,Allspring Global Dividend Opportunity Fund Common Shares of Beneficial Interest,$5.52,-0.02,-0.361%,0.00,United States,2007,82125,Finance,Investment Managers
EOG,EOG Resources Inc. Common Stock,$117.93,1.44,1.236%,64364662089.00,United States,,2199994,Energy,Oil & Gas Production
EOI,Eaton Vance Enhance Equity Income Fund Eaton Vance Enhanced Equity Income Fund Shares of Beneficial Interest,$20.80,-0.02,-0.096%,0.00,United States,2004,53002,Finance,Finance/Investors Services
EOLS,Evolus Inc. Common Stock,$9.57,0.35,3.796%,617031387.00,United States,2018,800936,Health Care,Biotechnology: Pharmaceutical Preparations
EONR,EON Resources Inc. Class A Common Stock,$0.3594,0.0134,3.873%,7105101.00,,2022,489162,Energy,Oil & Gas Production
EOS,Eaton Vance Enhance Equity Income Fund II Common Stock,$23.97,-0.17,-0.704%,0.00,,2005,109286,Finance,Trusts Except Educational Religious and Charitable
EOSE,Eos Energy Enterprises Inc. Class A Common Stock,$6.03,0.03,0.50%,1372366693.00,United States,,14637718,Miscellaneous,Industrial Machinery/Components
EOSEW,Eos Energy Enterprises Inc. Warrant,$0.67,0.15,28.846%,152485188.00,United States,,67849,Miscellaneous,Industrial Machinery/Components
EOT,Eaton Vance Municipal Income Trust EATON VANCE NATIONAL MUNICIPAL OPPORTUNITIES TRUST,$16.34,0.22,1.365%,255311209.00,United States,2009,66945,Finance,Investment Bankers/Brokers/Service
EP,Empire Petroleum Corporation Common Stock,$5.10,0.29,6.029%,171970608.00,United States,2022,35206,Energy,Oil & Gas Production
EP^C,El Paso Corporation Preferred Stock,$48.97,0.0699,0.143%,,United States,,942,,
EPAC,Enerpac Tool Group Corp. Common Stock,$37.22,0.20,0.54%,2007547348.00,United States,,378113,Technology,Industrial Machinery/Components
EPAM,EPAM Systems Inc. Common Stock,$168.73,3.23,1.952%,9559010240.00,United States,2012,579368,Technology,EDP Services
EPC,Edgewell Personal Care Company Common Stock,$26.60,1.16,4.56%,1250988903.00,United States,,607618,Consumer Discretionary,Package Goods/Cosmetics
EPD,Enterprise Products Partners L.P. Common Stock,$31.33,0.17,0.546%,67951719555.00,United States,,2938286,Utilities,Natural Gas Distribution
EPIX,ESSA Pharma Inc. Common Stock,$1.86,-0.01,-0.535%,82562703.00,Canada,,294031,Health Care,Biotechnology: Pharmaceutical Preparations
EPM,Evolution Petroleum Corporation Inc. Common Stock,$4.87,0.13,2.743%,167078207.00,United States,,248161,Energy,Oil & Gas Production
EPOW,Sunrise New Energy Co. Ltd Class A Ordinary Shares,$0.9199,-0.0178,-1.898%,24825295.00,China,2021,11035,Consumer Discretionary,Business Services
EPR,EPR Properties Common Stock,$58.69,0.27,0.462%,4464460324.00,United States,1997,1027735,Real Estate,Real Estate Investment Trusts
EPR^C,EPR Properties 5.75% Series C Cumulative Convertible Preferred Shares,$25.8726,0.1626,0.632%,,United States,,26551,,
EPR^E,EPR Properties Series E Cumulative Conv Pfd Shs Ser E,$31.65,0.00,0.00%,,United States,,194,,
EPR^G,EPR Properties 5.750% Series G Cumulative Redeemable Preferred Shares,$21.14,0.04,0.19%,,United States,,2835,,
EPRT,Essential Properties Realty Trust Inc. Common Stock,$30.87,0.40,1.313%,6097205195.00,United States,2018,2191861,Real Estate,Real Estate Investment Trusts
EPRX,Eupraxia Pharmaceuticals Inc. Common Stock,$5.1299,-0.0601,-1.158%,183903596.00,Canada,,4743,Health Care,Pharmaceuticals and Biotechnology
EPSM,Epsium Enterprise Limited Ordinary Shares,$17.30,-0.19,-1.086%,232477988.00,Macau,2025,425284,Consumer Staples,Beverages (Production/Distribution)
EPSN,Epsilon Energy Ltd. Common Share,$6.25,-0.07,-1.108%,137608781.00,United States,,122890,Energy,Oil & Gas Production
EPWK,EPWK Holdings Ltd. Class A Ordinary Shares,$0.569,-0.0219,-3.706%,12465334.00,China,2025,230789,,
EQ,Equillium Inc. Common Stock,$0.391,-0.0231,-5.578%,13966253.00,United States,2018,294220,Health Care,Biotechnology: Pharmaceutical Preparations
EQBK,Equity Bancshares Inc. Class A Common Stock,$39.69,-0.07,-0.176%,695189957.00,United States,,66085,Finance,Major Banks
EQH,Equitable Holdings Inc. Common Stock,$52.44,0.17,0.325%,15936265389.00,United States,2018,1934269,Finance,Specialty Insurers
EQH^A,Equitable Holdings Inc. Depositary Shares,$20.49,-0.21,-1.014%,,United States,,83078,,
EQH^C,Equitable Holdings Inc. Depositary Shares each representing a 1/1000th interest in a share of Fixed Rate Noncumulative Perpetual Preferred Stock Series C,$16.80,0.00,0.00%,,United States,,30377,,
EQIX,Equinix Inc. Common Stock REIT,$800.55,11.36,1.439%,78308993245.00,United States,2000,566140,Real Estate,Real Estate Investment Trusts
EQNR,Equinor ASA,$25.60,0.02,0.078%,75385168486.00,Norway,,4550100,Energy,Integrated oil Companies
EQR,Equity Residential Common Shares of Beneficial Interest,$68.32,1.34,2.001%,25957751534.00,United States,,1801882,Real Estate,Real Estate Investment Trusts
EQS,Equus Total Return Inc. Common Stock,$1.45,0.002,0.138%,19699951.00,United States,,5763,Finance,Finance/Investors Services
EQT,EQT Corporation Common Stock,$54.34,0.80,1.494%,32529336840.00,United States,,13805213,Energy,Oil & Gas Production
EQV,EQV Ventures Acquisition Corp. Class A Ordinary Shares,$10.45,-0.05,-0.476%,0.00,,2024,26761,,
EQX,Equinox Gold Corp. Common Shares,$6.50,0.05,0.775%,2964691724.00,Canada,,18449828,Basic Materials,Precious Metals
ERAS,Erasca Inc. Common Stock,$1.68,0.18,12.00%,475922802.00,United States,2021,1548490,Health Care,Biotechnology: Pharmaceutical Preparations
ERC,Allspring Multi-Sector Income Fund Common Stock,$9.33,0.00,0.00%,0.00,United States,2003,118779,Finance,Finance/Investors Services
ERH,Allspring Utilities and High Income Fund Common Shares,$11.85,0.11,0.937%,0.00,,2004,25890,Finance,Finance/Investors Services
ERIC,Ericsson American Depositary Shares,$7.53,0.06,0.803%,25212335565.00,Sweden,,28397530,Technology,Radio And Television Broadcasting And Communications Equipment
ERIE,Erie Indemnity Company Class A Common Stock,$364.10,11.83,3.358%,16818365201.00,United States,,153177,Finance,Specialty Insurers
ERII,Energy Recovery Inc. Common Stock,$13.67,0.12,0.886%,745004406.00,United States,2008,350543,Technology,Industrial Machinery/Components
ERJ,Embraer S.A. Common Stock,$48.68,-0.29,-0.592%,8927499924.00,Brazil,2000,1571066,Industrials,Aerospace
ERNA,Ernexa Therapeutics Inc. Common Stock,$2.01,0.05,2.551%,14796014.00,United States,,40379,Health Care,Biotechnology: Pharmaceutical Preparations
ERO,Ero Copper Corp. Common Shares,$14.68,0.22,1.521%,1520437929.00,Canada,2021,712049,Basic Materials,Metal Mining
ES,Eversource Energy (D/B/A) Common Stock,$66.61,1.07,1.633%,24471502061.00,United States,,1591532,Utilities,Electric Utilities: Central
ESAB,ESAB Corporation Common Stock,$130.86,2.82,2.202%,7933111647.00,United States,2022,232565,Industrials,Industrial Machinery/Components
ESCA,Escalade Incorporated Common Stock,$13.05,0.29,2.273%,179918419.00,United States,,21380,Consumer Discretionary,Recreational Games/Products/Toys
ESE,ESCO Technologies Inc. Common Stock,$188.63,-4.36,-2.259%,4871273737.00,United States,,158392,Telecommunications,Telecommunications Equipment
ESEA,Euroseas Ltd. Common Stock (Marshall Islands),$50.55,0.99,1.998%,354184237.00,Greece,,30530,Consumer Discretionary,Marine Transportation
ESGL,ESGL Holdings Limited Ordinary Shares,$3.12,0.23,7.958%,130466669.00,Singapore,,34572,Utilities,Environmental Services
ESGLW,ESGL Holdings Limited Warrants,$0.0633,0.0032,5.324%,2646968.00,Singapore,,8316,Utilities,Environmental Services
ESHA,ESH Acquisition Corp. Class A Common Stock,$11.10,0.00,0.00%,0.00,United States,2023,23,Finance,Blank Checks
ESI,Element Solutions Inc. Common Stock,$24.53,0.06,0.245%,5948624911.00,United States,2014,1840427,Industrials,Major Chemicals
ESLA,Estrella Immunopharma Inc. Common Stock,$0.874,0.034,4.048%,31608725.00,United States,2021,21259,Health Care,Biotechnology: Biological Products (No Diagnostic Substances)
ESLAW,Estrella Immunopharma Inc. Warrant,$0.0422,0.0034,8.763%,1526188.00,United States,2021,4800,Health Care,Biotechnology: Biological Products (No Diagnostic Substances)
ESLT,Elbit Systems Ltd. Ordinary Shares,$437.00,-2.68,-0.61%,19493154557.00,Israel,,75137,Industrials,Military/Government/Technical
ESNT,Essent Group Ltd. Common Shares,$56.80,0.84,1.501%,5759607813.00,Bermuda,2013,814397,Finance,Property-Casualty Insurers
ESOA,Energy Services of America Corporation Common Stock,$9.91,0.14,1.433%,165673487.00,United States,,127112,Industrials,Water Sewer Pipeline Comm & Power Line Construction
ESP,Espey Mfg. & Electronics Corp. Common Stock,$50.89,0.40,0.792%,144089895.00,United States,1960,27006,Technology,Industrial Machinery/Components
ESPR,Esperion Therapeutics Inc. Common Stock,$1.22,0.07,6.087%,241803344.00,United States,2013,3225484,Health Care,Biotechnology: Pharmaceutical Preparations
ESQ,Esquire Financial Holdings Inc. Common Stock,$103.04,2.20,2.182%,871872342.00,United States,2017,87621,Finance,Commercial Banks
ESRT,Empire State Realty Trust Inc. Class A Common Stock,$7.77,0.16,2.102%,1309138504.00,United States,2013,1157219,Real Estate,Real Estate Investment Trusts
ESS,Essex Property Trust Inc. Common Stock,$292.06,7.06,2.477%,18804334795.00,United States,1994,354642,Real Estate,Real Estate Investment Trusts
ESSA,ESSA Bancorp Inc. Common Stock,$20.10,-0.09,-0.446%,204108746.00,United States,2007,58901,Finance,Banks
ESTA,Establishment Labs Holdings Inc. Common Shares,$43.47,0.87,2.042%,1257033031.00,Costa Rica,2018,335582,Health Care,Industrial Specialties
ESTC,Elastic N.V. Ordinary Shares,$87.35,0.49,0.564%,9218472379.00,United States,2018,770243,Technology,Computer Software: Prepackaged Software
ET,Energy Transfer LP Common Units ,$17.33,0.09,0.522%,59472714802.00,United States,,12438289,Utilities,Natural Gas Distribution
ET^I,Energy Transfer L.P. Series I Fixed Rate Perpetual Preferred Units,$11.31,-0.01,-0.088%,,United States,,25882,,
ETB,Eaton Vance Tax-Managed Buy-Write Income Fund Eaton Vance Tax-Managed Buy-Write Income Fund Common Shares of Beneficial Interest,$14.42,-0.05,-0.346%,423535559.00,United States,2005,37233,Finance,Investment Bankers/Brokers/Service
ETD,Ethan Allen Interiors Inc. Common Stock,$29.85,0.76,2.613%,759084306.00,United States,,201051,Consumer Discretionary,Home Furnishings
ETG,Eaton Vance Tax-Advantaged Global Dividend Income Fund Common Shares of Beneficial Interest,$20.75,0.01,0.048%,0.00,United States,2004,83667,Finance,Investment Managers
ETI^,Entergy Texas Inc 5.375% Series A Preferred Stock Cumulative No Par Value,$22.80,-0.03,-0.131%,,United States,,623,,
ETJ,Eaton Vance Risk-Managed Diversified Equity Income Fund Common Shares of Beneficial Interest,$8.91,-0.03,-0.336%,0.00,United States,2007,307032,Finance,Finance Companies
ETN,Eaton Corporation PLC Ordinary Shares,$372.65,-1.01,-0.27%,145817945000.00,Ireland,,1805103,Technology,Industrial Machinery/Components
ETNB,89bio Inc. Common Stock,$9.98,-0.13,-1.286%,1456922136.00,United States,2019,1363922,Health Care,Biotechnology: Pharmaceutical Preparations
ETO,Eaton Vance Tax-Advantage Global Dividend Opp Common Stock,$27.40,0.04,0.146%,449034981.00,United States,2004,18781,Finance,Investment Managers
ETON,Eton Pharmaceuticals Inc. Common Stock,$14.59,0.19,1.319%,391267836.00,United States,2018,597069,Health Care,Biotechnology: Pharmaceutical Preparations
ETOR,eToro Group Ltd. Class A Common Shares,$57.61,1.43,2.545%,4659124812.00,Israel,2025,616071,Finance,Investment Bankers/Brokers/Service
ETR,Entergy Corporation Common Stock,$88.53,1.50,1.724%,38136431870.00,United States,,2742962,Utilities,Electric Utilities: Central
ETSY,Etsy Inc. Common Stock,$63.69,3.28,5.43%,6641736885.00,United States,2015,7326226,Consumer Discretionary,Business Services
ETV,Eaton Vance Corporation Eaton Vance Tax-Managed Buy-Write Opportunities Fund Common Shares of Beneficial Interest,$13.74,-0.06,-0.435%,1501347115.00,United States,2005,130503,Finance,Investment Bankers/Brokers/Service
ETW,Eaton Vance Corporation Eaton Vance Tax-Managed Global Buy-Write Opportunites Fund Common Shares of Beneficial Interest,$8.65,-0.04,-0.46%,948020849.00,United States,2005,208361,Finance,Investment Managers
ETWO,E2open Parent Holdings Inc.Class A Common Stock,$3.27,-0.01,-0.305%,1023064580.00,United States,2020,2487676,Technology,EDP Services
ETX           ,Eaton Vance Municipal Income 2028 Term Trust Common Shares of Beneficial Interest,$18.08,0.0099,0.055%,196800004.00,,2013,8436,Finance,Investment Managers
ETY,Eaton Vance Tax-Managed Diversified Equity Income Fund Common Shares of Beneficial Interest,$15.59,-0.06,-0.383%,0.00,United States,2006,152610,Finance,Finance Companies
EU,enCore Energy Corp. Common Shares,$3.02,0.08,2.721%,559746158.00,United States,,2309622,Basic Materials,Other Metals and Minerals
EUDA,EUDA Health Holdings Limited Ordinary Shares,$3.02,-0.07,-2.265%,112212274.00,Singapore,2021,86174,Health Care,Medical/Nursing Services
EUDAW,EUDA Health Holdings Limited Warrant,$0.0998,0.00,0.00%,3708207.00,Singapore,2021,216,Health Care,Medical/Nursing Services
EURK,Eureka Acquisition Corp Class A Ordinary Share,$10.62,0.03,0.283%,0.00,United States,2024,2166,,
EVAX,Evaxion A/S American Depositary Share,$2.61,0.04,1.556%,16486253.00,Denmark,2021,34330,Health Care,Biotechnology: Biological Products (No Diagnostic Substances)
EVC,Entravision Communications Corporation Common Stock,$2.32,0.01,0.433%,211064988.00,United States,2000,187688,Industrials,Broadcasting
EVCM,EverCommerce Inc. Common Stock,$11.44,0.21,1.87%,2088267553.00,United States,2021,261993,Technology,Computer Software: Prepackaged Software
EVER,EverQuote Inc. Class A Common Stock,$25.66,0.48,1.906%,835291120.00,United States,2018,508268,Technology,Computer Software: Programming Data Processing
EVEX,Eve Holding Inc. Common Stock,$6.57,0.16,2.496%,1955523038.00,,2022,691582,Industrials,Aerospace
EVF,Eaton Vance Senior Income Trust Common Stock,$5.61,0.02,0.358%,98392993.00,United States,1998,61520,Finance,Investment Bankers/Brokers/Service
EVG,Eaton Vance Short Diversified Income Fund Eaton Vance Short Duration Diversified Income Fund Common Shares of Beneficial Interest,$11.01,-0.04,-0.362%,0.00,United States,2005,16306,Finance,Investment Managers
EVGN,Evogene Ltd Ordinary Shares,$1.3001,0.0101,0.783%,8469617.00,Israel,,38820,Industrials,Agricultural Chemicals
EVGO,EVgo Inc. Class A Common Stock,$3.97,0.13,3.385%,1218663861.00,United States,,4361290,Technology,EDP Services
EVGOW,EVgo Inc. Warrants,$0.2191,0.0027,1.248%,67256739.00,United States,,8256,Technology,EDP Services
EVH,Evolent Health Inc Class A Common Stock,$9.77,0.01,0.102%,1146996144.00,United States,2015,2600265,Consumer Discretionary,Other Consumer Services
EVI,EVI Industries Inc.  Common Stock,$23.28,0.05,0.215%,297022792.00,United States,1999,8102,Consumer Discretionary,Other Consumer Services
EVLV,Evolv Technologies Holdings Inc. Class A Common Stock,$6.43,0.37,6.106%,1054495920.00,United States,2020,5224056,Technology,Computer peripheral equipment
EVLVW,Evolv Technologies Holdings Inc. Warrant,$0.5429,0.0717,15.216%,89033567.00,United States,2020,39071,Technology,Computer peripheral equipment
EVM,Eaton Vance California Municipal Bond Fund Common Shares of Beneficial Interest $.01 par value,$8.65,0.01,0.116%,0.00,United States,2002,48039,Finance,Finance/Investors Services
EVN,Eaton Vance Municipal Income Trust Common Stock,$10.41,0.08,0.774%,412935167.00,United States,1999,65979,Finance,Investment Managers
EVO,Evotec SE American Depositary Shares,$3.72,0.03,0.813%,329938038.00,Germany,2021,111451,Health Care,Biotechnology: Pharmaceutical Preparations
EVOK,Evoke Pharma Inc. Common Stock,$4.39,-0.26,-5.591%,6553647.00,United States,2013,50432,Health Care,Biotechnology: Pharmaceutical Preparations
EVR,Evercore Inc. Class A Common Stock,$296.96,3.71,1.265%,11480298691.00,United States,2006,460547,Finance,Investment Managers
EVRG,Evergy Inc. Common Stock,$69.78,0.72,1.043%,16055728906.00,United States,,3119286,Utilities,Power Generation
EVT,Eaton Vance Tax Advantaged Dividend Income Fund Common Shares of Beneficial Interest,$24.13,0.08,0.333%,0.00,United States,2003,71364,Finance,Finance Companies
EVTC,Evertec Inc. Common Stock,$33.62,0.19,0.568%,2138705269.00,Puerto Rico,2013,352412,Technology,EDP Services
EVTL,Vertical Aerospace Ltd. Ordinary Shares,$6.30,-0.50,-7.353%,532682142.00,,2021,2868505,Industrials,Aerospace
EVTV,Envirotech Vehicles Inc. Common Stock,$0.1822,0.0042,2.36%,4677112.00,United States,,687967,Consumer Discretionary,Auto Parts:O.E.M.
EVV,Eaton Vance Limited Duration Income Fund Common Shares of Beneficial Interest,$10.11,0.03,0.298%,0.00,United States,2003,325653,Finance,Finance/Investors Services
EW,Edwards Lifesciences Corporation Common Stock,$76.30,-0.26,-0.34%,44757580000.00,United States,,4867626,Health Care,Industrial Specialties
EWBC,East West Bancorp Inc. Common Stock,$108.96,0.56,0.517%,15017432920.00,United States,,1410588,Finance,Major Banks
EWCZ,European Wax Center Inc. Class A Common Stock,$5.06,0.16,3.265%,279337867.00,United States,2021,338249,Consumer Discretionary,Other Consumer Services
EWTX,Edgewise Therapeutics Inc. Common Stock,$13.54,0.15,1.12%,1424410992.00,United States,2021,353957,Health Care,Biotechnology: Pharmaceutical Preparations
EXAS,Exact Sciences Corporation Common Stock,$49.83,1.47,3.04%,9399815246.00,United States,2001,2564808,Health Care,Medical Specialities
EXC,Exelon Corporation Common Stock,$44.45,0.72,1.646%,44873860265.00,United States,,4627047,Utilities,Power Generation
EXE,Expand Energy Corporation Common Stock,$99.61,0.20,0.201%,23705131919.00,United States,,4293870,Energy,Oil & Gas Production
EXEEL,Expand Energy Corporation Class C Warrants,$96.29,0.00,0.00%,22915040181.00,United States,,45,Energy,Oil & Gas Production
EXEL,Exelixis Inc. Common Stock,$44.47,0.21,0.474%,12127337212.00,United States,2000,2284538,Health Care,Biotechnology: Biological Products (No Diagnostic Substances)
EXFY,Expensify Inc. Class A Common Stock,$2.29,0.12,5.53%,211603001.00,United States,2021,713137,Technology,Computer Software: Prepackaged Software
EXG,Eaton Vance Tax-Managed Global Diversified Equity Income Fund Common Shares of Beneficial Interest,$8.74,-0.03,-0.342%,0.00,United States,2007,327588,Finance,Finance Companies
EXK,Endeavour Silver Corporation Ordinary Shares (Canada),$5.67,0.18,3.279%,1641693047.00,Canada,,8732841,Basic Materials,Precious Metals
EXLS,ExlService Holdings Inc. Common Stock,$43.27,0.68,1.597%,7039784741.00,United States,2006,1369696,Consumer Discretionary,Business Services
EXOD,Exodus Movement Inc. Class A Common Stock,$34.73,1.12,3.332%,998837891.00,United States,,144417,Finance,Finance: Consumer Services
EXOZ,eXoZymes Inc. Common Stock,$9.19,-0.27,-2.854%,76900174.00,United States,2024,14906,Health Care,Biotechnology: Biological Products (No Diagnostic Substances)
EXP,Eagle Materials Inc Common Stock,$217.66,5.11,2.404%,7118424032.00,United States,,396548,Industrials,Building Materials
EXPD,Expeditors International of Washington Inc. Common Stock,$114.33,1.79,1.591%,15657271128.00,United States,,923788,Consumer Discretionary,Oil Refining/Marketing
EXPE,Expedia Group Inc. Common Stock,$189.44,3.97,2.141%,24081782538.00,United States,,1398383,Consumer Discretionary,Transportation Services
EXPI,eXp World Holdings Inc. Common Stock,$11.19,1.18,11.788%,1747532565.00,United States,,2146970,Finance,Real Estate
EXPO,Exponent Inc. Common Stock,$72.66,1.32,1.85%,3687602682.00,United States,,271142,Consumer Discretionary,Professional Services
EXR,Extra Space Storage Inc Common Stock,$151.33,3.53,2.388%,32113872622.00,United States,2004,689328,Real Estate,Real Estate Investment Trusts
EXTR,Extreme Networks Inc. Common Stock,$17.73,0.10,0.567%,2361063179.00,United States,1999,1286995,Telecommunications,Computer Communications Equipment
EYE,National Vision Holdings Inc. Common Stock,$24.99,-0.32,-1.264%,1975550938.00,United States,2017,2080433,Health Care,Ophthalmic Goods
EYPT,EyePoint Pharmaceuticals Inc. Common Stock,$10.45,-0.09,-0.854%,719082641.00,United States,,627014,Industrials,Biotechnology: Laboratory Analytical Instruments
EZGO,EZGO Technologies Ltd. Ordinary Shares,$0.3724,-0.0006,-0.161%,2113434.00,China,2021,314059,Consumer Discretionary,Motor Vehicles
EZPW,EZCORP Inc. Class A Non Voting Common Stock,$13.93,0.03,0.216%,766341816.00,United States,1991,433991,Consumer Discretionary,Other Specialty Stores
F,Ford Motor Company Common Stock,$11.19,-0.12,-1.061%,44497581576.00,United States,,79304876,Consumer Discretionary,Auto Manufacturing
F^B,Ford Motor Company 6.20% Notes due June 1 2059,$21.99,-0.0156,-0.071%,,United States,,30697,,
F^C,Ford Motor Company 6% Notes due December 1 2059,$21.865,-0.005,-0.023%,,United States,,25203,,
F^D,Ford Motor Company 6.500% Notes due August 15 2062,$23.45,-0.11,-0.467%,,United States,,45319,,
FA,First Advantage Corporation Common Stock,$18.05,0.35,1.977%,3134807559.00,United States,2021,834720,Consumer Discretionary,Business Services
FAAS,DigiAsia Corp. Ordinary Shares,$0.4908,-0.0191,-3.746%,29787554.00,United States,2021,735339,Technology,Computer Software: Prepackaged Software
FAASW,DigiAsia Corp. Warrant,$0.04,0.00,0.00%,2427673.00,United States,2021,61612,Technology,Computer Software: Prepackaged Software
FACT,FACT II Acquisition Corp. Class A Ordinary Shares,$10.27,-0.03,-0.291%,0.00,United States,2024,3694,,
FAF,First American Corporation (New) Common Stock,$57.56,1.13,2.002%,5922924000.00,United States,,767773,Finance,Specialty Insurers
FAMI,Farmmi Inc. Ordinary Shares,$1.95,0.075,4.00%,2438475.00,China,2018,91387,Consumer Staples,Packaged Foods
FANG,Diamondback Energy Inc. Common Stock,$141.82,1.98,1.416%,41435260087.00,United States,2012,1540500,Energy,Oil & Gas Production
FARM,Farmer Brothers Company Common Stock,$1.65,0.29,21.324%,35566397.00,United States,,2150883,Consumer Staples,Packaged Foods
FAST,Fastenal Company Common Stock,$47.08,1.06,2.303%,54030731928.00,United States,1987,6073652,Consumer Discretionary,RETAIL: Building Materials
FAT,FAT Brands Inc. Class A Common Stock,$2.42,-0.02,-0.82%,43128761.00,United States,2017,29389,Consumer Discretionary,Restaurants
FATBB,FAT Brands Inc. Class B Common Stock,$2.62,0.05,1.946%,46693121.00,United States,,679,Consumer Discretionary,Restaurants
FATBP,FAT Brands Inc. 8.25% Series B Cumulative Preferred Stock,$2.88,-0.0115,-0.398%,51326790.00,United States,,5131,Consumer Discretionary,Restaurants
FATE,Fate Therapeutics Inc. Common Stock,$1.24,0.09,7.826%,142144947.00,United States,2013,3079301,Health Care,Biotechnology: Biological Products (No Diagnostic Substances)
FATN,FatPipe Inc. Common Stock,$8.2484,0.2984,3.753%,113972168.00,United States,2025,20715,Technology,Computer Software: Prepackaged Software
FAX,abrdn Asia-Pacific Income Fund Inc. Common Stock,$16.07,0.09,0.563%,0.00,United States,1986,95394,Finance,Investment Managers
FBGL,FBS Global Limited Ordinary Shares,$0.5869,-0.0181,-2.992%,7923150.00,Singapore,2025,67446,Consumer Discretionary,Miscellaneous manufacturing industries
FBIN,Fortune Brands Innovations Inc. Common Stock,$55.38,2.42,4.569%,6660034299.00,United States,,1626279,Basic Materials,Forest Products
FBIO,Fortress Biotech Inc. Common Stock,$1.97,0.08,4.233%,58252742.00,United States,,214350,Health Care,Biotechnology: Pharmaceutical Preparations
FBIOP,Fortress Biotech Inc. 9.375% Series A Cumulative Redeemable Perpetual Preferred Stock,$7.06,-0.015,-0.212%,208763635.00,United States,,17460,Health Care,Biotechnology: Pharmaceutical Preparations
FBIZ,First Business Financial Services Inc. Common Stock,$53.68,-0.13,-0.242%,446555331.00,United States,,29440,Finance,Major Banks
FBK,FB Financial Corporation Common Stock,$48.98,0.44,0.906%,2250737678.00,United States,2016,621454,Finance,Major Banks
FBLA,FB Bancorp Inc. Common Stock,$11.90,0.00,0.00%,236066250.00,United States,2024,95284,Finance,Banks
FBLG,FibroBiologics Inc. Common Stock,$0.6701,0.0029,0.435%,25639759.00,United States,,459805,Health Care,Biotechnology: Pharmaceutical Preparations
FBNC,First Bancorp Common Stock,$46.87,-0.65,-1.368%,1941363087.00,United States,1987,238448,Finance,Major Banks
FBP,First BanCorp. New Common Stock,$21.33,-0.53,-2.425%,3445703018.00,Puerto Rico,,1919703,Finance,Major Banks
FBRT,Franklin BSP Realty Trust Inc. Common Stock,$10.54,0.15,1.444%,866542200.00,United States,2021,456602,Real Estate,Real Estate Investment Trusts
FBRT^E,Franklin BSP Realty Trust Inc. 7.50% Series E Cumulative Redeemable Preferred Stock,$21.40,0.01,0.047%,,United States,,10264,,
FBRX,Forte Biosciences Inc. Common Stock,$10.43,0.32,3.165%,68664674.00,United States,2017,24140,Health Care,Biotechnology: Pharmaceutical Preparations
FBYD,Falcon's Beyond Global Inc. Class A Common Stock,$7.50,-0.40,-5.063%,907808355.00,United States,,7327,Consumer Discretionary,Services-Misc. Amusement & Recreation
FBYDW,Falcon's Beyond Global Inc. Warrants,$0.72,-0.43,-37.391%,87149602.00,United States,,24590,Consumer Discretionary,Services-Misc. Amusement & Recreation
FC,Franklin Covey Company Common Stock,$19.95,0.27,1.372%,252204349.00,United States,,175480,Consumer Discretionary,Other Consumer Services
FCAP,First Capital Inc. Common Stock,$38.84,-0.64,-1.621%,130321911.00,United States,,7475,Finance,Savings Institutions
FCBC,First Community Bankshares Inc. (VA) Common Stock,$40.63,-0.15,-0.368%,742680971.00,United States,,35727,Finance,Major Banks
FCCO,First Community Corporation Common Stock,$25.40,0.06,0.237%,195112665.00,United States,,35047,Finance,Major Banks
FCEL,FuelCell Energy Inc. Common Stock,$5.73,0.37,6.903%,130592035.00,United States,,2308206,Energy,Industrial Machinery/Components
FCF,First Commonwealth Financial Corporation Common Stock,$16.79,0.01,0.06%,1761926364.00,United States,,729792,Finance,Major Banks
FCFS,FirstCash Holdings Inc. Common Stock,$133.50,1.99,1.513%,5922669561.00,United States,1991,271737,Consumer Discretionary,Other Specialty Stores
FCN,FTI Consulting Inc. Common Stock,$165.24,2.64,1.624%,5665581897.00,United States,1999,555603,Consumer Discretionary,Professional Services
FCNCA,First Citizens BancShares Inc. Class A Common Stock,$2134.48,20.22,0.956%,28364805893.00,United States,,92340,Finance,Major Banks
FCNCO,First Citizens BancShares Inc. 5.625% Non-Cumulative Perpetual Preferred Stock Series C,$22.1731,-0.1269,-0.569%,294655222.00,United States,,9858,Finance,Major Banks
FCNCP,First Citizens BancShares Inc. Depositary Shares,$20.69,0.00,0.00%,274946513.00,United States,,8712,Finance,Major Banks
FCO,abrdn Global Income Fund Inc. Common Stock,$6.46,0.04,0.623%,0.00,United States,1992,41906,Finance,Investment Managers
FCPT,Four Corners Property Trust Inc. Common Stock,$26.89,0.53,2.011%,2701692241.00,United States,2015,568923,Real Estate,Real Estate Investment Trusts
FCRX,Crescent Capital BDC Inc. 5.00% Notes due 2026,$24.75,-0.02,-0.081%,917273288.00,United States,2023,355,Finance,Finance: Consumer Services
FCT,First Trust Senior Floating Rate Income Fund II Common Shares of Beneficial Interest,$10.19,0.03,0.295%,0.00,United States,2004,94494,Finance,Finance Companies
FCUV,Focus Universal Inc. Common Stock,$2.87,0.125,4.554%,20445917.00,United States,,14408,Industrials,Industrial Machinery/Components
FCX,Freeport-McMoRan Inc. Common Stock,$45.80,0.61,1.35%,65777971587.00,United States,,15279823,Basic Materials,Metal Mining
FDBC,Fidelity D & D Bancorp Inc. Common Stock,$44.45,-0.72,-1.594%,256365375.00,United States,,9045,Finance,Major Banks
FDMT,4D Molecular Therapeutics Inc. Common Stock,$4.50,0.26,6.132%,208460889.00,United States,2020,324980,Health Care,Biotechnology: Biological Products (No Diagnostic Substances)
FDP,Fresh Del Monte Produce Inc. Common Stock,$35.44,0.78,2.25%,1698567540.00,Cayman Islands,1997,435315,Consumer Staples,Farming/Seeds/Milling
FDS,FactSet Research Systems Inc. Common Stock,$417.23,-5.85,-1.383%,15774120316.00,United States,2000,328441,Technology,Computer Software: Programming Data Processing
FDSB,Fifth District Bancorp Inc. Common Stock,$12.96,-0.0367,-0.282%,72050770.00,United States,2024,4170,Finance,Savings Institutions
FDUS,Fidus Investment Corporation Common Stock,$21.55,0.09,0.419%,754506014.00,United States,2011,104331,Finance,Finance/Investors Services
FDX,FedEx Corporation Common Stock,$231.70,5.97,2.645%,55515069532.00,United States,,1833317,Consumer Discretionary,Air Freight/Delivery Services
FE,FirstEnergy Corp. Common Stock,$41.58,0.50,1.217%,23998156626.00,United States,,3485133,Utilities,Electric Utilities: Central
FEAM,5E Advanced Materials Inc. Common Stock,$3.87,0.13,3.476%,77468677.00,United States,,14710,Industrials,Mining & Quarrying of Nonmetallic Minerals (No Fuels)
FEBO,Fenbo Holdings Limited Ordinary Shares,$1.12,0.00,0.00%,12390000.00,Hong Kong,2023,7579,Consumer Discretionary,Home Furnishings
FEDU,Four Seasons Education (Cayman) Inc. American Depositary Shares each ADS representing 10 ordinary shares,$15.60,0.0001,0.001%,35256905.00,,2017,436,Real Estate,Other Consumer Services
FEIM,Frequency Electronics Inc. Common Stock,$25.39,2.17,9.345%,246992092.00,United States,,801621,Industrials,Electrical Products
FELE,Franklin Electric Co. Inc. Common Stock,$91.22,0.90,0.996%,4159255353.00,United States,,363455,Consumer Discretionary,Metal Fabrications
FEMY,Femasys Inc. Common Stock,$0.8754,-0.0066,-0.748%,23845795.00,United States,2021,43339,Health Care,Medical/Dental Instruments
FENC,Fennec Pharmaceuticals Inc. Common Stock,$8.57,0.16,1.902%,236480580.00,United States,,76875,Health Care,Biotechnology: Biological Products (No Diagnostic Substances)
FENG,Phoenix New Media Limited American Depositary Shares each representing 48 Class A ordinary shares.,$2.318,0.028,1.223%,27840979.00,China,2011,2978,Industrials,Broadcasting
FER,Ferrovial SE Ordinary Shares,$53.03,0.14,0.265%,38191468459.00,Netherlands,,165136,Industrials,Military/Government/Technical
FERA,Fifth Era Acquisition Corp I Class A Ordinary Shares,$10.18,0.01,0.098%,0.00,Cayman Islands,2025,1315,,
FERAR,Fifth Era Acquisition Corp I Rights,$0.28,0.002,0.719%,0.00,Cayman Islands,2025,286,,
FERAU,Fifth Era Acquisition Corp I Units,$10.40,0.00,0.00%,0.00,Cayman Islands,2025,5,Finance,Blank Checks
FERG,Ferguson Enterprises Inc. Common Stock,$223.05,3.07,1.396%,44922059664.00,United Kingdom,2021,1444485,Miscellaneous,Miscellaneous
FET,Forum Energy Technologies Inc. Common Stock,$19.15,-0.05,-0.26%,236878319.00,United States,2012,52212,Industrials,Metal Fabrications
FF,FutureFuel Corp.  Common shares,$4.13,0.06,1.474%,180907394.00,United States,,140634,Industrials,Major Chemicals
FFA,First Trust Enhanced Equity Income Fund,$20.78,-0.04,-0.192%,0.00,United States,2004,7826,Finance,Investment Managers
FFAI,Faraday Future Intelligent Electric Inc. Class A Common Stock,$2.94,0.89,43.415%,287010897.00,United States,2020,117038442,Consumer Discretionary,Auto Manufacturing
FFAIW,Faraday Future Intelligent Electric Inc. Warrant,$0.0689,0.013,23.256%,6726208.00,United States,2020,373082,Consumer Discretionary,Auto Manufacturing
FFBC,First Financial Bancorp. Common Stock,$24.62,0.03,0.122%,2357024161.00,United States,,412570,Finance,Major Banks
FFC,Flaherty & Crumrine Preferred and Income Securities Fund Incorporated,$16.30,-0.08,-0.488%,0.00,United States,2003,95163,Finance,Trusts Except Educational Religious and Charitable
FFIC,Flushing Financial Corporation Common Stock,$12.55,-0.06,-0.476%,423901450.00,United States,,253657,Finance,Major Banks
FFIN,First Financial Bankshares Inc. Common Stock,$37.06,-0.44,-1.173%,5301444785.00,United States,,839426,Finance,Major Banks
FFIV,F5 Inc. Common Stock,$297.82,-2.30,-0.766%,17104270177.00,United States,1999,346033,Telecommunications,Computer Communications Equipment
FFWM,First Foundation Inc. Common Stock,$5.33,0.04,0.756%,439117758.00,United States,,550727,Finance,Major Banks
FG,F&G Annuities & Life Inc. Common Stock,$31.21,0.52,1.694%,4205939778.00,United States,2022,128119,Finance,Life Insurance
FGBI,First Guaranty Bancshares Inc. Common Stock,$8.62,-0.32,-3.579%,111098215.00,United States,,5654,Finance,Savings Institutions
FGBIP,First Guaranty Bancshares Inc. 6.75% Series A Fixed-Rate Non-Cumulative Perpetual Preferred Stock,$19.14,0.00,0.00%,246684435.00,United States,,72,Finance,Savings Institutions
FGEN,FibroGen Inc Common Stock,$7.71,0.15,1.984%,31161962.00,United States,2014,21855,Health Care,Biotechnology: Pharmaceutical Preparations
FGF,Fundamental Global Inc. Common Stock ,$26.51,-1.47,-5.254%,33729203.00,United States,2014,29018,Finance,Property-Casualty Insurers
FGFPP,Fundamental Global Inc. 8.00% Cumulative Preferred Stock,$18.10,-0.88,-4.636%,23028992.00,United States,,8361,Finance,Property-Casualty Insurers
FGI,FGI Industries Ltd. Ordinary Shares,$0.7942,-0.0162,-1.999%,7617613.00,United States,2022,58620,Industrials,Industrial Specialties
FGL,Founder Group Limited Ordinary Shares,$0.9825,0.0273,2.858%,19075521.00,Malaysia,2024,846245,Consumer Discretionary,Engineering & Construction
FGMC,FG Merger II Corp. Common stock,$9.90,0.00,0.00%,101379940.00,United States,2025,75,,
FGMCR,FG Merger II Corp. Rights,$0.2368,-0.0132,-5.28%,0.00,United States,2025,205,,
FGMCU,FG Merger II Corp. Unit,$10.10,0.00,0.00%,0.00,United States,2025,167,,
FGN,F&G Annuities & Life Inc. 7.950% Senior Notes due 2053,$26.04,-0.0348,-0.133%,3283606190.00,United States,2023,4234,Finance,Life Insurance
FGSN,F&G Annuities & Life Inc. 7.300% Junior Subordinated Notes due 2065,$24.08,0.17,0.711%,0.00,United States,2025,18851,Finance,Life Insurance
FHB,First Hawaiian Inc. Common Stock,$25.52,0.07,0.275%,3208356842.00,United States,2016,981587,Finance,Major Banks
FHI,Federated Hermes Inc. Common Stock,$48.13,0.75,1.583%,3807220507.00,United States,,573424,Finance,Investment Managers
FHN,First Horizon Corporation Common Stock,$22.44,0.19,0.854%,11382318326.00,United States,,15456704,Finance,Major Banks
FHN^B,First Horizon Corporation Depositary Shares each representing a 1/400th interest in a share of Non-Cumulative Perpetual Preferred Stock Series B,$24.965,0.005,0.02%,,United States,,8550,,
FHN^C,First Horizon Corporation Depositary Shares each representing a 1/400th interest in a share of Non-Cumulative Perpetual Preferred Stock Series C,$25.03,0.03,0.12%,,United States,,2355,,
FHN^E,First Horizon Corporation Depositary Shares each representing a 1/4000th interest in a share of Non-Cumulative Perpetual Preferred Stock Series E,$24.18,-0.034,-0.14%,,United States,,3121,,
FHN^F,First Horizon Corporation Depositary Shares each representing 1/4000th Interest in a Share of Non-Cumulative Perpetual Preferred Stock Series F,$18.11,-0.06,-0.33%,,United States,,3811,,
FHTX,Foghorn Therapeutics Inc. Common Stock,$6.34,0.24,3.934%,353400305.00,United States,2020,115033,Health Care,Biotechnology: Pharmaceutical Preparations
FI,Fiserv Inc. Common Stock,$165.98,0.52,0.314%,92024926108.00,United States,,4726252,Consumer Discretionary,Business Services
FIBK,First Interstate BancSystem Inc. Common Stock (DE),$30.50,-0.03,-0.098%,3199057679.00,United States,2010,643896,Finance,Major Banks
FICO,Fair Isaac Corporation Common Stock,$1531.63,0.54,0.035%,37282462655.00,United States,,313614,Consumer Discretionary,Business Services
FIEE,FiEE Inc Common Stock,$2.7427,-0.0673,-2.395%,10185817.00,United States,,58044,Utilities,Telecommunications Equipment
FIGS,FIGS Inc. Class A Common Stock,$6.38,0.35,5.804%,1037076229.00,United States,2021,4736948,Consumer Discretionary,Apparel
FIGXU,FIGX Capital Acquisition Corp. Units,$10.045,0.015,0.15%,0.00,United States,2025,67658,Finance,Blank Checks
FIHL,Fidelis Insurance Holdings Limited Common Shares,$16.02,0.20,1.264%,1790608891.00,Bermuda,2023,462035,Finance,Property-Casualty Insurers
FINS,Angel Oak Financial Strategies Income Term Trust Common Shares of Beneficial Interest,$12.97,0.01,0.077%,325062415.00,,2019,61397,Finance,Finance/Investors Services
FINV,FinVolution Group American Depositary Shares,$9.79,-0.21,-2.10%,2480921699.00,United States,2017,1209302,Finance,Finance: Consumer Services
FINW,FinWise Bancorp Common Stock,$15.88,0.18,1.146%,209851453.00,United States,2021,18245,Finance,Major Banks
FIP,FTAI Infrastructure Inc. Common Stock ,$6.80,-0.17,-2.439%,780377758.00,United States,,1025045,Energy,Oil Refining/Marketing
FIS,Fidelity National Information Services Inc. Common Stock,$81.64,1.56,1.948%,42893252127.00,United States,,1645728,Consumer Discretionary,Business Services
FISI,Financial Institutions Inc. Common Stock,$27.17,-0.06,-0.22%,546380875.00,United States,1999,276843,Finance,Major Banks
FITB,Fifth Third Bancorp Common Stock,$42.64,-0.32,-0.745%,28461866598.00,United States,,12351815,Finance,Major Banks
FITBI,Fifth Third Bancorp Depositary Shares,$25.40,-0.03,-0.118%,16954301397.00,United States,,18450,Finance,Major Banks
FITBO,Fifth Third Bancorp Depositary Shares each representing a 1/1000th ownership interest in a share of Non-Cumulative Perpetual Preferred Stock Series K,$19.96,-0.01,-0.05%,13323143933.00,United States,,25363,Finance,Major Banks
FITBP,Fifth Third Bancorp Depositary Shares each representing 1/40th share of Fifth Third 6.00% Non-Cumulative Perpetual Class B Preferred Stock Series A,$24.225,-0.015,-0.062%,16169998085.00,United States,,18450,Finance,Major Banks
FIVE,Five Below Inc. Common Stock,$139.70,-0.22,-0.157%,7691603299.00,United States,2012,1406774,Consumer Discretionary,Department/Specialty Retail Stores
FIVN,Five9 Inc. Common Stock,$28.36,1.07,3.921%,2163074317.00,United States,2014,1955708,Technology,EDP Services
FIX,Comfort Systems USA Inc. Common Stock,$532.14,-12.81,-2.351%,18771154954.00,United States,1997,385663,Industrials,Engineering & Construction
FIZZ,National Beverage Corp. Common Stock,$47.45,0.91,1.955%,4442280673.00,United States,,184881,Consumer Staples,Beverages (Production/Distribution)
FKWL,Franklin Wireless Corp. Common Stock,$4.01,0.03,0.754%,47254963.00,United States,,11764,Utilities,Telecommunications Equipment
FL,Foot Locker Inc.,$25.49,-0.07,-0.274%,2428626916.00,United States,,3637579,Consumer Discretionary,Clothing/Shoe/Accessory Stores
FLC,Flaherty & Crumrine Total Return Fund Inc Common Stock,$17.09,0.02,0.117%,0.00,United States,2003,35102,Finance,Trusts Except Educational Religious and Charitable
FLD,Fold Holdings Inc. Class A Common Stock,$4.41,0.08,1.848%,204546693.00,United States,2025,247728,Finance,Finance: Consumer Services
FLDDW,Fold Holdings Inc. Warrant,$0.6856,-0.0043,-0.623%,31799821.00,United States,2025,1329,Finance,Finance: Consumer Services
FLEX,Flex Ltd. Ordinary Shares,$52.45,-0.84,-1.576%,19580404059.00,Singapore,1994,4624589,Technology,Electrical Products
FLG,Flagstar Financial Inc. Common Stock,$12.18,0.32,2.698%,5055673304.00,United States,,5868735,Finance,Banks
FLG^A,Flagstar Financial Inc. Depositary shares each representing a 1/40th interest in a share of Fixed-to-Floating Rate Series A Noncumulative Perpetual Preferred Stock,$20.84,-0.12,-0.573%,,United States,,27783,,
FLG^U,Flagstar Financial Inc. Bifurcated Option Note Unit SecuritiES,$39.21,0.0612,0.156%,,United States,,1503,,
FLGC,Flora Growth Corp. Common Stock,$0.654,0.006,0.926%,14759899.00,Canada,2021,358408,Health Care,Biotechnology: Pharmaceutical Preparations
FLGT,Fulgent Genetics Inc. Common Stock,$18.63,0.88,4.958%,567164175.00,United States,2016,277520,Health Care,Medical Specialities
FLL,Full House Resorts Inc. Common Stock,$4.87,0.15,3.178%,175201401.00,United States,,223322,Consumer Discretionary,Hotels/Resorts
FLNC,Fluence Energy Inc. Class A Common Stock,$10.21,0.68,7.135%,1860446474.00,United States,2021,6370737,Miscellaneous,Industrial Machinery/Components
FLNG,FLEX LNG Ltd. Ordinary Shares,$22.95,0.12,0.526%,1241314276.00,,2019,236423,Consumer Discretionary,Marine Transportation
FLNT,Fluent Inc. Common Stock,$2.19,-0.01,-0.455%,45209615.00,United States,,19698,Consumer Discretionary,Advertising
FLO,Flowers Foods Inc. Common Stock,$16.03,0.70,4.566%,3384548312.00,United States,,2463135,Consumer Staples,Packaged Foods
FLOC,Flowco Holdings Inc. Class A Common Stock,$19.35,0.64,3.421%,1752190372.00,,2025,325453,Industrials,Metal Fabrications
FLR,Fluor Corporation Common Stock,$54.04,0.01,0.019%,8898480820.00,United States,,2912880,Industrials,Military/Government/Technical
FLS,Flowserve Corporation Common Stock,$53.87,0.36,0.673%,7042350759.00,United States,,1738519,Industrials,Fluid Controls
FLUT,Flutter Entertainment plc Ordinary Shares,$301.72,-0.81,-0.268%,53182004171.00,,2024,1985705,Technology,Computer Software: Programming Data Processing
FLUX,Flux Power Holdings Inc. Common Stock,$2.06,0.07,3.518%,34646400.00,United States,,99183,Miscellaneous,Industrial Machinery/Components
FLWS,1-800-FLOWERS.COM Inc. Common Stock,$6.65,1.49,28.876%,422697488.00,United States,1999,3874841,Consumer Discretionary,Other Specialty Stores
FLX,BingEx Limited American Depositary Shares,$3.16,0.16,5.333%,224770516.00,China,2024,94099,Industrials,Trucking Freight/Courier Services
FLXS,Flexsteel Industries Inc. Common Stock,$37.92,0.50,1.336%,199961754.00,United States,,11154,Consumer Discretionary,Home Furnishings
FLYE,Fly-E Group Inc. Common Stock,$5.06,-0.18,-3.435%,91570177.00,United States,2024,92674,Industrials,Aerospace
FLYW,Flywire Corporation Voting Common Stock,$11.54,0.33,2.944%,1381165177.00,United States,2021,2817298,Consumer Discretionary,Business Services
FLYX,flyExclusive Inc. Class A Common Stock,$2.37,-0.0814,-3.321%,189907119.00,,2023,4752,Consumer Discretionary,Transportation Services
FLYY,Spirit Aviation Holdings Inc. Common Stock,$4.74,0.06,1.282%,116485566.00,,2025,179055,,
FMAO,Farmers & Merchants Bancorp Inc. Common Stock,$26.62,-0.02,-0.075%,365175449.00,United States,,24169,Finance,Savings Institutions
FMBH,First Mid Bancshares Inc. Common Stock,$38.90,0.07,0.18%,933171906.00,United States,,44768,Finance,Major Banks
FMC,FMC Corporation Common Stock,$43.36,1.34,3.189%,5416064083.00,United States,,1255968,Industrials,Major Chemicals
FMFC,Kandal M Venture Limited Class A Ordinary Shares,$7.095,-0.065,-0.908%,127710000.00,Cambodia,2025,596560,Consumer Discretionary,Apparel
FMN,Federated Hermes Premier Municipal Income Fund,$10.55,0.01,0.095%,909988668.00,United States,2002,20150,Finance,Investment Managers
FMNB,Farmers National Banc Corp. Common Stock,$13.93,0.02,0.144%,524332513.00,United States,,91943,Finance,Major Banks
FMS,Fresenius Medical Care AG American Depositary Shares (Each representing 1/2 of an Ordinary Share),$26.80,0.51,1.94%,15726960866.00,Germany,,191027,Health Care,Misc Health and Biotechnology Services
FMST,Foremost Clean Energy Ltd. Common Shares,$2.36,0.06,2.609%,24509343.00,Canada,,288392,Basic Materials,Other Metals and Minerals
FMSTW,Foremost Clean Energy Ltd. Warrant,$0.4236,0.0179,4.412%,4399219.00,Canada,,4275,Basic Materials,Other Metals and Minerals
FMX,Fomento Economico Mexicano S.A.B. de C.V. Common Stock,$98.43,-1.40,-1.402%,34214513583.00,Mexico,,493891,Consumer Staples,Beverages (Production/Distribution)
FMY,First Trust Motgage Income Fund Common Shares of Beneficial Interest,$12.21,-0.08,-0.651%,0.00,United States,2005,10713,Finance,Finance/Investors Services
FN,Fabrinet Ordinary Shares,$300.79,-8.71,-2.814%,10777502417.00,Cayman Islands,2010,584724,Utilities,Telecommunications Equipment
FNB,F.N.B. Corporation Common Stock,$16.00,0.02,0.125%,5756902112.00,United States,,4759096,Finance,Major Banks
FND,Floor & Decor Holdings Inc. Common Stock,$80.73,3.91,5.09%,8687031250.00,United States,2017,1719923,Consumer Discretionary,RETAIL: Building Materials
FNF,Fidelity National Financial Inc. Common Stock,$55.72,0.92,1.679%,15302929545.00,United States,2014,1562455,Finance,Specialty Insurers
FNGR,FingerMotion Inc. Common Stock,$1.56,-0.03,-1.887%,92677149.00,United States,,246545,Technology,Computer Software: Prepackaged Software
FNKO,Funko Inc. Class A Common Stock,$4.63,-0.01,-0.216%,254349916.00,United States,2017,894460,Consumer Discretionary,Recreational Games/Products/Toys
FNLC,First Bancorp Inc  (ME) Common Stock,$26.52,-0.18,-0.674%,297085341.00,United States,,19490,Finance,Major Banks
FNV,Franco-Nevada Corporation,$160.57,4.67,2.996%,30933534480.00,Canada,,782418,Basic Materials,Precious Metals
FNWB,First Northwest Bancorp Common Stock,$7.70,-0.15,-1.911%,72688069.00,United States,2015,10268,Finance,Banks
FNWD,Finward Bancorp Common Stock,$26.79,-0.11,-0.409%,115882529.00,United States,,12073,Finance,Major Banks
FOA,Finance of America Companies Inc. Class A Common Stock,$24.74,0.79,3.299%,273606587.00,United States,2021,73973,Finance,Finance: Consumer Services
FOF,Cohen & Steers Closed-End Opportunity Fund Inc. Common Stock,$12.74,0.02,0.157%,626026121.00,United States,2006,39617,Finance,Investment Managers
FOLD,Amicus Therapeutics Inc. Common Stock,$6.22,0.17,2.81%,1915330720.00,United States,2007,3464605,Health Care,Biotechnology: Pharmaceutical Preparations
FONR,Fonar Corporation Common Stock,$15.96,-0.06,-0.375%,105114539.00,United States,1981,30220,Health Care,Biotechnology: Electromedical & Electrotherapeutic Apparatus
FOR,Forestar Group Inc Common Stock ,$23.89,1.81,8.197%,1214180582.00,United States,2017,441753,Finance,Real Estate
FORA,Forian Inc. Common Stock,$1.93,-0.05,-2.525%,60220464.00,United States,,12160,Technology,EDP Services
FORD,Forward Industries Inc. Common Stock,$10.17,0.55,5.717%,11197872.00,United States,,33906,Industrials,Plastic Products
FORL,Four Leaf Acquisition Corporation Class A Common Stock,$11.35,-0.21,-1.817%,0.00,United States,2023,224,Finance,Blank Checks
FORLW,Four Leaf Acquisition Corporation Warrants,$0.04,0.00,0.00%,0.00,United States,2023,50,Finance,Blank Checks
FORM,FormFactor Inc. FormFactor Inc. Common Stock,$34.97,-0.65,-1.825%,2695370171.00,United States,2003,645052,Technology,Semiconductors
FORR,Forrester Research Inc. Common Stock,$10.71,0.75,7.53%,204164730.00,United States,1996,103533,Consumer Discretionary,Diversified Commercial Services
FORTY,Formula Systems (1985) Ltd. American Depositary Shares,$127.69,-1.96,-1.512%,1955912899.00,Israel,,141,Technology,EDP Services
FOSL,Fossil Group Inc. Common Stock,$1.78,0.19,11.95%,95469138.00,United States,1993,524520,Consumer Discretionary,Consumer Specialties
FOSLL,Fossil Group Inc. 7% Senior Notes due 2026,$17.84,-0.06,-0.335%,956836750.00,United States,,5230,Consumer Discretionary,Consumer Specialties
FOUR,Shift4 Payments Inc. Class A Common Stock,$106.79,0.93,0.879%,9319817674.00,United States,2020,1141166,Consumer Discretionary,Business Services
FOUR^A,Shift4 Payments Inc. 6.00% Series A Mandatory Convertible Preferred Stock,$120.42,-0.10,-0.083%,,United States,,7842,,
FOX,Fox Corporation Class B Common Stock,$51.37,0.30,0.587%,23096886215.00,United States,,657665,Industrials,Broadcasting
FOXA,Fox Corporation Class A Common Stock,$55.91,0.44,0.793%,25138152779.00,United States,,2515775,Industrials,Broadcasting
FOXF,Fox Factory Holding Corp. Common Stock,$27.93,1.60,6.077%,1165027276.00,United States,2013,617113,Consumer Discretionary,Motor Vehicles
FOXO,FOXO Technologies Inc. Class A Common Stock,$0.1091,0.0059,5.717%,721112.00,,2022,3431370,Finance,Life Insurance
FOXX,Foxx Development Holdings Inc. Common Stock,$5.98,0.58,10.741%,40547970.00,United States,,21537,Telecommunications,Computer Communications Equipment
FOXXW,Foxx Development Holdings Inc. Warrant,$0.1798,0.0198,12.375%,1219151.00,United States,,2002,Telecommunications,Computer Communications Equipment
FPAY,FlexShopper Inc. Common Stock,$1.31,0.00,0.00%,28114551.00,United States,,52516,Consumer Discretionary,Diversified Commercial Services
FPF,First Trust Intermediate Duration Preferred & Income Fund Common Shares of Beneficial Interest,$18.75,0.05,0.267%,0.00,United States,2013,80491,Finance,Trusts Except Educational Religious and Charitable
FPH,Five Point Holdings LLC Class A Common Shares,$6.26,0.14,2.288%,933317059.00,United States,2017,149515,Finance,Real Estate
FPI,Farmland Partners Inc. Common Stock,$11.29,-0.11,-0.965%,519227495.00,United States,2014,528197,Real Estate,Real Estate Investment Trusts
FR,First Industrial Realty Trust Inc. Common Stock,$50.51,0.64,1.283%,6687776550.00,United States,1994,1672381,Real Estate,Real Estate Investment Trusts
FRA,Blackrock Floating Rate Income Strategies Fund Inc  Common Stock,$13.22,0.02,0.152%,1966639867.00,United States,2003,63688,Finance,Investment Bankers/Brokers/Service
FRAF,Franklin Financial Services Corporation Common Stock,$41.79,1.45,3.594%,186312273.00,United States,,60015,Finance,Major Banks
FRBA,First Bank Common Stock,$15.58,0.05,0.322%,391593999.00,United States,2013,39736,Finance,Commercial Banks
FRD,Friedman Industries Inc. Common Stock,$16.13,0.18,1.129%,113868767.00,United States,,28999,Industrials,Steel/Iron Ore
FRGE,Forge Global Holdings Inc. Common Stock,$17.98,-0.01,-0.056%,221661845.00,United States,2021,97692,Finance,Investment Bankers/Brokers/Service
FRGT,Freight Technologies Inc. Ordinary Shares,$1.87,-0.13,-6.50%,4275323.00,United States,2017,308054,Consumer Discretionary,Professional Services
FRHC,Freedom Holding Corp. Common Stock,$166.27,-10.57,-5.977%,10176661763.00,Kazakhstan,,201016,Finance,Investment Bankers/Brokers/Service
FRME,First Merchants Corporation Common Stock,$41.50,0.60,1.467%,2419739961.00,United States,,577480,Finance,Major Banks
FRMEP,First Merchants Corporation Depository Shares,$25.43,-0.05,-0.196%,1482746679.00,United States,,352,Finance,Major Banks
FRO,Frontline Plc Ordinary Shares,$18.29,0.20,1.106%,4071772640.00,Bermuda,,1406549,Consumer Discretionary,Marine Transportation
FROG,JFrog Ltd. Ordinary Shares,$42.29,0.34,0.81%,4845205391.00,United States,2020,690437,Technology,Computer Software: Prepackaged Software
FRPH,FRP Holdings Inc. Common Stock,$27.27,-0.12,-0.438%,520511598.00,United States,,47313,Finance,Real Estate
FRPT,Freshpet Inc. Common Stock,$73.24,5.12,7.516%,3572434145.00,United States,2014,1975219,Consumer Staples,Packaged Foods
FRSH,Freshworks Inc. Class A Common Stock,$14.74,-0.03,-0.203%,4348487832.00,United States,2021,3447946,Technology,Computer Software: Prepackaged Software
FRST,Primis Financial Corp. Common Stock,$11.91,0.04,0.337%,294447762.00,United States,2006,158311,Finance,Major Banks
FRSX,Foresight Autonomous Holdings Ltd. American Depositary Shares,$0.445,0.0034,0.77%,8445002.00,Israel,,379386,Technology,Computer Software: Prepackaged Software
FRT,Federal Realty Investment Trust Common Stock,$96.04,1.67,1.77%,8284481470.00,United States,,413681,Real Estate,Real Estate Investment Trusts
FRT^C,Federal Realty Investment Trust Depositary Shares each representing a 1/1000th interest in a 5.000% Series C Cumulative Redeemable Preferred Share,$20.29,0.02,0.099%,,United States,,7020,,
FSBC,Five Star Bancorp Common Stock,$30.47,0.22,0.727%,650869396.00,United States,2021,33586,Finance,Major Banks
FSBW,FS Bancorp Inc. Common Stock,$41.30,-0.37,-0.888%,317903818.00,United States,2012,14437,Finance,Banks
FSCO,FS Credit Opportunities Corp. Common Stock,$7.39,0.14,1.931%,1465850101.00,United States,2022,2504626,Finance,Trusts Except Educational Religious and Charitable
FSEA,First Seacoast Bancorp Inc. Common Stock,$11.20,0.03,0.269%,52829538.00,United States,2019,8056,Finance,Savings Institutions
FSFG,First Savings Financial Group Inc. Common Stock,$26.00,-0.15,-0.574%,179897536.00,United States,2008,46587,Finance,Savings Institutions
FSHP,Flag Ship Acquisition Corp. Ordinary Shares,$10.46,0.00,0.00%,0.00,United States,2024,21,,
FSHPR,Flag Ship Acquisition Corp. Right,$0.16,0.0072,4.712%,0.00,United States,2024,1640,,
FSI,Flexible Solutions International Inc. Common Stock (CDA),$5.76,0.23,4.159%,72849784.00,Canada,2002,26994,Industrials,Major Chemicals
FSK,FS KKR Capital Corp. Common Stock,$22.22,0.18,0.817%,6223076141.00,United States,2014,1067310,Finance,Investment Managers
FSLR,First Solar Inc. Common Stock,$179.99,1.66,0.931%,19302933775.00,United States,2006,1943454,Technology,Semiconductors
FSLY,Fastly Inc. Class A Common Stock,$7.18,0.03,0.42%,1039664000.00,United States,2019,1993883,Technology,Computer Software: Prepackaged Software
FSM,Fortuna Mining Corp. Common Shares,$6.98,0.27,4.024%,2142580702.00,Canada,,14405035,Basic Materials,Precious Metals
FSP,Franklin Street Properties Corp. Common Stock,$1.64,-0.01,-0.606%,169849413.00,United States,,340956,Real Estate,Real Estate Investment Trusts
FSS,Federal Signal Corporation Common Stock,$109.00,1.00,0.926%,6645603451.00,United States,,585941,Consumer Discretionary,Auto Manufacturing
FSTR,L.B. Foster Company Common Stock,$22.51,0.13,0.581%,237690023.00,United States,,24955,Industrials,Metal Fabrications
FSUN,FirstSun Capital Bancorp Common Stock,$39.67,0.28,0.711%,1104150105.00,United States,,109018,Finance,Major Banks
FSV,FirstService Corporation Common Shares,$179.66,-0.13,-0.072%,8164469220.00,Canada,,117631,Finance,Real Estate
FT,Franklin Universal Trust Common Stock,$7.825,0.065,0.838%,196657071.00,United States,,48522,Finance,Trusts Except Educational Religious and Charitable
FTAI,FTAI Aviation Ltd. Common Stock,$110.92,-2.96,-2.599%,11375508747.00,United States,,897108,Industrials,Misc Corporate Leasing Services
FTAIM,FTAI Aviation Ltd. 9.500% Fixed-Rate Reset Series D Cumulative Perpetual Redeemable Preferred Shares,$26.7415,0.0865,0.325%,2742500605.00,United States,,1060,Industrials,Misc Corporate Leasing Services
FTAIN,FTAI Aviation Ltd. 8.25% Fixed - Rate Reset Series C Cumulative Perpetual Redeemable Preferred Shares,$25.42,-0.11,-0.431%,2606972885.00,United States,,6001,Industrials,Misc Corporate Leasing Services
FTCI,FTC Solar Inc. Common Stock,$4.99,0.04,0.808%,65227030.00,United States,2021,136175,Technology,Semiconductors
FTDR,Frontdoor Inc. Common Stock,$58.23,0.90,1.57%,4284900959.00,United States,,616006,Finance,Diversified Commercial Services
FTEK,Fuel Tech Inc. Common Stock,$2.69,0.04,1.509%,82791295.00,United States,,312533,Industrials,Pollution Control Equipment
FTEL,Fitell Corporation Class A Ordinary Shares,$0.732,-0.028,-3.684%,14730319.00,Australia,2023,33702,Consumer Discretionary,Recreational Games/Products/Toys
FTF,Franklin Limited Duration Income Trust Common Shares of Beneficial Interest,$6.39,0.00,0.00%,258190340.00,United States,2003,173385,Finance,Finance/Investors Services
FTFT,Future FinTech Group Inc. Common Stock,$2.79,0.02,0.722%,13956174.00,China,,129877,Consumer Discretionary,Business Services
FTHM,Fathom Holdings Inc. Common Stock,$1.59,0.10,6.711%,44164610.00,United States,2020,342546,Finance,Real Estate
FTHY,First Trust High Yield Opportunities 2027 Term Fund Common Stock,$14.66,-0.01,-0.068%,539092019.00,United States,2020,68491,Finance,Investment Managers
FTI,TechnipFMC plc Ordinary Share,$32.42,0.23,0.715%,13591420066.00,,,6003055,Industrials,Metal Fabrications
FTK,Flotek Industries Inc. Common Stock,$12.29,0.15,1.236%,366567660.00,United States,,547529,Industrials,Major Chemicals
FTLF,FitLife Brands Inc. Common Stock,$13.25,0.28,2.159%,124431704.00,United States,,13799,Health Care, Medicinal Chemicals and Botanical Products 
FTNT,Fortinet Inc. Common Stock,$104.81,-2.13,-1.992%,80223298753.00,United States,2009,2950613,Technology,Computer peripheral equipment
FTRE,Fortrea Holdings Inc. Common Stock,$5.80,1.14,24.464%,524900000.00,United States,,2938588,Health Care,Medical Specialities
FTRK,FAST TRACK GROUP Ordinary shares,$0.6296,0.0145,2.357%,13733150.00,Singapore,2025,316012,Energy,Oil & Gas Production
FTS,Fortis Inc. Common Shares,$49.07,0.95,1.974%,24613512000.00,United States,2016,687633,Utilities,Electric Utilities: Central
FTV,Fortive Corporation Common Stock ,$51.08,0.94,1.875%,17361186811.00,United States,2016,2758354,Industrials,Industrial Machinery/Components
FUBO,fuboTV Inc. Common Stock,$3.41,0.09,2.711%,1164650708.00,United States,2020,8732953,Consumer Discretionary,Movies/Entertainment
FUFU,BitFuFu Inc. Class A Ordinary Shares,$4.19,0.02,0.48%,683416717.00,Singapore,,169467,Finance,Finance: Consumer Services
FUFUW,BitFuFu Inc. Warrant,$0.3997,0.0297,8.027%,65193714.00,Singapore,,3154,Finance,Finance: Consumer Services
FUL,H. B. Fuller Company Common Stock,$60.68,0.98,1.642%,3274528602.00,United States,,394913,Industrials,Home Furnishings
FULC,Fulcrum Therapeutics Inc. Common Stock,$7.05,-0.05,-0.704%,380554107.00,United States,2019,378857,Health Care,Biotechnology: Pharmaceutical Preparations
FULT,Fulton Financial Corporation Common Stock,$19.37,-0.03,-0.155%,3521359562.00,United States,,1722998,Finance,Major Banks
FULTP,Fulton Financial Corporation Depositary Shares Each Representing a 1/40th Interest in a Share of Fixed Rate Non-Cumulative Perpetual Preferred Stock Series A,$18.306,-0.014,-0.076%,3327930209.00,United States,,7280,Finance,Major Banks
FUN,Six Flags Entertainment Corporation Common Stock New,$31.60,0.64,2.067%,3194799026.00,United States,,1831132,Consumer Discretionary,Services-Misc. Amusement & Recreation
FUNC,First United Corporation Common Stock,$35.75,-0.01,-0.028%,231611166.00,United States,,41175,Finance,Major Banks
FUND,Sprott Focus Trust Inc. Common Stock,$7.80,0.085,1.102%,231141745.00,United States,,38748,Finance,Investment Managers
FURY,Fury Gold Mines Limited Common Shares,$0.5751,0.0331,6.107%,92207132.00,,2020,463055,Basic Materials,Precious Metals
FUSB,First US Bancshares Inc. Common Stock,$12.80,-0.44,-3.323%,73450906.00,United States,,1832,Finance,Major Banks
FUTU,Futu Holdings Limited American Depositary Shares,$164.25,3.98,2.483%,22868117368.00,Hong Kong,2019,2724184,Finance,Investment Bankers/Brokers/Service
FVCB,FVCBankcorp Inc. Common Stock,$13.675,0.435,3.285%,246034145.00,United States,,51112,Finance,Major Banks
FVN,Future Vision II Acquisition Corporation Ordinary shares,$10.37,-0.05,-0.48%,0.00,China,2024,501,,
FVNNR,Future Vision II Acquisition Corporation Right,$0.1516,-0.0283,-15.731%,0.00,China,2024,100,Finance,Blank Checks
FVNNU,Future Vision II Acquisition Corporation Units,$10.49,-0.03,-0.285%,0.00,China,2024,220,,
FVR,FrontView REIT Inc. Common Stock,$12.63,0.21,1.691%,241055245.00,United States,2024,154617,Real Estate,Real Estate Investment Trusts
FVRR,Fiverr International Ltd. Ordinary Shares no par value,$26.12,0.28,1.084%,937948983.00,,2019,709463,Consumer Discretionary,Business Services
FWONA,Liberty Media Corporation Series A Liberty Formula One Common Stock,$93.30,0.20,0.215%,23272980025.00,United States,,97081,Industrials,Broadcasting
FWONK,Liberty Media Corporation Series C Liberty Formula One Common Stock,$102.93,0.08,0.078%,25675110761.00,United States,,1308161,Industrials,Broadcasting
FWRD,Forward Air Corporation Common Stock,$27.80,0.74,2.735%,845765544.00,United States,,496272,Consumer Discretionary,Oil Refining/Marketing
FWRG,First Watch Restaurant Group Inc. Common Stock,$17.63,0.63,3.706%,1075310363.00,United States,2021,663628,Consumer Discretionary,Restaurants
FXNC,First National Corporation Common Stock,$21.65,0.64,3.046%,194561968.00,United States,,26468,Finance,Major Banks
FYBR,Frontier Communications Parent Inc. Common Stock,$36.95,-0.04,-0.108%,9246626650.00,United States,,1982545,Telecommunications,Telecommunications Equipment
G,Genpact Limited Common Stock,$45.78,0.88,1.96%,8005747926.00,Bermuda,2007,925712,Consumer Discretionary,Professional Services
GAB,Gabelli Equity Trust Inc. (The) Common Stock,$5.93,0.04,0.679%,1742336073.00,United States,1986,324103,Finance,Investment Managers
GAB^G,Gabelli Equity Trust Inc. (The) Series G Cumulative Preferred Stock,$20.73,-0.04,-0.193%,,United States,,3371,,
GAB^H,Gabelli Equity Trust Inc. (The) Pfd Ser H,$20.74,-0.02,-0.096%,,United States,,4414,,
GAB^K,Gabelli Equity Trust Inc. (The) 5.00% Series K Cumulative Preferred Stock,$20.78,0.04,0.193%,,United States,,873,,
GABC,German American Bancorp Inc. Common Stock,$40.76,-0.08,-0.196%,1527713047.00,United States,,122006,Finance,Major Banks
GAIA,Gaia Inc. Class A Common Stock,$4.12,0.06,1.478%,103299269.00,United States,1999,46534,Consumer Discretionary,Movies/Entertainment
GAIN,Gladstone Investment Corporation Business Development Company,$14.08,0.13,0.932%,518670324.00,United States,2005,102945,Finance,Finance: Consumer Services
GAINI,Gladstone Investment Corporation 7.875% Notes due 2030,$25.222,0.012,0.048%,0.00,United States,,9572,Finance,Finance: Consumer Services
GAINL,Gladstone Investment Corporation 8.00% Notes due 2028,$25.555,-0.0506,-0.198%,941379271.00,United States,,1808,Finance,Finance: Consumer Services
GAINN,Gladstone Investment Corporation 5.00% Notes Due 2026,$25.00,0.00,0.00%,920934525.00,United States,,1,Finance,Finance: Consumer Services
GAINZ,Gladstone Investment Corporation 4.875% Notes due 2028,$23.4389,0.0339,0.145%,863427690.00,United States,,7326,Finance,Finance: Consumer Services
GALT,Galectin Therapeutics Inc. Common Stock,$2.86,0.12,4.38%,181013933.00,United States,,279545,Health Care,Biotechnology: Pharmaceutical Preparations
GAM,General American Investors Inc. Common Stock,$57.21,-0.08,-0.14%,1371644648.00,United States,,19496,Finance,Investment Managers
GAM^B,General American Investors Company Inc. Cumulative Preferred Stock,$24.93,-0.08,-0.32%,,United States,,1120,,
GAMB,Gambling.com Group Limited Ordinary Shares,$10.98,-0.04,-0.363%,381696631.00,Jersey,2021,309209,Consumer Discretionary,Services-Misc. Amusement & Recreation
GAME,GameSquare Holdings Inc. Common Stock,$1.38,-0.08,-5.479%,41900322.00,United States,,12999552,Consumer Discretionary,Services-Misc. Amusement & Recreation
GANX,Gain Therapeutics Inc. Common Stock,$1.62,0.04,2.532%,47883377.00,United States,2021,367701,Health Care,Biotechnology: Pharmaceutical Preparations
GAP,Gap Inc. (The) Common Stock,$20.72,0.09,0.436%,7729937776.00,United States,,7072726,Consumer Discretionary,Clothing/Shoe/Accessory Stores
GASS,StealthGas Inc. Common Stock,$6.70,0.12,1.824%,247757149.00,Greece,2005,75116,Consumer Discretionary,Marine Transportation
GATX,GATX Corporation Common Stock,$154.27,0.78,0.508%,5507439000.00,United States,,164975,Consumer Discretionary,Transportation Services
GAU,Galiano Gold Inc.,$1.52,0.03,2.013%,391460458.00,Canada,,1344339,Industrials,Mining & Quarrying of Nonmetallic Minerals (No Fuels)
GAUZ,Gauzy Ltd. Ordinary Shares,$6.68,-0.21,-3.048%,125051517.00,Israel,2024,138828,Miscellaneous,Industrial Machinery/Components
GB,Global Blue Group Holding AG Ordinary Shares,$7.39,0.02,0.271%,1473315996.00,,2000,35191,Technology,EDP Services
GBAB,Guggenheim Taxable Municipal Bond & Investment Grade Debt Trust Common Shares of Beneficial Interest,$14.99,0.03,0.201%,335729606.00,United States,2010,32590,Finance,Investment Managers
GBCI,Glacier Bancorp Inc. Common Stock,$45.68,0.49,1.084%,5185499682.00,United States,,920453,Finance,Major Banks
GBDC,Golub Capital BDC Inc. Common Stock,$15.35,0.21,1.387%,4089049906.00,United States,2010,775905,Finance,Finance: Consumer Services
GBFH,GBank Financial Holdings Inc. Common Stock,$43.07,0.10,0.233%,614760463.00,United States,,77472,Finance,Commercial Banks
GBIO,Generation Bio Co. Common Stock,$4.27,0.06,1.425%,286240458.00,United States,2020,282558,Health Care,Biotechnology: Pharmaceutical Preparations
GBLI,Global Indemnity Group LLC Class A Common Stock (DE),$31.3067,0.5147,1.672%,446893375.00,Ireland,,376,Finance,Property-Casualty Insurers
GBR,New Concept Energy Inc Common Stock,$0.9906,0.0356,3.728%,5083694.00,United States,1993,34000,Energy,Oil & Gas Production
GBTG,Global Business Travel Group Inc. Class A Common Stock,$6.47,0.16,2.536%,3097206780.00,United States,2020,830424,Consumer Discretionary,Transportation Services
GBX,Greenbrier Companies Inc. (The) Common Stock,$48.71,0.71,1.479%,1504343663.00,United States,1994,410302,Industrials,Railroads
GCBC,Greene County Bancorp Inc. Common Stock,$25.63,0.28,1.105%,436397602.00,United States,,23329,Finance,Banks
GCI,Gannett Co. Inc. Common Stock,$3.73,0.17,4.775%,546205277.00,United States,2014,2318298,Consumer Discretionary,Newspapers/Magazines
GCL,GCL Global Holdings Ltd Ordinary Shares,$3.60,0.00,0.00%,454595018.00,Singapore,,48718,Technology,Computer Software: Prepackaged Software
GCLWW,GCL Global Holdings Ltd Warrants,$0.08,-0.0075,-8.571%,10102112.00,Singapore,,124,Technology,Computer Software: Prepackaged Software
GCMG,GCM Grosvenor Inc. Class A Common Stock,$12.03,0.21,1.777%,2336583050.00,United States,,566433,Finance,Investment Managers
GCMGW,GCM Grosvenor Inc. Warrant,$0.8404,0.1128,15.503%,163230623.00,United States,,22917,Finance,Investment Managers
GCO,Genesco Inc. Common Stock,$24.49,1.07,4.569%,263972934.00,United States,,153013,Consumer Discretionary,Clothing/Shoe/Accessory Stores
GCT,GigaCloud Technology Inc Class A Ordinary Shares,$22.80,0.75,3.401%,867960934.00,United States,2022,399699,Consumer Discretionary,Catalog/Specialty Distribution
GCTK,GlucoTrack Inc. Common Stock,$7.20,-0.77,-9.661%,3904963.00,United States,,346048,Health Care,Medical/Dental Instruments
GCTS,GCT Semiconductor Holding Inc. Common Stock,$1.59,0.00,0.00%,77072758.00,United States,2021,175752,Technology,Semiconductors
GCV,Gabelli Convertible and Income Securities Fund Inc. (The) Common Stock,$3.895,-0.025,-0.638%,74160913.00,United States,,57590,Finance,Finance/Investors Services
GD,General Dynamics Corporation Common Stock,$297.60,0.55,0.185%,79874698109.00,United States,,1597077,Industrials,Marine Transportation
GDC,GD Culture Group Limited Common Stock,$3.39,0.15,4.63%,56936518.00,United States,2015,20486,Industrials,Steel/Iron Ore
GDDY,GoDaddy Inc. Class A Common Stock,$169.40,0.92,0.546%,24137499555.00,United States,2015,1524094,Technology,EDP Services
GDEN,Golden Entertainment Inc. Common Stock,$28.65,-0.32,-1.105%,757370915.00,United States,,171206,Consumer Discretionary,Services-Misc. Amusement & Recreation
GDEV,GDEV Inc. Ordinary Shares,$16.08,-0.17,-1.046%,291531847.00,Cyprus,,18366,Technology,EDP Services
GDEVW,GDEV Inc. Warrant,$0.0192,0.00,0.00%,348098.00,Cyprus,,396,Technology,EDP Services
GDHG,Golden Heaven Group Holdings Ltd. Class A Ordinary Shares,$0.6252,-0.0749,-10.698%,863366.00,China,2023,2476046,Consumer Discretionary,Services-Misc. Amusement & Recreation
GDL,GDL Fund The Common Shares of Beneficial Interest,$8.3724,0.0024,0.029%,0.00,United States,2007,9144,Finance,Investment Managers
GDO,Western Asset Global Corporate Opportunity Fund Inc. Common Stock,$11.77,0.12,1.03%,0.00,United States,2009,37932,Finance,Finance Companies
GDOT,Green Dot Corporation Class A Common Stock $0.001 par value,$10.27,-0.11,-1.06%,563728095.00,United States,2010,540206,Finance,Finance: Consumer Services
GDRX,GoodRx Holdings Inc. Class A Common Stock,$4.92,0.17,3.579%,1757273866.00,United States,2020,1254698,Technology,EDP Services
GDS,GDS Holdings Limited ADS,$35.05,-0.69,-1.931%,7233535336.00,China,2016,1792203,Technology,Computer Software: Programming Data Processing
GDTC,CytoMed Therapeutics Limited Ordinary Shares,$2.02,0.0199,0.995%,23310800.00,Singapore,2023,7224,Health Care,Biotechnology: Pharmaceutical Preparations
GDV,Gabelli Dividend & Income Trust Common Shares of Beneficial Interest,$26.39,0.09,0.342%,2380074277.00,United States,2003,89778,Finance,Investment Managers
GDV^H,The Gabelli Dividend & Income Trust 5.375% Series H Cumulative Preferred Shares,$22.9026,0.0126,0.055%,,United States,,784,,
GDV^K,The Gabelli Dividend & Income Trust 4.250% Series K Cumulative Preferred Shares,$18.70,0.0421,0.226%,,United States,,6268,,
GDYN,Grid Dynamics Holdings Inc. Class A Common Stock,$10.63,0.01,0.094%,898741551.00,United States,2018,749109,Technology,Computer Software: Prepackaged Software
GE,GE Aerospace Common Stock,$259.00,-3.86,-1.468%,276194140537.00,United States,,4746216,Technology,Consumer Electronics/Appliances
GECC,Great Elm Capital Corp. Common Stock,$11.00,0.09,0.825%,83621560.00,United States,,19971,Finance,Finance: Consumer Services
GECCH,Great Elm Capital Corp. 8.125% Notes Due 2029,$25.3299,0.0456,0.18%,0.00,United States,,2282,,
GECCI,Great Elm Capital Corp. 8.50% NOTES DUE 2029,$25.44,0.09,0.355%,0.00,United States,,318,Finance,Finance Companies
GECCO,Great Elm Capital Corp. 5.875% Notes due 2026,$25.00,-0.25,-0.99%,0.00,United States,,615,Finance,Finance Companies
GECCZ,Great Elm Capital Corp. 8.75% Notes due 2028,$25.5304,0.0804,0.316%,0.00,United States,,1625,Finance,Finance Companies
GEF,Greif Inc. Class A Common Stock,$67.02,1.25,1.901%,3180842788.00,United States,,168869,,
GEG,Great Elm Group Inc. Common Stock,$2.11,-0.0529,-2.446%,58954404.00,United States,,13486,Technology,Computer Software: Prepackaged Software
GEGGL,Great Elm Group Inc.  7.25% Notes due 2027,$23.80,0.06,0.253%,664983329.00,United States,,451,Technology,Computer Software: Prepackaged Software
GEHC,GE HealthCare Technologies Inc. Common Stock ,$76.49,2.33,3.142%,35023623497.00,United States,,4641597,Health Care,Medical Electronics
GEL,Genesis Energy L.P. Common Units,$16.74,0.18,1.087%,2050052683.00,United States,2001,256887,Energy,Oil Refining/Marketing
GELS,Gelteq Limited Ordinary Shares,$1.95,0.12,6.557%,18404246.00,Australia,2024,82745,Health Care,Biotechnology: Pharmaceutical Preparations
GEN,Gen Digital Inc. Common Stock,$30.52,0.23,0.759%,18929410658.00,United States,,2915708,Technology,Computer Software: Prepackaged Software
GENC,Gencor Industries Inc. Common Stock,$13.91,-0.04,-0.287%,203888635.00,United States,,23025,Industrials,Construction/Ag Equipment/Trucks
GENI,Genius Sports Limited Ordinary Shares,$10.65,-0.43,-3.881%,2554056450.00,Guernsey,2021,4763741,Consumer Discretionary,Services-Misc. Amusement & Recreation
GENK,GEN Restaurant Group Inc. Class A Common Stock,$3.98,0.02,0.505%,130543904.00,United States,2023,45554,Consumer Discretionary,Restaurants
GENVR,Gen Digital Inc. Contingent Value Rights,$9.39,0.15,1.623%,5823956949.00,United States,,7516,Technology,Computer Software: Prepackaged Software
GEO,Geo Group Inc (The) REIT,$23.67,-0.44,-1.825%,3345580786.00,United States,,2572465,Consumer Discretionary,Homebuilding
GEOS,Geospace Technologies Corporation Common Stock (Texas),$11.17,-0.14,-1.238%,143053654.00,United States,,118917,Industrials,Industrial Machinery/Components
GERN,Geron Corporation Common Stock,$1.28,0.05,4.065%,815254730.00,United States,1996,8724420,Health Care,Biotechnology: Pharmaceutical Preparations
GES,Guess? Inc. Common Stock,$13.40,0.32,2.446%,697021341.00,United States,1996,479300,Consumer Discretionary,Apparel
GETY,Getty Images Holdings Inc. Class A Common Stock,$1.96,0.10,5.376%,810297649.00,United States,2022,1101311,Consumer Discretionary,Business Services
GEV,GE Vernova Inc. Common Stock,$548.99,-16.92,-2.99%,149838445109.00,United States,2024,3929851,,
GEVO,Gevo Inc. Common Stock,$1.48,0.00,0.00%,354553233.00,United States,2011,2548244,Industrials,Major Chemicals
GF,New Germany Fund Inc. (The) Common Stock,$12.005,0.005,0.042%,0.00,United States,1990,46567,Finance,Investment Managers
GFAI,Guardforce AI Co. Limited Ordinary Shares,$1.37,0.06,4.58%,28802233.00,Singapore,,415476,Consumer Discretionary,Diversified Commercial Services
GFAIW,Guardforce AI Co. Limited Warrant,$0.25,0.00,0.00%,5255882.00,Singapore,,5303,Consumer Discretionary,Diversified Commercial Services
GFF,Griffon Corporation Common Stock,$81.35,3.40,4.362%,3825558511.00,United States,,298718,Industrials,Building Products
GFI,Gold Fields Limited American Depositary Shares,$25.79,0.35,1.376%,23082675330.00,South Africa,,2503170,Basic Materials,Precious Metals
GFL,GFL Environmental Inc. Subordinate voting shares no par value,$47.11,0.09,0.191%,17742910595.00,Canada,2020,966683,Utilities,Environmental Services
GFR,Greenfire Resources Ltd. Common Shares,$4.41,0.05,1.147%,309714300.00,Canada,,22262,Energy,Oil & Gas Production
GFS,GlobalFoundries Inc. Ordinary Shares,$40.30,-0.28,-0.69%,22282386767.00,United States,2021,1126960,Technology,Semiconductors
GGAL,Grupo Financiero Galicia S.A. American Depositary Shares,$47.81,0.73,1.551%,7679499083.00,Argentina,,1375300,Finance,Commercial Banks
GGB,Gerdau S.A. Common Stock,$3.02,0.05,1.684%,6277992791.00,Brazil,,9078795,Industrials,Steel/Iron Ore
GGG,Graco Inc. Common Stock,$87.20,1.01,1.172%,14573984694.00,United States,,850119,Industrials,Fluid Controls
GGN,GAMCO Global Gold Natural Resources & Income Trust,$4.48,0.03,0.674%,0.00,United States,2005,245557,Finance,Finance/Investors Services
GGN^B,GAMCO Global Gold Natural Reources & Income Trust 5.00% Series B Cumulative 25.00 Liquidation Preference,$20.52,-0.02,-0.097%,,United States,,5359,,
GGR,Gogoro Inc. Ordinary Shares,$0.3686,0.0226,6.532%,108867223.00,Taiwan,,373786,Consumer Discretionary,Auto Manufacturing
GGROW,Gogoro Inc. Warrant,$0.0171,-0.0004,-2.286%,5050541.00,Taiwan,,6167,Consumer Discretionary,Auto Manufacturing
GGT,Gabelli Multi-Media Trust Inc. (The) Common Stock,$4.27,0.01,0.235%,117577657.00,United States,,139789,Finance,Trusts Except Educational Religious and Charitable
GGT^E,Gabelli Multi-Media Trust Inc. (The) 5.125% Series E Cumulative Preferred Stock,$22.45,0.00,0.00%,,United States,,503,,
GGT^G,Gabelli Multi-Media Trust Inc. (The) 5.125% Series G Cumulative Preferred Shares,$22.63,0.03,0.133%,,United States,,290,,
GGZ,Gabelli Global Small and Mid Cap Value Trust (The) Common Shares of Beneficial Interest,$13.5267,0.0367,0.272%,120008436.00,,2014,2863,Finance,Investment Managers
GH,Guardant Health Inc. Common Stock,$46.25,0.61,1.337%,5729822081.00,United States,2018,2082438,Health Care,Medical Specialities
GHC,Graham Holdings Company Common Stock,$895.50,12.85,1.456%,3904370150.00,United States,,26779,Real Estate,Other Consumer Services
GHG,GreenTree Hospitality Group Ltd. American depositary shares each representing one Class A ordinary share,$2.59,0.15,6.148%,262948432.00,,2018,100227,Consumer Discretionary,Hotels/Resorts
GHI,Greystone Housing Impact Investors LP Beneficial Unit Certificates representing assignments of limited partnership interests,$11.02,-0.07,-0.631%,257839756.00,United States,2022,63083,Finance,Finance: Consumer Services
GHLD,Guild Holdings Company Class A Common Stock,$19.84,0.00,0.00%,1234249892.00,United States,2020,345202,Finance,Finance: Consumer Services
GHM,Graham Corporation Common Stock,$53.04,1.18,2.275%,580705417.00,United States,1978,114728,Industrials,Industrial Machinery/Components
GHRS,GH Research PLC Ordinary Shares,$16.69,-2.81,-14.41%,1035249740.00,Ireland,2021,266075,Health Care,Biotechnology: Pharmaceutical Preparations
GHY,PGIM Global High Yield Fund Inc.,$12.90,0.02,0.155%,0.00,United States,2012,111354,Finance,Trusts Except Educational Religious and Charitable
GIB,CGI Inc. Common Stock,$101.29,0.96,0.957%,22728625164.00,Canada,,198352,Consumer Discretionary,Professional Services
GIBO,GIBO Holdings Limited Class A Ordinary Shares,$0.0433,0.011,34.056%,31691027.00,Hong Kong,,215393805,Technology,Computer Software: Prepackaged Software
GIBOW,GIBO Holdings Limited Warrants,$0.0349,0.0139,66.19%,25543114.00,Hong Kong,,456,Technology,Computer Software: Prepackaged Software
GIC,Global Industrial Company Common Stock,$27.50,0.61,2.269%,1054930333.00,United States,,75390,Industrials,Industrial Machinery/Components
GIFI,Gulf Island Fabrication Inc. Common Stock,$7.10,-0.02,-0.281%,115187276.00,United States,1997,30494,Industrials,Metal Fabrications
GIFT,Giftify Inc. Common Stock,$1.03,-0.045,-4.186%,30214366.00,United States,,92168,Consumer Discretionary,Catalog/Specialty Distribution
GIG,GigCapital7 Corp. Class A Ordinary Share,$10.3899,-0.0001,-0.001%,0.00,United States,2024,260623,Finance,Blank Checks
GIGGU,GigCapital7 Corp. Unit,$10.55,0.01,0.095%,1643978015.00,United States,2024,196,Technology,Computer Software: Prepackaged Software
GIGGW,GigCapital7 Corp. Warrant,$0.19,0.01,5.556%,0.00,United States,2024,43593,Finance,Blank Checks
GIGM,GigaMedia Limited Ordinary Shares,$1.42,-0.01,-0.699%,15694174.00,Taiwan,,2511,Technology,Computer Software: Programming Data Processing
GIII,G-III Apparel Group LTD. Common Stock,$23.51,0.30,1.293%,1018119617.00,United States,1989,527078,Consumer Discretionary,Apparel
GIL,Gildan Activewear Inc. Class A Sub. Vot. Common Stock,$51.96,0.35,0.678%,7856358651.00,Canada,2000,470718,Consumer Discretionary,Apparel
GILD,Gilead Sciences Inc. Common Stock,$110.17,1.89,1.745%,137043671261.00,United States,1992,4487537,Health Care,Biotechnology: Biological Products (No Diagnostic Substances)
GILT,Gilat Satellite Networks Ltd. Ordinary Shares,$8.10,0.17,2.144%,462221251.00,Israel,,866452,Technology,Radio And Television Broadcasting And Communications Equipment
GIPR,Generation Income Properties Inc. Common Stock,$1.42,0.00,0.00%,7729327.00,United States,,29482,Real Estate,Real Estate Investment Trusts
GIPRW,Generation Income Properties Inc Warrant,$0.0625,-0.0075,-10.714%,340199.00,United States,,976,Real Estate,Real Estate Investment Trusts
GIS,General Mills Inc. Common Stock,$50.95,1.77,3.599%,27636680616.00,United States,,6098687,Consumer Staples,Packaged Foods
GITS,Global Interactive Technologies Inc. Common Stock,$2.83,0.12,4.428%,8321338.00,South Korea,2023,57132,Technology,Computer Software: Programming Data Processing
GJH,Synthetic Fixed-Income Securities Inc 6.375% (STRATS) Cl A-1,$9.3725,0.0625,0.671%,0.00,United States,,149,Finance,Finance: Consumer Services
GJP,Synthetic Fixed-Income Securities Inc. on behalf of STRATS (SM) Trust for Dominion Resources Inc. Securities Series 2005-6 Floating Rate Structured Repackaged Asset-Backed Trust Securities (STRATS) Certificates,$24.4825,-0.5175,-2.07%,0.00,United States,,312,Finance,Finance: Consumer Services
GJS,Goldman Sachs Group Securities STRATS Trust for Goldman Sachs Group Securities Series 2006-2,$22.855,0.00,0.00%,7131652099.00,United States,,98,Finance,Finance: Consumer Services
GJT,Synthetic Fixed-Income Securities Inc. Floating Rate Structured Repackaged Asset-Backed Trust Securities Certificates Series 2006-3,$22.40,0.00,0.00%,0.00,United States,,58,Finance,Finance: Consumer Services
GKOS,Glaukos Corporation Common Stock,$96.36,-0.37,-0.383%,5506061085.00,United States,2015,1116240,Health Care,Medical/Dental Instruments
GL,Globe Life Inc. Common Stock,$122.83,2.54,2.112%,10138741582.00,United States,,440947,Finance,Life Insurance
GL^D,Globe Life Inc. 4.25% Junior Subordinated Debentures due 2061,$16.5746,-0.0754,-0.453%,,United States,,2894,,
GLAD,Gladstone Capital Corporation Common Stock,$28.68,0.28,0.986%,640420155.00,United States,2001,53649,Consumer Discretionary,Textiles
GLADZ,Gladstone Capital Corporation 7.75% Notes due 2028,$25.68,0.1103,0.431%,558654250.00,United States,,252,,
GLBE,Global-E Online Ltd. Ordinary Shares,$34.40,0.05,0.146%,5818115619.00,Israel,2021,751681,Technology,Computer Software: Prepackaged Software
GLBS,Globus Maritime Limited Common Stock,$1.12,-0.005,-0.444%,23052177.00,Greece,,20132,Consumer Discretionary,Marine Transportation
GLBZ,Glen Burnie Bancorp Common Stock,$5.14,-0.16,-3.019%,14909500.00,United States,,15753,Finance,Major Banks
GLDD,Great Lakes Dredge & Dock Corporation Common Stock,$11.19,-0.06,-0.533%,760096215.00,United States,,422308,Industrials,Military/Government/Technical
GLDG,GoldMining Inc. Common Shares,$0.82,0.0145,1.80%,160666828.00,,,656325,Basic Materials,Precious Metals
GLE,Global Engine Group Holding Limited Class A Ordinary Shares,$3.54,0.04,1.143%,64782000.00,Hong Kong,2024,335140,Technology,EDP Services
GLIBA,GCI Liberty Inc. Series A GCI Group Common Stock,$36.18,-0.82,-2.216%,1037558354.00,United States,,134140,Telecommunications,Cable & Other Pay Television Services
GLIBK,GCI Liberty Inc. Series C GCI Group Common Stock,$35.65,-1.85,-4.933%,1022359185.00,United States,,813735,Telecommunications,Cable & Other Pay Television Services
GLMD,Galmed Pharmaceuticals Ltd. Ordinary Shares,$1.77,-0.05,-2.747%,3996720.00,Israel,2014,395936,Health Care,Biotechnology: Pharmaceutical Preparations
GLNG,Golar Lng Ltd,$40.25,0.05,0.124%,4211054659.00,Bermuda,,1305539,Consumer Discretionary,Marine Transportation
GLO,Clough Global Opportunities Fund Common Stock,$5.41,0.02,0.371%,0.00,United States,2006,74717,Finance,Finance/Investors Services
GLOB,Globant S.A. Common Shares,$89.00,3.27,3.814%,3920054662.00,United States,2014,2204933,Technology,EDP Services
GLOP^A,GasLog Partners LP 8.625% Series A Cumulative Redeemable Perpetual Fixed to Floating Rate Preference Units,$25.9622,-0.0378,-0.145%,,Greece,,1788,,
GLOP^B,GasLog Partners LP 8.200% Series B Cumulative Redeemable Perpetual Fixed to Floating Rate Preference Units,$26.1665,0.0165,0.063%,,Greece,,1826,,
GLOP^C,GasLog Partners LP 8.500% Series C Cumulative Redeemable Perpetual Fixed to Floating Rate Preference Units,$26.0675,0.0175,0.067%,,Greece,,2161,,
GLP,Global Partners LP Common Units representing Limited Partner Interests,$51.90,0.79,1.546%,1764369720.00,United States,2005,21385,Energy,Oil Refining/Marketing
GLP^B,Global Partners LP 9.50% Series B Fixed Rate Cumulative Redeemable Perpetual Preferred Units representing limited partner interests,$26.1754,0.0454,0.174%,,United States,,7458,,
GLPG,Galapagos NV American Depositary Shares,$32.78,0.64,1.991%,2160105987.00,Belgium,2015,629515,Health Care,Biotechnology: Pharmaceutical Preparations
GLPI,Gaming and Leisure Properties Inc. Common Stock,$47.39,0.76,1.63%,13024335823.00,United States,,2676128,Real Estate,Real Estate Investment Trusts
GLQ,Clough Global Equity Fund Clough Global Equity Fund Common Shares of Beneficial Interest,$7.19,-0.03,-0.416%,0.00,United States,2005,57269,Finance,Finance/Investors Services
GLRE,Greenlight Capital Re Ltd. Class A Ordinary Shares,$13.30,0.23,1.76%,459587232.00,Cayman Islands,2007,182446,Finance,Property-Casualty Insurers
GLSI,Greenwich LifeSciences Inc. Common Stock,$11.14,-0.62,-5.272%,148922907.00,United States,2020,104167,Health Care,Biotechnology: Pharmaceutical Preparations
GLTO,Galecto Inc. Common Stock,$3.64,0.045,1.252%,4813387.00,Denmark,2020,1933,Health Care,Biotechnology: Pharmaceutical Preparations
GLU,Gabelli Global Utility Common Shares of Beneficial Ownership,$17.65,0.13,0.742%,105351279.00,United States,2004,5487,Finance,Finance/Investors Services
GLU^A,The Gabelli Global Utility and Income Trust Series A Cumulative Puttable and Callable Preferred Shares,$47.28,0.00,0.00%,,United States,,3,,
GLU^B,The Gabelli Global Utility and Income Trust Series B Cumulative Puttable and Callable Preferred Shares,$50.3182,0.00,0.00%,,United States,,33,,
GLUE,Monte Rosa Therapeutics Inc. Common Stock,$5.66,-0.17,-2.916%,348145587.00,United States,2021,491585,Health Care,Biotechnology: Biological Products (No Diagnostic Substances)
GLV,Clough Global Dividend and Income Fund Common Shares of beneficial interest,$5.61,-0.0047,-0.084%,71300761.00,United States,2004,18859,Finance,Finance/Investors Services
GLW,Corning Incorporated Common Stock,$54.02,0.12,0.223%,46266587567.00,United States,,3865240,Industrials,Telecommunications Equipment
GLXG,Galaxy Payroll Group Limited Class A Ordinary Shares,$0.5953,-0.0197,-3.203%,10566575.00,Hong Kong,2024,43883,Consumer Discretionary,Diversified Commercial Services
GLXY,Galaxy Digital Inc. Class A Common Stock,$29.11,1.66,6.047%,10094334826.00,United States,,11694505,Finance,Investment Bankers/Brokers/Service
GM,General Motors Company Common Stock,$48.89,-4.32,-8.119%,47004544536.00,United States,2010,33722477,Consumer Discretionary,Auto Manufacturing
GMAB,Genmab A/S ADS,$21.80,0.11,0.507%,14428806548.00,Denmark,2019,834794,Health Care,Biotechnology: Pharmaceutical Preparations
GME,GameStop Corporation Common Stock,$24.26,0.06,0.248%,10852378784.00,United States,2002,11954083,Consumer Discretionary,Electronics Distribution
GMED,Globus Medical Inc. Class A Common Stock,$53.01,1.12,2.158%,7176460563.00,United States,2012,2287405,Health Care,Medical/Dental Instruments
GMGI,Golden Matrix Group Inc. Common Stock,$1.59,-0.015,-0.935%,220042291.00,United States,,149238,Technology,Computer Software: Prepackaged Software
GMHS,Gamehaus Holdings Inc. Class A Ordinary Shares,$1.44,-0.04,-2.703%,77139903.00,China,,7362,Technology,EDP Services
GMM,Global Mofy AI Limited Class A Ordinary Shares,$2.865,0.085,3.058%,8397985.00,China,2023,19961,Technology,Computer Software: Programming Data Processing
GMRE,Global Medical REIT Inc. Common Stock,$7.11,-0.04,-0.559%,475507756.00,United States,2016,628561,Real Estate,Real Estate Investment Trusts
GMRE^A,Global Medical REIT Inc. Series A Cumulative Redeemable Preferred Stock,$25.10,0.07,0.28%,,United States,,3154,,
GMS,GMS Inc. Common Stock,$109.66,0.00,0.00%,4173558713.00,United States,2016,1345047,Consumer Discretionary,RETAIL: Building Materials
GNE,Genie Energy Ltd. Class B Common Stock Stock,$20.70,-0.38,-1.803%,555705721.00,United States,2011,176388,Utilities,Power Generation
GNFT,GENFIT S.A. American Depositary Shares,$3.78,-0.12,-3.077%,188985579.00,France,2019,1569,Health Care,Biotechnology: Biological Products (No Diagnostic Substances)
GNK,Genco Shipping & Trading Limited Ordinary Shares New (Marshall Islands),$15.69,0.54,3.564%,674033990.00,United States,,569870,Consumer Discretionary,Marine Transportation
GNL,Global Net Lease Inc. Common Stock,$7.05,0.00,0.00%,1573621539.00,United States,2015,2082744,Real Estate,Real Estate Investment Trusts
GNL^A,Global Net Lease Inc. 7.25% Series A Cumulative Redeemable Preferred Stock $0.01 par value per share,$22.42,-0.01,-0.045%,,United States,,1478,,
GNL^B,Global Net Lease Inc. 6.875% Series B Cumulative Redeemable Perpetual Preferred Stock,$21.25,-0.05,-0.235%,,United States,,1578,,
GNL^D,Global Net Lease Inc. 7.50% Series D Cumulative Redeemable Perpetual Preferred Stock,$23.1703,0.0208,0.09%,,United States,,3539,,
GNL^E,Global Net Lease Inc. 7.375% Series E Cumulative Redeemable Perpetual Preferred Stock,$22.3891,0.00,0.00%,,United States,,136,,
GNLN,Greenlane Holdings Inc. Class A Common Stock,$4.03,0.14,3.599%,5586845.00,United States,2019,174823,Consumer Discretionary,Durable Goods
GNLX,Genelux Corporation Common Stock,$3.30,-0.21,-5.983%,124525391.00,United States,2023,216384,Health Care,Biotechnology: Pharmaceutical Preparations
GNPX,Genprex Inc. Common Stock,$0.267,0.0069,2.653%,7428243.00,United States,2018,551379,Health Care,Biotechnology: Pharmaceutical Preparations
GNRC,Generac Holdlings Inc. Common Stock,$150.29,0.04,0.027%,8879380878.00,United States,2010,1179187,Consumer Discretionary,Metal Fabrications
GNS,Genius Group Limited Ordinary Shares,$1.29,0.09,7.50%,83064843.00,Singapore,2022,3296844,Consumer Discretionary,Services-Misc. Amusement & Recreation
GNSS,Genasys Inc. Common Stock,$1.95,0.07,3.723%,88051283.00,United States,,134063,Consumer Staples,Consumer Electronics/Appliances
GNT,GAMCO Natural Resources Gold & Income Trust,$6.47,0.06,0.936%,119536090.00,United States,2011,37696,Finance,Finance/Investors Services
GNT^A,GAMCO Natural Resources Gold & Income Tust  5.20% Series A Cumulative Preferred Shares (Liquidation Preference $25.00 per share),$21.37,0.015,0.07%,,United States,,1035,,
GNTA,Genenta Science S.p.A. American Depositary Shares,$3.72,-0.0266,-0.71%,71224861.00,Italy,2021,1281,Health Care,Biotechnology: Biological Products (No Diagnostic Substances)
GNTX,Gentex Corporation Common Stock,$23.38,0.23,0.994%,5255901879.00,United States,,2956816,Consumer Discretionary,Auto Parts:O.E.M.
GNTY,Guaranty Bancshares Inc. Common Stock,$45.59,0.37,0.818%,517038515.00,United States,,49586,Finance,Major Banks
GNW,Genworth Financial Inc Common Stock,$7.47,0.08,1.083%,3095993536.00,United States,2004,2889746,Finance,Life Insurance
GO,Grocery Outlet Holding Corp. Common Stock,$14.09,0.33,2.398%,1381306866.00,United States,2019,3257439,Consumer Staples,Food Chains
GOCO,GoHealth Inc. Class A Common Stock,$6.01,0.385,6.844%,142667862.00,United States,2020,23080,Finance,Specialty Insurers
GOF,Guggenheim Strategic Opportunities Fund Common Shares of Beneficial Interest,$14.92,0.05,0.336%,0.00,United States,,734685,Finance,Finance/Investors Services
GOGL,Golden Ocean Group Limited Common Stock,$8.39,0.22,2.693%,1672993628.00,Bermuda,,5051132,Consumer Discretionary,Marine Transportation
GOGO,Gogo Inc. Common Stock,$15.59,-0.11,-0.701%,2061989275.00,United States,2013,1032664,Consumer Discretionary,Telecommunications Equipment
GOLF,Acushnet Holdings Corp. Common Stock,$82.50,1.60,1.978%,4848216120.00,United States,2016,590885,Consumer Discretionary,Recreational Games/Products/Toys
GOOD,Gladstone Commercial Corporation Real Estate Investment Trust,$13.81,0.12,0.877%,639166338.00,United States,2003,409927,Real Estate,Real Estate
GOODN,Gladstone Commercial Corporation 6.625% Series E Cumulative Redeemable Preferred Stock,$22.70,-0.10,-0.439%,1050620990.00,United States,,3694,Real Estate,Real Estate
GOODO,Gladstone Commercial Corporation 6.00% Series G Cumulative Redeemable Preferred Stock par value $0.001 per share,$20.31,0.035,0.173%,940004948.00,United States,,2592,Real Estate,Real Estate
GOOG,Alphabet Inc. Class C Capital Stock,$192.11,0.96,0.502%,2331254850000.00,United States,2004,26142705,Technology,Computer Software: Programming Data Processing
GOOGL,Alphabet Inc. Class A Common Stock,$191.34,1.24,0.652%,2321910900000.00,United States,2004,44563891,Technology,Computer Software: Programming Data Processing
GOOS,Canada Goose Holdings Inc. Subordinate Voting Shares,$14.63,0.47,3.319%,1416688252.00,,2017,1607868,Consumer Discretionary,Apparel
GORO,Gold Resource Corporation Common Stock,$0.5213,-0.0087,-1.642%,71131245.00,United States,,3788454,Basic Materials,Precious Metals
GORV,Lazydays Holdings Inc. Common Stock,$7.20,0.70,10.769%,26470598.00,United States,,120048,Consumer Discretionary,Retail-Auto Dealers and Gas Stations
GOSS,Gossamer Bio Inc. Common Stock,$1.72,-0.03,-1.714%,390959681.00,United States,2019,2415137,Health Care,Biotechnology: Pharmaceutical Preparations
GOTU,Gaotu Techedu Inc. American Depositary Shares,$3.70,-0.07,-1.857%,924301052.00,China,2019,640478,Real Estate,Other Consumer Services
GOVX,GeoVax Labs Inc. Common Stock,$0.82,0.00,0.00%,12458746.00,United States,,1076784,Health Care,Biotechnology: Pharmaceutical Preparations
GOVXW,GeoVax Labs Inc. Warrants,$0.0231,-0.0039,-14.444%,350972.00,United States,,2049,Health Care,Biotechnology: Pharmaceutical Preparations
GP,GreenPower Motor Company Inc. Common Shares,$0.417,0.008,1.956%,12297815.00,Canada,,37074,Consumer Discretionary,Construction/Ag Equipment/Trucks
GPAT,GP-Act III Acquisition Corp. Class A Ordinary Share,$10.58,0.00,0.00%,0.00,United States,2024,11,,
GPATW,GP-Act III Acquisition Corp. Warrants,$0.314,0.00,0.00%,0.00,United States,2024,35,,
GPC,Genuine Parts Company Common Stock,$133.31,9.42,7.604%,18502046508.00,United States,,3073970,Consumer Discretionary,Automotive Aftermarket
GPCR,Structure Therapeutics Inc. American Depositary Shares,$18.19,0.06,0.331%,1046593483.00,United States,2023,826198,Health Care,Biotechnology: Pharmaceutical Preparations
GPI,Group 1 Automotive Inc. Common Stock,$414.63,2.67,0.648%,5363122539.00,United States,1997,117612,Consumer Discretionary,Retail-Auto Dealers and Gas Stations
GPJA,Georgia Power Company Series 2017A 5.00% Junior Subordinated Notes due October 1 2077,$21.3723,-0.1306,-0.607%,197939556.00,United States,2017,13619,Utilities,Electric Utilities: Central
GPK,Graphic Packaging Holding Company,$23.24,0.77,3.427%,7012906792.00,United States,,2656993,Consumer Discretionary,Containers/Packaging
GPMT,Granite Point Mortgage Trust Inc. Common Stock,$2.54,0.11,4.527%,122950887.00,United States,2017,327742,Real Estate,Real Estate Investment Trusts
GPMT^A,Granite Point Mortgage Trust Inc. 7.00% Series A Fixed-to-Floating Rate Cumulative Redeemable Preferred Stock,$19.5001,0.0501,0.258%,,United States,,8656,,
GPN,Global Payments Inc. Common Stock,$84.11,2.96,3.648%,20512748650.00,United States,,2379864,Consumer Discretionary,Business Services
GPOR,Gulfport Energy Corporation Common Shares,$170.73,2.31,1.372%,3033145302.00,United States,2021,304639,Energy,Oil & Gas Production
GPRE,Green Plains Inc. Common Stock,$8.25,0.07,0.856%,539545479.00,United States,,1665881,Industrials,Major Chemicals
GPRK,Geopark Ltd Common Shares,$6.92,0.28,4.217%,354631226.00,Bermuda,2014,618491,Energy,Oil & Gas Production
GPRO,GoPro Inc. Class A Common Stock,$1.37,0.3986,41.034%,215842425.00,United States,2014,28294918,Consumer Discretionary,Industrial Machinery/Components
GPUS,Hyperscale Data Inc. Common Stock,$0.8874,-0.0287,-3.133%,6408939.00,United States,1997,1895613,Technology,Industrial Machinery/Components
GPUS^D,Hyperscale Data Inc. 13.00% Series D Cumulative Redeemable Perpetual Preferred Stock,$22.40,0.15,0.674%,,United States,,4690,,
GRAB,Grab Holdings Limited Class A Ordinary Shares,$5.47,0.12,2.243%,22285535237.00,Singapore,,54282987,Consumer Discretionary,Business Services
GRABW,Grab Holdings Limited Warrant,$0.524,0.1141,27.836%,2134848348.00,Singapore,,221918,Consumer Discretionary,Business Services
GRAF,Graf Global Corp. Class A ordinary shares,$10.495,0.025,0.239%,0.00,,2024,32469,,
GRAL,GRAIL Inc. Common Stock ,$37.16,2.81,8.18%,1336775037.00,United States,,1665206,Health Care,Medical Specialities
GRAN,Grande Group Limited Class A Ordinary Shares,$5.22,0.28,5.668%,128542500.00,Hong Kong,2025,75839,Finance,Finance: Consumer Services
GRBK,Green Brick Partners Inc. Common Stock,$67.21,4.07,6.446%,2952285951.00,United States,2021,363906,Consumer Discretionary,Homebuilding
GRBK^A,Green Brick Partners Inc. Depositary Shares (each representing a 1/1000th fractional interest in a share of 5.75% Series A Cumulative Perpetual Preferred Stock),$24.28,0.48,2.017%,,United States,,5579,,
GRC,Gorman-Rupp Company (The) Common Stock,$37.80,0.71,1.914%,993927451.00,United States,1971,57007,Industrials,Fluid Controls
GRCE,Grace Therapeutics Inc. Common Stock,$3.35,-0.04,-1.18%,44946062.00,Canada,,21436,Health Care,Biotechnology: Pharmaceutical Preparations
GRDN,Guardian Pharmacy Services Inc. Class A Common Stock,$20.33,-0.56,-2.681%,1286617432.00,United States,2024,126976,Consumer Staples,Retail-Drug Stores and Proprietary Stores
GREE,Greenidge Generation Holdings Inc. Class A Common Stock,$1.99,0.07,3.646%,30723043.00,United States,,132508,Finance,Finance: Consumer Services
GREEL,Greenidge Generation Holdings Inc. 8.50% Senior Notes due 2026,$8.18,0.08,0.988%,126288689.00,United States,,5208,Finance,Finance: Consumer Services
GRF,Eagle Capital Growth Fund Inc. Common Stock,$9.9703,0.0203,0.204%,0.00,United States,,5862,Finance,Finance/Investors Services
GRFS,Grifols S.A. American Depositary Shares,$9.66,-0.34,-3.40%,6641780411.00,Spain,,1347660,Health Care,Biotechnology: Pharmaceutical Preparations
GRI,GRI Bio Inc. Common Stock,$2.04,0.05,2.513%,4368605.00,United States,2021,161410,Health Care,Biotechnology: Pharmaceutical Preparations
GRMN,Garmin Ltd. Common Stock (Switzerland),$227.71,1.56,0.69%,43843614946.00,Switzerland,2000,590146,Industrials,Industrial Machinery/Components
GRND,Grindr Inc. Common Stock,$19.53,-0.34,-1.711%,3825625340.00,Singapore,2021,1581151,Technology,Computer Software: Programming Data Processing
GRNQ,Greenpro Capital Corp. Common Stock,$2.15,0.067,3.217%,16287998.00,China,,60529,Technology,EDP Services
GRNT,Granite Ridge Resources Inc. Common Stock,$5.25,0.06,1.156%,688343565.00,United States,2022,518169,Energy,Oil & Gas Production
GRO,Brazil Potash Corp. Common Shares,$1.62,0.13,8.725%,62230254.00,,2024,537475,Industrials,Mining & Quarrying of Nonmetallic Minerals (No Fuels)
GROV,Grove Collaborative Holdings Inc. Class A Common Stock,$1.54,0.08,5.479%,61992401.00,,2021,111416,Consumer Discretionary,Catalog/Specialty Distribution
GROW,U.S. Global Investors Inc. Class A Common Stock,$2.47,-0.03,-1.20%,32470818.00,United States,,24522,Finance,Investment Managers
GROY,Gold Royalty Corp. Common Shares,$2.53,0.09,3.689%,427750685.00,Canada,2021,2200142,Basic Materials,Precious Metals
GRPN,Groupon Inc. Common Stock,$34.20,-0.13,-0.379%,1361711988.00,United States,2011,1418641,Consumer Discretionary,Advertising
GRRR,Gorilla Technology Group Inc. Ordinary shares,$17.95,0.08,0.448%,362989244.00,Taiwan,,1778126,Technology,Computer Software: Prepackaged Software
GRRRW,Gorilla Technology Group Inc. Warrant,$0.6425,0.0025,0.391%,12992790.00,Taiwan,,87901,Technology,Computer Software: Prepackaged Software
GRVY,GRAVITY Co. Ltd. American Depository Shares,$63.50,0.10,0.158%,441255150.00,South Korea,2005,2441,Consumer Discretionary,Business Services
GRWG,GrowGeneration Corp. Common Stock,$1.11,0.05,4.717%,66040300.00,United States,,487048,Consumer Discretionary,RETAIL: Building Materials
GRX,The Gabelli Healthcare & Wellness Trust Common Shares of Beneficial Interest,$9.34,0.025,0.268%,159648368.00,United States,,24135,Finance,Finance/Investors Services
GRYP,Gryphon Digital Mining Inc Common Stock,$1.27,0.05,4.098%,92148298.00,United States,2018,3997419,Technology,EDP Services
GS,Goldman Sachs Group Inc. (The) Common Stock,$700.41,-5.59,-0.792%,214914594462.00,United States,1999,1978586,Finance,Investment Bankers/Brokers/Service
GS^A,Goldman Sachs Group Inc. (The) Depositary Shares each representing 1/1000th Interest in a Share of Floating Rate Non-Cumulative Preferred Stock Series A,$22.00,-0.06,-0.272%,,United States,,25966,,
GS^C,Goldman Sachs Group Inc. (The) Depositary Share repstg 1/1000th Preferred Series C,$21.92,0.03,0.137%,,United States,,9366,,
GS^D,Goldman Sachs Group Inc. (The) Dep Shs repstg 1/1000 Pfd Ser D Fltg,$21.61,-0.03,-0.139%,,United States,,47144,,
GSAT,Globalstar Inc. Common Stock,$25.88,-0.10,-0.385%,3275971301.00,United States,2025,538742,Consumer Discretionary,Telecommunications Equipment
GSBC,Great Southern Bancorp Inc. Common Stock,$60.46,0.04,0.066%,693350443.00,United States,1989,44386,Finance,Major Banks
GSBD,Goldman Sachs BDC Inc. Common Stock,$11.77,0.15,1.291%,1380588303.00,United States,2015,670047,Finance,Investment Managers
GSHD,Goosehead Insurance Inc. Class A Common Stock,$100.79,-1.08,-1.06%,3782650917.00,United States,2018,233172,Finance,Specialty Insurers
GSHR,Gesher Acquisition Corp. II Class A Ordinary Shares,$10.15,0.00,0.00%,0.00,United States,2025,24098,,
GSHRU,Gesher Acquisition Corp. II Units,$10.23,-0.1532,-1.475%,0.00,United States,2025,2000,Finance,Blank Checks
GSHRW,Gesher Acquisition Corp. II Warrants,$0.28,0.0004,0.143%,0.00,United States,2025,6100,Finance,Blank Checks
GSIT,GSI Technology Common Stock,$5.39,-0.10,-1.821%,150230721.00,United States,2007,615300,Technology,Semiconductors
GSIW,Garden Stage Limited Ordinary Shares,$0.17,-0.05,-22.727%,2656250.00,Hong Kong,2023,13722503,Finance,Investment Bankers/Brokers/Service
GSK,GSK plc American Depositary Shares (Each representing two Ordinary Shares),$37.02,0.82,2.265%,75622488350.00,United Kingdom,2022,5145443,Health Care,Biotechnology: Pharmaceutical Preparations
GSL,Global Ship Lease Inc New Class A Common Shares,$28.09,0.31,1.116%,1003827695.00,United Kingdom,,365822,Consumer Discretionary,Marine Transportation
GSL^B,Global Ship Lease Inc. Depository Shares Representing 1/100th Perpetual Preferred Series B% (Marshall Island),$26.1601,0.0682,0.261%,,United Kingdom,,12071,,
GSM,Ferroglobe PLC Ordinary Shares,$4.74,0.17,3.72%,884606629.00,United Kingdom,,2363817,Basic Materials,Metal Mining
GSRT,GSR III Acquisition Corp. Ordinary Shares,$10.85,-0.03,-0.276%,0.00,United States,2024,412379,,
GSRTR,GSR III Acquisition Corp. Right,$6.59,-0.06,-0.902%,0.00,United States,2024,59534,,
GSUN,Golden Sun Health Technology Group Limited Class A Ordinary Shares,$2.827,0.067,2.428%,5600129.00,China,2022,13821,Real Estate,Other Consumer Services
GT,The Goodyear Tire & Rubber Company Common Stock,$11.29,0.28,2.543%,3225589331.00,United States,,6459075,Consumer Discretionary,Automotive Aftermarket
GTBP,GT Biopharma Inc. Common Stock,$1.985,-0.035,-1.733%,5133998.00,United States,,39062,Health Care,Biotechnology: Pharmaceutical Preparations
GTE,Gran Tierra Energy Inc. Common Stock,$4.52,0.06,1.345%,159506212.00,Canada,,197809,Energy,Oil & Gas Production
GTEC,Greenland Technologies Holding Corporation Ordinary Shares,$1.87,-0.02,-1.058%,32527203.00,China,2018,68000,Industrials,Industrial Machinery/Components
GTEN,Gores Holdings X Inc. Class A ordinary shares,$10.20,-0.01,-0.098%,0.00,United States,2025,143160,,
GTENU,Gores Holdings X Inc. Units,$10.37,0.02,0.193%,0.00,United States,2025,76208,,
GTENW,Gores Holdings X Inc. Warrants,$0.65,0.00,0.00%,0.00,United States,2025,11700,,
GTERU,Globa Terra Acquisition Corporation Units,$10.09,0.015,0.149%,0.00,Mexico,2025,98299,Finance,Blank Checks
GTES,Gates Industrial Corporation plc Ordinary Shares,$24.49,0.21,0.865%,6312815880.00,United Kingdom,2018,2338795,Industrials,Industrial Machinery/Components
GTI,Graphjet Technology Class A Ordinary Shares,$0.0947,-0.0012,-1.251%,14019106.00,Malaysia,2022,14428688,Energy,Industrial Machinery/Components
GTIM,Good Times Restaurants Inc. Common Stock,$1.55,-0.04,-2.516%,16415131.00,United States,,74628,Consumer Discretionary,Restaurants
GTLB,GitLab Inc. Class A Common Stock,$46.03,1.11,2.471%,7604156000.00,United States,2021,3636839,Technology,Computer Software: Prepackaged Software
GTLS,Chart Industries Inc. Common Stock,$168.19,0.90,0.538%,7686173172.00,United States,2006,399223,Industrials,Metal Fabrications
GTLS^B,Chart Industries Inc. Depositary Shares each Representing a 1/20th Interest in a Share of 6.75% Series B Mandatory Convertible Preferred Stock,$62.00,0.00,0.00%,,United States,,182,,
GTM,ZoomInfo Technologies Inc Common Stock,$10.76,0.22,2.087%,3539084512.00,United States,2020,3322043,Technology,Computer Software: Prepackaged Software
GTN,Gray Media Inc. Common Stock,$4.92,-0.03,-0.606%,500823592.00,United States,,1104597,Industrials,Broadcasting
GTX,Garrett Motion Inc. Common Stock,$11.61,-0.01,-0.086%,2352417585.00,Switzerland,,1396643,Consumer Discretionary,Auto Parts:O.E.M.
GTY,Getty Realty Corporation Common Stock,$27.28,0.33,1.224%,1512456369.00,United States,,319205,Finance,Real Estate
GUG,Guggenheim Active Allocation Fund Common Shares of Beneficial Interest,$15.38,0.11,0.72%,0.00,United States,2021,85527,Finance,Trusts Except Educational Religious and Charitable
GURE,Gulf Resources Inc. (NV) Common Stock,$0.656,-0.0339,-4.914%,8755381.00,China,,44815,Industrials,Major Chemicals
GUT,Gabelli Utility Trust (The) Common Stock,$6.17,0.03,0.489%,452872009.00,United States,,154931,Finance,Trusts Except Educational Religious and Charitable
GUT^C,Gabelli Utility Trust (The) 5.375% Series C Cumulative Preferred Shares,$22.44,-0.0508,-0.226%,,United States,,577,,
GUTS,Fractyl Health Inc. Common Stock,$1.86,0.06,3.333%,91096543.00,United States,2024,147326,,
GV,Visionary Holdings Inc. Common Shares,$1.65,0.00,0.00%,6227532.00,Canada,2022,90880,Real Estate,Other Consumer Services
GVA,Granite Construction Incorporated Common Stock,$94.97,0.59,0.625%,4153783045.00,United States,,459619,Industrials,Military/Government/Technical
GVH,Globavend Holdings Limited Ordinary Shares,$7.79,0.63,8.799%,9893300.00,Australia,2023,6420102,Consumer Discretionary,Oil Refining/Marketing
GWAV,Greenwave Technology Solutions Inc. Common Stock,$0.279,-0.005,-1.761%,15950293.00,United States,,2865756,Industrials,Metal Fabrications
GWH,ESS Tech Inc. Common Stock,$2.08,0.52,33.333%,25175800.00,United States,,1566527,Miscellaneous,Industrial Machinery/Components
GWRE,Guidewire Software Inc. Common Stock,$223.18,0.66,0.297%,18790689869.00,United States,2012,662725,Technology,Computer Software: Prepackaged Software
GWRS,Global Water Resources Inc. Common Stock,$10.25,0.14,1.385%,281372525.00,United States,2016,45517,Utilities,Water Supply
GWW,W.W. Grainger Inc. Common Stock,$1035.12,12.89,1.261%,49726350161.00,United States,,233118,Industrials,Office Equipment/Supplies/Services
GXAI,Gaxos.ai Inc. Common Stock,$1.26,-0.02,-1.563%,8975551.00,United States,2023,58627,Technology,Computer Software: Prepackaged Software
GXO,GXO Logistics Inc. Common Stock ,$50.91,0.62,1.233%,5825070781.00,United States,2021,814749,Consumer Discretionary,Transportation Services
GYRE,Gyre Therapeutics Inc. Common Stock,$7.23,0.13,1.831%,677867462.00,United States,2006,43112,Health Care,Biotechnology: Pharmaceutical Preparations
GYRO,Gyrodyne LLC Common Stock,$8.51,0.00,0.00%,18716111.00,United States,,77,Real Estate,Building operators
H,Hyatt Hotels Corporation Class A Common Stock,$148.54,1.25,0.849%,14179076871.00,United States,2009,1044643,Consumer Discretionary,Hotels/Resorts
HAE,Haemonetics Corporation Common Stock,$74.21,0.44,0.596%,3564825473.00,United States,1991,631085,Health Care,Medical/Dental Instruments
HAFC,Hanmi Financial Corporation Common Stock,$26.12,0.20,0.772%,789139921.00,United States,,263498,Finance,Major Banks
HAFN,Hafnia Limited Common Shares,$5.36,0.11,2.095%,2669224481.00,,2024,623632,Consumer Discretionary,Transportation Services
HAIN,Hain Celestial Group Inc. (The) Common Stock,$1.84,0.15,8.876%,166066409.00,United States,,1995770,Consumer Staples,Packaged Foods
HAL,Halliburton Company Common Stock,$21.39,0.21,0.992%,18389304214.00,United States,,24626499,Energy,Oilfield Services/Equipment
HALO,Halozyme Therapeutics Inc. Common Stock,$57.54,1.62,2.897%,7090136340.00,United States,,1038318,Health Care,Biotechnology: Biological Products (No Diagnostic Substances)
HAO,Haoxi Health Technology Limited Class A Ordinary Shares,$1.42,0.01,0.709%,4007801.00,China,2024,9356,Consumer Discretionary,Advertising
HAS,Hasbro Inc. Common Stock,$77.57,-0.10,-0.129%,10869836239.00,United States,,4106867,Consumer Discretionary,Recreational Games/Products/Toys
HASI,HA Sustainable Infrastructure Capital Inc. Common Stock,$28.81,2.05,7.661%,3498869747.00,United States,2013,2282830,Finance,Finance/Investors Services
HAYW,Hayward Holdings Inc. Common Stock,$14.82,0.45,3.132%,3205386708.00,United States,2021,2031164,Industrials,Industrial Machinery/Components
HBAN,Huntington Bancshares Incorporated Common Stock,$16.655,-0.155,-0.922%,24263197548.00,United States,,45456590,Finance,Major Banks
HBANL,Huntington Bancshares Incorporated Depositary Shares Each Representing a 1/40th Interest in a Share of 6.875% Series J Non-Cumulative Perpetual Preferred Stock,$25.26,0.095,0.378%,36799061546.00,United States,,9217,Finance,Major Banks
HBANM,Huntington Bancshares Incorporated Depositary Shares each representing a 1/1000th interest in a share of Huntington Series I Preferred Stock,$22.3257,0.0857,0.385%,32524339207.00,United States,,10711,Finance,Major Banks
HBANP,Huntington Bancshares Incorporated Depositary Shares 4.500% Series H Non-Cumulative Perpetual Preferred Stock,$17.59,-0.09,-0.509%,25625316413.00,United States,,20552,Finance,Major Banks
HBB,Hamilton Beach Brands Holding Company Class A Common Stock ,$17.80,0.07,0.395%,243710427.00,United States,2017,14211,Consumer Discretionary,Home Furnishings
HBCP,Home Bancorp Inc. Common Stock,$56.82,0.35,0.62%,443273730.00,United States,2008,46032,Finance,Banks
HBI,Hanesbrands Inc. Common Stock,$4.65,0.18,4.027%,1644424145.00,United States,,3998131,Consumer Discretionary,Clothing/Shoe/Accessory Stores
HBIO,Harvard Bioscience Inc. Common Stock,$0.443,-0.007,-1.556%,19586689.00,United States,2000,826329,Industrials,Biotechnology: Laboratory Analytical Instruments
HBM,Hudbay Minerals Inc. Ordinary Shares (Canada),$9.98,0.18,1.837%,3942120589.00,Canada,,8288055,Basic Materials,Metal Mining
HBNB,Hotel101 Global Holdings Corp. Class A Ordinary Shares,$2.335,-0.205,-8.071%,546745849.00,Singapore,,174779,Consumer Discretionary,Hotels/Resorts
HBNC,Horizon Bancorp Inc. Common Stock,$15.92,0.07,0.442%,702028873.00,United States,,150309,Finance,Major Banks
HBT,HBT Financial Inc. Common Stock,$26.13,-0.22,-0.835%,822975690.00,United States,2019,32901,Finance,Major Banks
HCA,HCA Healthcare Inc. Common Stock,$350.97,-13.58,-3.725%,84434221683.00,United States,2011,2985786,Health Care,Hospital/Nursing Management
HCAI,Huachen AI Parking Management Technology Holding Co. Ltd. Ordinary Shares,$0.80,-0.0058,-0.72%,26988000.00,China,2025,45009,Consumer Discretionary,Miscellaneous manufacturing industries
HCAT,Health Catalyst Inc Common Stock,$3.94,0.07,1.809%,274228858.00,United States,2019,450733,Technology,Computer Software: Programming Data Processing
HCC,Warrior Met Coal Inc. Common Stock,$59.98,5.60,10.298%,3152505914.00,United States,2017,2651703,Energy,Coal Mining
HCHL,Happy City Holdings Limited Class A Ordinary shares,$4.41,-0.62,-12.326%,83790000.00,Hong Kong,2025,405222,Consumer Discretionary,Restaurants
HCI,HCI Group Inc. Common Stock,$142.92,0.29,0.203%,1650396855.00,United States,,89739,Finance,Property-Casualty Insurers
HCKT,Hackett Group Inc (The). Common Stock,$23.33,0.10,0.43%,645196399.00,United States,,161968,Consumer Discretionary,Professional Services
HCM,HUTCHMED (China) Limited American Depositary Shares,$17.68,-0.06,-0.338%,3083786158.00,Hong Kong,2016,30737,Health Care,Biotechnology: Pharmaceutical Preparations
HCSG,Healthcare Services Group Inc. Common Stock,$13.05,0.31,2.433%,951588122.00,United States,1983,1238328,Health Care,Hospital/Nursing Management
HCTI,Healthcare Triangle Inc. Common Stock,$0.019,0.0002,1.064%,7760466.00,United States,2021,112131141,Technology,EDP Services
HCWB,HCW Biologics Inc. Common Stock,$4.32,-0.15,-3.356%,6217426.00,United States,2021,51011,Health Care,Biotechnology: Pharmaceutical Preparations
HCWC,Healthy Choice Wellness Corp. Class A Common Stock,$0.4202,0.0022,0.526%,5106318.00,,2024,76061,Consumer Staples,Food Chains
HCXY,Hercules Capital Inc. 6.25% Notes due 2033,$24.87,0.02,0.08%,4362847828.00,United States,2018,773,Finance,Investment Managers
HD,Home Depot Inc. (The) Common Stock,$371.01,6.97,1.915%,369128231715.00,United States,,3091668,Consumer Discretionary,RETAIL: Building Materials
HDB,HDFC Bank Limited Common Stock,$78.17,-0.29,-0.37%,199391389419.00,India,2001,1889522,Finance,Commercial Banks
HDL,SUPER HI INTERNATIONAL HOLDING LTD. American Depositary Shares,$20.46,0.59,2.969%,1330511754.00,Singapore,2024,879,Consumer Discretionary,Restaurants
HDSN,Hudson Technologies Inc. Common Stock,$8.09,-0.02,-0.247%,351759033.00,United States,,194097,Consumer Discretionary,Industrial Specialties
HE,Hawaiian Electric Industries Inc. Common Stock,$10.82,-0.08,-0.734%,1866387926.00,United States,,1873870,Utilities,Electric Utilities: Central
HEI,Heico Corporation Common Stock,$316.40,-2.79,-0.874%,44012541037.00,United States,2000,313034,Industrials,Aerospace
HEI/A,Heico Corporation,$248.96,-2.50,-0.994%,,United States,,223851,,
HELE,Helen of Troy Limited Common Stock,$23.67,1.98,9.129%,543353040.00,Bermuda,,1811091,Consumer Discretionary,Home Furnishings
HEPS,D-Market Electronic Services & Trading American Depositary Shares,$2.53,-0.07,-2.692%,813098752.00,Turkey,2021,323819,Consumer Discretionary,Catalog/Specialty Distribution
HEQ,John Hancock Diversified Income Fund Common Shares of Beneficial Interest,$10.54,-0.03,-0.284%,0.00,United States,2011,18001,Finance,Investment Managers
HERZ,Herzfeld Credit Income Fund Inc. Common Stock,$2.33,-0.06,-2.51%,0.00,United States,,90938,Finance,Investment Managers
HESM,Hess Midstream LP Class A Representing Limited Partner Interests,$39.39,-0.08,-0.203%,4599909330.00,United States,2017,2285155,Energy,Oil & Gas Production
HFBL,Home Federal Bancorp Inc. of Louisiana Common Stock,$13.24,-0.4375,-3.199%,41345395.00,United States,2010,816,Finance,Savings Institutions
HFFG,HF Foods Group Inc. Common Stock,$2.95,-0.05,-1.667%,156393380.00,United States,2017,85338,Consumer Discretionary,Food Distributors
HFRO,Highland Opportunities and Income Fund Common Shares of Beneficial Interest,$5.22,0.06,1.163%,0.00,United States,2017,112741,Finance,Finance/Investors Services
HFRO^A,Highland Opportunities and Income Fund 5.375% Series A Cumulative Preferred Shares,$16.2399,-0.0102,-0.063%,,United States,,4362,,
HFRO^B,Highland Opportunities and Income Fund 5.375% Series B Cumulative Preferred Shares,$16.08,-0.0999,-0.617%,,United States,,13961,,
HFWA,Heritage Financial Corporation Common Stock,$24.86,-0.14,-0.56%,847863128.00,United States,,180452,Finance,Banks
HG,Hamilton Insurance Group Ltd. Class B Common Shares,$21.61,0.58,2.758%,1448209126.00,Bermuda,2023,331020,,
HGBL,Heritage Global Inc. Common Stock,$2.12,-0.04,-1.852%,75249521.00,United States,,25082,Consumer Discretionary,Business Services
HGLB,Highland Global Allocation Fund Common Stock,$8.294,-0.046,-0.552%,0.00,,2019,88968,Finance,Trusts Except Educational Religious and Charitable
HGTY,Hagerty Inc. Class A Common Stock,$10.14,0.05,0.496%,3465340478.00,United States,2021,115543,Finance,Specialty Insurers
HGV,Hilton Grand Vacations Inc. Common Stock ,$48.75,1.14,2.394%,4468719694.00,United States,2016,1205410,Consumer Discretionary,Hotels/Resorts
HHH,Howard Hughes Holdings Inc. Common Stock,$70.55,1.66,2.41%,3555094080.00,United States,,381681,Real Estate,Real Estate Investment Trusts
HHS,Harte Hanks Inc. Common Stock,$3.39,-0.17,-4.775%,24965418.00,United States,,7105,Consumer Discretionary,Advertising
HI,Hillenbrand Inc Common Stock,$21.88,0.66,3.11%,1541531857.00,United States,,364670,Consumer Discretionary,Miscellaneous manufacturing industries
HIFS,Hingham Institution for Savings Common Stock,$248.60,2.29,0.93%,533843640.00,United States,,22127,Finance,Banks
HIG,The Hartford Insurance Group Inc. Common Stock,$123.21,1.84,1.516%,35004328905.00,United States,,1408328,Finance,Property-Casualty Insurers
HIG^G,The Hartford Insurance Group Inc. Depositary Shares each representing a 1/1000th interest in a share of 6.000% Non-Cumulative Preferred Stock Series G,$24.98,0.01,0.04%,,United States,,23165,,
HIHO,Highway Holdings Limited Common Stock,$1.65,-0.02,-1.198%,7593011.00,Hong Kong,,1053,Industrials,Metal Fabrications
HII,Huntington Ingalls Industries Inc. Common Stock,$253.96,1.03,0.407%,9965170471.00,United States,,365185,Industrials,Marine Transportation
HIMS,Hims & Hers Health Inc. Class A Common Stock,$50.01,2.41,5.063%,11193814415.00,United States,2019,24019069,Health Care,Medical/Nursing Services
HIMX,Himax Technologies Inc. American Depositary Shares,$9.61,0.02,0.209%,1680917909.00,Taiwan,2006,1244571,Technology,Semiconductors
HIO,Western Asset High Income Opportunity Fund Inc. Common Stock,$4.00,-0.02,-0.498%,0.00,United States,,215618,Finance,Finance/Investors Services
HIPO,Hippo Holdings Inc. Common Stock,$26.72,0.11,0.413%,672195681.00,United States,2021,126705,Finance,Property-Casualty Insurers
HIT,Health In Tech Inc. Class A Common Stock,$1.69,0.34,25.185%,92397715.00,United States,2024,15408503,Finance,Specialty Insurers
HITI,High Tide Inc. Common Shares,$2.40,0.01,0.418%,194487194.00,Canada,,293874,Consumer Discretionary,Other Specialty Stores
HIVE,HIVE Digital Technologies Ltd. Common Shares,$2.50,0.23,10.132%,503135763.00,Canada,,44225648,Finance,Finance: Consumer Services
HIW,Highwoods Properties Inc. Common Stock,$30.88,0.37,1.213%,3329191637.00,United States,1994,757221,Real Estate,Real Estate Investment Trusts
HIX,Western Asset High Income Fund II Inc. Common Stock,$4.32,0.01,0.232%,0.00,United States,1998,226102,Finance,Finance/Investors Services
HKD,AMTD Digital Inc. American Depositary Shares (every five of which represent two Class A Ordinary Shares),$1.88,0.06,3.297%,237188265.00,,2022,168865,Finance,Finance: Consumer Services
HKIT,Hitek Global Inc. Class A Ordinary Share,$1.3805,-0.0184,-1.315%,40447772.00,China,2023,14159,Technology,Computer Software: Prepackaged Software
HKPD,Hong Kong Pharma Digital Technology Holdings Limited Ordinary shares,$1.33,-0.03,-2.206%,14630000.00,Hong Kong,2025,125919,Health Care,Other Pharmaceuticals
HL,Hecla Mining Company Common Stock,$6.31,0.25,4.125%,3991474082.00,United States,,26490440,Industrials,Mining & Quarrying of Nonmetallic Minerals (No Fuels)
HL^B,Hecla Mining Company Preferred Stock,$51.0999,0.3199,0.63%,,United States,,944,,
HLF,Herbalife Ltd. Common Shares,$9.60,0.37,4.009%,977728618.00,Cayman Islands,2004,1589925,Health Care,Other Pharmaceuticals
HLI,Houlihan Lokey Inc. Class A Common Stock,$195.27,0.68,0.349%,13628627710.00,United States,2015,320135,Finance,Investment Managers
HLIO,Helios Technologies Inc. Common Stock,$36.62,0.72,2.006%,1220611029.00,United States,2021,282299,Industrials,Metal Fabrications
HLIT,Harmonic Inc. Common Stock,$9.22,-0.01,-0.108%,1042752634.00,United States,1995,949000,Technology,Radio And Television Broadcasting And Communications Equipment
HLLY,Holley Inc. Common Stock,$2.33,0.11,4.955%,280020889.00,United States,2020,1802327,Consumer Discretionary,Auto Parts:O.E.M.
HLMN,Hillman Solutions Corp. Common Stock,$8.10,0.29,3.713%,1599819441.00,United States,2020,1945046,Consumer Discretionary,Industrial Machinery/Components
HLN,Haleon plc American Depositary Shares (Each representing two Ordinary Shares),$9.65,0.12,1.259%,43350952404.00,United Kingdom,2022,12341097,Consumer Discretionary,Package Goods/Cosmetics
HLNE,Hamilton Lane Incorporated Class A Common Stock,$154.27,2.40,1.58%,8261639514.00,United States,2017,448392,Finance,Investment Managers
HLP,Hongli Group Inc. Ordinary Shares,$0.658,-0.003,-0.454%,48322698.00,China,2023,20254,Industrials,Industrial Machinery/Components
HLT,Hilton Worldwide Holdings Inc. Common Stock ,$273.84,2.99,1.104%,65091695706.00,United States,2016,2925381,Consumer Discretionary,Hotels/Resorts
HLVX,HilleVax Inc. Common Stock,$2.11,0.06,2.927%,105797645.00,United States,2022,79917,Health Care,Biotechnology: Biological Products (No Diagnostic Substances)
HLX,Helix Energy Solutions Group Inc. Common Stock,$6.53,0.12,1.872%,989493114.00,United States,,1438643,Energy,Oilfield Services/Equipment
HLXB,Helix Acquisition Corp. II Class A Ordinary Shares,$10.75,0.02,0.186%,0.00,United States,2024,124724,,
HMC,Honda Motor Company Ltd. Common Stock,$30.41,0.09,0.297%,44059118695.00,Japan,,726045,Consumer Discretionary,Auto Manufacturing
HMN,Horace Mann Educators Corporation Common Stock,$41.57,0.61,1.489%,1695187395.00,United States,1991,268028,Finance,Property-Casualty Insurers
HMR,Heidmar Maritime Holdings Corp. Common Stock,$1.56,0.06,4.00%,90734812.00,Greece,,110051,Consumer Discretionary,Marine Transportation
HMST,HomeStreet Inc. Common Stock,$13.21,-0.01,-0.076%,249943874.00,United States,2012,52027,Finance,Major Banks
HMY,Harmony Gold Mining Company Limited,$15.03,0.04,0.267%,9508495227.00,South Africa,,3279878,Basic Materials,Precious Metals
HNGE,Hinge Health Inc. Class A Common Stock,$46.68,-0.58,-1.227%,3761873514.00,,2025,502995,Technology,EDP Services
HNI,HNI Corporation Common Stock,$51.34,0.64,1.262%,2390014129.00,United States,,305657,Consumer Discretionary,Office Equipment/Supplies/Services
HNNA,Hennessy Advisors Inc. Common Stock,$12.58,-0.24,-1.872%,97944433.00,United States,,10747,Finance,Investment Managers
HNNAZ,Hennessy Advisors Inc. 4.875% Notes due 2026,$24.72,0.17,0.692%,192463147.00,United States,,216,Finance,Investment Managers
HNRG,Hallador Energy Company Common Stock,$15.84,0.20,1.279%,680742691.00,United States,,872934,Energy,Coal Mining
HNST,The Honest Company Inc. Common Stock,$4.76,0.13,2.808%,524728410.00,United States,2021,3459535,Consumer Discretionary,Catalog/Specialty Distribution
HNVR,Hanover Bancorp Inc. Common Stock,$22.35,0.00,0.00%,161562138.00,United States,2022,11220,Finance,Major Banks
HNW,Pioneer Diversified High Income Fund Inc.,$12.31,0.02,0.163%,0.00,United States,2007,132190,Finance,Finance/Investors Services
HOFT,Hooker Furnishings Corporation Common Stock,$10.89,0.16,1.491%,116490406.00,United States,,48678,Consumer Discretionary,Home Furnishings
HOG,Harley-Davidson Inc. Common Stock,$24.45,0.87,3.69%,2970373263.00,United States,,1594525,Consumer Discretionary,Motor Vehicles
HOLO,MicroCloud Hologram Inc. Ordinary Shares,$5.47,0.28,5.395%,28048421.00,United States,2021,1549458,Technology,Computer Software: Programming Data Processing
HOLOW,MicroCloud Hologram Inc. Warrant,$0.18,-0.005,-2.703%,922983.00,United States,2021,25051,Technology,Computer Software: Programming Data Processing
HOLX,Hologic Inc. Common Stock,$65.37,1.68,2.638%,14567393731.00,United States,1990,1957949,Health Care,Medical Electronics
HOMB,Home BancShares Inc. Common Stock,$29.71,-0.14,-0.469%,5866653093.00,United States,2006,1043642,Finance,Major Banks
HON,Honeywell International Inc. Common Stock,$236.58,1.36,0.578%,152045922611.00,United States,,3408754,Industrials,Aerospace
HOND,HCM II Acquisition Corp. Class A Ordinary Shares,$11.00,0.04,0.365%,0.00,United States,2024,101752,,
HONDU,HCM II Acquisition Corp. Unit,$11.35,-1.20,-9.562%,0.00,United States,2024,205,Finance,Blank Checks
HONDW,HCM II Acquisition Corp. Warrant,$2.13,0.00,0.00%,0.00,United States,2024,14,Finance,Blank Checks
HONE,HarborOne Bancorp Inc. Common Stock,$12.25,-0.01,-0.082%,527864505.00,United States,2016,368934,Finance,Major Banks
HOOD,Robinhood Markets Inc. Class A Common Stock,$101.85,-2.49,-2.386%,89879463678.00,United States,2021,44516831,Finance,Investment Bankers/Brokers/Service
HOOK,HOOKIPA Pharma Inc. Common Stock,$0.9684,-0.0716,-6.885%,11803962.00,United States,2019,496632,Health Care,Biotechnology: Pharmaceutical Preparations
HOPE,Hope Bancorp Inc. Common Stock,$10.84,-0.52,-4.577%,1388127918.00,United States,,2719258,Finance,Major Banks
HOTH,Hoth Therapeutics Inc. Common Stock,$1.32,0.00,0.00%,17435768.00,United States,2019,1134766,Health Care,Biotechnology: Pharmaceutical Preparations
HOUR,Hour Loop Inc. Common Stock,$1.81,0.11,6.471%,63639944.00,United States,2022,123551,Consumer Discretionary,Catalog/Specialty Distribution
HOUS,Anywhere Real Estate Inc. Common Stock,$4.54,0.38,9.135%,507596421.00,United States,2012,4439402,Finance,Real Estate
HOV,Hovnanian Enterprises Inc. Class A Common Stock,$121.85,14.24,13.233%,706511036.00,United States,1983,183170,Consumer Discretionary,Homebuilding
HOVNP,Hovnanian Enterprises Inc Dep Shr Srs A Pfd,$17.85,0.6787,3.953%,103497924.00,United States,,47763,Consumer Discretionary,Homebuilding
HOVR,New Horizon Aircraft Ltd. Class A Ordinary Share,$1.70,-0.07,-3.955%,53354750.00,United States,2023,1262649,Industrials,Aerospace
HOVRW,New Horizon Aircraft Ltd. Warrant,$0.355,-0.0049,-1.361%,11141727.00,United States,2023,39556,Industrials,Aerospace
HOWL,Werewolf Therapeutics Inc. Common Stock,$1.40,0.00,0.00%,62823104.00,United States,2021,198028,Health Care,Biotechnology: Pharmaceutical Preparations
HP,Helmerich & Payne Inc. Common Stock,$15.93,0.58,3.779%,1583706661.00,United States,,1714564,Energy,Oil & Gas Production
HPAI,Helport AI Limited Ordinary Shares,$4.14,0.11,2.73%,153730488.00,Singapore,,24127,Technology,Computer Software: Prepackaged Software
HPAIW,Helport AI Limited Warrants,$0.15,-0.0099,-6.191%,5569945.00,Singapore,,759,Technology,Computer Software: Prepackaged Software
HPE,Hewlett Packard Enterprise Company Common Stock,$20.41,-0.25,-1.21%,26782320804.00,United States,2015,13486868,Technology,Retail: Computer Software & Peripheral Equipment
HPE^C,Hewlett Packard Enterprise Company 7.625% Series C Mandatory Convertible Preferred Stock,$59.31,-0.71,-1.183%,,United States,,4244,,
HPF,John Hancock Pfd Income Fund II Pfd Income Fund II,$15.73,-0.05,-0.317%,0.00,United States,2002,30888,Finance,Finance Companies
HPI,John Hancock Preferred Income Fund Common Shares of Beneficial Interest,$15.90,-0.05,-0.313%,0.00,United States,2002,36997,Finance,Trusts Except Educational Religious and Charitable
HPK,HighPeak Energy Inc. Common Stock,$8.35,0.29,3.598%,1052663091.00,United States,,285129,Energy,Oil & Gas Production
HPKEW,HighPeak Energy Inc. Warrant,$0.075,-0.025,-25.00%,9455058.00,United States,,1510,Energy,Oil & Gas Production
HPP,Hudson Pacific Properties Inc. Common Stock,$2.57,0.05,1.984%,974265024.00,United States,2010,5276862,Finance,Real Estate
HPP^C,Hudson Pacific Properties Inc. 4.750% Series C Cumulative Redeemable Preferred Stock,$14.67,-0.21,-1.411%,,United States,,1707,,
HPQ,HP Inc. Common Stock,$25.41,0.58,2.336%,23866923830.00,United States,,7840261,Technology,Computer Manufacturing
HPS,John Hancock Preferred Income Fund III Preferred Income Fund III,$14.11,-0.02,-0.142%,0.00,United States,2003,84612,Finance,Investment Managers
HQH,abrdn Healthcare Investors Shares of Beneficial Interest,$15.95,0.29,1.852%,755132430.00,United States,1987,209482,Finance,Finance Companies
HQI,HireQuest Inc. Common Stock (DE),$10.50,0.47,4.686%,147000000.00,United States,,26209,Consumer Discretionary,Professional Services
HQL,abrdn Life Sciences Investors Shares of Beneficial Interest,$13.30,0.29,2.229%,341539159.00,United States,1992,113837,Finance,Investment Managers
HQY,HealthEquity Inc. Common Stock,$97.41,0.33,0.34%,8423563941.00,United States,2014,647327,Consumer Discretionary,Business Services
HR,Healthcare Realty Trust Incorporated Common Stock,$16.60,0.39,2.406%,5833629270.00,United States,,4684652,Real Estate,Real Estate Investment Trusts
HRB,H&R Block Inc. Common Stock,$56.12,0.67,1.208%,7513368834.00,United States,,1005111,Consumer Discretionary,Other Consumer Services
HRI,Herc Holdings Inc. Common Stock ,$133.76,7.46,5.907%,3811824396.00,United States,2016,740228,Industrials,Misc Corporate Leasing Services
HRL,Hormel Foods Corporation Common Stock,$29.45,0.56,1.938%,16194395646.00,United States,,1872666,Consumer Staples,Meat/Poultry/Fish
HRMY,Harmony Biosciences Holdings Inc. Common Stock,$36.69,1.44,4.085%,2106898264.00,United States,2020,828627,Health Care,Biotechnology: Pharmaceutical Preparations
HROW,Harrow Inc. Common Stock,$36.11,-0.97,-2.616%,1325220859.00,United States,,488395,Health Care,Biotechnology: Pharmaceutical Preparations
HROWL,Harrow Inc. 8.625% Senior Notes due 2026,$25.248,-0.002,-0.008%,926590314.00,United States,,4001,Health Care,Biotechnology: Pharmaceutical Preparations
HROWM,Harrow  Inc. 11.875% Senior Notes due 2027,$26.2478,0.1078,0.412%,963282527.00,United States,,3850,Health Care,Biotechnology: Pharmaceutical Preparations
HRTG,Heritage Insurance Holdings Inc. Common Stock,$22.11,0.18,0.821%,685261200.00,United States,2014,276143,Finance,Property-Casualty Insurers
HRTX,Heron Therapeutics Inc. Common Stock,$1.90,-0.02,-1.042%,289870905.00,United States,,1114989,Health Care,Biotechnology: Pharmaceutical Preparations
HRZN,Horizon Technology Finance Corporation Common Stock,$8.27,0.15,1.847%,333735544.00,United States,2010,369405,Finance,Finance: Consumer Services
HSAI,Hesai Group American Depositary Share each ADS represents one Class B ordinary share,$21.10,0.24,1.151%,2795067710.00,China,2023,1501757,Industrials,Industrial Machinery/Components
HSBC,HSBC Holdings plc. Common Stock,$64.06,0.46,0.723%,223583475455.00,United Kingdom,,1472457,Finance,Savings Institutions
HSCS,HeartSciences Inc. Common Stock,$3.88,-0.15,-3.722%,4194070.00,United States,2022,125091,Health Care,Industrial Specialties
HSCSW,HeartSciences Inc. Warrant,$0.1569,0.03,23.641%,169600.00,United States,2022,6380,Health Care,Industrial Specialties
HSDT,Helius Medical Technologies Inc. Class A Common Stock (DE),$8.30,-1.28,-13.361%,5795575.00,United States,,449196,Health Care,Biotechnology: Electromedical & Electrotherapeutic Apparatus
HSHP,Himalaya Shipping Ltd. Common Shares,$7.23,0.38,5.547%,336556500.00,,2023,144536,Consumer Discretionary,Marine Transportation
HSIC,Henry Schein Inc. Common Stock,$72.20,3.13,4.532%,8788151221.00,United States,1995,1383663,Health Care,Medical Specialities
HSII,Heidrick & Struggles International Inc. Common Stock,$46.24,0.61,1.337%,953505145.00,United States,1999,98113,Consumer Discretionary,Diversified Commercial Services
HSON,Hudson Global Inc. Common Stock,$8.92,-0.01,-0.112%,24536556.00,United States,,6737,Consumer Discretionary,Professional Services
HSPO,Horizon Space Acquisition I Corp. Ordinary Shares,$12.02,0.00,0.00%,0.00,United States,2023,3,Finance,Blank Checks
HSPOR,Horizon Space Acquisition I Corp. Right,$0.1952,0.00,0.00%,0.00,United States,2023,100,Finance,Blank Checks
HSPOW,Horizon Space Acquisition I Corp. Warrant,$0.0465,-0.0005,-1.064%,0.00,United States,2023,2600,Finance,Blank Checks
HSPT,Horizon Space Acquisition II Corp. Ordinary share,$10.25,0.00,0.00%,0.00,United States,2025,47,,
HSPTR,Horizon Space Acquisition II Corp. Right,$0.165,0.015,10.00%,0.00,United States,2025,16859,Finance,Blank Checks
HST,Host Hotels & Resorts Inc. Common Stock,$16.47,0.39,2.425%,11425476547.00,United States,,6664869,Real Estate,Real Estate Investment Trusts
HSTM,HealthStream Inc. Common Stock,$26.61,-0.28,-1.041%,812277328.00,United States,2000,215904,Technology,Computer Software: Programming Data Processing
HSY,The Hershey Company Common Stock,$181.69,4.94,2.795%,36811082605.00,United States,,2193409,Consumer Staples,Specialty Foods
HTB,HomeTrust Bancshares Inc. Common Stock,$40.51,1.41,3.606%,710886737.00,United States,,116078,Finance,Savings Institutions
HTBK,Heritage Commerce Corp Common Stock,$10.19,-0.05,-0.488%,627658308.00,United States,,445238,Finance,Major Banks
HTCO,High-Trend International Group Class A Ordinary Shares,$0.276,0.058,26.606%,33379359.00,Singapore,,3269676,Consumer Discretionary,Marine Transportation
HTCR,Heartcore Enterprises Inc. Common Stock,$0.4962,0.016,3.332%,10953780.00,Japan,2022,117684,Technology,EDP Services
HTD,John Hancock Tax Advantaged Dividend Income Fund Common Shares of Beneficial Interest,$24.26,0.28,1.168%,0.00,United States,2004,58242,Finance,Finance Companies
HTFB,Horizon Technology Finance Corporation 4.875% Notes due 2026,$24.86,0.00,0.00%,1003224380.00,United States,,102,Finance,Finance: Consumer Services
HTFC,Horizon Technology Finance Corporation 6.25% Notes due 2027,$24.85,-0.0499,-0.20%,1002820831.00,United States,2022,1546,Finance,Finance: Consumer Services
HTGC,Hercules Capital Inc. Common Stock,$19.26,0.14,0.732%,3378707245.00,United States,2012,791379,Finance,Investment Managers
HTH,Hilltop Holdings Inc.,$31.28,-0.07,-0.223%,2006773217.00,United States,,251774,Finance,Major Banks
HTHT,H World Group Limited American Depositary Shares,$33.76,0.71,2.148%,10362263104.00,China,2010,2013642,Consumer Discretionary,Hotels/Resorts
HTLD,Heartland Express Inc. Common Stock,$8.67,0.21,2.482%,681059417.00,United States,1986,766312,Industrials,Trucking Freight/Courier Services
HTLM,HomesToLife Ltd Ordinary Shares,$3.53,-0.06,-1.671%,316596875.00,Singapore,2024,6254,Consumer Discretionary,Other Specialty Stores
HTO,H2O America Common Stock,$50.96,0.18,0.354%,1741962979.00,United States,,259327,Utilities,Water Supply
HTOO,Fusion Fuel Green PLC Class A Ordinary Shares,$6.71,2.43,56.776%,5256453.00,Ireland,,30043954,Energy,Industrial Machinery/Components
HTOOW,Fusion Fuel Green PLC Warrant,$0.0279,0.0194,228.235%,21856.00,Ireland,,2245303,Energy,Industrial Machinery/Components
HTZ,Hertz Global Holdings Inc Common Stock,$7.73,0.29,3.898%,2390974594.00,United States,,10434859,Consumer Discretionary,Rental/Leasing Companies
HTZWW,Hertz Global Holdings Inc Warrant,$4.09,0.19,4.872%,1265082289.00,United States,,54987,Consumer Discretionary,Rental/Leasing Companies
HUBB,Hubbell Inc Common Stock,$428.55,6.28,1.487%,22872825587.00,United States,2015,395366,Technology,Electrical Products
HUBC,Hub Cyber Security Ltd. Ordinary Shares,$4.29,0.16,3.874%,43102900.00,Israel,,550560,Telecommunications,Computer Communications Equipment
HUBCW,Hub Cyber Security Ltd. Warrant 2/27/28,$0.0266,-0.0012,-4.317%,267258.00,Israel,,134565,Telecommunications,Computer Communications Equipment
HUBCZ,Hub Cyber Security Ltd. Warrant 8/22/2025,$0.01,0.0003,3.093%,100473.00,Israel,,222067,Telecommunications,Computer Communications Equipment
HUBG,Hub Group Inc. Class A Common Stock,$34.54,0.59,1.738%,2115382889.00,United States,1996,494146,Consumer Discretionary,Oil Refining/Marketing
HUBS,HubSpot Inc. Common Stock,$549.72,3.08,0.563%,28990894782.00,United States,2014,686191,Technology,Computer Software: Prepackaged Software
HUDI,Huadi International Group Co. Ltd. Ordinary Shares,$1.33,0.00,0.00%,18991312.00,China,2021,9037,Industrials,Steel/Iron Ore
HUHU,HUHUTECH International Group Inc. Ordinary Shares,$7.20,-0.19,-2.571%,152448574.00,China,2024,130232,Telecommunications,Metal Fabrications
HUIZ,Huize Holding Limited American Depositary Shares,$2.70,0.03,1.124%,27239155.00,China,2020,8909,Finance,Specialty Insurers
HUM,Humana Inc. Common Stock,$231.12,7.69,3.442%,27894675942.00,United States,,1622295,Health Care,Medical Specialities
HUMA,Humacyte Inc. Common Stock,$2.30,0.00,0.00%,356773277.00,United States,2020,2640909,Health Care,Biotechnology: Biological Products (No Diagnostic Substances)
HUMAW,Humacyte Inc. Warrant,$0.51,-0.0025,-0.488%,79110596.00,United States,2020,486,Health Care,Biotechnology: Biological Products (No Diagnostic Substances)
HUN,Huntsman Corporation Common Stock,$11.78,0.21,1.815%,2046723510.00,United States,2005,5306127,Industrials,Major Chemicals
HURA,TuHURA Biosciences Inc. Common Stock,$2.74,0.19,7.451%,119684285.00,United States,,357940,Health Care,Biotechnology: Pharmaceutical Preparations
HURC,Hurco Companies Inc. Common Stock,$19.27,0.74,3.994%,125387346.00,United States,,63476,Industrials,Industrial Machinery/Components
HURN,Huron Consulting Group Inc. Common Stock,$131.11,0.89,0.683%,2261389738.00,United States,2004,123109,Consumer Discretionary,Professional Services
HUSA,Houston American Energy Corporation Common Stock,$10.56,0.62,6.237%,16564976.00,United States,,88724,Energy,Oil & Gas Production
HUT,Hut 8 Corp. Common Stock,$21.40,0.06,0.281%,2230309798.00,United States,,4042795,Finance,Finance: Consumer Services
HUYA,HUYA Inc. American depositary shares each  representing one Class A ordinary share,$3.70,-0.19,-4.884%,826985923.00,United States,2018,5436453,Technology,Computer Software: Programming Data Processing
HVII,Hennessy Capital Investment Corp. VII Ordinary Shares,$10.16,-0.01,-0.098%,,United States,2025,153,,
HVIIU,Hennessy Capital Investment Corp. VII Unit,$10.54,0.00,0.00%,0.00,United States,2025,6,,
HVT,Haverty Furniture Companies Inc. Common Stock,$21.59,0.65,3.104%,348739621.00,United States,,69384,Consumer Discretionary,Other Specialty Stores
HVT/A,Haverty Furniture Companies Inc.,$21.18,0.32,1.534%,,United States,,153,,
HWBK,Hawthorn Bancshares Inc. Common Stock,$29.37,0.60,2.086%,204023287.00,United States,,17326,Finance,Major Banks
HWC,Hancock Whitney Corporation Common Stock,$60.83,0.45,0.745%,5209675552.00,United States,,743046,Finance,Major Banks
HWCPZ,Hancock Whitney Corporation 6.25% Subordinated Notes due 2060,$23.38,0.08,0.343%,2002337899.00,United States,,8836,Finance,Major Banks
HWH,HWH International Inc. Common Stock,$1.45,0.00,0.00%,9390780.00,United States,2022,41407,Health Care,Other Pharmaceuticals
HWKN,Hawkins Inc. Common Stock,$161.15,1.40,0.876%,3351921934.00,United States,,171509,Consumer Discretionary,Specialty Chemicals
HWM,Howmet Aerospace Inc. Common Stock,$183.34,-4.49,-2.39%,74009602527.00,United States,,3283145,Industrials,Metal Fabrications
HWM^,Howmet Aerospace Inc. $3.75 Preferred Stock,$67.21,-2.4115,-3.464%,,United States,,1257,,
HXHX,Haoxin Holdings Limited Class A Ordinary Shares,$1.38,-0.07,-4.828%,18975000.00,China,2025,214640,Industrials,Trucking Freight/Courier Services
HXL,Hexcel Corporation Common Stock,$60.80,0.68,1.131%,4889006310.00,United States,,1994361,Industrials,Major Chemicals
HY,Hyster-Yale Inc. Class A common stock,$42.56,1.57,3.83%,753638222.00,United States,,44819,Industrials,Construction/Ag Equipment/Trucks
HYAC,Haymaker Acquisition Corp. 4 Class A Ordinary Shares,$11.13,0.02,0.18%,0.00,,2023,101341,,
HYFM,Hydrofarm Holdings Group Inc. Common Stock,$4.36,0.255,6.212%,20243293.00,United States,2020,9196,Consumer Discretionary,Consumer Specialties
HYI,Western Asset High Yield Defined Opportunity Fund Inc. Common Stock,$11.93,-0.01,-0.084%,0.00,,2010,93138,Finance,Investment Managers
HYLN,Hyliion Holdings Corp. Class A Common Stock,$1.66,0.08,5.063%,290886438.00,United States,2019,773415,Consumer Discretionary,Construction/Ag Equipment/Trucks
HYMC,Hycroft Mining Holding Corporation Class A Common Stock,$4.09,0.28,7.349%,102181934.00,United States,2018,660669,Basic Materials,Precious Metals
HYMCL,Hycroft Mining Holding Corporation Warrants,$0.0145,-0.0005,-3.333%,362259.00,United States,,2847,Basic Materials,Precious Metals
HYPD,Hyperion DeFi Inc. Common Stock,$11.52,-0.12,-1.031%,60400777.00,United States,2018,527530,Health Care,Biotechnology: Pharmaceutical Preparations
HYPR,Hyperfine Inc. Class A Common Stock,$1.01,0.0411,4.242%,78618249.00,United States,2021,545913,Health Care,Biotechnology: Electromedical & Electrotherapeutic Apparatus
HYT,Blackrock Corporate High Yield Fund Inc. Common Stock,$9.77,0.03,0.308%,0.00,United States,2003,392403,Finance,Finance Companies
HZO,MarineMax Inc.  (FL) Common Stock,$26.72,2.47,10.186%,573769248.00,United States,1998,476076,Consumer Discretionary,Auto & Home Supply Stores
IAC,IAC Inc. Common Stock,$41.12,0.35,0.858%,3283093747.00,United States,,769579,Technology,Computer Software: Programming Data Processing
IAE,Voya Asia Pacific High Dividend Equity Income Fund ING Asia Pacific High Dividend Equity Income Fund Common Shares of Beneficial Interest,$7.06,0.01,0.142%,0.00,United States,2007,20716,Finance,Trusts Except Educational Religious and Charitable
IAF,abrdn Australia Equity Fund Inc. Common Stock,$4.49,-0.01,-0.222%,0.00,United States,1985,96597,Finance,Finance/Investors Services
IAG,Iamgold Corporation Ordinary Shares,$7.46,0.27,3.755%,4290246000.00,Canada,,19001934,Basic Materials,Precious Metals
IART,Integra LifeSciences Holdings Corporation Common Stock,$12.05,0.68,5.981%,936432902.00,United States,,975497,Health Care,Medical/Dental Instruments
IAS,Integral Ad Science Holding Corp. Common Stock,$8.43,-0.08,-0.94%,1391087409.00,United States,2021,766188,Technology,Computer Software: Programming Data Processing
IAUX,i-80 Gold Corp. Common Shares,$0.6597,0.0527,8.682%,535253408.00,Canada,2022,4960306,Basic Materials,Precious Metals
IBAC,IB Acquisition Corp. Common Stock,$10.47,0.00,0.00%,0.00,United States,2024,2,,
IBACR,IB Acquisition Corp. Right,$0.044,0.00,0.00%,0.00,United States,2024,58,,
IBCP,Independent Bank Corporation Common Stock,$34.06,-0.11,-0.322%,705755216.00,United States,,53372,Finance,Major Banks
IBEX,IBEX Limited Common Shares,$30.60,0.56,1.864%,409195562.00,Bermuda,2020,80456,Technology,EDP Services
IBG,Innovation Beverage Group Limited Ordinary Shares,$0.64,-0.188,-22.705%,5939926.00,Australia,2024,1912689,Consumer Staples,Beverages (Production/Distribution)
IBIO,iBio Inc. Common Stock,$0.7356,0.0089,1.225%,12151583.00,United States,,249561,Health Care,Biotechnology: Pharmaceutical Preparations
IBKR,Interactive Brokers Group Inc. Class A Common Stock,$62.25,0.25,0.403%,105227943816.00,United States,2019,7210904,Finance,Investment Bankers/Brokers/Service
IBM,International Business Machines Corporation Common Stock,$281.96,-2.75,-0.966%,262052658287.00,United States,,4823189,Technology,Computer Manufacturing
IBN,ICICI Bank Limited Common Stock,$34.09,-0.13,-0.38%,119931831210.00,India,,4011652,Finance,Commercial Banks
IBO,Impact BioMedical Inc. Common Stock,$0.7143,0.0109,1.55%,8632610.00,,2024,366944,Health Care,Biotechnology: Pharmaceutical Preparations
IBOC,International Bancshares Corporation Common Stock,$69.62,-0.05,-0.072%,4326321584.00,United States,,148703,Finance,Major Banks
IBP,Installed Building Products Inc. Common Stock,$201.17,15.44,8.313%,5555399473.00,United States,2014,792948,Consumer Discretionary,Homebuilding
IBRX,ImmunityBio Inc. Common Stock,$2.71,0.03,1.119%,2391901308.00,United States,2015,5392821,Health Care,Biotechnology: Biological Products (No Diagnostic Substances)
IBTA,Ibotta Inc. Class A Common Stock,$39.80,1.55,4.052%,1132221365.00,United States,2024,467072,Consumer Discretionary,Advertising
ICCC,ImmuCell Corporation Common Stock,$6.83,0.015,0.22%,61725422.00,United States,1987,26113,Health Care,Biotechnology: In Vitro & In Vivo Diagnostic Substances
ICCM,IceCure Medical Ltd. Ordinary Shares,$0.981,-0.034,-3.35%,55494188.00,Israel,,384040,Health Care,Medical/Dental Instruments
ICE,Intercontinental Exchange Inc. Common Stock,$180.80,-0.01,-0.006%,103711629797.00,United States,2005,1952685,Finance,Investment Bankers/Brokers/Service
ICFI,ICF International Inc. Common Stock,$84.70,1.51,1.815%,1559421441.00,United States,2006,130104,Consumer Discretionary,Professional Services
ICG,Intchains Group Limited American Depositary Shares,$2.96,-0.03,-1.003%,355047551.00,China,2023,104152,Technology,Semiconductors
ICHR,Ichor Holdings Ordinary Shares,$21.67,-0.93,-4.115%,739377778.00,United States,2016,499681,Technology,Semiconductors
ICL,ICL Group Ltd. Ordinary Shares,$6.87,0.02,0.292%,8865338127.00,Israel,2014,436127,Industrials,Agricultural Chemicals
ICLR,ICON plc Ordinary Shares,$161.50,21.87,15.663%,13042232890.00,Ireland,1998,4125695,Health Care,Biotechnology: Commercial Physical & Biological Resarch
ICMB,Investcorp Credit Management BDC Inc. Common Stock,$2.865,0.055,1.957%,41296205.00,United States,2014,55552,Finance,Finance: Consumer Services
ICON,Icon Energy Corp. Common stock,$3.00,-0.26,-7.975%,6555690.00,Greece,2024,128835,Consumer Discretionary,Marine Transportation
ICR^A,InPoint Commercial Real Estate Income Inc. 6.75% Series A Cumulative Redeemable Preferred Stock,$19.50,-0.11,-0.561%,,,,12463,,
ICU,SeaStar Medical Holding Corporation Common Stock,$0.7662,0.0853,12.528%,8093944.00,United States,2021,38237189,Health Care,Medical/Dental Instruments
ICUCW,SeaStar Medical Holding Corporation Warrant,$0.0321,0.0062,23.938%,339096.00,United States,2021,193582,Health Care,Medical/Dental Instruments
ICUI,ICU Medical Inc. Common Stock,$126.24,4.58,3.765%,3107010927.00,United States,1992,286924,Health Care,Medical/Dental Instruments
IDA,IDACORP Inc. Common Stock,$123.49,2.27,1.873%,6670954745.00,United States,,560498,Utilities,Electric Utilities: Central
IDAI,T Stamp Inc. Class A Common Stock,$2.87,0.166,6.139%,7125668.00,United States,,27148,Technology,Computer Software: Prepackaged Software
IDCC,InterDigital Inc. Common Stock,$226.45,-0.01,-0.004%,5873373641.00,United States,,178574,Miscellaneous,Multi-Sector Companies
IDE,Voya Infrastructure Industrials and Materials Fund Common Shares of Beneficial Interest,$11.78,0.04,0.341%,0.00,United States,2010,20999,Finance,Finance/Investors Services
IDN,Intellicheck Inc. Common Stock,$5.31,-0.15,-2.747%,105374757.00,United States,1999,272492,Technology,Computer Software: Prepackaged Software
IDR,Idaho Strategic Resources Inc. Common Stock,$19.48,-1.08,-5.253%,273749947.00,United States,2022,573628,Basic Materials,Precious Metals
IDT,IDT Corporation Class B Common Stock,$56.68,-0.83,-1.443%,1430051023.00,United States,,146500,Telecommunications,Telecommunications Equipment
IDXX,IDEXX Laboratories Inc. Common Stock,$532.00,11.13,2.137%,42784459844.00,United States,1991,570002,Health Care,Biotechnology: In Vitro & In Vivo Diagnostic Substances
IDYA,IDEAYA Biosciences Inc. Common Stock,$22.02,0.21,0.963%,1928554825.00,United States,2019,1102526,Health Care,Biotechnology: Pharmaceutical Preparations
IE,Ivanhoe Electric Inc. Common Stock,$11.85,0.44,3.856%,1571195268.00,Canada,2022,1406554,Basic Materials,Metal Mining
IEP,Icahn Enterprises L.P. Common Stock,$9.31,0.19,2.083%,5084061600.00,United States,,436715,Consumer Discretionary,Auto Parts:O.E.M.
IESC,IES Holdings Inc. Common Stock,$308.81,-3.98,-1.272%,6131242205.00,United States,,162496,Industrials,Engineering & Construction
IEX,IDEX Corporation Common Stock,$184.54,3.64,2.012%,13941001591.00,United States,1989,468405,Industrials,Fluid Controls
IFBD,Infobird Co. Ltd Ordinary Shares,$1.095,0.0042,0.385%,8966489.00,China,2021,5948,Technology,Computer Software: Prepackaged Software
IFF,International Flavors & Fragrances Inc. Common Stock,$76.94,0.69,0.905%,19680509144.00,United States,,2882327,Industrials,Major Chemicals
IFN,India Fund Inc. (The) Common Stock,$15.98,-0.02,-0.125%,0.00,United States,,71779,Finance,Finance/Investors Services
IFRX,InflaRx N.V. Common Stock,$0.8447,-0.0123,-1.435%,50134389.00,Germany,2017,91618,Health Care,Biotechnology: Pharmaceutical Preparations
IFS,Intercorp Financial Services Inc. Common Shares,$36.33,-0.66,-1.784%,4194215123.00,,2019,188847,Finance,Commercial Banks
IGA,Voya Global Advantage and Premium Opportunity Fund Common Shares of Beneficial Interest,$9.81,0.01,0.102%,0.00,United States,2005,73475,Finance,Investment Managers
IGC,IGC Pharma Inc. Common Stock,$0.41,0.04,10.811%,34395550.00,United States,,1800131,Health Care,Biotechnology: Pharmaceutical Preparations
IGD,Voya Global Equity Dividend and Premium Opportunity Fund,$5.82,-0.04,-0.683%,0.00,United States,2005,208877,Finance,Trusts Except Educational Religious and Charitable
IGI,Western Asset Investment Grade Opportunity Trust Inc. Common Stock,$16.46,-0.015,-0.091%,0.00,United States,2009,21541,Finance,Investment Managers
IGIC,International General Insurance Holdings Ltd. Ordinary Share,$24.02,0.09,0.376%,1083516643.00,Jordan,2018,88410,Finance,Property-Casualty Insurers
IGMS,IGM Biosciences Inc. Common Stock,$1.27,-0.01,-0.781%,76346147.00,United States,2019,376173,Health Care,Biotechnology: Pharmaceutical Preparations
IGR,CBRE Global Real Estate Income Fund Common Shares of Beneficial Interest,$5.03,0.09,1.822%,0.00,United States,2004,532729,Finance,Finance Companies
IH,iHuman Inc. American depositary shares each representing five Class A ordinary shares,$2.79,-0.29,-9.416%,143745203.00,United States,2020,54527,Real Estate,Other Consumer Services
IHD,Voya Emerging Markets High Income Dividend Equity Fund Common Shares,$5.92,-0.01,-0.169%,0.00,United States,2011,50652,Finance,Investment Managers
IHG,Intercontinental Hotels Group American Depositary Shares (Each representing one Ordinary Share),$119.05,2.43,2.084%,18409323060.00,United Kingdom,,134887,Consumer Discretionary,Hotels/Resorts
IHRT,iHeartMedia Inc. Class A Common Stock,$1.91,0.04,2.139%,281957999.00,United States,,451280,Consumer Discretionary,Broadcasting
IHS,IHS Holding Limited Ordinary Shares,$6.10,0.07,1.161%,2033989716.00,Cayman Islands,2021,379776,Telecommunications,Telecommunications Equipment
IHT,InnSuites Hospitality Trust Shares of Beneficial Interest,$2.07,-0.115,-5.263%,18140414.00,United States,1999,8317,Finance,Investment Bankers/Brokers/Service
IIF,Morgan Stanley India Investment Fund Inc. Common Stock,$27.72,0.30,1.094%,0.00,United States,1994,84667,Finance,Trusts Except Educational Religious and Charitable
III,Information Services Group Inc. Common Stock,$4.53,-0.14,-2.998%,218364899.00,United States,,307874,Consumer Discretionary,Professional Services
IIIN,Insteel Industries Inc. Common Stock,$36.93,-0.16,-0.431%,716805428.00,United States,,194757,Industrials,Steel/Iron Ore
IIIV,i3 Verticals Inc. Class A Common Stock,$28.81,-0.08,-0.277%,956976181.00,United States,2018,276290,Consumer Discretionary,Business Services
IIM,Invesco Value Municipal Income Trust Common Stock,$11.32,0.01,0.088%,532814729.00,United States,,114321,Finance,Investment Managers
IINN,Inspira Technologies Oxy B.H.N. Ltd. Ordinary Shares,$1.38,0.08,6.154%,33467892.00,Israel,2021,198387,Health Care,Medical/Dental Instruments
IINNW,Inspira Technologies Oxy B.H.N. Ltd. Warrant,$0.595,0.063,11.842%,14429997.00,Israel,2021,6128,Health Care,Medical/Dental Instruments
IIPR,Innovative Industrial Properties Inc. Common Stock,$54.44,2.05,3.913%,1524931307.00,United States,2016,297039,Finance,Real Estate
IIPR^A,Innovative Industrial Properties Inc. 9.00% Series A Cumulative Redeemable Preferred Stock,$24.94,0.0266,0.107%,,United States,,18401,,
IKNA,Ikena Oncology Inc. Common Stock,$1.24,-0.03,-2.362%,59840058.00,United States,2021,1283509,Health Care,Biotechnology: Biological Products (No Diagnostic Substances)
IKT,Inhibikase Therapeutics Inc. Common Stock,$1.93,0.05,2.66%,143479172.00,United States,2020,86821,Health Care,Biotechnology: Biological Products (No Diagnostic Substances)
ILAG,Intelligent Living Application Group Inc. Ordinary Shares,$0.4644,0.0097,2.133%,9645348.00,Hong Kong,2022,53728,Consumer Discretionary,Office Equipment/Supplies/Services
ILLR,Triller Group Inc. Common Stock,$0.6981,-0.0283,-3.896%,108317068.00,United States,2019,388944,Finance,Investment Managers
ILLRW,Triller Group Inc. Warrant,$0.0848,-0.0099,-10.454%,13157552.00,United States,2019,2577,Finance,Investment Managers
ILMN,Illumina Inc. Common Stock,$102.03,7.235,7.632%,16151349000.00,United States,2000,2626346,Health Care,Medical Specialities
ILPT,Industrial Logistics Properties Trust Common Shares of Beneficial Interest,$5.42,0.11,2.072%,358490399.00,United States,2018,421883,Real Estate,Real Estate Investment Trusts
IMAB,I-MAB American Depositary Shares,$2.08,-0.04,-1.887%,169522257.00,China,2020,258425,Health Care,Biotechnology: Pharmaceutical Preparations
IMAX,Imax Corporation Common Stock,$28.24,-0.56,-1.944%,1517675436.00,Canada,,719883,Consumer Discretionary,Industrial Machinery/Components
IMCC,IM Cannabis Corp. Common Shares,$3.08,0.04,1.316%,9503192.00,Canada,,41937,Health Care, Medicinal Chemicals and Botanical Products 
IMCR,Immunocore Holdings plc American Depositary Shares,$37.15,0.22,0.596%,1786482054.00,United Kingdom,2021,324497,Health Care,Biotechnology: Biological Products (No Diagnostic Substances)
IMDX,Insight Molecular Diagnostics Inc. Common Stock,$2.84,-0.19,-6.271%,81221969.00,United States,,71382,Health Care,Biotechnology: In Vitro & In Vivo Diagnostic Substances
IMG,CIMG Inc. Common Stock,$0.2684,0.0008,0.299%,1343388.00,United States,,164245,Consumer Discretionary,Other Specialty Stores
IMKTA,Ingles Markets Incorporated Class A Common Stock,$67.34,0.56,0.839%,1279081280.00,United States,1987,88153,Consumer Staples,Food Chains
IMMP,Immutep Limited American Depositary Shares,$1.70,-0.01,-0.585%,247276535.00,Australia,,105866,Health Care,Biotechnology: Pharmaceutical Preparations
IMMR,Immersion Corporation Common Stock,$7.32,0.17,2.378%,237141882.00,United States,1999,642031,Technology,Computer peripheral equipment
IMMX,Immix Biopharma Inc. Common Stock,$2.85,-0.14,-4.682%,79450285.00,United States,2021,156689,Health Care,Biotechnology: Pharmaceutical Preparations
IMNM,Immunome Inc. Common Stock,$11.07,0.25,2.311%,963226471.00,United States,2020,684801,Health Care,Biotechnology: Pharmaceutical Preparations
IMNN,Imunon Inc. Common Stock,$0.6236,0.0636,11.357%,9117488.00,United States,,2105875,Health Care,Biotechnology: Pharmaceutical Preparations
IMO,Imperial Oil Limited Common Stock,$83.48,1.56,1.904%,42495076600.00,Canada,1929,381422,Energy,Integrated oil Companies
IMOS,ChipMOS TECHNOLOGIES INC. American Depositary Shares,$17.69,-0.52,-2.856%,637620235.00,Taiwan,,17043,Technology,Semiconductors
IMPP,Imperial Petroleum Inc. Common Shares,$3.20,0.08,2.564%,110128752.00,Greece,,63125,Consumer Discretionary,Marine Transportation
IMPPP,Imperial Petroleum Inc. 8.75% Series A Cumulative Redeemable Perpetual Preferred Shares,$25.305,-0.27,-1.056%,870877522.00,Greece,,2081,Consumer Discretionary,Marine Transportation
IMRN,Immuron Limited American Depositary Shares,$1.70,0.02,1.19%,9681430.00,Australia,2017,183394,Health Care,Biotechnology: Pharmaceutical Preparations
IMRX,Immuneering Corporation Class A Common Stock,$4.22,-0.02,-0.472%,151859662.00,United States,2021,358319,Health Care,Biotechnology: Pharmaceutical Preparations
IMTE,Integrated Media Technology Limited Ordinary Shares,$1.38,-0.06,-4.167%,4735379.00,Australia,,356414,Consumer Staples,Consumer Electronics/Appliances
IMTX,Immatics N.V. Ordinary Shares,$5.94,0.09,1.538%,722008004.00,Germany,,368231,Health Care,Biotechnology: Biological Products (No Diagnostic Substances)
IMUX,Immunic Inc. Common Stock,$0.9361,0.0045,0.483%,89694795.00,United States,2014,1094892,Health Care,Biotechnology: Pharmaceutical Preparations
IMVT,Immunovant Inc. Common Stock,$17.94,0.24,1.356%,3066362047.00,United States,2019,924629,Health Care,Biotechnology: Biological Products (No Diagnostic Substances)
IMXI,International Money Express Inc. Common Stock,$9.80,0.26,2.725%,293771180.00,United States,2017,253807,Consumer Discretionary,Business Services
INAB,IN8bio Inc. Common Stock,$2.37,0.07,3.043%,8162835.00,United States,2021,121363,Health Care,Biotechnology: Biological Products (No Diagnostic Substances)
INACU,Indigo Acquisition Corp. Unit,$10.04,0.00,0.00%,0.00,United States,2025,979,,
INBK,First Internet Bancorp Common Stock,$27.66,0.52,1.916%,240561371.00,United States,,29870,Finance,Major Banks
INBKZ,First Internet Bancorp 6.0% Fixed-to-Floating Rate Subordinated Notes Due 2029,$24.7965,0.0541,0.219%,215657268.00,United States,,2302,Finance,Major Banks
INBS,Intelligent Bio Solutions Inc. Common Stock,$2.25,0.22,10.837%,15548128.00,United States,2020,154683,Health Care,Medical/Dental Instruments
INBX,Inhibrx Biosciences Inc. Common Stock,$22.86,0.74,3.345%,330919165.00,United States,,100854,Health Care,Biotechnology: Biological Products (No Diagnostic Substances)
INCR,Intercure Ltd. Ordinary Shares,$1.57,-0.01,-0.633%,85584796.00,Israel,,20302,Health Care,Biotechnology: Pharmaceutical Preparations
INCY,Incyte Corp. Common Stock,$68.90,1.52,2.256%,13336968453.00,United States,,1324424,Health Care,Biotechnology: Commercial Physical & Biological Resarch
INDB,Independent Bank Corp. Common Stock,$68.51,-0.22,-0.32%,2919794052.00,United States,,409440,Finance,Major Banks
INDI,indie Semiconductor Inc. Class A Common Stock,$4.30,-0.11,-2.494%,913809125.00,United States,,6279440,Technology,Semiconductors
INDO,Indonesia Energy Corporation Limited Ordinary Shares,$2.75,0.02,0.733%,38252605.00,,2019,416467,Energy,Oil & Gas Production
INDP,Indaptus Therapeutics Inc. Common Stock,$10.8249,-0.0751,-0.689%,6198976.00,United States,,1792,Health Care,Biotechnology: Pharmaceutical Preparations
INDV,Indivior PLC Ordinary Shares,$16.18,0.58,3.718%,2018775688.00,United Kingdom,,3766130,Health Care,Biotechnology: Pharmaceutical Preparations
INEO,INNEOVA Holdings Limited Ordinary Shares,$1.16,0.04,3.571%,11455000.00,Singapore,2024,38228,Consumer Discretionary,Motor Vehicles
INFA,Informatica Inc. Class A Common Stock,$24.50,-0.01,-0.041%,7392240426.00,United States,2021,5570975,Technology,Computer Software: Prepackaged Software
INFU,InfuSystems Holdings Inc. Common Stock,$5.75,0.24,4.356%,120607768.00,United States,,144782,Health Care,Medical/Dental Instruments
INFY,Infosys Limited American Depositary Shares,$18.26,0.07,0.385%,75855935114.00,India,,18851269,Technology,EDP Services
ING,ING Group N.V. Common Stock,$23.03,0.15,0.656%,72484418714.00,Netherlands,1997,3347577,Finance,Commercial Banks
INGM,Ingram Micro Holding Corporation Common Stock,$20.92,0.16,0.771%,4912790249.00,United States,2024,463571,Technology,Retail: Computer Software & Peripheral Equipment
INGN,Inogen Inc Common Stock,$6.34,0.05,0.795%,170465114.00,United States,2014,141571,Health Care,Industrial Specialties
INGR,Ingredion Incorporated Common Stock,$134.06,1.00,0.752%,8621534001.00,United States,,420048,Consumer Staples,Packaged Foods
INHD,Inno Holdings Inc. Common Stock,$1.44,-0.02,-1.37%,6351094.00,United States,2023,47945,Industrials,Steel/Iron Ore
INKT,MiNK Therapeutics Inc. Common Stock,$21.05,1.25,6.313%,83898080.00,United States,2021,211630,Health Care,Biotechnology: Biological Products (No Diagnostic Substances)
INLF,INLIF LIMITED Class A Ordinary Shares,$1.02,0.00,0.00%,14790000.00,China,2025,79205,Industrials,Industrial Machinery/Components
INLX,Intellinetics Inc. Common Stock,$13.09,-0.66,-4.80%,56476255.00,,2022,1173,Technology,Computer Software: Prepackaged Software
INM,InMed Pharmaceuticals Inc. Common Shares,$2.65,0.02,0.76%,1767584.00,Canada,,119550,Health Care,Biotechnology: Pharmaceutical Preparations
INMB,INmune Bio Inc. Common stock,$2.40,0.02,0.84%,55704905.00,United States,2019,1173675,Health Care,Biotechnology: Biological Products (No Diagnostic Substances)
INMD,InMode Ltd. Ordinary Shares,$14.41,0.45,3.223%,1002340435.00,Israel,2019,830705,Health Care,Biotechnology: Electromedical & Electrotherapeutic Apparatus
INN,Summit Hotel Properties Inc. Common Stock,$5.63,0.26,4.842%,631806353.00,United States,2011,1214093,Real Estate,Real Estate Investment Trusts
INN^E,Summit Hotel Properties Inc. 6.250% Series E Cumulative Redeemable Preferred Stock,$18.70,-0.0392,-0.209%,,United States,,805,,
INN^F,Summit Hotel Properties Inc. 5.875% Series F Cumulative Redeemable Preferred Stock $0.01 par value per share,$18.40,0.45,2.507%,,United States,,15511,,
INNV,InnovAge Holding Corp. Common Stock,$3.88,0.08,2.105%,523850254.00,United States,2021,31623,Health Care,Medical/Nursing Services
INO,Inovio Pharmaceuticals Inc. Common Stock,$1.45,0.03,2.113%,53177932.00,United States,,1322235,Health Care,Medical/Dental Instruments
INOD,Innodata Inc. Common Stock,$46.43,-1.31,-2.744%,1473934743.00,United States,1993,2295420,Technology,EDP Services
INR,Infinity Natural Resources Inc. Class A Common Stock,$14.12,0.17,1.219%,859574613.00,,2025,237294,Energy,Oil & Gas Production
INSE,Inspired Entertainment Inc. Common Stock,$9.39,0.03,0.321%,252705567.00,United States,2014,104063,Technology,Computer Software: Prepackaged Software
INSG,Inseego Corp. Common Stock,$7.40,-0.05,-0.671%,111055959.00,United States,,85333,Telecommunications,Telecommunications Equipment
INSM,Insmed Incorporated Common Stock,$102.92,0.14,0.136%,18745737955.00,United States,,1527519,Health Care,Biotechnology: Pharmaceutical Preparations
INSP,Inspire Medical Systems Inc. Common Stock,$129.43,4.29,3.428%,3817398583.00,United States,2018,726885,Health Care,Medical/Dental Instruments
INSW,International Seaways Inc. Common Stock ,$38.78,0.36,0.937%,1913335551.00,United States,2016,332060,Consumer Discretionary,Marine Transportation
INTA,Intapp Inc. Common Stock,$42.22,0.05,0.119%,3417930233.00,United States,2021,815402,Technology,Computer Software: Prepackaged Software
INTC,Intel Corporation Common Stock,$23.24,-0.02,-0.086%,101372880000.00,United States,,53494166,Technology,Semiconductors
INTG,Intergroup Corporation (The) Common Stock,$11.18,0.42,3.903%,24086248.00,United States,,2148,Real Estate,Building operators
INTJ,Intelligent Group Limited Class A Ordinary Shares ,$1.28,-0.04,-3.03%,16800000.00,Hong Kong,2024,63362,Consumer Discretionary,Professional Services
INTR,Inter & Co. Inc. Class A Common Shares,$6.71,-0.12,-1.757%,2950414987.00,Brazil,,2150596,Finance,Commercial Banks
INTS,Intensity Therapeutics Inc. Common stock,$0.307,-0.0114,-3.58%,5648248.00,United States,2023,2944870,Health Care,Biotechnology: Biological Products (No Diagnostic Substances)
INTT,inTest Corporation Common Stock,$7.59,0.29,3.973%,94820420.00,United States,1997,23756,Industrials,Electrical Products
INTU,Intuit Inc. Common Stock,$766.78,3.09,0.405%,213890980660.00,United States,1993,1027363,Technology,Computer Software: Prepackaged Software
INTZ,Intrusion Inc. Common Stock,$2.13,0.09,4.412%,42376552.00,United States,,208374,Telecommunications,Computer Communications Equipment
INUV,Inuvo Inc.,$5.65,0.05,0.893%,81503188.00,United States,,136618,Consumer Discretionary,Advertising
INV,Innventure Inc. Common Stock,$4.92,-0.07,-1.403%,263157486.00,United States,,75271,Finance,Blank Checks
INVA,Innoviva Inc. Common Stock,$19.28,-0.22,-1.128%,1210305335.00,United States,2004,616269,Health Care,Biotechnology: Pharmaceutical Preparations
INVE,Identiv Inc. Common Stock,$3.60,0.15,4.348%,85022564.00,United States,,35733,Technology,Computer peripheral equipment
INVH,Invitation Homes Inc. Common Stock,$32.60,0.54,1.684%,19982148745.00,United States,2017,2942493,Finance,Real Estate
INVX,Innovex International Inc. Common Stock,$15.62,0.15,0.97%,1077447778.00,United States,,302721,Industrials,Metal Fabrications
INVZ,Innoviz Technologies Ltd. Ordinary shares,$1.83,0.08,4.571%,364100381.00,Israel,,11107736,Consumer Discretionary,Auto Parts:O.E.M.
INVZW,Innoviz Technologies Ltd. Warrant,$0.0896,0.0011,1.243%,17826991.00,Israel,,125482,Consumer Discretionary,Auto Parts:O.E.M.
IOBT,IO Biotech Inc. Common Stock,$1.95,-0.07,-3.465%,128467782.00,Denmark,2021,251219,Health Care,Biotechnology: Pharmaceutical Preparations
IONQ,IonQ Inc. Common Stock,$41.94,-2.49,-5.604%,10392022627.00,United States,2021,18925685,Technology,EDP Services
IONR,ioneer Ltd American Depositary Shares,$3.59,0.25,7.485%,209848833.00,Australia,,31717,Industrials,Mining & Quarrying of Nonmetallic Minerals (No Fuels)
IONS,Ionis Pharmaceuticals Inc. Common Stock,$41.95,0.40,0.963%,6676724203.00,United States,,1458520,Health Care,Biotechnology: Pharmaceutical Preparations
IOR,Income Opportunity Realty Investors Inc. Common Stock,$18.64,0.00,0.00%,75793558.00,United States,1987,138,Real Estate,Real Estate Investment Trusts
IOSP,Innospec Inc. Common Stock,$84.74,1.19,1.424%,2115110315.00,United States,,200540,Industrials,Major Chemicals
IOT,Samsara Inc. Class A Common Stock,$37.77,-0.38,-0.996%,21503818832.00,United States,2021,4104682,Technology,EDP Services
IOTR,iOThree Limited Ordinary Shares,$0.5149,0.0649,14.422%,13207185.00,Singapore,2025,928580,Consumer Discretionary,Telecommunications Equipment
IOVA,Iovance Biotherapeutics Inc. Common Stock,$3.13,0.64,25.703%,1045214631.00,United States,,49291423,Health Care,Biotechnology: Biological Products (No Diagnostic Substances)
IP,International Paper Company Common Stock,$52.65,1.29,2.512%,27794014923.00,United States,,4117357,Basic Materials,Paper
IPA,ImmunoPrecise Antibodies Ltd. Common Stock,$1.70,-0.05,-2.857%,77800701.00,Canada,,745649,Health Care,Biotechnology: Pharmaceutical Preparations
IPAR,Interparfums Inc. Common Stock,$132.65,3.555,2.754%,4261248600.00,United States,,199001,Consumer Discretionary,Package Goods/Cosmetics
IPCX,Inflection Point Acquisition Corp. III Class A Ordinary Shares,$10.18,0.00,0.00%,0.00,United States,2025,9066,,
IPCXR,Inflection Point Acquisition Corp. III Rights,$0.36,-0.04,-10.00%,0.00,United States,2025,3124,,
IPCXU,Inflection Point Acquisition Corp. III Units,$10.48,-0.02,-0.19%,0.00,United States,2025,4507,Finance,Blank Checks
IPDN,Professional Diversity Network Inc. Common Stock,$2.91,0.34,13.23%,6062208.00,United States,2013,4144721,Technology,Computer Software: Programming Data Processing
IPG,Interpublic Group of Companies Inc. (The) Common Stock,$25.69,1.67,6.953%,9498484597.00,United States,,10940178,Consumer Discretionary,Advertising
IPGP,IPG Photonics Corporation Common Stock,$75.46,1.03,1.384%,3209665595.00,United States,2006,203865,Technology,Semiconductors
IPHA,Innate Pharma S.A. ADS,$1.88,-0.039,-2.032%,173255438.00,France,2019,2127,Health Care,Biotechnology: Biological Products (No Diagnostic Substances)
IPI,Intrepid Potash Inc Common Stock,$34.12,-0.24,-0.698%,454369182.00,United States,2008,194976,Industrials,Mining & Quarrying of Nonmetallic Minerals (No Fuels)
IPM,Intelligent Protection Management Corp. Common Stock ,$2.10,0.02,0.962%,19397673.00,United States,,25576,Consumer Discretionary,Business Services
IPOD,Dune Acquisition Corporation II Class A Ordinary Shares,$10.06,0.00,0.00%,0.00,United States,2025,25091,Finance,Blank Checks
IPODU,Dune Acquisition Corporation II Units,$10.14,-0.03,-0.295%,0.00,United States,2025,5000,Finance,Blank Checks
IPODW,Dune Acquisition Corporation II Warrants,$0.17,-0.02,-10.526%,0.00,United States,2025,17763,Finance,Blank Checks
IPSC,Century Therapeutics Inc. Common Stock,$0.5753,0.0003,0.052%,49567133.00,United States,2021,540136,Health Care,Biotechnology: Biological Products (No Diagnostic Substances)
IPW,iPower Inc. Common Stock,$0.6226,-0.0095,-1.503%,19524673.00,United States,2021,59712,Consumer Discretionary,RETAIL: Building Materials
IPWR,Ideal Power Inc. Common Stock,$5.96,-0.01,-0.168%,49756583.00,United States,2013,23592,Technology,Semiconductors
IPX,IperionX Limited American Depositary Share,$33.89,0.00,0.00%,871802492.00,United States,,6,Basic Materials,Other Metals and Minerals
IQ,iQIYI Inc. American Depositary Shares,$1.99,0.02,1.015%,1916288108.00,China,2018,22152145,Consumer Discretionary,Consumer Electronics/Video Chains
IQI,Invesco Quality Municipal Income Trust Common Stock,$9.20,0.07,0.767%,486530932.00,United States,,141706,Finance,Finance Companies
IQST,iQSTEL Inc. Common Stock,$9.55,-0.01,-0.105%,27684457.00,United States,,67999,Telecommunications,Telecommunications Equipment
IQV,IQVIA Holdings Inc. Common Stock,$187.38,28.42,17.879%,32416740000.00,United States,2013,6856048,Health Care,Biotechnology: Commercial Physical & Biological Resarch
IR,Ingersoll Rand Inc. Common Stock,$85.44,1.55,1.848%,34471855908.00,United States,2017,2593032,Industrials,Industrial Machinery/Components
IRBT,iRobot Corporation Common Stock,$4.51,-0.25,-5.252%,140285715.00,United States,2005,3094716,Consumer Discretionary,Consumer Electronics/Appliances
IRD,Opus Genetics Inc. Common Stock,$1.22,0.03,2.521%,72786660.00,United States,,238439,Health Care,Biotechnology: Pharmaceutical Preparations
IRDM,Iridium Communications Inc Common Stock,$31.88,-0.19,-0.592%,3448151129.00,United States,,1336902,Telecommunications,Telecommunications Equipment
IREN,IREN Limited Ordinary Shares,$18.59,0.44,2.424%,3519943609.00,Australia,2021,39412627,Technology,EDP Services
IRIX,IRIDEX Corporation Common Stock,$1.38,0.12,9.524%,23168857.00,United States,1996,258751,Health Care,Biotechnology: Electromedical & Electrotherapeutic Apparatus
IRM,Iron Mountain Incorporated (Delaware)Common Stock REIT,$99.30,0.57,0.577%,29297858873.00,United States,,858029,Real Estate,Real Estate Investment Trusts
IRMD,iRadimed Corporation Common Stock,$56.30,0.11,0.196%,715860637.00,United States,2014,39639,Health Care,Medical/Dental Instruments
IROH,Iron Horse Acquisitions Corp. Common Stock,$11.15,0.99,9.744%,0.00,United States,2024,18285,Consumer Staples,Packaged Foods
IROHR,Iron Horse Acquisitions Corp. Right,$0.47,0.02,4.444%,0.00,United States,2024,4407,Consumer Staples,Packaged Foods
IROHU,Iron Horse Acquisitions Corp. Unit,$11.00,-0.45,-3.93%,0.00,United States,2023,4196,Consumer Staples,Packaged Foods
IROHW,Iron Horse Acquisitions Corp. Warrant,$0.072,-0.0079,-9.887%,0.00,United States,2024,2322,Consumer Staples,Packaged Foods
IRON,Disc Medicine Inc. Common Stock,$60.74,1.36,2.29%,2103687078.00,United States,,300273,Health Care,Biotechnology: Pharmaceutical Preparations
IROQ,IF Bancorp Inc. Common Stock,$24.72,0.07,0.284%,82849723.00,United States,2011,1252,Finance,Savings Institutions
IRS,IRSA Inversiones Y Representaciones S.A. Global Depositary Shares (Each representing ten shares of Common Stock),$14.55,-0.22,-1.49%,1089060822.00,Argentina,,186104,Real Estate,Homebuilding
IRT,Independence Realty Trust Inc. Common Stock,$17.54,0.33,1.917%,4100588023.00,United States,2013,2967815,Real Estate,Real Estate Investment Trusts
IRTC,iRhythm Technologies Inc. Common Stock,$133.385,-2.135,-1.575%,4258351739.00,United States,2016,266491,Health Care,Medical/Dental Instruments
IRWD,Ironwood Pharmaceuticals Inc. Class A Common Stock,$0.78,0.0166,2.174%,126219481.00,United States,2010,1050144,Health Care,Biotechnology: Pharmaceutical Preparations
ISBA,Isabella Bank Corporation Common stock,$31.91,-0.59,-1.815%,235571044.00,United States,,13672,Finance,Major Banks
ISD,PGIM High Yield Bond Fund Inc.,$14.12,0.07,0.498%,0.00,United States,2012,78523,Finance,Trusts Except Educational Religious and Charitable
ISOU,IsoEnergy Ltd. Common Shares,$7.19,-0.01,-0.139%,345677779.00,,2025,22118,,
ISPC,iSpecimen Inc. Common Stock,$1.05,0.02,1.942%,2621701.00,United States,2021,211877,Health Care,Biotechnology: Commercial Physical & Biological Resarch
ISPO,Inspirato Incorporated Class A Common Stock,$3.10,0.04,1.307%,38565789.00,United States,2021,9583,Finance,Blank Checks
ISPOW,Inspirato Incorporated Warrant,$0.0097,0.0001,1.042%,120674.00,United States,2021,293,Finance,Blank Checks
ISPR,Ispire Technology Inc. Common Stock,$2.99,-0.01,-0.333%,170864910.00,United States,2023,37563,Health Care, Medicinal Chemicals and Botanical Products 
ISRG,Intuitive Surgical Inc. Common Stock,$511.00,-5.12,-0.992%,183151728305.00,United States,2000,2406366,Health Care,Industrial Specialties
ISRL,Israel Acquisitions Corp Class A Ordinary Shares,$12.70,0.2236,1.792%,0.00,United States,2023,483,Finance,Blank Checks
ISRLW,Israel Acquisitions Corp Warrant,$0.2303,0.0003,0.13%,0.00,United States,2023,20680,Finance,Blank Checks
ISSC,Innovative Solutions and Support Inc. Common Stock,$15.55,-0.23,-1.458%,273744610.00,United States,2000,709341,Technology,EDP Services
ISTR,Investar Holding Corporation Common Stock,$22.36,0.16,0.721%,220130801.00,United States,2014,36500,Finance,Major Banks
IT,Gartner Inc. Common Stock,$356.52,3.42,0.969%,27440252379.00,United States,1993,1169948,Consumer Discretionary,Other Consumer Services
ITGR,Integer Holdings Corporation Common Stock,$114.32,2.77,2.483%,3988852868.00,United States,,563399,Health Care,Biotechnology: Electromedical & Electrotherapeutic Apparatus
ITIC,Investors Title Company Common Stock,$206.20,4.35,2.155%,388948462.00,United States,,26312,Finance,Specialty Insurers
ITOS,iTeos Therapeutics Inc. Common Stock,$10.12,-0.01,-0.099%,387330805.00,United States,2020,2096307,Health Care,Biotechnology: Biological Products (No Diagnostic Substances)
ITP,IT Tech Packaging Inc. Common Stock,$0.2095,0.0048,2.345%,2108810.00,China,,982160,Consumer Discretionary,Containers/Packaging
ITRG,Integra Resources Corp. Common Shares,$1.57,0.07,4.667%,265332810.00,,,1289605,Basic Materials,Precious Metals
ITRI,Itron Inc. Common Stock,$134.84,-1.79,-1.31%,6147095494.00,United States,1993,475793,Industrials,Electrical Products
ITRM,Iterum Therapeutics plc Ordinary Share,$0.83,-0.041,-4.707%,33200000.00,Ireland,2018,959382,Health Care,Biotechnology: Pharmaceutical Preparations
ITRN,Ituran Location and Control Ltd. Ordinary Shares,$38.91,0.09,0.232%,774059198.00,Israel,2005,40365,Technology,Electronic Components
ITT,ITT Inc. Common Stock ,$158.52,1.95,1.245%,12475524000.00,United States,2011,267088,Industrials,Fluid Controls
ITUB,Itau Unibanco Banco Holding SA American Depositary Shares (Each repstg 500 Preferred shares),$6.31,-0.08,-1.252%,61687219490.00,Brazil,,27852066,Finance,Major Banks
ITW,Illinois Tool Works Inc. Common Stock,$260.13,5.49,2.156%,76218090000.00,United States,,765326,Industrials,Industrial Machinery/Components
IVA,Inventiva S.A. American Depository Shares,$3.30,0.00,0.00%,315685890.00,France,2020,17405,Health Care,Biotechnology: Pharmaceutical Preparations
IVDA,Iveda Solutions Inc. Common Stock,$2.30,0.10,4.545%,6458563.00,United States,,55716,Technology,Computer Software: Prepackaged Software
IVDAW,Iveda Solutions Inc. Warrant,$0.1265,0.0065,5.417%,355221.00,United States,,1510,Technology,Computer Software: Prepackaged Software
IVF,INVO Fertility Inc. Common Stock,$3.46,0.91,35.686%,3211821.00,United States,,52336041,Health Care,Medical/Dental Instruments
IVP,Inspire Veterinary Partners Inc. Class A Common Stock,$0.7253,0.0074,1.031%,1537310.00,United States,2023,252949,Consumer Staples,Farming/Seeds/Milling
IVR,INVESCO MORTGAGE CAPITAL INC Common Stock,$7.37,0.14,1.936%,485996188.00,United States,2009,1949475,Real Estate,Real Estate Investment Trusts
IVR^C,INVESCO MORTGAGE CAPITAL INC 7.5% Fixed-to-Floating Series C Cumulative Redeemable Preferred Stock Liquation Preference $25.00 per Share,$23.95,-0.25,-1.033%,,United States,,4828,,
IVT,InvenTrust Properties Corp. Common Stock,$27.65,0.44,1.617%,2144748675.00,United States,2021,381257,Real Estate,Real Estate Investment Trusts
IVVD,Invivyd Inc. Common Stock,$0.76,-0.01,-1.299%,91170698.00,United States,2021,437149,Health Care,Biotechnology: Biological Products (No Diagnostic Substances)
IVZ,Invesco Ltd Common Stock,$21.25,1.05,5.198%,9510571078.00,United States,,16428257,Finance,Investment Managers
IX,ORIX Corporation American Depositary Shares,$22.72,0.11,0.487%,26422502184.00,Japan,,196479,Finance,Diversified Financial Services
IXHL,Incannex Healthcare Inc. Common Stock,$0.84,0.02,2.439%,24724390.00,Australia,,152684496,Health Care,Biotechnology: Pharmaceutical Preparations
IZEA,IZEA Worldwide Inc. Common Stock,$3.90,0.15,4.00%,66011798.00,United States,,230459,Consumer Discretionary,Advertising
IZM,ICZOOM Group Inc. Class A Ordinary Shares,$2.56,0.00,0.00%,30033907.00,China,2023,11477,Consumer Discretionary,Consumer Electronics/Video Chains
J,Jacobs Solutions Inc. Common Stock,$139.44,2.25,1.64%,16754578576.00,United States,2022,442939,Industrials,Military/Government/Technical
JACK,Jack In The Box Inc. Common Stock,$24.35,2.14,9.635%,459714510.00,United States,,1291753,Consumer Discretionary,Restaurants
JACS,Jackson Acquisition Company II Class A Ordinary Shares,$10.37,0.08,0.777%,0.00,,2025,321,,
JAGX,Jaguar Health Inc. Common Stock,$2.40,-0.01,-0.415%,2444035.00,United States,2015,76318,Health Care,Biotechnology: Pharmaceutical Preparations
JAKK,JAKKS Pacific Inc. Common Stock,$19.66,0.01,0.051%,219134882.00,United States,1996,144221,Consumer Discretionary,Recreational Games/Products/Toys
JAMF,Jamf Holding Corp. Common Stock,$8.28,0.14,1.72%,1091839716.00,United States,2020,1133850,Technology,Computer Software: Prepackaged Software
JANX,Janux Therapeutics Inc. Common Stock,$26.38,0.30,1.15%,1561040642.00,United States,2021,655503,Health Care,Biotechnology: Pharmaceutical Preparations
JAZZ,Jazz Pharmaceuticals plc Common Stock (Ireland),$116.34,3.69,3.276%,7170364722.00,Ireland,2007,967302,Health Care,Biotechnology: Pharmaceutical Preparations
JBDI,JBDI Holdings Limited Ordinary Shares,$0.9997,0.0147,1.492%,19781564.00,Singapore,2024,15715,,
JBGS,JBG SMITH Properties Common Shares ,$18.71,0.47,2.577%,1366821817.00,United States,2017,486973,Real Estate,Real Estate Investment Trusts
JBHT,J.B. Hunt Transport Services Inc. Common Stock,$151.93,4.33,2.934%,15070634211.00,United States,,987200,Industrials,Trucking Freight/Courier Services
JBI,Janus International Group Inc. Common Stock,$9.07,0.47,5.465%,1269452039.00,United States,2021,809697,Industrials,Building Products
JBIO,Jade Biosciences Inc. Common Stock,$8.98,0.29,3.337%,289478615.00,United States,2021,153270,Health Care,Biotechnology: Pharmaceutical Preparations
JBK,Lehman ABS 3.50 3.50% Adjustable Corp Backed Tr Certs GS Cap I,$25.90,0.264,1.03%,0.00,United States,,1102,Finance,Finance: Consumer Services
JBL,Jabil Inc. Common Stock,$220.84,-2.36,-1.057%,23700291963.00,United States,1993,1252086,Technology,Electrical Products
JBLU,JetBlue Airways Corporation Common Stock,$4.45,0.09,2.064%,1576812350.00,United States,2002,13373755,Consumer Discretionary,Air Freight/Delivery Services
JBS,JBS N.V. Class A Common Shares,$13.19,0.14,1.073%,29256954920.00,,2025,2537764,Consumer Staples,Meat/Poultry/Fish
JBSS,John B. Sanfilippo & Son Inc. Common Stock,$68.45,1.99,2.994%,804888080.00,United States,1991,71852,Consumer Staples,Specialty Foods
JBTM,JBT Marel Corporation Common Stock,$131.52,2.57,1.993%,6834929211.00,United States,,468996,Industrials,Industrial Machinery/Components
JCAP,Jefferson Capital Inc. Common Stock,$16.92,0.28,1.683%,1096639665.00,United States,2025,224922,Finance,Finance Companies
JCE,Nuveen Core Equity Alpha Fund Common Shares of Beneficial Interest,$15.48,0.004,0.026%,0.00,United States,2007,24311,Finance,Trusts Except Educational Religious and Charitable
JCI,Johnson Controls International plc Ordinary Share,$108.30,0.03,0.028%,71266523132.00,Switzerland,,4866855,Industrials,Industrial Machinery/Components
JCSE,JE Cleantech Holdings Limited Ordinary Shares,$1.056,0.0204,1.97%,5554835.00,Singapore,2022,3006,Consumer Discretionary,Miscellaneous manufacturing industries
JCTC,Jewett-Cameron Trading Company Common Shares,$3.40,-0.155,-4.36%,11961605.00,United States,,42663,Consumer Discretionary,RETAIL: Building Materials
JD,JD.com Inc. American Depositary Shares,$33.88,0.48,1.437%,49237616745.00,China,2014,10313439,Consumer Discretionary,Other Specialty Stores
JDZG,JIADE LIMITED Class A Ordinary Shares,$2.86,0.165,6.122%,8771434.00,China,2024,90387,Real Estate,Other Consumer Services
JEF,Jefferies Financial Group Inc. Common Stock,$56.17,0.44,0.79%,11586760014.00,United States,,1093628,Finance,Investment Bankers/Brokers/Service
JELD,JELD-WEN Holding Inc. Common Stock,$4.87,0.67,15.952%,415406106.00,United States,2017,2965358,Basic Materials,Forest Products
JEM,707 Cayman Holdings Limited Ordinary Shares,$4.07,0.08,2.005%,89336500.00,China,2025,41154,Consumer Discretionary,Clothing/Shoe/Accessory Stores
JENA,Jena Acquisition Corporation II Class A Ordinary Shares,$10.10,0.02,0.198%,0.00,,2025,15904,,
JEQ,abrdn Japan Equity Fund Inc. Common Stock,$7.3534,0.0334,0.456%,100006166.00,United States,1992,134847,Consumer Discretionary,Air Freight/Delivery Services
JFB,JFB Construction Holdings Class A Common Stock,$6.77,0.42,6.614%,35542500.00,United States,2025,36668,,
JFBR,Jeffs' Brands Ltd Ordinary Shares,$6.65,0.33,5.222%,3680010.00,Israel,2022,26886,Consumer Discretionary,Other Specialty Stores
JFBRW,Jeffs' Brands Ltd Warrant,$0.026,-0.0026,-9.091%,14388.00,Israel,2022,5448,Consumer Discretionary,Other Specialty Stores
JFIN,Jiayin Group Inc. American Depositary Shares,$16.14,-0.32,-1.944%,861384472.00,China,2019,49159,Finance,Finance: Consumer Services
JFR,Nuveen Floating Rate Income Fund Common Stock,$8.46,-0.03,-0.353%,0.00,United States,2004,412941,Finance,Trusts Except Educational Religious and Charitable
JFU,9F Inc. American Depositary Shares,$1.64,0.03,1.863%,19308266.00,China,2019,14369,Finance,Finance: Consumer Services
JG,Aurora Mobile Limited American Depositary Shares,$11.00,-0.63,-5.417%,66837661.00,China,2018,19139,Technology,Computer Software: Programming Data Processing
JGH,Nuveen Global High Income Fund Common Shares of Beneficial Interest,$12.97,0.02,0.154%,0.00,United States,2014,49455,Finance,Investment Managers
JHG,Janus Henderson Group plc Ordinary Shares,$42.20,0.84,2.031%,6648939666.00,United Kingdom,2017,1319443,Finance,Investment Managers
JHI,John Hancock Investors Trust Common Stock,$13.93,0.03,0.216%,121811540.00,United States,,10496,Finance,Trusts Except Educational Religious and Charitable
JHS,John Hancock Income Securities Trust Common Stock,$11.30,0.01,0.089%,131606411.00,United States,,10081,Finance,Finance Companies
JHX,James Hardie Industries plc. Ordinary Shares,$27.19,0.94,3.581%,11686772655.00,Ireland,2025,5162980,Industrials,Building Materials
JILL,J. Jill Inc. Common Stock,$16.09,0.78,5.095%,245904162.00,United States,2017,93591,Consumer Discretionary,Apparel
JJSF,J & J Snack Foods Corp. Common Stock,$117.75,2.73,2.374%,2290884065.00,United States,1986,150860,Consumer Staples,Specialty Foods
JKHY,Jack Henry & Associates Inc. Common Stock,$180.58,3.72,2.103%,13149110752.00,United States,1985,390921,Technology,EDP Services
JKS,JinkoSolar Holding Company Limited American Depositary Shares (each representing 4 Common Shares),$24.78,1.34,5.717%,1307661044.00,China,2010,809186,Technology,Semiconductors
JL,J-Long Group Limited Ordinary Shares,$6.58,-0.111,-1.659%,20661200.00,Hong Kong,2024,5316,Consumer Discretionary,Clothing/Shoe/Accessory Stores
JLHL,Julong Holding Limited Class A Ordinary Shares,$4.98,0.92,22.66%,105880437.00,China,2025,142929,Consumer Discretionary,Military/Government/Technical
JLL,Jones Lang LaSalle Incorporated Common Stock,$260.04,6.56,2.588%,12345133499.00,United States,,499208,Finance,Real Estate
JLS,Nuveen Mortgage and Income Fund,$18.6345,-0.2656,-1.405%,0.00,United States,2009,55619,Finance,Investment Managers
JMIA,Jumia Technologies AG American Depositary Shares each representing two Ordinary Shares,$4.77,0.10,2.141%,584147675.00,,2019,3347465,Consumer Discretionary,Catalog/Specialty Distribution
JMM,Nuveen Multi-Market Income Fund (MA),$6.3784,0.0784,1.244%,0.00,United States,,3856,Finance,Trusts Except Educational Religious and Charitable
JMSB,John Marshall Bancorp Inc. Common Stock,$19.54,0.04,0.205%,278998685.00,United States,,18403,Finance,Major Banks
JNJ,Johnson & Johnson Common Stock,$167.93,3.57,2.172%,404051885742.00,United States,,9277681,Health Care,Biotechnology: Pharmaceutical Preparations
JOB,GEE Group Inc. Common Stock,$0.23,0.0134,6.187%,25165046.00,United States,1968,411814,Consumer Discretionary,Diversified Commercial Services
JOBY,Joby Aviation Inc. Common Stock,$16.61,-0.23,-1.366%,13151766042.00,United States,2020,44779492,Industrials,Aerospace
JOE,St. Joe Company (The) Common Stock,$50.42,0.80,1.612%,2935569122.00,United States,,199686,Real Estate,Homebuilding
JOF,Japan Smaller Capitalization Fund Inc Common Stock,$9.70,-0.09,-0.919%,0.00,United States,1990,35142,Finance,Trusts Except Educational Religious and Charitable
JOUT,Johnson Outdoors Inc. Class A Common Stock,$32.70,1.92,6.238%,337906235.00,United States,,40599,Consumer Discretionary,Recreational Games/Products/Toys
JOYY,JOYY Inc. American Depositary Shares,$53.00,-0.15,-0.282%,2741265576.00,Singapore,2012,194806,Technology,EDP Services
JPC,Nuveen Preferred & Income Opportunities Fund,$8.01,0.03,0.376%,0.00,United States,2003,600264,Finance,Investment Managers
JPI,Nuveen Preferred Securities & Income Opportunities Fund Common Shares,$20.27,-0.06,-0.295%,461596933.00,,2012,24520,Finance,Finance Companies
JPM,JP Morgan Chase & Co. Common Stock,$291.43,0.46,0.158%,809911506638.00,United States,,6716181,Finance,Major Banks
JPM^C,J P Morgan Chase & Co Depositary Shares each representing a 1/400th interest in a share of 6.00% Non-Cumulative  Preferred Stock Series EE,$25.42,-0.03,-0.118%,,United States,,51359,,
JPM^D,J P Morgan Chase & Co Depositary Shares each representing a 1/400th  interest in a share of 5.75% Non-Cumulative  Preferred Stock Series DD,$24.9688,0.0388,0.156%,,United States,,89975,,
JPM^J,J P Morgan Chase & Co Depositary Shares each representing a 1/400th interest in a share of JPMorgan Chase & Co. 4.75% Non-Cumulative Preferred Stock Series GG,$20.2799,-0.0901,-0.442%,,United States,,36187,,
JPM^K,J P Morgan Chase & Co Depositary Shares each representing a 1/400th interest in a share of 4.55% Non-Cumulative Preferred Stock Series JJ,$19.32,-0.11,-0.566%,,United States,,120411,,
JPM^L,J P Morgan Chase & Co Depositary Shares each representing a 1/400th interest in a share of 4.625% Non-Cumulative Preferred Stock Series LL,$19.69,-0.04,-0.203%,,United States,,101736,,
JPM^M,J P Morgan Chase & Co Depositary Shares each representing a 1/400th interest in a share of 4.20% Non-Cumulative Preferred Stock Series MM,$18.24,-0.04,-0.219%,,United States,,99113,,
JQC,Nuveen Credit Strategies Income Fund Shares of Beneficial Interest,$5.46,-0.01,-0.183%,0.00,United States,2003,409858,Finance,Finance Companies
JRI,Nuveen Real Asset Income and Growth Fund Common Shares of Beneficial Interest,$13.21,0.04,0.304%,0.00,United States,2012,172936,Finance,Finance Companies
JRS,Nuveen Real Estate Income Fund Common Shares of Beneficial Interest,$7.96,0.11,1.401%,0.00,United States,2001,110376,Finance,Finance/Investors Services
JRSH,Jerash Holdings (US) Inc. Common Stock,$3.40,0.05,1.493%,43179796.00,United States,2018,88516,Consumer Discretionary,Apparel
JRVR,James River Group Holdings Ltd. Common Shares,$5.82,0.12,2.105%,267098203.00,Bermuda,2014,170249,Finance,Property-Casualty Insurers
JSM,Navient Corporation 6% Senior Notes due December 15 2043,$18.43,-0.02,-0.108%,1867594430.00,United States,,7764,Finance,Investment Bankers/Brokers/Service
JSPR,Jasper Therapeutics Inc. Common Stock,$3.15,-0.06,-1.869%,47319684.00,United States,2020,353009,Health Care,Biotechnology: Biological Products (No Diagnostic Substances)
JTAI,Jet.AI Inc. Common Stock,$3.98,0.16,4.188%,10153999.00,United States,2021,95621,Consumer Discretionary,Transportation Services
JUNS,Jupiter Neurosciences Inc. Common Stock,$1.69,-0.08,-4.52%,55945523.00,United States,2024,137957,Health Care,Biotechnology: Pharmaceutical Preparations
JVA,Coffee Holding Co. Inc. Common Stock,$4.54,-0.025,-0.548%,25917039.00,United States,2005,43696,Consumer Staples,Packaged Foods
JWEL,Jowell Global Ltd. Ordinary Shares,$2.20,0.11,5.263%,4775045.00,China,2021,72281,Consumer Discretionary,Other Consumer Services
JXG,JX Luxventure Group Inc. Common Stock,$1.29,0.24,22.857%,5212828.00,China,2013,3475991,Consumer Staples,Apparel
JXN,Jackson Financial Inc. Class A Common Stock ,$88.52,1.23,1.409%,6323737790.00,United States,2021,499556,Finance,Life Insurance
JXN^A,Jackson Financial Inc. Depositary Shares each representing a 1/1000th interest in a share of Fixed-Rate Reset Noncumulative Perpetual Preferred Stock Series A,$25.83,-0.03,-0.116%,,United States,,24604,,
JYD,Jayud Global Logistics Limited Class A Ordinary Shares,$0.23,0.031,15.578%,21582348.00,China,2023,3518452,Consumer Discretionary,Oil Refining/Marketing
JYNT,The Joint Corp. Common Stock,$11.58,0.25,2.207%,177206100.00,United States,2014,36941,Miscellaneous,Multi-Sector Companies
JZ,Jianzhi Education Technology Group Company Limited American Depositary Shs,$1.86,0.00,0.00%,5242410.00,China,2022,27168,Real Estate,Other Consumer Services
JZXN,Jiuzi Holdings Inc. Ordinary Shares,$1.10,0.1055,10.608%,12112528.00,China,2021,59781,Consumer Discretionary,Retail-Auto Dealers and Gas Stations
K,Kellanova Common Stock,$80.09,0.32,0.401%,27786350437.00,United States,,3230149,Consumer Staples,Packaged Foods
KAI,Kadant Inc Common Stock,$331.13,4.37,1.337%,3899340191.00,United States,1992,93918,Industrials,Industrial Machinery/Components
KALA,KALA BIO Inc. Common Stock,$5.50,-0.20,-3.509%,35488189.00,United States,2017,93655,Health Care,Biotechnology: Pharmaceutical Preparations
KALU,Kaiser Aluminum Corporation Common Stock,$92.43,0.90,0.983%,1493148974.00,United States,,111483,Industrials,Metal Fabrications
KALV,KalVista Pharmaceuticals Inc. Common Stock,$15.81,0.25,1.607%,789768614.00,United Kingdom,2015,738493,Health Care,Biotechnology: Pharmaceutical Preparations
KAPA,Kairos Pharma Ltd. Common Stock,$1.03,0.02,1.98%,17354785.00,,2024,715427,Health Care,Biotechnology: Pharmaceutical Preparations
KAR,OPENLANE Inc. Common Stock,$25.02,-0.06,-0.239%,2686739348.00,United States,2009,712522,Consumer Discretionary,Retail-Auto Dealers and Gas Stations
KARO,Karooooo Ltd. Ordinary Shares,$50.56,-0.28,-0.551%,1561965248.00,Singapore,2021,84344,Technology,Computer Software: Prepackaged Software
KAVL,Kaival Brands Innovations Group Inc. Common Stock,$0.481,0.001,0.208%,5551847.00,United States,,141891,Consumer Discretionary,Other Consumer Services
KB,KB Financial Group Inc,$82.95,-0.24,-0.288%,30990179641.00,South Korea,,134165,Finance,Commercial Banks
KBDC,Kayne Anderson BDC Inc. Common Stock,$15.96,0.06,0.377%,1131298027.00,,2024,60801,,
KBH,KB Home Common Stock,$59.01,4.78,8.814%,4015641358.00,United States,1986,2364799,Consumer Discretionary,Homebuilding
KBR,KBR Inc. Common Stock,$47.07,1.08,2.348%,6106676956.00,United States,2006,1722520,Industrials,Military/Government/Technical
KBSX,FST Corp. Ordinary Shares,$1.74,0.09,5.455%,65683923.00,Taiwan,,52914,Consumer Discretionary,Recreational Games/Products/Toys
KC,Kingsoft Cloud Holdings Limited American Depositary Shares,$15.51,-0.23,-1.461%,4221599478.00,China,2020,2254474,Technology,Computer Software: Prepackaged Software
KCHV,Kochav Defense Acquisition Corp. Class A Ordinary Shares,$10.01,-0.01,-0.10%,0.00,United States,2025,613500,,
KCHVR,Kochav Defense Acquisition Corp. Right,$0.21,-0.01,-4.545%,0.00,United States,2025,1185556,Finance,Blank Checks
KCHVU,Kochav Defense Acquisition Corp. Units,$10.20,-0.02,-0.196%,0.00,United States,2025,302,,
KD,Kyndryl Holdings Inc. Common Stock,$39.01,-0.04,-0.102%,8970137520.00,United States,2021,1374241,Technology,EDP Services
KDP,Keurig Dr Pepper Inc. Common Stock,$33.78,0.46,1.381%,45879255171.00,United States,,9813563,Consumer Staples,Beverages (Production/Distribution)
KE,Kimball Electronics Inc. Common Stock,$19.40,0.01,0.052%,472979644.00,United States,,101526,Technology,Electrical Products
KELYA,Kelly Services Inc. Class A Common Stock,$13.22,0.51,4.013%,465384440.00,United States,,327360,Consumer Discretionary,Professional Services
KELYB,Kelly Services Inc. Class B Common Stock,$12.32,0.05,0.407%,433701687.00,United States,,355,Consumer Discretionary,Professional Services
KEN,Kenon Holdings Ltd. Ordinary Shares,$46.90,0.20,0.428%,2445846350.00,Singapore,2015,8178,Utilities,Electric Utilities: Central
KEP,Korea Electric Power Corporation Common Stock,$13.64,0.11,0.813%,17512780021.00,South Korea,1994,347595,Utilities,Electric Utilities: Central
KEQU,Kewaunee Scientific Corporation Common Stock,$58.25,0.48,0.831%,165679893.00,United States,,10830,Industrials,Medical Specialities
KEX,Kirby Corporation Common Stock,$114.99,-0.84,-0.725%,6450939000.00,United States,,327219,Consumer Discretionary,Marine Transportation
KEY,KeyCorp Common Stock,$18.71,0.43,2.352%,20505082940.00,United States,,40648497,Finance,Major Banks
KEY^I,KeyCorp Depositary Shares Each Representing a 1/40th Ownership Interest in a Share of Fixed-to-Floating Rate Perpetual Non-Cumulative Preferred Stock Series E,$24.85,0.01,0.04%,,United States,,22109,,
KEY^J,KeyCorp Depositary Shares each representing a 1/40th ownership interest in a share of Fixed Rate Perpetual Non-Cumulative Preferred Stock Series F,$21.86,-0.26,-1.175%,,United States,,84260,,
KEY^K,KeyCorp Depositary Shares each representing a 1/40th ownership interest in a share of Fixed Rate Perpetual Non-Cumulative Preferred Stock Series G,$21.73,-0.08,-0.367%,,United States,,34308,,
KEY^L,KeyCorp Depositary Shares each representing a 1/40th ownership interest in a share of Fixed Rate Perpetual Non-Cumulative Preferred Stock Series H,$24.65,0.00,0.00%,,United States,,9421,,
KEYS,Keysight Technologies Inc. Common Stock,$165.27,2.27,1.393%,28444431127.00,United States,2014,692386,Industrials,Industrial Machinery/Components
KF,Korea Fund Inc. (The) New Common Stock,$27.45,-0.25,-0.903%,0.00,United States,,9140,Finance,Investment Managers
KFFB,Kentucky First Federal Bancorp Common Stock,$3.27,0.13,4.14%,26443558.00,United States,2005,1524,Finance,Savings Institutions
KFII,K&F Growth Acquisition Corp. II Class A Ordinary shares,$10.19,0.00,0.00%,0.00,United States,2025,629,,
KFIIR,K&F Growth Acquisition Corp. II Rights,$0.1492,-0.0008,-0.533%,0.00,United States,2025,1615,,
KFRC,Kforce Inc. Common Stock,$44.41,1.67,3.907%,827358300.00,United States,1995,145387,Consumer Discretionary,Professional Services
KFS,Kingsway Financial Services Inc. Common Stock (DE),$14.43,0.30,2.123%,397361089.00,Canada,,57652,Finance,Property-Casualty Insurers
KFY,Korn Ferry Common Stock,$73.57,0.42,0.574%,3819827970.00,United States,1999,289736,Consumer Discretionary,Diversified Commercial Services
KG,Kestrel Group Ltd.,$25.14,1.43,6.031%,195785619.00,Bermuda,2008,23808,Finance,Property-Casualty Insurers
KGC,Kinross Gold Corporation Common Stock,$16.40,0.48,3.015%,20119520000.00,Canada,2001,22138895,Basic Materials,Precious Metals
KGEI,Kolibri Global Energy Inc. Common stock,$5.88,0.12,2.083%,208462776.00,United States,,187780,Energy,Oil & Gas Production
KGS,Kodiak Gas Services Inc. Common Stock,$31.10,-0.38,-1.207%,2732421151.00,United States,2023,1140131,Utilities,Natural Gas Distribution
KHC,The Kraft Heinz Company Common Stock,$28.78,1.30,4.731%,34062341667.00,United States,,18289094,Consumer Staples,Packaged Foods
KIDS,OrthoPediatrics Corp. Common Stock,$22.76,0.88,4.022%,563743555.00,United States,2017,177611,Health Care,Medical/Dental Instruments
KIDZ,Classover Holdings Inc. Class B Common Stock,$2.54,-0.28,-9.929%,60170398.00,United States,,896860,Real Estate,Other Consumer Services
KIDZW,Classover Holdings Inc. Warrants,$0.1688,-0.001,-0.589%,3998726.00,United States,,14324,Real Estate,Other Consumer Services
KIM,Kimco Realty Corporation (HC) Common Stock,$22.07,0.45,2.081%,14930273341.00,United States,,3086129,Real Estate,Real Estate Investment Trusts
KIM^L,Kimco Realty Corporation Class L Depositary Shares each of which represents a one-one thousandth fractional interest in a share of 5.125% Class L Cumulative Redeemable Preferred Stock liquidation preference $25000.00 per share,$20.06,-0.09,-0.447%,,United States,,3872,,
KIM^M,Kimco Realty Corporation Class M Depositary Shares each of which represents a one-one thousandth fractional interest in a share of 5.25% Class M Cumulative Redeemable Preferred Stock liquidation preference $25000.00 per share,$20.4021,-0.0679,-0.332%,,United States,,4596,,
KIM^N,Kimco Realty Corporation Depositary Shares each representing 1/1000th interest in a share of 7.25% Class N Cumulative Convertible Perpetual Preferred Stock,$59.70,0.00,0.00%,,United States,,160,,
KINS,Kingstone Companies Inc. Common Stock,$15.60,0.455,3.004%,218490433.00,United States,,222824,Finance,Property-Casualty Insurers
KIO,KKR Income Opportunities Fund Common Shares,$12.59,-0.03,-0.238%,0.00,United States,2013,90105,Finance,Investment Managers
KIRK,Kirkland's Inc. COMMONSTOCK,$1.84,0.41,28.671%,41328945.00,United States,2002,4200534,Consumer Discretionary,Other Specialty Stores
KITT,Nauticus Robotics Inc. Common stock,$1.00,-0.04,-3.846%,37299589.00,United States,2021,2073662,Industrials,Industrial Machinery/Components
KITTW,Nauticus Robotics Inc. Warrant,$0.0881,0.0012,1.381%,3286094.00,United States,2021,134492,Industrials,Industrial Machinery/Components
KKR,KKR & Co. Inc. Common Stock,$144.97,0.69,0.478%,129116356678.00,United States,,2039849,Finance,Investment Managers
KKR^D,KKR & Co. Inc. 6.25% Series D Mandatory Convertible Preferred Stock,$57.47,0.12,0.209%,,United States,,13053,,
KKRS,KKR Group Finance Co. IX LLC 4.625% Subordinated Notes due 2061,$17.77,0.0099,0.056%,15826706616.00,United States,2021,17865,,
KKRT,KKR & Co. Inc. 6.875% Subordinated Notes due 2065,$25.44,0.03,0.118%,0.00,United States,2025,61815,Finance,Investment Managers
KLAC,KLA Corporation Common Stock,$892.22,-45.54,-4.856%,117988448675.00,United States,1980,1618836,Technology,Electronic Components
KLC,KinderCare Learning Companies Inc. Common Stock,$10.21,0.54,5.584%,1204844588.00,United States,2024,689607,Consumer Discretionary,Other Consumer Services
KLG,WK Kellogg Co Common Stock,$23.41,0.11,0.472%,2019410392.00,United States,2023,1656959,Consumer Staples,Packaged Foods
KLIC,Kulicke and Soffa Industries Inc. Common Stock,$35.22,-0.44,-1.234%,1858536437.00,Singapore,,386139,Technology,Semiconductors
KLRS,Kalaris Therapeutics Inc. Common Stock,$2.57,0.15,6.198%,48065214.00,United States,2020,148218,Health Care,Biotechnology: Biological Products (No Diagnostic Substances)
KLTO,Klotho Neurosciences Inc. Common Stock,$1.35,0.15,12.50%,43867425.00,United States,2022,3440169,Health Care,Biotechnology: Biological Products (No Diagnostic Substances)
KLTOW,Klotho Neurosciences Inc. Warrant,$0.215,-0.0052,-2.361%,6986294.00,United States,2022,76030,Health Care,Biotechnology: Biological Products (No Diagnostic Substances)
KLTR,Kaltura Inc. Common Stock,$1.90,0.02,1.064%,291876436.00,United States,2021,333112,Technology,Computer Software: Prepackaged Software
KLXE,KLX Energy Services Holdings Inc. Common Stock,$1.98,0.06,3.125%,34756791.00,United States,,142923,Energy,Oilfield Services/Equipment
KMB,Kimberly-Clark Corporation Common Stock,$128.89,2.18,1.72%,42767768751.00,United States,,2040444,Consumer Discretionary,Containers/Packaging
KMDA,Kamada Ltd. Ordinary Shares,$7.64,-0.16,-2.051%,439338437.00,Israel,2013,22096,Health Care,Biotechnology: Pharmaceutical Preparations
KMI,Kinder Morgan Inc. Common Stock,$26.97,-0.14,-0.516%,59929433304.00,United States,2011,13198305,Utilities,Natural Gas Distribution
KMPB,Kemper Corporation 5.875% Fixed-Rate Reset Junior Subordinated Debentures due 2062,$23.78,0.03,0.126%,1521798984.00,United States,2022,8714,Finance,Property-Casualty Insurers
KMPR,Kemper Corporation,$62.06,0.86,1.405%,3971524177.00,United States,,601067,Finance,Property-Casualty Insurers
KMRK,K-Tech Solutions Company Limited Class A Ordinary Shares,$2.01,-0.14,-6.512%,43215000.00,Hong Kong,2025,264810,Consumer Discretionary,Recreational Games/Products/Toys
KMT,Kennametal Inc. Common Stock,$25.17,0.66,2.693%,1918798806.00,United States,,662219,Industrials,Industrial Machinery/Components
KMTS,Kestra Medical Technologies Ltd. Common Stock,$17.03,0.40,2.405%,874467612.00,United States,2025,344129,Health Care,Medical/Dental Instruments
KMX,CarMax Inc,$63.53,2.06,3.351%,9534083817.00,United States,,2705224,Consumer Discretionary,Retail-Auto Dealers and Gas Stations
KN,Knowles Corporation Common Stock,$18.45,0.49,2.728%,1604689396.00,United States,2014,834255,Consumer Staples,Consumer Electronics/Appliances
KNDI,Kandi Technologies Group Inc. Ordinary Shares,$1.25,-0.01,-0.794%,109197793.00,China,,143826,Consumer Discretionary,Auto Manufacturing
KNF,Knife Riv Holding Co. Common Stock,$81.15,0.15,0.185%,4597339095.00,United States,2023,807444,Industrials,Mining & Quarrying of Nonmetallic Minerals (No Fuels)
KNOP,KNOT Offshore Partners LP Common Units representing Limited Partner Interests,$7.10,-0.04,-0.56%,241720075.00,United Kingdom,2013,54598,Consumer Discretionary,Marine Transportation
KNSA,Kiniksa Pharmaceuticals International plc Class A Ordinary Shares,$27.64,-0.78,-2.745%,2016917528.00,United States,2018,456499,Health Care,Biotechnology: Pharmaceutical Preparations
KNSL,Kinsale Capital Group Inc. Common Stock,$485.37,9.35,1.964%,11314671206.00,United States,,214125,Finance,Property-Casualty Insurers
KNTK,Kinetik Holdings Inc. Class A Common Stock,$41.52,0.39,0.948%,6558569161.00,United States,2022,819344,Utilities,Natural Gas Distribution
KNW,Know Labs Inc. Common Stock,$2.48,0.08,3.333%,18600000.00,,,324214,Industrials,Industrial Machinery/Components
KNX,Knight-Swift Transportation Holdings Inc.,$45.18,0.75,1.688%,7321419000.00,United States,2017,1851410,Industrials,Trucking Freight/Courier Services
KO,Coca-Cola Company (The) Common Stock,$69.66,-0.41,-0.585%,299835220969.00,United States,,22329443,Consumer Staples,Beverages (Production/Distribution)
KOD,Kodiak Sciences Inc Common Stock,$5.58,0.50,9.843%,294420559.00,United States,2018,388522,Health Care,Biotechnology: Biological Products (No Diagnostic Substances)
KODK,Eastman Kodak Company Common New,$6.67,0.02,0.301%,538936000.00,United States,,1027472,Consumer Discretionary,Industrial Machinery/Components
KOF,Coca Cola Femsa S.A.B. de C.V.  American Depositary Shares each representing 10 Units (each Unit consists of 3 Series B Shares and 5 Series L Shares),$88.61,-1.38,-1.534%,18615474656.00,Mexico,1993,148250,Consumer Staples,Beverages (Production/Distribution)
KOP,Koppers Holdings Inc. Common Stock,$33.00,0.78,2.421%,660332244.00,United States,2006,180766,Basic Materials,Forest Products
KOPN,Kopin Corporation Common Stock,$2.07,-0.04,-1.896%,336991699.00,United States,1992,4652303,Technology,Semiconductors
KORE,KORE Group Holdings Inc. Common Stock,$2.64,-0.16,-5.714%,45302561.00,United States,,25071,Telecommunications,Telecommunications Equipment
KOS,Kosmos Energy Ltd. Common Shares (DE),$2.03,0.07,3.571%,970358396.00,Bermuda,2011,5435729,Energy,Oil & Gas Production
KOSS,Koss Corporation Common Stock,$5.71,0.33,6.134%,53535789.00,United States,,71743,Consumer Staples,Consumer Electronics/Appliances
KPLT,Katapult Holdings Inc. Common Stock,$11.11,1.11,11.10%,50412380.00,United States,2019,28582,Consumer Discretionary,Diversified Commercial Services
KPLTW,Katapult Holdings Inc. Warrant,$0.0068,0.0001,1.493%,30855.00,United States,2019,1019,Consumer Discretionary,Diversified Commercial Services
KPRX,Kiora Pharmaceuticals Inc.  Common Stock,$3.03,-0.06,-1.942%,9222887.00,United States,,217355,Health Care,Biotechnology: Pharmaceutical Preparations
KPTI,Karyopharm Therapeutics Inc. Common Stock,$3.89,-0.13,-3.234%,33609227.00,United States,2013,152743,Health Care,Biotechnology: Pharmaceutical Preparations
KR,Kroger Company (The) Common Stock,$72.61,0.59,0.819%,48006525397.00,United States,,6220400,Consumer Staples,Food Chains
KRC,Kilroy Realty Corporation Common Stock,$37.98,0.67,1.796%,4492296504.00,United States,1997,1462650,Real Estate,Real Estate Investment Trusts
KREF,KKR Real Estate Finance Trust Inc. Common Stock,$9.05,0.17,1.914%,613646915.00,United States,2017,660514,Real Estate,Real Estate Investment Trusts
KREF^A,KKR Real Estate Finance Trust Inc. 6.50% Series A Cumulative Redeemable Preferred Stock,$19.53,-0.22,-1.114%,,United States,,15131,,
KRG,Kite Realty Group Trust Common Stock,$22.89,0.38,1.688%,5031503547.00,United States,2004,1231612,Real Estate,Real Estate Investment Trusts
KRKR,36Kr Holdings Inc. American Depositary Shares,$5.215,-0.285,-5.182%,205551535.00,China,2019,4785,Consumer Discretionary,Business Services
KRMD,KORU Medical Systems Inc. Common Stock (DE),$3.43,-0.03,-0.867%,158263616.00,United States,,107918,Health Care,Medical/Dental Instruments
KRMN,Karman Holdings Inc. Common Stock,$51.96,-4.26,-7.577%,6867791852.00,,2025,1957944,Industrials,Military/Government/Technical
KRNT,Kornit Digital Ltd. Ordinary Shares,$21.36,0.09,0.423%,968195464.00,Israel,2015,209752,Industrials,Industrial Machinery/Components
KRNY,Kearny Financial Corp Common Stock,$6.50,-0.02,-0.307%,419767940.00,United States,2005,230043,Finance,Savings Institutions
KRO,Kronos Worldwide Inc Common Stock,$6.20,0.15,2.479%,713225159.00,United States,,320256,Industrials,Major Chemicals
KROS,Keros Therapeutics Inc. Common Stock,$13.73,-0.06,-0.435%,557649634.00,United States,2020,366642,Health Care,Biotechnology: Pharmaceutical Preparations
KRP,Kimbell Royalty Partners Common Units Representing Limited Partner Interests,$14.26,0.23,1.639%,1538483279.00,United States,2017,322892,Energy,Oil & Gas Production
KRRO,Korro Bio Inc. Common Stock,$14.19,0.85,6.372%,133251081.00,United States,2019,196145,Health Care,Biotechnology: Pharmaceutical Preparations
KRT,Karat Packaging Inc. Common Stock,$28.08,0.78,2.857%,563270900.00,United States,2021,86904,Industrials,Plastic Products
KRUS,Kura Sushi USA Inc. Class A Common Stock,$87.14,5.52,6.763%,1053865844.00,United States,2019,229656,Consumer Discretionary,Restaurants
KRYS,Krystal Biotech Inc. Common Stock,$151.90,3.81,2.573%,4389709492.00,United States,2017,293158,Health Care,Biotechnology: Biological Products (No Diagnostic Substances)
KSCP,Knightscope Inc. Class A Common Stock,$7.51,-1.14,-13.179%,51828200.00,United States,2022,1343625,Telecommunications,Telecommunications Equipment
KSPI,Joint Stock Company Kaspi.kz American Depository Shares,$87.44,-0.36,-0.41%,16555318180.00,Kazakhstan,2024,232139,,
KSS,Kohl's Corporation Common Stock,$14.34,3.92,37.62%,1606677677.00,United States,1992,208279718,Consumer Discretionary,Department/Specialty Retail Stores
KT,KT Corporation Common Stock,$21.03,0.23,1.106%,10339733709.00,South Korea,,730416,Telecommunications,Telecommunications Equipment
KTB,Kontoor Brands Inc. Common Stock ,$64.05,1.02,1.618%,3558705813.00,United States,2019,529018,Consumer Discretionary,Apparel
KTCC,Key Tronic Corporation Common Stock,$2.92,-0.03,-1.017%,31424663.00,United States,1983,17214,Technology,Electrical Products
KTF,DWS Municipal Income Trust,$8.54,-0.01,-0.117%,337338011.00,United States,1988,139862,Finance,Finance Companies
KTH,Structures Products Cp 8% CorTS Issued by Peco Energy Cap Tr II Preferred Stock,$28.4695,-0.2505,-0.872%,0.00,United States,,1638,Finance,Finance: Consumer Services
KTN,Structured Products Corp 8.205% CorTS 8.205% Corporate Backed Trust Securities (CorTS),$26.00,-0.09,-0.345%,0.00,United States,,700,Finance,Finance: Consumer Services
KTOS,Kratos Defense & Security Solutions Inc. Common Stock,$55.42,-3.36,-5.716%,8503830014.00,United States,,6832350,Industrials,Military/Government/Technical
KTTA,Pasithea Therapeutics Corp. Common Stock,$0.72,0.0148,2.099%,5359375.00,United States,2021,87738,Health Care,Biotechnology: Pharmaceutical Preparations
KUKE,Kuke Music Holding Limited American Depositary Shares (each representing ten (10) Class A Ordinary Shares),$2.63,-0.07,-2.593%,53452896.00,,,10831,Real Estate,Other Consumer Services
KULR,KULR Technology Group Inc. Common Stock,$6.79,0.11,1.647%,262085513.00,United States,,1750623,Technology,Electrical Products
KURA,Kura Oncology Inc. Common Stock,$6.67,0.20,3.091%,577453162.00,United States,,1300577,Health Care,Biotechnology: Pharmaceutical Preparations
KVAC,Keen Vision Acquisition Corporation Ordinary Shares,$11.50,-0.0399,-0.346%,0.00,United States,2023,1156,,
KVACW,Keen Vision Acquisition Corporation Warrant,$0.08,0.0106,15.274%,0.00,United States,2023,801,,
KVHI,KVH Industries Inc. Common Stock,$5.32,0.01,0.188%,104269133.00,United States,1996,34626,Technology,Radio And Television Broadcasting And Communications Equipment
KVUE,Kenvue Inc. Common Stock,$22.67,0.54,2.44%,43524358294.00,United States,2023,13672433,Consumer Discretionary,Specialty Chemicals
KVYO,Klaviyo Inc. Series A Common Stock,$32.75,0.24,0.738%,9726309644.00,United States,2023,1262646,Technology,Computer Software: Prepackaged Software
KW,Kennedy-Wilson Holdings Inc. Common Stock,$7.55,0.17,2.304%,1044114324.00,United States,,821243,Finance,Real Estate
KWM,K Wave Media Ltd. Ordinary Shares,$4.17,-0.22,-5.011%,263385540.00,Cayman Islands,,193396,Consumer Discretionary,Movies/Entertainment
KWMWW,K Wave Media Ltd. Warrant,$0.235,-0.0125,-5.051%,14843070.00,Cayman Islands,,3535,Consumer Discretionary,Movies/Entertainment
KWR,Quaker Houghton Common Stock,$121.76,4.12,3.502%,2152796553.00,United States,,140904,Industrials,Major Chemicals
KXIN,Kaixin Holdings Ordinary Shares,$0.8551,0.0092,1.088%,9366188.00,China,2017,540950,Consumer Discretionary,Retail-Auto Dealers and Gas Stations
KYMR,Kymera Therapeutics Inc. Common Stock,$45.76,0.62,1.374%,2979871432.00,United States,2020,573783,Health Care,Biotechnology: Biological Products (No Diagnostic Substances)
KYN,Kayne Anderson Energy Infrastructure Fund Inc.,$12.19,-0.13,-1.055%,1659443351.00,United States,2004,567022,Finance,Finance/Investors Services
KYTX,Kyverna Therapeutics Inc. Common Stock,$4.10,0.23,5.943%,177197379.00,United States,2024,124253,Health Care,Biotechnology: Biological Products (No Diagnostic Substances)
KZIA,Kazia Therapeutics Limited American Depositary Shares,$9.86,0.89,9.922%,13405903.00,Australia,,79244,Health Care,Biotechnology: Pharmaceutical Preparations
KZR,Kezar Life Sciences Inc. Common Stock,$4.45,0.15,3.488%,32510810.00,United States,2018,33739,Health Care,Biotechnology: Pharmaceutical Preparations
L,Loews Corporation Common Stock,$92.02,0.70,0.767%,19296274507.00,United States,,1653565,Finance,Property-Casualty Insurers
LAB,Standard BioTools Inc. Common Stock,$1.36,0.10,7.937%,516558284.00,United States,2011,2014638,Industrials,Biotechnology: Laboratory Analytical Instruments
LAC,Lithium Americas Corp. Common Shares,$3.36,0.24,7.692%,734786512.00,Canada,2023,14619670,Basic Materials,Metal Mining
LAD,Lithia Motors Inc. Common Stock,$314.46,4.32,1.393%,8185573671.00,United States,,353646,Consumer Discretionary,Retail-Auto Dealers and Gas Stations
LADR,Ladder Capital Corp Class A Common Stock,$11.02,0.10,0.916%,1411623055.00,United States,2014,765305,Real Estate,Real Estate Investment Trusts
LAES,SEALSQ Corp Ordinary Shares,$3.35,-0.08,-2.332%,350104818.00,Switzerland,,13910287,Technology,Semiconductors
LAKE,Lakeland Industries Inc. Common Stock,$14.41,0.27,1.909%,137105372.00,United States,1986,119233,Health Care,Industrial Specialties
LAMR,Lamar Advertising Company Class A Common Stock,$125.17,1.13,0.911%,12816161307.00,United States,1996,425092,Real Estate,Real Estate Investment Trusts
LAND,Gladstone Land Corporation Common Stock,$10.56,0.25,2.425%,382109988.00,United States,1993,299095,Real Estate,Real Estate Investment Trusts
LANDM,Gladstone Land Corporation 5.00% Series D Cumulative Term Preferred Stock,$24.85,-0.03,-0.121%,899188751.00,United States,,3095,Real Estate,Real Estate Investment Trusts
LANDO,Gladstone Land Corporation 6.00% Series B Cumulative Redeemable Preferred Stock,$19.6882,-0.0218,-0.111%,712410784.00,United States,,7603,Real Estate,Real Estate Investment Trusts
LANDP,Gladstone Land Corporation 6.00% Series C Cumulative Redeemable Preferred Stock,$19.685,-0.045,-0.228%,712294993.00,United States,,17113,Real Estate,Real Estate Investment Trusts
LANV,Lanvin Group Holdings Limited Ordinary Shares,$2.47,0.04,1.646%,345246236.00,Cayman Islands,2022,37607,Consumer Discretionary,Apparel
LAR,Lithium Argentina AG Common Shares,$2.99,0.19,6.786%,484081000.00,Canada,2023,1908359,Basic Materials,Metal Mining
LARK,Landmark Bancorp Inc. Common Stock,$26.25,-0.33,-1.242%,151805824.00,United States,,9395,Finance,Major Banks
LASE,Laser Photonics Corporation Common Stock,$3.04,0.12,4.11%,43399496.00,United States,2022,124069,Miscellaneous,Industrial Machinery/Components
LASR,nLIGHT Inc. Common Stock,$19.12,-0.42,-2.149%,945282686.00,United States,2018,799823,Technology,Semiconductors
LAUR,Laureate Education Inc. Common Stock,$22.95,-0.04,-0.174%,3415193241.00,United States,2017,1045974,Real Estate,Other Consumer Services
LAW,CS Disco Inc. Common Stock,$4.12,0.05,1.229%,250525058.00,United States,2021,118414,Technology,Computer Software: Prepackaged Software
LAWR,Robot Consulting Co. Ltd. ADS,$3.34,0.00,0.00%,0.00,Japan,2025,420434,Technology,Computer Software: Programming Data Processing
LAZ,Lazard Inc. Common Stock,$53.78,1.01,1.914%,6064560374.00,Bermuda,2005,694108,Finance,Investment Managers
LAZR,Luminar Technologies Inc.  Class A Common Stock,$3.47,0.42,13.77%,162669516.00,United States,2019,6837556,Consumer Discretionary,Auto Parts:O.E.M.
LB,LandBridge Company LLC Class A Shares Representing Limited Liability Company Interests,$52.35,-2.07,-3.804%,3999378500.00,,2024,1019767,Energy,Oil & Gas Production
LBGJ,Li Bang International Corporation Inc. Ordinary Shares,$1.36,-0.05,-3.546%,25187200.00,China,2024,3225,,
LBRDA,Liberty Broadband Corporation Class A Common Stock,$89.78,1.27,1.435%,12868211841.00,United States,,142974,Telecommunications,Cable & Other Pay Television Services
LBRDK,Liberty Broadband Corporation Class C Common Stock,$90.37,1.50,1.688%,12952776833.00,United States,,1956919,Telecommunications,Cable & Other Pay Television Services
LBRDP,Liberty Broadband Corporation Series A Cumulative Redeemable Preferred Stock,$24.81,-0.215,-0.859%,3556029581.00,United States,,24373,Telecommunications,Cable & Other Pay Television Services
LBRT,Liberty Energy Inc. Class A common stock,$11.25,0.00,0.00%,1821984908.00,United States,2018,2756651,Energy,Oilfield Services/Equipment
LBTYA,Liberty Global Ltd. Class A Common Shares,$10.24,0.17,1.688%,3538725775.00,United Kingdom,,2209973,Telecommunications,Cable & Other Pay Television Services
LBTYB,Liberty Global Ltd. Class B Common Shares,$9.95,0.00,0.00%,3438507956.00,United Kingdom,,1052,Telecommunications,Cable & Other Pay Television Services
LBTYK,Liberty Global Ltd. Class C Common Shares,$10.53,0.18,1.739%,3638943595.00,United Kingdom,,991100,Telecommunications,Cable & Other Pay Television Services
LC,LendingClub Corporation Common Stock,$12.97,0.16,1.249%,1481171821.00,United States,2014,1668946,Finance,Finance: Consumer Services
LCCC,Lakeshore Acquisition III Corp. Ordinary Shares,$10.05,0.00,0.00%,0.00,United States,2025,13300,Finance,Blank Checks
LCCCR,Lakeshore Acquisition III Corp. Rights,$0.2182,0.0072,3.412%,0.00,United States,2025,2853,Finance,Blank Checks
LCCCU,Lakeshore Acquisition III Corp. Unit,$10.28,0.00,0.00%,0.00,United States,2025,103,Finance,Blank Checks
LCFY,Locafy Limited Ordinary Share,$6.34,1.05,19.849%,8763053.00,Australia,2022,7007420,Technology,Computer Software: Programming Data Processing
LCFYW,Locafy Limited Warrant,$12.43,0.00,0.00%,17180560.00,Australia,2022,494,Technology,Computer Software: Programming Data Processing
LCID,Lucid Group Inc. Common Stock,$3.13,0.31,10.993%,9547320170.00,United States,,258539308,Consumer Discretionary,Auto Manufacturing
LCII,LCI Industries,$99.97,2.65,2.723%,2523008770.00,United States,1995,348844,Consumer Discretionary,Auto Parts:O.E.M.
LCNB,LCNB Corporation Common Stock,$15.56,0.04,0.258%,220445180.00,United States,,19482,Finance,Major Banks
LCTX,Lineage Cell Therapeutics Inc. Common Stock,$0.95,0.0057,0.604%,216938476.00,United States,,912310,Health Care,Biotechnology: Biological Products (No Diagnostic Substances)
LCUT,Lifetime Brands Inc. Common Stock,$4.65,0.04,0.868%,104225123.00,United States,1991,27636,Consumer Discretionary,Industrial Machinery/Components
LDI,loanDepot Inc. Class A Common Stock,$1.98,0.04,2.062%,653222857.00,United States,2021,2053352,Finance,Finance: Consumer Services
LDOS,Leidos Holdings Inc. Common Stock,$161.28,0.54,0.336%,20759779676.00,United States,,886050,Technology,EDP Services
LDP,Cohen & Steers Limited Duration Preferred and Income Fund Inc.,$20.94,0.05,0.239%,0.00,United States,2012,65408,Finance,Finance Companies
LDWY,Lendway Inc. Common Stock (DE),$5.05,-0.04,-0.786%,8936475.00,United States,,2303,Consumer Staples,Farming/Seeds/Milling
LE,Lands' End Inc. Common Stock,$12.89,0.01,0.078%,392793245.00,United States,,401131,Consumer Discretionary,Clothing/Shoe/Accessory Stores
LEA,Lear Corporation Common Stock,$105.81,0.30,0.284%,5656972089.00,United States,,800698,Consumer Discretionary,Auto Parts:O.E.M.
LECO,Lincoln Electric Holdings Inc. Common Shares,$223.31,5.09,2.333%,12466567480.00,United States,,337311,Industrials,Industrial Machinery/Components
LEDS,SemiLEDS Corporation Common Stock,$1.96,0.03,1.554%,16115910.00,Taiwan,2010,31341,Technology,Semiconductors
LEE,Lee Enterprises Incorporated Common Stock,$6.55,-0.17,-2.53%,40741419.00,United States,,28500,Consumer Discretionary,Newspapers/Magazines
LEG,Leggett & Platt Incorporated Common Stock,$10.34,0.44,4.444%,1397394275.00,United States,,1885776,Consumer Discretionary,Home Furnishings
LEGH,Legacy Housing Corporation Common Stock (TX),$23.10,1.16,5.287%,557123398.00,United States,2018,91400,Consumer Discretionary,Homebuilding
LEGN,Legend Biotech Corporation American Depositary Shares,$44.02,1.79,4.239%,8084235935.00,United States,2020,1480117,Health Care,Biotechnology: Pharmaceutical Preparations
LEGT,Legato Merger Corp. III Ordinary Shares,$10.74,0.02,0.187%,0.00,,2024,6918,,
LEN,Lennar Corporation Class A Common Stock,$118.53,9.10,8.316%,30700079915.00,United States,,5240602,Consumer Discretionary,Homebuilding
LENZ,LENZ Therapeutics Inc. Common Stock,$32.98,-0.60,-1.787%,928260159.00,United States,2021,116079,Health Care,Biotechnology: Biological Products (No Diagnostic Substances)
LEO,BNY Mellon Strategic Municipals Inc. Common Stock,$5.78,0.00,0.00%,360041136.00,United States,1987,114370,Finance,Trusts Except Educational Religious and Charitable
LESL,Leslie's Inc. Common Stock,$0.51,0.0975,23.636%,94565045.00,United States,2020,6436739,Consumer Discretionary,Other Specialty Stores
LEU,Centrus Energy Corp. Class A Common Stock,$215.83,-8.17,-3.647%,3521928185.00,United States,2014,1345964,Industrials,Mining & Quarrying of Nonmetallic Minerals (No Fuels)
LEVI,Levi Strauss & Co Class A Common Stock,$20.95,0.21,1.013%,8288960539.00,United States,2019,1962486,Consumer Discretionary,Apparel
LEXX,Lexaria Bioscience Corp. Common Stock,$0.97,0.0153,1.603%,17032404.00,Canada,,169529,Health Care,Biotechnology: Pharmaceutical Preparations
LEXXW,Lexaria Bioscience Corp. Warrant,$0.1492,-0.0008,-0.533%,2619830.00,Canada,,300,Health Care,Biotechnology: Pharmaceutical Preparations
LFCR,Lifecore Biomedical Inc. Common Stock,$7.44,-0.02,-0.268%,275468463.00,United States,,134074,Health Care,Biotechnology: Pharmaceutical Preparations
LFMD,LifeMD Inc. Common Stock,$10.36,-0.06,-0.576%,470837177.00,United States,,674461,Health Care,Medical/Nursing Services
LFMDP,LifeMD Inc. 8.875% Series A Cumulative Perpetual Preferred Stock,$24.18,0.38,1.597%,1098923065.00,United States,,2859,Health Care,Medical/Nursing Services
LFST,LifeStance Health Group Inc. Common Stock,$4.20,0.03,0.719%,1633278805.00,United States,2021,4325989,Health Care,Medical/Nursing Services
LFT,Lument Finance Trust Inc. Common Stock,$2.31,0.07,3.125%,120869530.00,United States,2013,364295,Real Estate,Real Estate Investment Trusts
LFT^A,Lument Finance Trust Inc. 7.875% Series A Cumulative Redeemable Preferred Stock,$21.55,0.05,0.233%,,United States,,167,,
LFUS,Littelfuse Inc. Common Stock,$230.93,-1.25,-0.538%,5707461969.00,United States,,305409,Energy,Electrical Products
LFVN,Lifevantage Corporation Common Stock (Delaware),$12.97,0.37,2.937%,163268734.00,United States,,154221,Health Care,Biotechnology: Pharmaceutical Preparations
LFWD,Lifeward Ltd. Ordinary Shares,$0.7841,0.0461,6.247%,8631053.00,Israel,2014,440602,Health Care,Industrial Specialties
LGCB,Linkage Global Inc. Class A Ordinary Shares,$2.4885,-0.0351,-1.391%,8908830.00,Japan,2023,6984,Consumer Discretionary,Catalog/Specialty Distribution
LGCL,Lucas GC Limited Ordinary Shares,$1.04,-0.02,-1.887%,82645739.00,China,2024,56865,Technology,Computer Software: Programming Data Processing
LGCY,Legacy Education Inc. Common Stock,$11.45,-0.84,-6.835%,141757378.00,,2024,376874,Real Estate,Other Consumer Services
LGHL,Lion Group Holding Ltd. American Depositary Share,$3.40,0.18,5.59%,1831410.00,China,,166511,Finance,Investment Bankers/Brokers/Service
LGI,Lazard Global Total Return and Income Fund Common Stock,$16.87,0.03,0.178%,0.00,United States,2004,71486,,
LGIH,LGI Homes Inc. Common Stock,$59.16,8.07,15.796%,1384610338.00,United States,2013,670279,Consumer Discretionary,Homebuilding
LGL,LGL Group Inc. (The) Common Stock,$7.53,-0.23,-2.964%,40580759.00,United States,1946,2357,Technology,Industrial Machinery/Components
LGND,Ligand Pharmaceuticals Incorporated Common Stock,$132.46,-8.66,-6.137%,2555705493.00,United States,,238528,Health Care,Biotechnology: Pharmaceutical Preparations
LGO,Largo Inc. Common Shares,$1.67,0.08,5.031%,107093760.00,Canada,,226907,Industrials,Mining & Quarrying of Nonmetallic Minerals (No Fuels)
LGPS,LogProstyle Inc. Common Shares,$1.14,-0.023,-1.978%,26963405.00,,2025,86038,Consumer Discretionary,Homebuilding
LGVN,Longeveron Inc. Class A Common Stock,$1.67,-0.01,-0.595%,25065541.00,United States,2021,280462,Health Care,Biotechnology: Pharmaceutical Preparations
LH,Labcorp Holdings Inc. Common Stock,$252.07,9.03,3.715%,21098259000.00,United States,,1007999,Health Care,Medical Specialities
LHSW,Lianhe Sowell International Group Ltd Ordinary Shares,$2.90,0.35,13.725%,150800000.00,China,2025,181039,Technology,Computer Software: Prepackaged Software
LHX,L3Harris Technologies Inc. Common Stock,$264.42,1.33,0.506%,49432165071.00,United States,,1599714,Industrials,Industrial Machinery/Components
LI,Li Auto Inc. American Depositary Shares,$30.84,0.34,1.115%,32636775285.00,China,2020,2773195,Consumer Discretionary,Auto Manufacturing
LICN,Lichen International Limited Class A Ordinary Shares,$4.48,0.17,3.944%,3412976.00,China,2023,72333,Consumer Discretionary,Professional Services
LIDR,AEye Inc. Class A Common Stock,$1.09,-0.02,-1.802%,20963621.00,United States,2021,596562,Consumer Discretionary,Auto Parts:O.E.M.
LIDRW,AEye Inc. Warrant,$0.068,-0.0114,-14.358%,1307822.00,United States,2021,6833,Consumer Discretionary,Auto Parts:O.E.M.
LIEN,Chicago Atlantic BDC Inc. Common Stock,$10.63,0.22,2.113%,242580937.00,United States,2022,39799,Finance,Finance: Consumer Services
LIF,Life360 Inc. Common Stock,$74.01,-0.60,-0.804%,5663890863.00,United States,2024,729514,,
LII,Lennox International Inc. Common Stock,$619.97,18.94,3.151%,21999528815.00,United States,1999,598561,Industrials,Industrial Machinery/Components
LILA,Liberty Latin America Ltd. Class A Common Stock,$6.52,0.06,0.929%,1303348000.00,United States,,241384,Telecommunications,Cable & Other Pay Television Services
LILAK,Liberty Latin America Ltd. Class C Common Stock,$6.64,0.05,0.759%,1327336000.00,United States,,1090961,Telecommunications,Cable & Other Pay Television Services
LIMN,Liminatus Pharma Inc. Class A Common Stock,$5.78,0.20,3.584%,0.00,United States,,1102005,,
LIMNW,Liminatus Pharma Inc. Warrants,$0.2208,0.0733,49.695%,0.00,United States,,157094,,
LIN,Linde plc Ordinary Shares,$472.02,1.59,0.338%,222460290644.00,United States,,1405296,Industrials,Major Chemicals
LINC,Lincoln Educational Services Corporation Common Stock,$22.23,-0.58,-2.543%,702308100.00,United States,2005,167720,Real Estate,Other Consumer Services
LIND,Lindblad Expeditions Holdings Inc. Common Stock,$12.66,0.32,2.593%,692602622.00,United States,2013,249183,Consumer Discretionary,Transportation Services
LINE,Lineage Inc. Common Stock,$43.65,1.15,2.706%,9977960964.00,United States,2024,823304,Real Estate,Real Estate Investment Trusts
LINK,Interlink Electronics Inc. Common Stock,$7.48,-0.37,-4.713%,73784321.00,United States,,9483,Technology,Computer peripheral equipment
LION,Lionsgate Studios Corp Common Shares,$6.47,0.07,1.094%,1848597899.00,,2025,2803927,Consumer Discretionary,Movies/Entertainment
LIQT,LiqTech International Inc. Common Stock,$2.63,0.57,27.67%,25284933.00,Denmark,,60269,Technology,Industrial Machinery/Components
LITB,LightInTheBox Holding Co. Ltd. American Depositary Shares each representing twelve ordinary shares,$1.3783,0.0783,6.023%,152073879.00,China,,8597,Consumer Discretionary,Catalog/Specialty Distribution
LITE,Lumentum Holdings Inc. Common Stock,$99.63,-4.21,-4.054%,6914322000.00,United States,,3131116,Telecommunications,Telecommunications Equipment
LITM,Snow Lake Resources Ltd. Common Shares,$4.77,0.55,13.033%,37317427.00,Canada,2021,599861,Basic Materials,Other Metals and Minerals
LIVE,Live Ventures Incorporated Common Stock,$14.36,1.086,8.181%,44182877.00,United States,,15697,Consumer Discretionary,Other Specialty Stores
LIVN,LivaNova PLC Ordinary Shares,$43.56,1.21,2.857%,2375139100.00,United Kingdom,,846317,Health Care,Biotechnology: Electromedical & Electrotherapeutic Apparatus
LIXT,Lixte Biotechnology Holdings Inc. Common Stock,$4.25,0.33,8.418%,11407315.00,United States,,163591,Health Care,Biotechnology: Pharmaceutical Preparations
LIXTW,Lixte Biotechnology Holdings Inc. Warrants,$0.1375,-0.0175,-11.29%,369060.00,United States,,13146,Health Care,Biotechnology: Pharmaceutical Preparations
LKFN,Lakeland Financial Corporation Common Stock,$64.97,-0.28,-0.429%,1660432053.00,United States,,186943,Finance,Major Banks
LKQ,LKQ Corporation Common Stock,$38.48,1.37,3.692%,9933522534.00,United States,2003,2350324,Consumer Discretionary,Motor Vehicles
LLY,Eli Lilly and Company Common Stock,$776.44,14.26,1.871%,735859868862.00,United States,,2495532,Health Care,Biotechnology: Pharmaceutical Preparations
LLYVA,Liberty Media Corporation Series A Liberty Live Common Stock,$80.31,0.67,0.841%,7376094758.00,United States,,130463,Industrials,Broadcasting
LLYVK,Liberty Media Corporation Series C Liberty Live Common Stock,$82.29,0.98,1.205%,7557948420.00,United States,,251512,Industrials,Broadcasting
LMAT,LeMaitre Vascular Inc. Common Stock,$80.39,0.57,0.714%,1816360761.00,United States,2006,109287,Health Care,Medical/Dental Instruments
LMB,Limbach Holdings Inc. Common Stock,$124.80,0.96,0.775%,1450754947.00,United States,,511181,Consumer Discretionary,Engineering & Construction
LMFA,LM Funding America Inc. Common Stock,$4.93,0.19,4.008%,25307721.00,United States,2015,2616682,Finance,Finance: Consumer Services
LMND,Lemonade Inc. Common Stock,$41.23,1.02,2.537%,3020764189.00,United States,2020,1447358,Finance,Property-Casualty Insurers
LMNR,Limoneira Co Common Stock,$15.35,0.43,2.882%,277359595.00,United States,,45800,Consumer Staples,Farming/Seeds/Milling
LMT,Lockheed Martin Corporation Common Stock,$410.74,-49.79,-10.811%,96234719735.00,United States,,8847839,Industrials,Military/Government/Technical
LNC,Lincoln National Corporation Common Stock,$34.50,0.38,1.114%,5890319447.00,United States,,1511448,Finance,Life Insurance
LNC^D,Lincoln National Corporation Depositary Shares Each Representing a 1/1000th Interest in a Share of 9.000% Non-Cumulative Preferred Stock Series D,$27.26,-0.17,-0.62%,,United States,,29655,,
LND,Brasilagro Brazilian Agric Real Estate Co Sponsored ADR (Brazil),$3.76,0.03,0.804%,386089749.00,Brazil,,29495,Consumer Staples,Farming/Seeds/Milling
LNG,Cheniere Energy Inc. Common Stock,$222.68,-3.76,-1.66%,49387189350.00,United States,2001,2676564,Utilities,Oil/Gas Transmission
LNKB,LINKBANCORP Inc. Common Stock,$7.50,0.10,1.351%,280388505.00,United States,,91922,Finance,Major Banks
LNKS,Linkers Industries Limited Class A Ordinary Shares,$0.58,0.00,0.00%,7801000.00,Malaysia,2024,106099,Technology,Electrical Products
LNN,Lindsay Corporation Common Stock,$137.02,1.85,1.369%,1488339055.00,United States,,117208,Industrials,Industrial Machinery/Components
LNSR,LENSAR Inc. Common Stock,$13.07,-0.25,-1.877%,154123479.00,United States,,85161,Health Care,Medical/Dental Instruments
LNT,Alliant Energy Corporation Common Stock,$65.74,1.18,1.828%,16887047896.00,United States,,2482801,Utilities,Power Generation
LNTH,Lantheus Holdings Inc. Common Stock,$72.34,0.78,1.09%,5004903376.00,United States,2015,815614,Health Care,Biotechnology: In Vitro & In Vivo Diagnostic Substances
LNW,Light & Wonder Inc. Common Stock,$97.93,0.59,0.606%,8263199334.00,United States,,494217,Technology,EDP Services
LNZA,LanzaTech Global Inc. Common Stock,$0.3598,0.0402,12.578%,83461003.00,United States,2021,10902663,Industrials,Major Chemicals
LNZAW,LanzaTech Global Inc. Warrant,$0.023,0.0029,14.428%,5335195.00,United States,2021,127501,Industrials,Major Chemicals
LOAN,Manhattan Bridge Capital Inc,$5.35,-0.18,-3.255%,61196783.00,United States,,11491,Real Estate,Real Estate Investment Trusts
LOAR,Loar Holdings Inc. Common Stock,$74.07,-1.27,-1.686%,6929698179.00,United States,2024,586741,Industrials,Military/Government/Technical
LOB,Live Oak Bancshares Inc. Common Stock,$32.01,0.15,0.471%,1459911568.00,United States,2022,178681,Finance,Major Banks
LOBO,LOBO EV TECHNOLOGIES LTD. Ordinary shares,$0.534,-0.0495,-8.483%,4608420.00,China,2024,1576938,Consumer Discretionary,Motor Vehicles
LOCL,Local Bounti Corporation Common Stock,$3.10,0.45,16.981%,33835582.00,,2021,26818,Consumer Staples,Farming/Seeds/Milling
LOCO,El Pollo Loco Holdings Inc. Common Stock,$10.82,0.28,2.657%,325164653.00,United States,2014,824101,Consumer Discretionary,Restaurants
LODE,Comstock Inc. Common Stock,$3.72,0.01,0.27%,106438783.00,United States,,619159,Industrials,Major Chemicals
LOGI,Logitech International S.A. Ordinary Shares,$95.78,0.68,0.715%,14167847424.00,United States,1997,472853,Technology,Computer peripheral equipment
LOKV,Live Oak Acquisition Corp. V Class A Ordinary Shares,$10.59,0.24,2.319%,0.00,United States,2025,10030,,
LOKVW,Live Oak Acquisition Corp. V Warrants,$0.6502,0.0977,17.683%,0.00,United States,2025,100,,
LOMA,Loma Negra Compania Industrial Argentina Sociedad Anonima ADS,$10.45,-0.14,-1.322%,1219479784.00,Argentina,2017,155432,Industrials,Building Materials
LOOP,Loop Industries Inc. Common Stock,$1.23,0.00,0.00%,58693571.00,Canada,,64939,Industrials,Major Chemicals
LOPE,Grand Canyon Education Inc. Common Stock,$169.57,-0.53,-0.312%,4811465491.00,United States,2008,273382,Real Estate,Other Consumer Services
LOT,Lotus Technology Inc. American Depositary Shares,$2.28,-0.11,-4.603%,1546397091.00,China,,41743,,
LOTWW,Lotus Technology Inc. Warrants,$0.1269,-0.0031,-2.385%,86069206.00,China,,2561,Consumer Discretionary,Auto Manufacturing
LOVE,The Lovesac Company Common Stock,$19.33,0.52,2.764%,281234451.00,United States,2018,232493,Consumer Discretionary,Other Specialty Stores
LOW,Lowe's Companies Inc. Common Stock,$226.83,5.92,2.68%,127124074191.00,United States,,2879063,Consumer Discretionary,RETAIL: Building Materials
LPA,Logistic Properties of the Americas Ordinary Shares,$6.55,-0.05,-0.758%,207429337.00,,2024,6563,Finance,Real Estate
LPAA,Launch One Acquisition Corp. Class A Ordinary shares,$10.41,-0.03,-0.287%,0.00,United States,2024,1127,,
LPAAU,Launch One Acquisition Corp. Unit,$10.55,0.00,0.00%,0.00,United States,2024,2,Finance,Blank Checks
LPAAW,Launch One Acquisition Corp. Warrant,$0.29,0.02,7.407%,0.00,United States,2024,28488,Finance,Blank Checks
LPBB,Launch Two Acquisition Corp. Class A Ordinary Shares,$10.44,0.01,0.096%,0.00,United States,2024,3398,,
LPBBW,Launch Two Acquisition Corp. Warrant,$0.40,-0.04,-9.091%,0.00,United States,2024,8846,,
LPCN,Lipocine Inc. Common Stock,$3.26,0.09,2.839%,17442161.00,United States,,51226,Health Care,Biotechnology: Pharmaceutical Preparations
LPG,Dorian LPG Ltd. Common Stock,$28.66,0.62,2.211%,1222283655.00,United States,2014,413647,Consumer Discretionary,Marine Transportation
LPL,LG Display Co Ltd AMERICAN DEPOSITORY SHARES,$3.43,0.01,0.292%,3430000000.00,South Korea,2004,135356,Technology,Industrial Machinery/Components
LPLA,LPL Financial Holdings Inc. Common Stock,$374.36,-5.23,-1.378%,29939710165.00,United States,2010,472812,Finance,Investment Bankers/Brokers/Service
LPRO,Open Lending Corporation Common Stock,$2.56,0.11,4.49%,306653238.00,United States,,564205,Finance,Finance: Consumer Services
LPSN,LivePerson Inc. Common Stock,$1.00,0.0436,4.559%,93849817.00,United States,2000,780269,Technology,Computer Software: Prepackaged Software
LPTH,LightPath Technologies Inc. Class A Common Stock,$3.13,-0.19,-5.723%,134273670.00,United States,1996,246508,Technology,Semiconductors
LPTX,Leap Therapeutics Inc. Common Stock,$0.351,0.012,3.54%,14545275.00,United States,,377268,Health Care,Biotechnology: Pharmaceutical Preparations
LPX,Louisiana-Pacific Corporation Common Stock,$88.89,2.82,3.276%,6185778210.00,United States,,551259,Basic Materials,Forest Products
LQDA,Liquidia Corporation Common Stock,$16.60,1.50,9.934%,1419043115.00,United States,2018,3858419,Health Care,Biotechnology: Pharmaceutical Preparations
LQDT,Liquidity Services Inc. Common Stock,$24.68,0.16,0.653%,770527419.00,United States,2006,180667,Consumer Discretionary,Business Services
LRCX,Lam Research Corporation Common Stock,$97.69,-4.05,-3.981%,124957037420.00,United States,1984,14153506,Technology,Industrial Machinery/Components
LRE,Lead Real Estate Co. Ltd American Depositary Shares,$1.85,0.03,1.648%,25237515.00,Japan,2023,5658,Consumer Discretionary,Homebuilding
LRHC,La Rosa Holdings Corp. Common Stock,$8.40,0.29,3.576%,6123382.00,United States,2023,101329,Finance,Real Estate
LRMR,Larimar Therapeutics Inc. Common Stock,$3.38,0.12,3.681%,216414275.00,United States,2014,1122689,Health Care,Biotechnology: Pharmaceutical Preparations
LRN,Stride Inc. Common Stock,$129.74,-2.75,-2.076%,5646706844.00,United States,,504149,Real Estate,Other Consumer Services
LSAK,Lesaka Technologies Inc. Common Stock,$4.35,-0.15,-3.333%,353434890.00,South Africa,,84843,Finance,Investment Bankers/Brokers/Service
LSB,LakeShore Biopharma Co. Ltd Ordinary Shares,$1.18,0.10,9.259%,22515287.00,China,,127190,Health Care,Biotechnology: Pharmaceutical Preparations
LSBK,Lake Shore Bancorp Inc. Common Stock,$12.17,0.22,1.841%,70089123.00,United States,2006,263559,Finance,Savings Institutions
LSCC,Lattice Semiconductor Corporation Common Stock,$52.50,0.35,0.671%,7219145378.00,United States,,1566732,Technology,Semiconductors
LSE,Leishen Energy Holding Co. Ltd. Ordinary Shares,$5.83,0.02,0.344%,99255750.00,China,2024,16075,Industrials,Metal Fabrications
LSF,Laird Superfood Inc. Common Stock,$7.19,0.40,5.891%,75431980.00,,2020,30808,Consumer Staples,Packaged Foods
LSH,Lakeside Holding Limited Common Stock,$0.8301,0.0001,0.012%,6225750.00,United States,2024,8452,,
LSPD,Lightspeed Commerce Inc. Subordinate Voting Shares,$13.17,0.25,1.935%,1809384485.00,Canada,,716693,Technology,Computer Software: Prepackaged Software
LSTA,Lisata Therapeutics Inc. Common Stock,$2.64,0.06,2.326%,22699259.00,United States,,29550,Health Care,Misc Health and Biotechnology Services
LSTR,Landstar System Inc. Common Stock,$137.62,1.82,1.34%,4809292879.00,United States,1993,539894,Industrials,Trucking Freight/Courier Services
LTBR,Lightbridge Corporation Common Stock,$13.28,0.06,0.454%,299306765.00,United States,,1356367,Consumer Discretionary,Professional Services
LTC,LTC Properties Inc. Common Stock,$35.44,0.30,0.854%,1627779294.00,United States,,386758,Real Estate,Real Estate Investment Trusts
LTH,Life Time Group Holdings Inc. Common Stock,$28.95,0.01,0.035%,6352126927.00,United States,2021,2712828,Consumer Discretionary,Hotels/Resorts
LTM,LATAM Airlines Group S.A. American Depositary Shares (each representing two thousand (2000) shares of Common Stock),$41.45,0.32,0.778%,12526975022.00,Chile,2024,281727,Consumer Discretionary,Air Freight/Delivery Services
LTRN,Lantern Pharma Inc. Common Stock,$4.03,0.24,6.332%,43462442.00,United States,2020,72354,Health Care,Biotechnology: Pharmaceutical Preparations
LTRX,Lantronix Inc. Common Stock,$3.15,-0.05,-1.563%,122504533.00,United States,2000,232318,Telecommunications,Computer Communications Equipment
LTRYW,Lottery.com Inc. Warrants,$0.0178,0.0003,1.714%,475261.00,United States,2023,23960,Technology,Computer Software: Prepackaged Software
LU,Lufax Holding Ltd American Depositary Shares each representing two (2) Ordinary Shares,$2.95,0.04,1.375%,2556588000.00,China,,3001821,Finance,Finance: Consumer Services
LUCD,Lucid Diagnostics Inc. Common Stock,$1.12,0.01,0.901%,101873738.00,United States,2021,364304,Health Care,Medical/Dental Instruments
LUCK,Lucky Strike Entertainment Corporation Class A Common Stock,$11.12,0.94,9.234%,1559080423.00,United States,2021,611369,Consumer Discretionary,Services-Misc. Amusement & Recreation
LUCY,Innovative Eyewear Inc. Common Stock,$2.23,0.05,2.294%,6901301.00,United States,2022,119463,Health Care,Ophthalmic Goods
LUCYW,Innovative Eyewear Inc. Series A Warrants 8/16/27,$0.1101,-0.0156,-12.411%,340732.00,United States,2022,17880,Health Care,Ophthalmic Goods
LUD,Luda Technology Group Limited Ordinary Shares,$8.32,0.48,6.122%,188780800.00,,2025,84903,,
LULU,lululemon athletica inc. Common Stock,$223.93,0.72,0.323%,25691361260.00,Canada,2007,3304756,Consumer Discretionary,Apparel
LUMN,Lumen Technologies Inc. Common Stock,$4.45,0.14,3.248%,4565289568.00,United States,,10346225,Telecommunications,Telecommunications Equipment
LUNG,Pulmonx Corporation Common Stock,$3.24,0.06,1.887%,130434387.00,United States,2020,531291,Health Care,Medical/Dental Instruments
LUNR,Intuitive Machines Inc. Class A Common Stock,$11.28,0.03,0.267%,2014976348.00,United States,2021,6624394,Industrials,Industrial Machinery/Components
LUV,Southwest Airlines Company Common Stock,$37.17,0.31,0.841%,21181911749.00,United States,,10724510,Consumer Discretionary,Air Freight/Delivery Services
LUXE,LuxExperience B.V. American Depositary Shares each representing one Ordinary Share,$7.76,0.17,2.24%,661663865.00,,2021,60228,Consumer Discretionary,Catalog/Specialty Distribution
LVLU,Lulu's Fashion Lounge Holdings Inc. Common Stock,$4.36,0.4568,11.703%,12060567.00,United States,2021,2251138,Consumer Discretionary,Catalog/Specialty Distribution
LVO,LiveOne Inc. Common Stock,$0.6798,0.0169,2.549%,66027726.00,United States,,463598,Consumer Discretionary,Restaurants
LVRO,Lavoro Limited Class A Ordinary Shares,$2.07,-0.1981,-8.734%,241379241.00,Brazil,,3253,Consumer Discretionary,Other Specialty Stores
LVROW,Lavoro Limited Warrant,$0.0344,-0.0056,-14.00%,4011327.00,Brazil,,136,Consumer Discretionary,Other Specialty Stores
LVS,Las Vegas Sands Corp. Common Stock,$48.52,0.25,0.518%,34285569017.00,United States,2004,4208244,Consumer Discretionary,Hotels/Resorts
LVTX,LAVA Therapeutics N.V. Ordinary Shares,$1.44,0.00,0.00%,37879625.00,Netherlands,2021,71792,Health Care,Biotechnology: Pharmaceutical Preparations
LVWR,LiveWire Group Inc. Common Stock,$3.98,0.25,6.702%,810193587.00,United States,2022,185095,Consumer Discretionary,Motor Vehicles
LW,Lamb Weston Holdings Inc. Common Stock ,$49.17,1.13,2.352%,6938654790.00,United States,2016,3393348,Consumer Staples,Packaged Foods
LWACU,LightWave Acquisition Corp. Units,$10.05,0.01,0.10%,0.00,United States,2025,213,Finance,Blank Checks
LWAY,Lifeway Foods Inc. Common Stock,$24.96,0.29,1.176%,379472895.00,United States,,20619,Consumer Staples,Packaged Foods
LWLG,Lightwave Logic Inc. Common Stock,$2.50,0.44,21.359%,312602893.00,United States,,6742724,Industrials,Containers/Packaging
LX,LexinFintech Holdings Ltd. American Depositary Shares,$7.05,-0.01,-0.142%,1186257682.00,China,2017,3294896,Finance,Finance: Consumer Services
LXEH,Lixiang Education Holding Co. Ltd. American Depositary Shares,$1.45,-0.11,-7.051%,27791672.00,China,2020,22524,Real Estate,Other Consumer Services
LXEO,Lexeo Therapeutics Inc. Common Stock,$3.89,-0.07,-1.768%,129136318.00,United States,2023,345119,Health Care,Biotechnology: Biological Products (No Diagnostic Substances)
LXFR,Luxfer Holdings PLC Ordinary Shares,$11.95,0.22,1.876%,319852565.00,United Kingdom,2012,93215,Industrials,Major Chemicals
LXP,LXP Industrial Trust Common Stock (Maryland REIT),$8.27,0.10,1.224%,2445905287.00,United States,,3125432,Real Estate,Real Estate Investment Trusts
LXP^C,LXP Industrial Trust 6.5% Series C Cumulative Convertible Preferred Stock,$46.83,0.1268,0.272%,,United States,,2868,,
LXRX,Lexicon Pharmaceuticals Inc. Common Stock,$1.20,-0.03,-2.439%,435813600.00,United States,,3922419,Health Care,Biotechnology: Pharmaceutical Preparations
LXU,LSB Industries Inc. Common Stock,$8.59,0.05,0.585%,617431633.00,United States,2003,387772,Industrials,Major Chemicals
LYB,LyondellBasell Industries NV Ordinary Shares Class A (Netherlands),$65.41,2.76,4.405%,21022774916.00,Netherlands,,5418165,Industrials,Major Chemicals
LYEL,Lyell Immunopharma Inc. Common Stock,$10.28,0.79,8.325%,152227042.00,United States,2021,50380,Health Care,Biotechnology: Pharmaceutical Preparations
LYFT,Lyft Inc. Class A Common Stock,$14.86,0.09,0.609%,6250649103.00,United States,2019,9540819,Consumer Discretionary,Business Services
LYG,Lloyds Banking Group Plc American Depositary Shares,$4.25,0.01,0.236%,64006133747.00,United Kingdom,,9361077,Finance,Commercial Banks
LYRA,Lyra Therapeutics Inc. Common Stock,$8.20,0.05,0.613%,10867829.00,United States,2020,15167,Health Care,Medical/Dental Instruments
LYTS,LSI Industries Inc. Common Stock,$17.55,0.07,0.40%,526578273.00,United States,1985,86162,Consumer Discretionary,Building Products
LYV,Live Nation Entertainment Inc. Common Stock,$150.97,1.53,1.024%,35340492721.00,United States,,1889577,Consumer Discretionary,Services-Misc. Amusement & Recreation
LZ,LegalZoom.com Inc. Common Stock,$8.94,0.14,1.591%,1619788473.00,United States,2021,1473528,Technology,EDP Services
LZB,La-Z-Boy Incorporated Common Stock,$38.26,0.62,1.647%,1564099025.00,United States,,495378,Consumer Discretionary,Home Furnishings
LZM,Lifezone Metals Limited Ordinary Shares,$4.91,0.48,10.835%,396946849.00,Isle of Man,,120658,Basic Materials,Metal Mining
LZMH,LZ Technology Holdings Limited Class B Ordinary Shares,$6.20,-0.94,-13.165%,942834000.00,China,2025,400537,Technology,EDP Services
M,Macy's Inc Common Stock,$13.01,0.80,6.552%,3532729233.00,United States,,17311331,Consumer Discretionary,Department/Specialty Retail Stores
MA,Mastercard Incorporated Common Stock,$558.76,4.11,0.741%,507380689827.00,United States,2006,2010356,Consumer Discretionary,Business Services
MAA,Mid-America Apartment Communities Inc. Common Stock,$153.20,3.18,2.12%,17933241785.00,United States,1994,678834,Real Estate,Real Estate Investment Trusts
MAA^I,Mid-America Apartment Communities Inc. 8.50% Series I Cumulative Redeemable Preferred Stock,$54.41,-0.23,-0.421%,,United States,,530,,
MAAS,Maase Inc. Class A Ordinary Shares,$3.67,0.00,0.00%,55969471.00,China,2019,17118,Finance,Investment Managers
MAC,Macerich Company (The) Common Stock,$17.43,0.57,3.381%,4403668497.00,United States,1994,2079093,Real Estate,Real Estate Investment Trusts
MACI,Melar Acquisition Corp. I Class A Ordinary Shares,$10.53,0.00,0.00%,0.00,United States,2024,11,,
MACIW,Melar Acquisition Corp. I Warrant,$0.30,0.00,0.00%,0.00,United States,2024,72,,
MAG,MAG Silver Corporation Ordinary Shares,$22.15,0.40,1.839%,2291717367.00,Canada,,939524,Basic Materials,Precious Metals
MAGN,Magnera Corporation Common Stock,$13.55,0.57,4.391%,482380000.00,United States,2000,1158319,Basic Materials,Paper
MAIA,MAIA Biotechnology Inc. Common Stock,$1.67,-0.04,-2.339%,50613213.00,,2022,140328,Health Care,Biotechnology: Pharmaceutical Preparations
MAIN,Main Street Capital Corporation Common Stock,$64.31,0.17,0.265%,5725478206.00,United States,2007,445516,Finance,Finance/Investors Services
MAMA,Mama's Creations Inc. Common Stock,$9.20,0.07,0.767%,346018118.00,United States,,257833,Consumer Staples,Specialty Foods
MAMK,MaxsMaking Inc. Class A Ordinary Shares,$2.68,-0.17,-5.965%,45560000.00,China,2025,435363,Consumer Discretionary,Apparel
MAMO,Massimo Group Common Stock,$2.43,-0.12,-4.706%,100958481.00,United States,2024,28729,Consumer Discretionary,Industrial Specialties
MAN,ManpowerGroup Common Stock,$44.46,2.34,5.556%,2057717060.00,United States,,1010292,Consumer Discretionary,Professional Services
MANH,Manhattan Associates Inc. Common Stock,$202.79,3.06,1.532%,12312392417.00,United States,1998,645796,Technology,Computer Software: Prepackaged Software
MANU,Manchester United Ltd. Class A Ordinary Shares,$18.01,0.35,1.982%,3049413002.00,United Kingdom,2012,258707,Consumer Discretionary,Services-Misc. Amusement & Recreation
MAPS,WM Technology Inc. Class A Common Stock ,$0.9931,0.035,3.653%,153308132.00,United States,2019,587705,Technology,Computer Software: Prepackaged Software
MAPSW,WM Technology Inc. Warrants ,$0.0277,0.0096,53.039%,4276141.00,United States,2019,7412,Technology,Computer Software: Prepackaged Software
MAR,Marriott International Class A Common Stock,$272.98,1.42,0.523%,74768162565.00,United States,,1466738,Consumer Discretionary,Hotels/Resorts
MARA,MARA Holdings Inc. Common Stock,$19.88,1.05,5.576%,6996323630.00,United States,,35981405,Technology,EDP Services
MARPS,Marine Petroleum Trust Units of Beneficial Interest,$4.73,-0.12,-2.474%,9460000.00,United States,,11275,Energy,Oil & Gas Production
MAS,Masco Corporation Common Stock,$66.71,1.58,2.426%,14071942288.00,United States,,2262549,Industrials,Industrial Specialties
MASI,Masimo Corporation Common Stock,$158.23,3.10,1.998%,8579090725.00,United States,2007,571839,Health Care,Biotechnology: Electromedical & Electrotherapeutic Apparatus
MASK,3 E Network Technology Group Ltd Class A Ordinary Shares,$1.33,-0.03,-2.206%,14896000.00,China,2025,135212,,
MASS,908 Devices Inc. Common Stock,$7.06,0.10,1.437%,253179747.00,United States,2020,432474,Industrials,Industrial Machinery/Components
MAT,Mattel Inc. Common Stock,$19.89,0.01,0.05%,6422481000.00,United States,,4995312,Consumer Discretionary,Recreational Games/Products/Toys
MATH,Metalpha Technology Holding Limited Ordinary Shares,$3.52,-0.12,-3.297%,135074266.00,China,2017,249094,Finance,Finance/Investors Services
MATV,Mativ Holdings Inc. Common Stock,$7.51,0.23,3.159%,410293229.00,United States,,2022251,Basic Materials,Paper
MATW,Matthews International Corporation Class A Common Stock,$25.02,0.38,1.542%,775835747.00,United States,1994,184063,Telecommunications,Metal Fabrications
MATX,Matson Inc. Common Stock,$105.63,1.13,1.081%,3448274872.00,United States,,496985,Consumer Discretionary,Marine Transportation
MAV,Pioneer Municipal High Income Advantage Fund Inc.,$8.13,0.00,0.00%,0.00,United States,,122496,Finance,Finance Companies
MAX,MediaAlpha Inc. Class A Common Stock,$10.18,-0.28,-2.677%,686841292.00,United States,2020,343411,Consumer Discretionary,Business Services
MAXN,Maxeon Solar Technologies Ltd. Ordinary Shares,$4.44,0.21,4.965%,75021477.00,Singapore,,452102,Technology,Semiconductors
MAYA,Maywood Acquisition Corp. Class A Ordinary Shares,$10.15,0.00,0.00%,0.00,United States,2025,9,,
MAYAR,Maywood Acquisition Corp. Right,$0.23,0.00,0.00%,0.00,United States,2025,70,Finance,Blank Checks
MAYAU,Maywood Acquisition Corp. Unit,$10.66,0.00,0.00%,0.00,United States,2025,1,Finance,Blank Checks
MAYS,J. W. Mays Inc. Common Stock,$37.99,-0.16,-0.419%,76579482.00,United States,,225,Real Estate,Building operators
MAZE,Maze Therapeutics Inc. Common Stock,$16.94,0.28,1.681%,741923992.00,United States,2025,130067,Health Care,Biotechnology: Biological Products (No Diagnostic Substances)
MB,MasterBeef Group Ordinary Shares,$15.1959,0.3959,2.675%,258330300.00,Hong Kong,2025,30234,Consumer Discretionary,Restaurants
MBAV,M3-Brigade Acquisition V Corp. Class A Ordinary shares,$10.66,-0.05,-0.467%,0.00,United States,2024,1056867,,
MBAVU,M3-Brigade Acquisition V Corp. Units,$11.50,-0.40,-3.361%,0.00,United States,2024,1267,Finance,Blank Checks
MBAVW,M3-Brigade Acquisition V Corp. Warrant,$1.75,0.05,2.941%,0.00,United States,2024,17108,Finance,Blank Checks
MBBC,Marathon Bancorp Inc. Common Stock,$10.04,-0.005,-0.05%,29536947.00,United States,,5046,Finance,Banks
MBC,MasterBrand Inc. Common Stock,$11.70,0.62,5.596%,1482828984.00,United States,2022,665457,Consumer Discretionary,Home Furnishings
MBCN,Middlefield Banc Corp. Common Stock,$30.63,0.79,2.647%,247526942.00,United States,,9252,Finance,Major Banks
MBI,MBIA Inc. Common Stock,$4.93,-0.04,-0.805%,248330307.00,United States,1987,248833,Finance,Property-Casualty Insurers
MBIN,Merchants Bancorp Common Stock,$34.84,0.23,0.665%,1598518637.00,United States,2017,259658,Finance,Major Banks
MBINL,Merchants Bancorp Depositary Shares Each Representing a 1/40thInterest in a Share of 7.25% Fixed Rate Series E Non-CumulativePerpetual Preferred Stock without par value,$23.56,-0.06,-0.254%,1080972993.00,United States,,20658,Finance,Major Banks
MBINM,Merchants Bancorp Depositary Shares Each Representing a 1/40th Interest in a Share of 8.25% Fixed-Rate Reset Series D Non-Cumulative Perpetual Preferred Stock,$25.1836,0.1036,0.413%,1155466531.00,United States,,4620,Finance,Major Banks
MBINN,Merchants Bancorp Depositary Shares Preferred Series C,$20.1899,0.029,0.144%,926347056.00,United States,,5400,Finance,Major Banks
MBIO,Mustang Bio Inc. Common Stock,$2.09,0.02,0.966%,9149679.00,United States,,326508,Health Care,Biotechnology: Pharmaceutical Preparations
MBLY,Mobileye Global Inc. Class A Common Stock,$16.19,0.15,0.935%,1627040974.00,Israel,2022,5994843,Technology,Computer Software: Prepackaged Software
MBNKO,Medallion Bank Fixed-Rate Reset Non-Cumulative Perpetual Preferred Stock Series G par value $1.00 per share,$25.2985,-0.0751,-0.296%,25298500.00,United States,,19587,Finance,Commercial Banks
MBOT,Microbot Medical Inc. Common Stock,$2.53,0.08,3.265%,92035864.00,Israel,,1295263,Health Care,Biotechnology: Biological Products (No Diagnostic Substances)
MBRX,Moleculin Biotech Inc. Common Stock,$0.7756,-0.0268,-3.34%,10957284.00,United States,2016,1217909,Health Care,Biotechnology: Pharmaceutical Preparations
MBUU,Malibu Boats Inc. Class A Common Stock,$35.90,2.67,8.035%,688951156.00,United States,2014,151609,Industrials,Marine Transportation
MBWM,Mercantile Bank Corporation Common Stock,$47.86,-0.89,-1.826%,777017055.00,United States,1998,92018,Finance,Major Banks
MBX,MBX Biosciences Inc. Common Stock,$11.70,-0.49,-4.02%,391065141.00,United States,2024,385477,Health Care,Biotechnology: Pharmaceutical Preparations
MC,Moelis & Company Class A Common Stock,$70.35,1.54,2.238%,5523027036.00,United States,2014,1167838,Finance,Investment Managers
MCB,Metropolitan Bank Holding Corp. Common Stock,$77.57,-0.83,-1.059%,826904655.00,United States,2017,154019,Finance,Major Banks
MCBS,MetroCity Bankshares Inc. Common Stock,$30.44,-0.09,-0.295%,773221904.00,United States,2019,49624,Finance,Major Banks
MCD,McDonald's Corporation Common Stock,$299.17,3.43,1.16%,213916340937.00,United States,,2671480,Consumer Discretionary,Restaurants
MCFT,MasterCraft Boat Holdings Inc. Common Stock,$20.44,1.03,5.307%,339408857.00,United States,2015,148193,Industrials,Marine Transportation
MCHP,Microchip Technology Incorporated Common Stock,$75.26,1.41,1.909%,40595202306.00,United States,1993,8661950,Technology,Semiconductors
MCHPP,Microchip Technology Incorporated Depositary Shares Each Representing a 1/20th Interest in a Share of 7.50% Series A Mandatory Convertible Preferred Stock,$69.09,1.09,1.603%,37267107724.00,United States,,167263,Technology,Semiconductors
MCHX,Marchex Inc. Class B Common Stock,$2.02,-0.08,-3.81%,88681495.00,United States,2004,30602,Consumer Discretionary,Business Services
MCI,Barings Corporate Investors Common Stock,$20.75,-0.06,-0.288%,420430669.00,United States,,25890,Finance,Trusts Except Educational Religious and Charitable
MCK,McKesson Corporation Common Stock,$709.47,-1.74,-0.245%,88763378075.00,United States,,366397,Health Care,Other Pharmaceuticals
MCN,XAI Madison Equity Premium Income Fund Common Shares,$6.20,0.01,0.162%,0.00,United States,2004,72565,,
MCO,Moody's Corporation Common Stock,$499.12,-1.04,-0.208%,89791688000.00,United States,,985650,Finance,Finance: Consumer Services
MCR,MFS Charter Income Trust Common Stock,$6.31,0.02,0.318%,277692878.00,United States,1989,31736,Finance,Trusts Except Educational Religious and Charitable
MCRB,Seres Therapeutics Inc. Common Stock,$12.39,-1.46,-10.542%,108194709.00,United States,2015,268941,Health Care,Biotechnology: Pharmaceutical Preparations
MCRI,Monarch Casino & Resort Inc. Common Stock,$106.70,1.31,1.243%,1970365520.00,United States,1993,207940,Consumer Discretionary,Hotels/Resorts
MCRP,Micropolis Holding Company Ordinary Shares,$2.61,0.2516,10.668%,91058847.00,,2025,32713,,
MCS,Marcus Corporation (The) Common Stock,$17.73,-0.01,-0.056%,554905987.00,United States,,123314,Consumer Discretionary,Movies/Entertainment
MCTR,CTRL Group Limited Ordinary Shares,$2.71,-0.01,-0.368%,40650000.00,Hong Kong,2025,25833,,
MCVT,Mill City Ventures III Ltd. Common Stock,$1.75,-0.01,-0.568%,10609853.00,United States,,24501,Finance,Finance Companies
MCW,Mister Car Wash Inc. Common Stock,$6.65,0.24,3.744%,2160099138.00,United States,,1075562,Consumer Discretionary,Automotive Aftermarket
MCY,Mercury General Corporation Common Stock,$69.06,1.28,1.888%,3825138581.00,United States,,172040,Finance,Property-Casualty Insurers
MD,Pediatrix Medical Group Inc. Common Stock,$12.74,0.10,0.791%,1094439064.00,United States,,607206,Health Care,Hospital/Nursing Management
MDAI,Spectral AI Inc. Class A Common Stock,$2.42,-0.02,-0.82%,62308996.00,United States,2021,373773,Health Care,Medical/Dental Instruments
MDAIW,Spectral AI Inc. Warrants,$0.76,0.00,0.00%,19568114.00,United States,2021,19507,Health Care,Medical/Dental Instruments
MDB,MongoDB Inc. Class A Common Stock,$224.295,2.055,0.925%,18328111834.00,United States,2017,1904447,Technology,Computer Software: Prepackaged Software
MDBH,MDB Capital Holdings LLC Class A common,$4.50,0.04,0.897%,44777844.00,United States,2023,564,Finance,Finance: Consumer Services
MDCX,Medicus Pharma Ltd. Common Stock  ,$3.08,0.02,0.654%,41326088.00,Canada,,204405,,
MDCXW,Medicus Pharma Ltd. Warrant,$1.05,0.03,2.941%,14088439.00,Canada,,3059,,
MDGL,Madrigal Pharmaceuticals Inc. Common Stock,$313.40,-17.54,-5.30%,6958508579.00,United States,2007,583499,Health Care,Biotechnology: Pharmaceutical Preparations
MDIA,Mediaco Holding Inc. Class A Common Stock ,$1.22,-0.01,-0.813%,65491168.00,United States,,11997,Consumer Discretionary,Broadcasting
MDLZ,Mondelez International Inc. Class A Common Stock,$70.75,1.33,1.916%,91608187640.00,United States,,6728088,Consumer Staples,Packaged Foods
MDRR,Medalist Diversified REIT Inc. Common Stock,$10.88,-0.4633,-4.084%,14714210.00,United States,2018,294,Real Estate,Real Estate Investment Trusts
MDT,Medtronic plc. Ordinary Shares,$91.65,1.95,2.174%,117427910030.00,United States,,7456679,Health Care,Biotechnology: Electromedical & Electrotherapeutic Apparatus
MDU,MDU Resources Group Inc. Common Stock (Holding Company),$17.19,-0.06,-0.348%,3512452812.00,United States,,1263940,Industrials,Mining & Quarrying of Nonmetallic Minerals (No Fuels)
MDV,Modiv Industrial Inc. Class C Common Stock,$14.54,0.14,0.972%,147130507.00,,2022,34467,Real Estate,Real Estate Investment Trusts
MDV^A,Modiv Industrial Inc. 7.375% Series A Cumulative Redeemable Perpetual Preferred Stock,$24.15,0.00,0.00%,,,,251,,
MDWD,MediWound Ltd. Ordinary Shares,$20.49,0.42,2.093%,230548685.00,Israel,2014,94205,Health Care, Medicinal Chemicals and Botanical Products 
MDXG,MiMedx Group Inc Common Stock,$6.76,0.11,1.654%,998466466.00,United States,,686802,Health Care,Biotechnology: Pharmaceutical Preparations
MDXH,MDxHealth SA Ordinary Shares,$2.42,-0.01,-0.412%,119783548.00,Belgium,2021,60916,Health Care,Medical Specialities
MEC,Mayville Engineering Company Inc. Common Stock,$15.52,0.19,1.239%,317555201.00,United States,2019,70445,Industrials,Industrial Specialties
MED,MEDIFAST INC Common Stock,$14.49,0.70,5.076%,159259894.00,United States,,190446,Consumer Staples,Packaged Foods
MEDP,Medpace Holdings Inc. Common Stock,$477.73,168.85,54.665%,13730728868.00,United States,2016,4472254,Health Care,Biotechnology: Commercial Physical & Biological Resarch
MEG,Montrose Environmental Group Inc. Common Stock,$22.54,1.25,5.871%,771234072.00,United States,2020,404010,Consumer Discretionary,Professional Services
MEGI,NYLI CBRE Global Infrastructure Megatrends Term Fund Common Shares,$14.33,0.25,1.776%,0.00,United States,2021,241219,Finance,Investment Managers
MEGL,Magic Empire Global Limited Class A Ordinary Shares,$1.54,0.0101,0.66%,7798637.00,Hong Kong,2022,18091,Finance,Finance: Consumer Services
MEI,Methode Electronics Inc. Common Stock,$6.65,-0.05,-0.746%,234125306.00,United States,,584368,Technology,Electrical Products
MEIP,MEI Pharma Inc. Common Stock,$6.86,0.31,4.733%,45707199.00,United States,2003,1886813,Health Care,Biotechnology: Pharmaceutical Preparations
MELI,MercadoLibre Inc. Common Stock,$2384.72,5.66,0.238%,120899044110.00,Argentina,2007,266510,Consumer Discretionary,Business Services
MENS,Jyong Biotech Ltd. Ordinary Shares,$10.06,-0.94,-8.545%,764838330.00,Taiwan,2025,51332,Health Care,Biotechnology: Pharmaceutical Preparations
MEOH,Methanex Corporation Common Stock,$34.34,0.74,2.202%,2314351580.00,Canada,,300458,Industrials,Major Chemicals
MER^K,Bank of America Corporation Income Capital Obligation Notes initially due December 15 2066,$25.22,0.00,0.00%,,United States,,42166,,
MERC,Mercer International Inc. Common Stock,$3.41,0.17,5.247%,228029339.00,Canada,,2798760,Basic Materials,Paper
MESA,Mesa Air Group Inc. Common Stock,$1.16,0.01,0.87%,47947942.00,United States,2018,102585,Consumer Discretionary,Air Freight/Delivery Services
MESO,Mesoblast Limited American Depositary Shares,$15.08,0.43,2.935%,1721810438.00,Australia,2015,188055,Health Care,Biotechnology: Biological Products (No Diagnostic Substances)
MET,MetLife Inc. Common Stock,$77.51,1.18,1.546%,52032294493.00,United States,2000,2963124,Finance,Life Insurance
MET^A,MetLife Inc. Preferred Series A Floating Rate,$23.96,-0.05,-0.208%,,United States,,16183,,
MET^E,MetLife Inc. Depositary Shares ,$23.97,-0.01,-0.042%,,United States,,36479,,
MET^F,MetLife Inc. Depositary Shares each representing a 1/1000th interest in a share of 4.75% Non-Cumulative Preferred Stock Series F,$20.09,-0.02,-0.099%,,United States,,96052,,
META,Meta Platforms Inc. Class A Common Stock,$704.81,-8.155,-1.144%,1772122988368.00,United States,2012,8901839,Technology,Computer Software: Programming Data Processing
METC,Ramaco Resources Inc. Class A Common Stock,$21.33,0.46,2.204%,1247050430.00,United States,2017,4039201,Energy,Coal Mining
METCB,Ramaco Resources Inc. Class B Common Stock,$15.62,0.95,6.476%,913217427.00,United States,,238902,Energy,Coal Mining
METCL,Ramaco Resources Inc. 9.00% Senior Notes due 2026,$25.4999,-0.0001,0.00%,1490842066.00,United States,,1335,Energy,Coal Mining
METCZ,Ramaco Resources Inc. 8.375% Senior Notes due 2029,$25.35,-0.15,-0.588%,0.00,United States,,2956,Energy,Coal Mining
MFA,MFA Financial Inc.,$9.42,0.15,1.618%,966989960.00,United States,,976749,Real Estate,Real Estate Investment Trusts
MFA^B,MFA Financial Inc. Preferred Series B,$21.6558,0.0158,0.073%,,United States,,20219,,
MFA^C,MFA Financial Inc. 6.50% Series C Fixed-to-Floating Rate Cumulative Redeemable Preferred Stock,$24.22,-0.14,-0.575%,,United States,,6058,,
MFAN,MFA Financial Inc. 8.875% Senior Notes due 2029,$25.32,0.02,0.079%,2599170466.00,United States,2024,5041,Real Estate,Real Estate Investment Trusts
MFAO,MFA Financial Inc. 9.000% Senior Notes due 2029,$25.46,0.05,0.197%,2613541867.00,United States,2024,13292,Real Estate,Real Estate Investment Trusts
MFC,Manulife Financial Corporation Common Stock,$30.80,0.29,0.951%,53073635754.00,Canada,,1297650,Finance,Life Insurance
MFG,Mizuho Financial Group Inc. Sponosred ADR (Japan),$5.73,0.09,1.596%,71993055950.00,Japan,,3066432,Finance,Major Banks
MFH,Mercurity Fintech Holding Inc. Ordinary Shares,$2.10,-0.10,-4.545%,133741782.00,China,2015,5626596,Finance,Finance: Consumer Services
MFI,mF International Limited Class A Ordinary Shares,$28.00,3.01,12.045%,46380852.00,Hong Kong,2024,31080,Technology,EDP Services
MFIC,MidCap Financial Investment Corporation Common Stock,$13.19,0.08,0.61%,1230674774.00,United States,2004,202477,Finance,Finance/Investors Services
MFICL,MidCap Financial Investment Corporation 8.00% Notes due 2028,$25.50,-0.07,-0.274%,2379242361.00,United States,,16789,Finance,Finance/Investors Services
MFIN,Medallion Financial Corp. Common Stock,$9.58,0.13,1.376%,222605478.00,United States,,51343,Finance,Finance: Consumer Services
MFM,MFS Municipal Income Trust Common Stock,$5.06,-0.01,-0.197%,208409413.00,United States,1986,160105,Finance,Finance Companies
MG,Mistras Group Inc Common Stock,$8.17,0.11,1.365%,255964580.00,United States,2009,93730,Consumer Discretionary,Military/Government/Technical
MGA,Magna International Inc. Common Stock,$42.04,0.41,0.985%,12048613048.00,Canada,,972298,Consumer Discretionary,Auto Parts:O.E.M.
MGEE,MGE Energy Inc,$88.38,1.51,1.738%,3229354116.00,United States,,177021,Energy,Electric Utilities: Central
MGF,MFS Government Markets Income Trust Common Stock,$3.07,-0.0001,-0.003%,100073997.00,United States,1987,14192,Finance,Trusts Except Educational Religious and Charitable
MGIC,Magic Software Enterprises Ltd. Ordinary Shares,$21.44,0.10,0.469%,1052689099.00,Israel,1991,73942,Technology,Computer Software: Prepackaged Software
MGIH,Millennium Group International Holdings Limited Ordinary Shares,$1.6047,0.0047,0.294%,18052875.00,Hong Kong,2023,5257,Consumer Discretionary,Publishing
MGLD,The Marygold Companies Inc. Common Stock,$0.951,0.0185,1.984%,40737750.00,,2022,26127,Finance,Finance: Consumer Services
MGM,MGM Resorts International Common Stock,$38.14,0.97,2.61%,10379768581.00,United States,,4501557,Consumer Discretionary,Hotels/Resorts
MGNI,Magnite Inc. Common Stock,$23.10,-1.32,-5.405%,3259653913.00,United States,,4368485,Technology,Computer Software: Programming Data Processing
MGNX,MacroGenics Inc. Common Stock,$1.54,0.07,4.762%,97159097.00,United States,2013,628067,Health Care,Biotechnology: Pharmaceutical Preparations
MGPI,MGP Ingredients Inc.,$31.61,1.49,4.947%,672400207.00,United States,,255835,Consumer Staples,Beverages (Production/Distribution)
MGR,Affiliated Managers Group Inc. 5.875% Junior Subordinated Notes due 2059,$21.13,-0.02,-0.095%,600702425.00,United States,2019,10620,Finance,Investment Managers
MGRB,Affiliated Managers Group Inc. 4.750% Junior Subordinated Notes due 2060,$17.315,-0.095,-0.546%,492246213.00,United States,2020,6636,Finance,Investment Managers
MGRC,McGrath RentCorp Common Stock,$114.44,0.84,0.739%,2816520491.00,United States,1984,83156,Consumer Discretionary,Diversified Commercial Services
MGRD,Affiliated Managers Group Inc. 4.200% Junior Subordinated Notes due 2061,$15.59,-0.06,-0.383%,443206380.00,United States,2021,10598,Finance,Investment Managers
MGRE,Affiliated Managers Group Inc. 6.750% Junior Subordinated Notes due 2064,$24.29,-0.02,-0.082%,690537714.00,United States,2024,18735,Finance,Investment Managers
MGRM,Monogram Technologies Inc. Common Stock,$5.73,0.04,0.703%,204491839.00,United States,2023,199776,Health Care,Medical/Dental Instruments
MGRT,Mega Fortune Company Limited Ordinary Shares,$3.36,0.13,4.025%,46200000.00,Hong Kong,2025,157241,Technology,EDP Services
MGRX,Mangoceuticals Inc. Common Stock,$1.63,-0.09,-5.233%,17985457.00,United States,2023,156818,Health Care,Misc Health and Biotechnology Services
MGTX,MeiraGTx Holdings plc Ordinary Shares,$8.59,-0.10,-1.151%,690338434.00,United States,2018,529926,Health Care,Biotechnology: Biological Products (No Diagnostic Substances)
MGX,Metagenomi Inc. Common Stock,$2.33,0.16,7.373%,87098883.00,United States,2024,791961,Health Care,Biotechnology: Biological Products (No Diagnostic Substances)
MGY,Magnolia Oil & Gas Corporation Class A Common Stock,$23.22,0.58,2.562%,4469209383.00,United States,2017,1857983,Energy,Oil & Gas Production
MGYR,Magyar Bancorp Inc. Common Stock,$16.55,-0.14,-0.839%,107094189.00,United States,2006,6481,Finance,Savings Institutions
MHD,Blackrock MuniHoldings Fund Inc. Common Stock,$10.99,-0.01,-0.091%,1634899556.00,United States,1997,86107,Finance,Investment Bankers/Brokers/Service
MHF,Western Asset Municipal High Income Fund Inc. Common Stock,$6.72,-0.0688,-1.013%,0.00,United States,1988,217809,Finance,Finance/Investors Services
MHH,Mastech Digital Inc Common Stock,$8.04,0.21,2.682%,94587778.00,United States,,17219,Consumer Discretionary,Professional Services
MHI,Pioneer Municipal High Income Fund Inc.,$8.96,0.01,0.112%,0.00,United States,2003,19170,Finance,Investment Managers
MHK,Mohawk Industries Inc. Common Stock,$115.10,5.77,5.278%,7196592049.00,United States,,885837,Consumer Discretionary,Home Furnishings
MHLA,Maiden Holdings Ltd. 6.625% Notes due 2046,$14.69,0.00,0.00%,114402973.00,Bermuda,2016,110,Finance,Property-Casualty Insurers
MHN,Blackrock MuniHoldings New York Quality Fund Inc. Common Stock,$9.49,-0.05,-0.524%,1411755850.00,United States,1997,70601,Finance,Investment Bankers/Brokers/Service
MHNC,Maiden Holdings North America Ltd. 7.75% Notes due 2043,$17.13,-0.13,-0.753%,133405237.00,Bermuda,2013,629,Finance,Property-Casualty Insurers
MHO,M/I Homes Inc. Common Stock,$123.33,9.05,7.919%,3303244327.00,United States,1993,441794,Consumer Discretionary,Homebuilding
MHUA,Meihua International Medical Technologies Co. Ltd. Ordinary Shares,$0.4085,-0.0235,-5.44%,13032975.00,China,2022,289117,Health Care,Medical/Dental Instruments
MI,NFT Limited Class A Ordinary Share,$3.187,0.1134,3.689%,16142633.00,,2023,52625,Consumer Discretionary,Other Specialty Stores
MIDD,Middleby Corporation (The) Common Stock,$149.48,5.02,3.475%,7994417759.00,United States,,792502,Industrials,Industrial Machinery/Components
MIGI,Mawson Infrastructure Group Inc. Common Stock,$0.542,-0.0582,-9.697%,10729926.00,Australia,,400198,Finance,Finance: Consumer Services
MIMI,Mint Incorporation Limited Class A Ordinary Shares,$7.40,0.245,3.424%,168350000.00,Hong Kong,2025,1858217,,
MIN,MFS Intermediate Income Trust Common Stock,$2.64,0.00,0.00%,303330115.00,United States,1988,205020,Finance,Trusts Except Educational Religious and Charitable
MIND,MIND Technology Inc. Common Stock (DE),$7.525,0.255,3.508%,59969893.00,United States,1994,94248,Industrials,Industrial Machinery/Components
MIO,Pioneer Municipal High Income Opportunities Fund Inc. Common Stock,$11.56,0.00,0.00%,0.00,,2021,84432,Finance,Investment Managers
MIR,Mirion Technologies Inc. Class A Common Stock,$21.19,-0.49,-2.26%,4914533363.00,United States,2020,2571931,Industrials,Industrial Machinery/Components
MIRA,MIRA Pharmaceuticals Inc. Common Stock,$1.75,0.07,4.167%,29609340.00,United States,2023,1047255,Health Care,Biotechnology: Pharmaceutical Preparations
MIRM,Mirum Pharmaceuticals Inc. Common Stock,$52.19,0.24,0.462%,2585216463.00,United States,2019,335380,Health Care,Biotechnology: Pharmaceutical Preparations
MIST,Milestone Pharmaceuticals Inc. Common Shares,$1.54,0.05,3.356%,82334980.00,Canada,2019,1693140,Health Care,Biotechnology: Pharmaceutical Preparations
MITK,Mitek Systems Inc. Common Stock,$9.36,-0.08,-0.847%,426480959.00,United States,,215848,Technology,Computer peripheral equipment
MITN,AG Mortgage Investment Trust Inc. 9.500% Senior Notes due 2029,$25.50,0.05,0.196%,752071092.00,United States,2024,8643,Real Estate,Real Estate Investment Trusts
MITP,AG Mortgage Investment Trust Inc. 9.500% Senior Notes due 2029,$25.38,0.0001,0.00%,748531934.00,United States,2024,12223,Real Estate,Real Estate Investment Trusts
MITQ,Moving iMage Technologies Inc. Common Stock,$0.80,0.034,4.439%,7946943.00,United States,2021,87044,Consumer Discretionary,Industrial Machinery/Components
MITT,AG Mortgage Investment Trust Inc. Common Stock,$7.78,-0.01,-0.128%,230881941.00,United States,2011,240356,Real Estate,Real Estate Investment Trusts
MITT^A,AG Mortgage Investment Trust Inc. 8.25% Preferred Series A,$22.45,0.10,0.447%,,United States,,407,,
MITT^B,AG Mortgage Investment Trust Inc. Preferred Series B,$21.90,0.16,0.736%,,United States,,1778,,
MITT^C,AG Mortgage Investment Trust Inc. 8.00% Series C Fixed-to-Floating Rate Cumulative Redeemable Preferred Stock $0.01 par value per share,$25.19,0.015,0.06%,,United States,,4878,,
MIY,Blackrock MuniYield Michigan Quality Fund Inc. Common Stock,$10.71,0.02,0.187%,1593246064.00,United States,1992,40356,Finance,Investment Bankers/Brokers/Service
MJID,Majestic Ideal Holdings Ltd Ordinary Shares,$2.12,-0.78,-26.897%,0.00,Hong Kong,2025,1152763,,
MKC,McCormick & Company Incorporated Common Stock,$72.50,1.76,2.488%,19456745468.00,United States,,2017049,Consumer Staples,Packaged Foods
MKDW,MKDWELL Tech Inc. Ordinary Share,$0.2374,0.0046,1.976%,34095232.00,Taiwan,,371982,Technology,Consumer Electronics/Appliances
MKDWW,MKDWELL Tech Inc. Warrants,$0.0146,0.0035,31.532%,2096842.00,Taiwan,,13340,Technology,Consumer Electronics/Appliances
MKL,Markel Group Inc. Common Stock,$2022.74,23.69,1.185%,25657823782.00,United States,1986,31579,Finance,Property-Casualty Insurers
MKSI,MKS Inc. Common Stock,$102.42,-0.92,-0.89%,6869534519.00,United States,1999,984913,Industrials,Industrial Machinery/Components
MKTW,MarketWise Inc. Class A Common Stock,$19.21,0.99,5.434%,312836944.00,United States,,14029,Technology,Computer Software: Prepackaged Software
MKTX,MarketAxess Holdings Inc. Common Stock,$210.67,2.91,1.401%,7900474923.00,United States,2004,299554,Finance,Investment Bankers/Brokers/Service
MKZR,MacKenzie Realty Capital Inc. Common Stock,$0.76,0.0101,1.347%,11994267.00,United States,,118184,,
MLAB,Mesa Laboratories Inc. Common Stock,$71.39,3.42,5.032%,389463647.00,United States,,125093,Industrials,Industrial Machinery/Components
MLAC,Mountain Lake Acquisition Corp. Class A Ordinary Shares,$10.27,-0.05,-0.484%,0.00,United States,2025,106,Consumer Discretionary,Auto Manufacturing
MLACR,Mountain Lake Acquisition Corp. Right,$0.24,0.03,14.286%,0.00,United States,2025,2792,,
MLACU,Mountain Lake Acquisition Corp. Units,$10.44,0.04,0.385%,0.00,United States,2024,600,,
MLCO,Melco Resorts & Entertainment Limited American Depositary Shares,$9.14,0.15,1.669%,3889193034.00,Hong Kong,2006,3164977,Consumer Discretionary,Hotels/Resorts
MLEC,Moolec Science SA Ordinary Shares,$3.26,-0.49,-13.067%,13081350.00,Luxembourg,,51988,Finance,Blank Checks
MLECW,Moolec Science SA Warrant,$0.0152,0.0002,1.333%,60993.00,Luxembourg,,377,Finance,Blank Checks
MLGO,MicroAlgo Inc. Class A Ordinary Shares,$15.15,0.83,5.796%,188428231.00,United States,2021,895580,Technology,EDP Services
MLI,Mueller Industries Inc. Common Stock,$85.70,2.28,2.733%,9482683232.00,United States,,1265556,Industrials,Metal Fabrications
MLKN,MillerKnoll Inc. Common Stock,$19.50,0.19,0.984%,1321057706.00,United States,,696301,Consumer Discretionary,Office Equipment/Supplies/Services
MLM,Martin Marietta Materials Inc. Common Stock,$570.98,7.72,1.371%,34421763973.00,United States,1994,267771,Industrials,Mining & Quarrying of Nonmetallic Minerals (No Fuels)
MLNK,MeridianLink Inc. Common Stock,$16.45,0.14,0.858%,1269782277.00,United States,2021,192233,Technology,Computer Software: Prepackaged Software
MLP,Maui Land & Pineapple Company Inc. Common Stock,$17.69,0.81,4.799%,349229895.00,United States,1998,11422,Finance,Real Estate
MLR,Miller Industries Inc. Common Stock,$42.45,0.49,1.168%,486446351.00,United States,,83566,Consumer Discretionary,Construction/Ag Equipment/Trucks
MLSS,Milestone Scientific Inc. Common Stock,$0.6412,0.011,1.745%,50319658.00,United States,2015,187470,Health Care,Industrial Specialties
MLTX,MoonLake Immunotherapeutics Class A Ordinary Shares,$53.57,0.00,0.00%,3439385406.00,United States,2020,341713,Health Care,Biotechnology: Pharmaceutical Preparations
MLYS,Mineralys Therapeutics Inc. Common Stock,$13.34,-0.28,-2.056%,869438329.00,United States,2023,937956,Health Care,Biotechnology: Pharmaceutical Preparations
MMA,Mixed Martial Arts Group Limited Ordinary Shares,$1.10,0.05,4.762%,11310955.00,,2024,493756,Consumer Discretionary,Other Consumer Services
MMC,Marsh & McLennan Companies Inc. Common Stock,$210.30,0.29,0.138%,103388536243.00,United States,,1779922,Finance,Specialty Insurers
MMD,NYLI MacKay DefinedTerm Muni Opportunities Fund Common Shares,$14.47,-0.04,-0.276%,0.00,United States,2012,50398,Finance,Investment Managers
MMI,Marcus & Millichap Inc. Common Stock,$31.23,0.29,0.937%,1217247806.00,United States,2013,110895,Finance,Real Estate
MMLP,Martin Midstream Partners L.P. Limited Partnership,$2.88,0.00,0.00%,112478648.00,United States,2002,7212,Energy,Oil Refining/Marketing
MMM,3M Company Common Stock,$151.20,-1.62,-1.06%,80533610942.00,United States,,4927795,Health Care,Medical/Dental Instruments
MMS,Maximus Inc. Common Stock,$71.64,0.62,0.873%,4036870944.00,United States,1997,293188,Consumer Discretionary,Business Services
MMSI,Merit Medical Systems Inc. Common Stock,$84.47,0.48,0.571%,4992137806.00,United States,,660503,Health Care,Medical/Dental Instruments
MMT,MFS Multimarket Income Trust Common Stock,$4.63,0.00,0.00%,275708652.00,United States,1987,122170,Finance,Trusts Except Educational Religious and Charitable
MMU,Western Asset Managed Municipals Fund Inc. Common Stock,$9.88,0.01,0.101%,0.00,United States,1992,118376,Finance,Investment Managers
MMYT,MakeMyTrip Limited Ordinary Shares,$100.40,2.70,2.764%,11170747269.00,India,2010,2753768,Consumer Discretionary,Transportation Services
MNDO,MIND C.T.I. Ltd. Ordinary Shares,$1.47,0.04,2.797%,29938499.00,Israel,,91687,Technology,EDP Services
MNDR,Mobile-health Network Solutions Class A Ordinary Shares,$1.065,-0.005,-0.467%,4591709.00,Singapore,2024,27035,Technology,Computer Software: Prepackaged Software
MNDY,monday.com Ltd. Ordinary Shares,$287.54,3.39,1.193%,14599365321.00,Israel,2021,335971,Technology,Computer Software: Prepackaged Software
MNKD,MannKind Corporation Common Stock,$3.93,0.11,2.88%,1194456108.00,United States,2004,2294203,Health Care,Biotechnology: Pharmaceutical Preparations
MNMD,Mind Medicine (MindMed) Inc. Common Shares,$9.64,-0.31,-3.116%,728333484.00,United States,,1340997,Health Care, Medicinal Chemicals and Botanical Products 
MNOV,Medicinova Inc Common Stock,$1.24,-0.02,-1.587%,60817345.00,United States,,38134,Health Care,Biotechnology: Pharmaceutical Preparations
MNPR,Monopar Therapeutics Inc. Common Stock,$45.22,-1.21,-2.606%,276529977.00,United States,2019,15513,Health Care,Biotechnology: Pharmaceutical Preparations
MNR,Mach Natural Resources LP Common Units representing Limited Partner Interests,$14.74,0.32,2.219%,1744278050.00,United States,2023,433487,Energy,Oil & Gas Production
MNRO,Monro Inc. Common Stock,$16.65,1.76,11.82%,498985132.00,United States,1991,1313342,Consumer Discretionary,Automotive Aftermarket
MNSB,MainStreet Bancshares Inc. Common Stock,$21.41,1.42,7.104%,164943432.00,United States,,56107,Finance,Major Banks
MNSBP,MainStreet Bancshares Inc. Depositary Shares,$24.35,-1.25,-4.883%,187593301.00,United States,,814,Finance,Major Banks
MNSO,MINISO Group Holding Limited American Depositary Shares each representing four Ordinary Shares,$17.65,0.01,0.057%,5515059459.00,China,2020,494309,Consumer Discretionary,Department/Specialty Retail Stores
MNST,Monster Beverage Corporation,$59.59,0.16,0.269%,58114918615.00,United States,,3995742,Consumer Staples,Beverages (Production/Distribution)
MNTK,Montauk Renewables Inc. Common Stock,$2.35,0.13,5.856%,334721077.00,United States,2021,127172,Utilities,Natural Gas Distribution
MNTN,MNTN Inc. Class A Common Stock,$27.38,-1.54,-5.325%,2117062478.00,,2025,639431,Consumer Discretionary,Advertising
MNTS,Momentus Inc. Class A Common Stock,$1.25,-0.01,-0.794%,6920770.00,United States,2019,252414,Industrials,Military/Government/Technical
MNTSW,Momentus Inc. Warrant,$0.0258,-0.0001,-0.386%,142845.00,United States,2019,11998,Industrials,Military/Government/Technical
MNY,MoneyHero Limited Class A Ordinary Shares,$1.72,-0.09,-4.972%,74310933.00,Singapore,,275253,Consumer Discretionary,Business Services
MNYWW,MoneyHero Limited Warrants,$0.10,-0.01,-9.091%,4320403.00,Singapore,,35364,Consumer Discretionary,Business Services
MO,Altria Group Inc.,$59.44,0.52,0.883%,100123816062.00,United States,,9648380,Health Care, Medicinal Chemicals and Botanical Products 
MOB,Mobilicom Limited American Depositary Shares,$3.37,-0.16,-4.533%,25261240.00,Israel,2022,504363,Industrials,Aerospace
MOBBW,Mobilicom Limited Warrants,$0.52,0.00,0.00%,1071916115.00,Israel,2022,895,Industrials,Aerospace
MOBX,Mobix Labs Inc. Class A Common Stock,$1.15,-0.03,-2.542%,61306211.00,United States,2021,877564,Technology,Semiconductors
MOBXW,Mobix Labs Inc Warrants,$0.1109,0.0009,0.818%,5912051.00,United States,2021,2725,Technology,Semiconductors
MOD,Modine Manufacturing Company Common Stock,$93.83,0.12,0.128%,4915930382.00,United States,,893821,Consumer Discretionary,Auto Parts:O.E.M.
MODD,Modular Medical Inc. Common Stock,$0.70,0.001,0.143%,37973172.00,United States,,150533,Health Care,Medical/Dental Instruments
MODG,Topgolf Callaway Brands Corp. Common Stock,$9.65,0.38,4.099%,1773208962.00,United States,,2755014,Consumer Discretionary,Recreational Games/Products/Toys
MODV,ModivCare Inc. Common Stock,$3.19,0.28,9.622%,45788686.00,United States,2003,601509,Consumer Discretionary,Transportation Services
MOFG,MidWestOne Financial Gp Common Stock,$29.95,-0.08,-0.266%,623470438.00,United States,,56850,Finance,Major Banks
MOGO,Mogo Inc. Common Shares,$2.04,0.02,0.99%,49922880.00,Canada,,803964,Finance,Finance: Consumer Services
MOGU,MOGU Inc. American Depositary Shares (each  representing 25 Class A Ordinary Shares),$2.35,-0.17,-6.746%,19307626.00,,2018,2538,Consumer Discretionary,Business Services
MOH,Molina Healthcare Inc Common Stock,$180.64,4.20,2.38%,9790688000.00,United States,2003,2287833,Health Care,Medical Specialities
MOLN,Molecular Partners AG American Depositary Shares,$3.7318,-0.1182,-3.07%,150626998.00,Switzerland,2021,881,Health Care,Biotechnology: Biological Products (No Diagnostic Substances)
MOMO,Hello Group Inc. American Depositary Shares,$8.83,0.19,2.199%,1418711402.00,China,2014,1138935,Technology,Computer Software: Prepackaged Software
MORN,Morningstar Inc. Common Stock,$277.04,-5.76,-2.037%,11704716429.00,United States,2005,556981,Finance,Investment Managers
MOS,Mosaic Company (The) Common Stock,$35.90,0.37,1.041%,11388585684.00,United States,,3279612,Industrials,Agricultural Chemicals
MOV,Movado Group Inc. Common Stock,$16.49,0.26,1.602%,366686943.00,United States,,89008,Consumer Discretionary,Consumer Specialties
MOVE,Movano Inc. Common Stock,$0.7414,0.0564,8.234%,5217197.00,United States,2021,212731,Health Care,Biotechnology: Electromedical & Electrotherapeutic Apparatus
MP,MP Materials Corp. Common Stock,$60.08,1.07,1.813%,9820454384.00,United States,2020,14045669,Basic Materials,Metal Mining
MPA,Blackrock MuniYield Pennsylvania Quality Fund Common Stock,$10.56,-0.01,-0.095%,0.00,United States,1992,22071,Finance,Finance Companies
MPAA,Motorcar Parts  of America Inc. Common Stock,$11.76,0.56,5.00%,228563903.00,United States,,136543,Consumer Discretionary,Auto Parts:O.E.M.
MPB,Mid Penn Bancorp Common Stock,$28.88,-0.06,-0.207%,559901701.00,United States,,105053,Finance,Major Banks
MPC,Marathon Petroleum Corporation Common Stock,$175.25,0.37,0.212%,53839223357.00,United States,,1431306,Energy,Integrated oil Companies
MPLX,MPLX LP Common Units Representing Limited Partner Interests,$50.45,0.19,0.378%,51499470536.00,United States,2012,1077840,Energy,Natural Gas Distribution
MPTI,M-tron Industries Inc. Common Stock,$41.51,-0.07,-0.168%,121098327.00,United States,2022,45582,Technology,Industrial Machinery/Components
MPU,Mega Matrix Inc. Class A Ordinary Shares,$2.44,0.03,1.245%,94066453.00,United States,1998,1770391,Consumer Discretionary,Diversified Commercial Services
MPV,Barings Participation Investors Common Stock,$19.02,-0.09,-0.471%,201644334.00,United States,1988,13269,Finance,Finance Companies
MPW,Medical Properties Trust Inc. common stock,$4.39,0.36,8.933%,2637512000.00,United States,2005,29758580,Real Estate,Real Estate Investment Trusts
MPWR,Monolithic Power Systems Inc. Common Stock,$719.98,-4.79,-0.661%,34472642400.00,United States,2004,552421,Technology,Semiconductors
MPX,Marine Products Corporation Common Stock,$8.76,0.32,3.791%,306209681.00,United States,2001,29548,Industrials,Marine Transportation
MQ,Marqeta Inc. Class A Common Stock,$5.85,0.00,0.00%,2739373978.00,United States,2021,3052514,Technology,Computer Software: Prepackaged Software
MQT,Blackrock MuniYield Quality Fund II Inc. Common Stock,$9.42,0.03,0.319%,1401342477.00,United States,1992,5396,Finance,Investment Bankers/Brokers/Service
MQY,Blackrock MuniYield Quality Fund Inc. Common Stock,$10.84,0.06,0.557%,1612585186.00,United States,1992,128527,Finance,Investment Bankers/Brokers/Service
MRAM,Everspin Technologies Inc. Common Stock,$6.68,-0.17,-2.482%,150082539.00,United States,2016,68520,Technology,Semiconductors
MRBK,Meridian Corporation Common Stock,$14.93,0.46,3.179%,168489201.00,United States,2017,87678,Finance,Major Banks
MRC,MRC Global Inc. Common Stock,$14.28,0.26,1.854%,1229030048.00,United States,2012,914838,Industrials,Industrial Machinery/Components
MRCC,Monroe Capital Corporation Common Stock,$6.29,0.04,0.64%,136281279.00,United States,2012,50469,Finance,Investment Managers
MRCY,Mercury Systems Inc Common Stock,$51.51,-0.86,-1.642%,3077977990.00,United States,1998,663136,Technology,Electrical Products
MREO,Mereo BioPharma Group plc American Depositary Shares,$1.76,0.05,2.924%,273056268.00,United Kingdom,,2462591,Health Care,Biotechnology: Pharmaceutical Preparations
MRK,Merck & Company Inc. Common Stock (new),$81.61,2.30,2.90%,204925260557.00,United States,,10556434,Health Care,Biotechnology: Pharmaceutical Preparations
MRKR,Marker Therapeutics Inc. Common Stock,$1.58,0.05,3.268%,17877439.00,United States,,653715,Health Care,Biotechnology: Pharmaceutical Preparations
MRM,MEDIROM Healthcare Technologies Inc. American Depositary Share,$1.40,0.02,1.449%,11062730.00,Japan,2020,8680,Consumer Discretionary,Other Consumer Services
MRNA,Moderna Inc. Common Stock,$32.73,1.76,5.683%,12658059769.00,United States,2018,8223075,Health Care,Biotechnology: Biological Products (No Diagnostic Substances)
MRNO,Murano Global Investments PLC Ordinary Shares,$8.0475,0.2875,3.705%,638212910.00,Mexico,,10565,Consumer Discretionary,Hotels/Resorts
MRNOW,Murano Global Investments PLC Warrants,$0.211,0.0011,0.524%,16733510.00,Mexico,,11714,Consumer Discretionary,Hotels/Resorts
MRP,Millrose Properties Inc. Class A Common Stock,$31.22,0.29,0.938%,5182629176.00,United States,2025,1006922,Finance,Real Estate
MRSN,Mersana Therapeutics Inc. Common Stock,$0.3637,0.0044,1.225%,45328418.00,United States,2017,992616,Health Care,Biotechnology: Pharmaceutical Preparations
MRT,Marti Technologies Inc. Class A Ordinary Shares,$2.75,-0.02,-0.722%,209671987.00,,2021,26195,Consumer Discretionary,Rental/Leasing Companies
MRTN,Marten Transport Ltd. Common Stock,$12.96,0.11,0.856%,1056154775.00,United States,1986,651473,Industrials,Trucking Freight/Courier Services
MRUS,Merus N.V. Common Shares,$63.26,0.89,1.427%,4378450818.00,Netherlands,2016,646461,Health Care,Biotechnology: Pharmaceutical Preparations
MRVI,Maravai LifeSciences Holdings Inc. Class A Common Stock,$2.53,0.15,6.303%,644288578.00,United States,2020,1269437,Health Care,Biotechnology: Pharmaceutical Preparations
MRVL,Marvell Technology Inc. Common Stock,$71.99,-1.07,-1.465%,62069778000.00,United States,2000,12153973,Technology,Semiconductors
MRX,Marex Group plc Ordinary Shares,$38.06,-0.30,-0.782%,2675271121.00,United Kingdom,2024,951154,Finance,Investment Bankers/Brokers/Service
MS,Morgan Stanley Common Stock,$140.04,-0.43,-0.306%,224668854886.00,United States,,5256570,Finance,Investment Bankers/Brokers/Service
MS^A,Morgan Stanley Dep Shs repstg 1/1000 Pfd Ser A,$21.78,-0.12,-0.548%,,United States,,47856,,
MS^E,Morgan Stanley DEPOSITARY SHARES REP 1/1000TH SHARES FIXED/FLTG PREFERRED STOCK SERIES E,$25.45,0.00,0.00%,,United States,,29869,,
MS^F,Morgan Stanley Dep Shs Rpstg 1/1000th Int Prd Ser F Fxd to Flag,$25.26,0.06,0.238%,,United States,,30433,,
MS^I,Morgan Stanley Depository Shares Representing 1/1000th Preferred Series 1 Fixed to Floating Non (Cum),$25.05,-0.04,-0.159%,,United States,,48774,,
MS^K,Morgan Stanley Depositary Shares each representing 1/1000th of a share of Fixed-to-Floating Rate Non-Cumulative Preferred Stock  Series K,$24.02,-0.08,-0.332%,,United States,,60504,,
MS^L,Morgan Stanley Depositary Shares each representing 1/1000th of a share of 4.875% Non-Cumulative Preferred Stock Series L,$20.0691,-0.0709,-0.352%,,United States,,13648,,
MS^O,Morgan Stanley Depositary Shares each representing 1/1000th of a share of 4.250% Non-Cumulative Preferred Stock Series O,$17.42,-0.03,-0.172%,,United States,,101931,,
MS^P,Morgan Stanley Depositary Shares each representing 1/1000th of a share of 6.500% Non-Cumulative Preferred Stock Series P,$25.76,0.02,0.078%,,United States,,45718,,
MS^Q,Morgan Stanley Depositary Shares each representing 1/1000th of a share of 6.625% Non-Cumulative Preferred Stock Series Q,$25.875,-0.075,-0.289%,,United States,,38016,,
MSA,MSA Safety Incorporated Common Stock,$176.38,2.32,1.333%,6932773407.00,United States,2000,302938,Health Care,Industrial Specialties
MSAI,MultiSensor AI Holdings Inc. Common Stock,$0.7111,-0.0405,-5.389%,23776517.00,United States,2021,136272,Technology,Electronic Components
MSAIW,MultiSensor AI Holdings Inc. Warrant,$0.03,-0.005,-14.286%,1003088.00,United States,2021,39721,Technology,Electronic Components
MSB,Mesabi Trust Common Stock,$27.82,1.37,5.18%,364998678.00,United States,,67428,Industrials,Precious Metals
MSBI,Midland States Bancorp Inc. Common Stock,$18.49,-0.05,-0.27%,397814902.00,United States,2016,98762,Finance,Major Banks
MSBIP,Midland States Bancorp Inc. Depositary Shares Each Representing a 1/40th Interest in a Share of 7.750% Fixed-Rate Reset Non-Cumulative Perpetual Preferred Stock Series A,$23.70,-0.18,-0.754%,509908771.00,United States,,5049,Finance,Major Banks
MSC,Studio City International Holdings Limited American depositary shares each representing four  Class A ordinary shares,$5.00,0.072,1.461%,1053580575.00,,2018,707,Consumer Discretionary,Hotels/Resorts
MSCI,MSCI Inc. Common Stock,$526.48,-51.49,-8.909%,40734544688.00,United States,,2459153,Consumer Discretionary,Business Services
MSD,Morgan Stanley Emerging Markets Debt Fund Inc. Common Stock,$7.57,0.07,0.933%,0.00,United States,1993,105160,Finance,Trusts Except Educational Religious and Charitable
MSDL,Morgan Stanley Direct Lending Fund Common Stock,$19.79,0.19,0.969%,0.00,United States,2024,779581,,
MSEX,Middlesex Water Company Common Stock,$54.40,0.12,0.221%,974857683.00,United States,,249133,Utilities,Water Supply
MSFT,Microsoft Corporation Common Stock,$505.27,-4.79,-0.939%,3755441438669.00,United States,1986,13845275,Technology,Computer Software: Prepackaged Software
MSGE,Madison Square Garden Entertainment Corp. Class A Common Stock,$40.76,0.60,1.494%,1934463812.00,United States,2023,184087,Consumer Discretionary,Services-Misc. Amusement & Recreation
MSGM,Motorsport Games Inc. Class A Common Stock,$3.82,0.17,4.658%,22073679.00,United States,2021,57614,Technology,Computer Software: Prepackaged Software
MSGS,Madison Square Garden Sports Corp. Class A Common Stock (New),$204.94,0.32,0.156%,4922169608.00,United States,2015,148907,Consumer Discretionary,Services-Misc. Amusement & Recreation
MSGY,Masonglory Limited Ordinary Shares,$8.15,0.45,5.844%,,Hong Kong,2025,130724,,
MSI,Motorola Solutions Inc. Common Stock,$421.27,0.36,0.086%,70316621172.00,United States,,542549,Technology,Radio And Television Broadcasting And Communications Equipment
MSIF,MSC Income Fund Inc. Common Stock,$16.69,0.03,0.18%,786914907.00,,2025,20250,Finance,Finance/Investors Services
MSM,MSC Industrial Direct Company Inc. Common Stock,$87.13,1.16,1.349%,4851030537.00,United States,1995,515092,Industrials,Industrial Machinery/Components
MSN,Emerson Radio Corporation Common Stock,$0.433,0.0129,3.071%,9111468.00,United States,1994,59181,Consumer Staples,Consumer Electronics/Appliances
MSPR,MSP Recovery Inc. Class A Common Stock,$1.07,0.0845,8.574%,8820723.00,United States,2020,310496,Technology,EDP Services
MSPRW,MSP Recovery Inc. Warrant,$0.0028,-0.0001,-3.448%,23082.00,United States,,350908,Technology,EDP Services
MSPRZ,MSP Recovery Inc. Warrant,$0.0258,0.0058,29.00%,212687.00,United States,2020,3025,Technology,EDP Services
MSS,Maison Solutions Inc. Class A Common Stock,$0.905,-0.015,-1.63%,17819881.00,United States,2023,18990,Consumer Staples,Food Chains
MSTR,MicroStrategy Incorporated Common Stock Class A,$426.40,0.12,0.028%,119111467602.00,United States,1998,10494264,Technology,Computer Software: Prepackaged Software
MSW,Ming Shing Group Holdings Limited Ordinary Shares,$3.00,0.0357,1.204%,38250000.00,Hong Kong,2024,313394,Consumer Discretionary,Engineering & Construction
MT,Arcelor Mittal NY Registry Shares NEW,$34.24,0.60,1.784%,26315036337.00,Luxembourg,,1205333,Industrials,Steel/Iron Ore
MTA,Metalla Royalty & Streaming Ltd. Common Shares,$4.29,0.13,3.125%,396931289.00,,,531121,Basic Materials,Precious Metals
MTAL,MAC Copper Limited Ordinary Shares,$12.08,0.04,0.332%,996141371.00,United States,,656273,Basic Materials,Metal Mining
MTB,M&T Bank Corporation Common Stock,$196.78,1.49,0.763%,31586346548.00,United States,,1453909,Finance,Major Banks
MTB^H,M&T Bank Corporation Perpetual Fixed-to-Floating Rate Non-Cumulative Preferred Stock Series H,$24.6636,-0.0264,-0.107%,,United States,,30872,,
MTB^J,M&T Bank Corporation Depositary Shares each representing a 1/400th ownership interest in a share of Perpetual 7.500% Non-Cumulative Preferred Stock Series J,$26.33,0.01,0.038%,,United States,,55007,,
MTC,MMTec Inc. Common Shares,$0.90,0.0198,2.249%,22668178.00,China,2019,44330,Technology,Computer Software: Prepackaged Software
MTCH,Match Group Inc. Common Stock,$33.82,1.15,3.52%,8293520390.00,United States,,5408103,Technology,Computer Software: Programming Data Processing
MTD,Mettler-Toledo International Inc. Common Stock,$1218.96,52.48,4.499%,25333384823.00,Switzerland,1997,166334,Industrials,Biotechnology: Laboratory Analytical Instruments
MTDR,Matador Resources Company Common Stock,$50.92,1.06,2.126%,6375323826.00,United States,2012,2609707,Energy,Oil & Gas Production
MTEK,Maris-Tech Ltd. Ordinary Shares,$3.36,-0.10,-2.89%,26824778.00,Israel,2022,17656,Telecommunications,Telecommunications Equipment
MTEKW,Maris-Tech Ltd. Warrants,$0.3332,0.00,0.00%,2660124.00,Israel,2022,36,Telecommunications,Telecommunications Equipment
MTEN,Mingteng International Corporation Inc. Ordinary Shares,$17.73,-3.57,-16.761%,121266108.00,China,2024,447038,Industrials,Building Products
MTEX,Mannatech Incorporated Common Stock,$8.33,0.25,3.094%,15834747.00,United States,,5272,Health Care, Medicinal Chemicals and Botanical Products 
MTG,MGIC Investment Corporation Common Stock,$25.72,0.23,0.902%,6106890777.00,United States,1991,2573618,Finance,Property-Casualty Insurers
MTH,Meritage Homes Corporation Common Stock,$75.37,5.42,7.748%,5413846847.00,United States,,1498358,Consumer Discretionary,Homebuilding
MTLS,Materialise NV American Depositary Shares,$6.06,0.05,0.832%,357947147.00,Belgium,2014,54165,Technology,Computer Software: Prepackaged Software
MTN,Vail Resorts Inc. Common Stock,$164.79,5.28,3.31%,6122344490.00,United States,1997,560398,Consumer Discretionary,Services-Misc. Amusement & Recreation
MTNB,Matinas Biopharma Holdings Inc. Common Stock,$0.9502,-0.0133,-1.38%,4833653.00,United States,2017,42498,Health Care,Biotechnology: Pharmaceutical Preparations
MTR,Mesa Royalty Trust Common Stock,$5.55,0.00,0.00%,10342925.00,United States,,3049,Energy,Oil & Gas Production
MTRN,Materion Corporation,$96.30,1.10,1.155%,2004413045.00,United States,,251461,Industrials,Industrial Specialties
MTRX,Matrix Service Company Common Stock,$14.69,0.16,1.101%,405598230.00,United States,1990,146444,Consumer Discretionary,Engineering & Construction
MTSI,MACOM Technology Solutions Holdings Inc. Common Stock,$136.76,-3.82,-2.717%,10173668166.00,United States,2012,413815,Technology,Semiconductors
MTSR,Metsera Inc. Common Stock,$39.45,-0.46,-1.153%,4144440974.00,United States,2025,894213,Health Care,Biotechnology: Pharmaceutical Preparations
MTUS,Metallus Inc. Common Shares,$16.83,0.37,2.248%,707251600.00,United States,2014,316658,Industrials,Steel/Iron Ore
MTVA,MetaVia Inc. Common Stock,$0.70,0.0199,2.926%,13694950.00,United States,2016,24320,Health Care,Biotechnology: Pharmaceutical Preparations
MTW,Manitowoc Company Inc. (The) Common Stock,$12.63,0.37,3.018%,447650938.00,United States,,254614,Industrials,Construction/Ag Equipment/Trucks
MTX,Minerals Technologies Inc. Common Stock,$59.94,0.93,1.576%,1902026150.00,United States,1992,266288,Industrials,Major Chemicals
MTZ,MasTec Inc. Common Stock,$173.89,-1.44,-0.821%,13720399545.00,United States,,742443,Industrials,Water Sewer Pipeline Comm & Power Line Construction
MU,Micron Technology Inc. Common Stock,$109.22,-4.01,-3.541%,122230843531.00,United States,,27853603,Technology,Semiconductors
MUA,Blackrock MuniAssets Fund Inc Common Stock,$10.13,0.00,0.00%,1506963831.00,United States,1993,142374,Finance,Investment Bankers/Brokers/Service
MUC,Blackrock MuniHoldings California Quality Fund Inc.  Common Stock,$10.05,-0.04,-0.396%,1495062834.00,United States,1998,219365,Finance,Investment Bankers/Brokers/Service
MUE,Blackrock MuniHoldings Quality Fund II Inc. Common Stock,$9.29,-0.02,-0.215%,1382003356.00,United States,,77559,Finance,Investment Bankers/Brokers/Service
MUFG,Mitsubishi UFJ Financial Group Inc. Common Stock,$13.68,0.23,1.71%,165086285386.00,Japan,,4784416,Finance,Commercial Banks
MUJ,Blackrock MuniHoldings New Jersey Quality Fund Inc. Common Stock,$10.73,0.00,0.00%,1596221314.00,United States,1998,187676,Finance,Investment Bankers/Brokers/Service
MULN,Mullen Automotive Inc.,$0.078,0.0005,0.645%,62295.00,United States,,101753438,,
MUR,Murphy Oil Corporation Common Stock,$25.30,0.97,3.987%,3610716369.00,United States,,2095676,Energy,Oil & Gas Production
MURA,Mural Oncology plc Ordinary Shares ,$2.45,-0.03,-1.21%,42308758.00,Ireland,,125435,Health Care,Biotechnology: Pharmaceutical Preparations
MUSA,Murphy USA Inc. Common Stock,$435.43,13.25,3.138%,8604812647.00,United States,2013,307897,Consumer Discretionary,Retail-Auto Dealers and Gas Stations
MUX,McEwen Inc. Common Stock,$11.64,0.31,2.736%,628416479.00,Canada,,607711,Basic Materials,Precious Metals
MVBF,MVB Financial Corp. Common Stock,$24.71,0.03,0.122%,321099927.00,United States,,33343,Finance,Major Banks
MVF,Blackrock MuniVest Fund Inc. Common Stock,$6.50,0.06,0.932%,966956062.00,United States,1988,122669,Finance,Investment Bankers/Brokers/Service
MVIS,MicroVision Inc. Common Stock,$1.44,-0.02,-1.37%,358936636.00,United States,1996,7083989,Technology,Industrial Machinery/Components
MVO,MV Oil Trust Units of Beneficial Interests,$6.03,0.13,2.203%,69345000.00,United States,2007,194088,Energy,Oil & Gas Production
MVST,Microvast Holdings Inc. Common Stock,$3.31,0.01,0.303%,1076879998.00,United States,2019,5051515,Miscellaneous,Industrial Machinery/Components
MVSTW,Microvast Holdings Inc. Warrants,$0.3349,0.0099,3.046%,108956831.00,United States,2019,41506,Miscellaneous,Industrial Machinery/Components
MVT,Blackrock MuniVest Fund II Inc.  Common Stock,$9.97,0.02,0.201%,1483161836.00,United States,1993,5203,Finance,Investment Bankers/Brokers/Service
MWA,MUELLER WATER PRODUCTS Common Stock,$24.40,-0.18,-0.732%,3822931830.00,United States,2006,1372027,Industrials,Metal Fabrications
MWG,Multi Ways Holdings Limited Ordinary Shares,$0.2678,0.0021,0.79%,8925774.00,,2023,20574,Consumer Discretionary,Miscellaneous manufacturing industries
MWYN,Marwynn Holdings Inc. Common stock,$1.22,-0.03,-2.40%,20805885.00,United States,2025,107375,Consumer Discretionary,Food Distributors
MX,Magnachip Semiconductor Corporation Common Stock,$4.25,-0.15,-3.409%,153270321.00,Luxembourg,2011,152455,Technology,Semiconductors
MXC,Mexco Energy Corporation Common Stock,$8.06,-0.1478,-1.801%,16490760.00,United States,2003,1497,Energy,Oil & Gas Production
MXCT,MaxCyte Inc. Common Stock,$2.24,0.14,6.667%,238372711.00,United States,2021,530735,Health Care,Biotechnology: Commercial Physical & Biological Resarch
MXE,Mexico Equity and Income Fund Inc. (The) Common Stock,$10.4108,-0.1492,-1.413%,0.00,United States,,13567,Finance,Finance Companies
MXF,Mexico Fund Inc. (The) Common Stock,$16.97,-0.05,-0.294%,0.00,United States,,80680,Finance,Trusts Except Educational Religious and Charitable
MXL,MaxLinear Inc. Common Stock,$15.44,-0.48,-3.015%,1333611781.00,United States,2010,1549120,Technology,Semiconductors
MYD,Blackrock MuniYield Fund Inc.  Common Stock,$9.87,0.03,0.305%,1468285589.00,United States,1991,203231,Finance,Investment Bankers/Brokers/Service
MYE,Myers Industries Inc. Common Stock,$14.97,0.47,3.241%,559612896.00,United States,1983,226493,Industrials,Plastic Products
MYFW,First Western Financial Inc. Common Stock,$24.62,0.22,0.902%,239193936.00,United States,2018,46523,Finance,Major Banks
MYGN,Myriad Genetics Inc. Common Stock,$4.59,0.14,3.146%,423094188.00,United States,1995,1224261,Health Care,Biotechnology: In Vitro & In Vivo Diagnostic Substances
MYI,Blackrock MuniYield Quality Fund III Inc Common Stock,$10.24,0.03,0.294%,1523327703.00,United States,,155178,Finance,Investment Bankers/Brokers/Service
MYN,Blackrock MuniYield New York Quality Fund Inc.Common Stock,$9.22,0.00,0.00%,0.00,United States,1992,70376,Finance,Finance Companies
MYND,Mynd.ai Inc. American Depositary Shares,$0.8599,0.0299,3.602%,39252528.00,,2017,6407,Real Estate,Other Consumer Services
MYNZ,Mainz Biomed N.V. Ordinary Shares,$1.99,-0.14,-6.573%,6047317.00,Germany,2021,119042,Health Care,Biotechnology: Pharmaceutical Preparations
MYO,Myomo Inc. Common Stock,$2.11,0.01,0.476%,75915525.00,United States,2017,331653,Health Care,Industrial Specialties
MYPS,PLAYSTUDIOS Inc.  Class A Common Stock,$1.25,0.02,1.626%,156354959.00,United States,2020,614015,Technology,Computer Software: Prepackaged Software
MYPSW,PLAYSTUDIOS Inc. Warrant,$0.0145,0.001,7.407%,1813718.00,United States,2020,51117,Technology,Computer Software: Prepackaged Software
MYRG,MYR Group Inc. Common Stock,$184.90,-5.76,-3.021%,2870172007.00,United States,2008,206612,Industrials,Water Sewer Pipeline Comm & Power Line Construction
MYSZ,My Size Inc. Common Stock,$1.415,0.085,6.391%,4390853.00,Israel,,384693,Technology,Computer Software: Prepackaged Software
MZTI,The Marzetti Company Common Stock,$182.85,2.68,1.487%,5040991650.00,United States,,123995,Consumer Staples,Packaged Foods
NA,Nano Labs Ltd Class A Ordinary Shares,$7.49,0.01,0.134%,213998438.00,China,2022,391995,Technology,Semiconductors
NAAS,NaaS Technology Inc. American Depositary Shares,$0.7137,0.0592,9.045%,6667490.00,China,2017,438214,Consumer Discretionary,Other Specialty Stores
NABL,N-able Inc. Common Stock,$8.05,0.04,0.499%,1521929257.00,United States,2021,635420,Technology,Computer Software: Prepackaged Software
NAC,Nuveen California Quality Municipal Income Fund,$10.97,0.01,0.091%,0.00,United States,1999,213782,Finance,Investment Managers
NAD,Nuveen Quality Municipal Income Fund Common Stock,$11.12,0.04,0.361%,0.00,United States,1999,588137,Finance,Investment Managers
NAGE,Niagen Bioscience Inc. Common Stock,$9.45,-0.23,-2.376%,744373306.00,United States,,1354243,Health Care, Medicinal Chemicals and Botanical Products 
NAII,Natural Alternatives International Inc. Common Stock,$3.47,0.11,3.274%,21440776.00,United States,,10771,Health Care, Medicinal Chemicals and Botanical Products 
NAK,Northern Dynasty Minerals Ltd. Common Stock,$0.8745,-0.0306,-3.381%,470266119.00,Canada,,23886421,Basic Materials,Precious Metals
NAKA,Kindly MD Inc. Common Stock,$11.17,0.22,2.009%,67267393.00,United States,2024,260913,Health Care,Medical/Nursing Services
NAKAW,Kindly MD Inc. Warrants,$9.00,-0.20,-2.174%,54199332.00,United States,2024,1106,Health Care,Medical/Nursing Services
NAMI,Jinxin Technology Holding Company American Depositary Shares,$1.04,0.01,0.971%,71101876.00,China,2024,41141,Real Estate,Other Consumer Services
NAMM,Namib Minerals Ordinary Shares,$8.50,-0.09,-1.048%,456258147.00,Cayman Islands,,22138,Basic Materials,Precious Metals
NAMMW,Namib Minerals Warrants,$0.2428,0.0028,1.167%,13032880.00,Cayman Islands,,802,Basic Materials,Precious Metals
NAMS,NewAmsterdam Pharma Company N.V. Ordinary Shares,$22.93,0.37,1.64%,2574366624.00,Netherlands,,1186001,Health Care,Biotechnology: Pharmaceutical Preparations
NAMSW,NewAmsterdam Pharma Company N.V. Warrant,$11.27,-0.1314,-1.152%,1265290530.00,Netherlands,,1303,Health Care,Biotechnology: Pharmaceutical Preparations
NAN,Nuveen New York Quality Municipal Income Fund Common Stock,$11.17,0.00,0.00%,3376867486.00,United States,1999,45622,Finance,Investment Managers
NAOV,NanoVibronix Inc. Common Stock,$0.925,-0.0567,-5.776%,2390972.00,United States,,1264632,Health Care,Industrial Specialties
NAT,Nordic American Tankers Limited Common Stock,$2.70,0.02,0.746%,571726790.00,Bermuda,1995,1133666,Consumer Discretionary,Marine Transportation
NATH,Nathan's Famous Inc. Common Stock,$97.68,-0.46,-0.469%,399463337.00,United States,1993,32967,Consumer Discretionary,Restaurants
NATL,NCR Atleos Corporation Common Stock,$26.85,-0.47,-1.72%,1972249190.00,United States,2023,591954,Miscellaneous,Office Equipment/Supplies/Services
NATR,Nature's Sunshine Products Inc. Common Stock,$14.97,0.17,1.149%,274711491.00,United States,,56104,Health Care,Biotechnology: Pharmaceutical Preparations
NAUT,Nautilus Biotechnolgy Inc. Common Stock,$0.735,0.008,1.10%,117851751.00,United States,2020,105303,Industrials,Biotechnology: Laboratory Analytical Instruments
NAVI,Navient Corporation Common Stock,$14.13,-0.14,-0.981%,1431856174.00,United States,,875199,Finance,Investment Bankers/Brokers/Service
NAZ,Nuveen Arizona Quality Municipal Income Fund Common Stock,$11.755,0.055,0.47%,0.00,United States,1992,47557,Finance,Finance/Investors Services
NB,NioCorp Developments Ltd. Common Stock,$3.16,-0.12,-3.659%,119732400.00,United States,,1515671,Basic Materials,Metal Mining
NBB,Nuveen Taxable Municipal Income Fund Common Shares of Beneficial Interest,$15.71,0.08,0.512%,0.00,United States,2010,31858,Finance,Finance Companies
NBBK,NB Bancorp Inc. Common Stock,$18.47,-0.07,-0.378%,749336082.00,United States,2023,205872,Finance,Banks
NBH,Neuberger Berman Municipal Fund Inc. Common Stock,$9.83,0.02,0.204%,0.00,United States,2002,70173,Finance,Finance/Investors Services
NBHC,National Bank Holdings Corporation Common Stock,$39.21,-0.42,-1.06%,1509735802.00,United States,2012,271081,Finance,Major Banks
NBIS,Nebius Group N.V. Class A Ordinary Shares,$51.01,-1.36,-2.597%,12145931469.00,Netherlands,2011,9894606,Technology,Computer Software: Programming Data Processing
NBIX,Neurocrine Biosciences Inc. Common Stock,$132.75,0.92,0.698%,13137712605.00,United States,1996,575505,Health Care,Biotechnology: Biological Products (No Diagnostic Substances)
NBN,Northeast Bank Common Stock,$95.43,0.46,0.484%,775845900.00,United States,,118644,Finance,Major Banks
NBR,Nabors Industries Ltd.,$32.26,1.82,5.979%,506468031.00,Bermuda,1951,515076,Energy,Oil & Gas Production
NBTB,NBT Bancorp Inc. Common Stock,$42.45,-0.49,-1.141%,2006090341.00,United States,,197582,Finance,Major Banks
NBTX,Nanobiotix S.A. American Depositary Shares,$5.09,-0.02,-0.391%,241402672.00,France,2020,2878,Health Care,Biotechnology: Pharmaceutical Preparations
NBXG,Neuberger Berman Next Generation Connectivity Fund Inc. Common Stock,$14.72,-0.15,-1.009%,0.00,United States,2021,150313,Finance,Trusts Except Educational Religious and Charitable
NBY,NovaBay Pharmaceuticals Inc. Common Stock,$0.6411,-0.0114,-1.747%,3728768.00,United States,2007,10223,Health Care,Biotechnology: Pharmaceutical Preparations
NC,NACCO Industries Inc. Common Stock,$39.68,-0.62,-1.538%,295303718.00,United States,,6720,Energy,Coal Mining
NCA,Nuveen California Municipal Value Fund,$8.46,-0.03,-0.353%,0.00,United States,,101699,Finance,Investment Managers
NCDL,Nuveen Churchill Direct Lending Corp. Common Stock,$16.88,0.01,0.059%,848749424.00,,2024,125680,,
NCEW,New Century Logistics (BVI) Limited Ordinary Shares,$0.8243,-0.0085,-1.021%,17722450.00,Hong Kong,2024,128757,Consumer Discretionary,Oil Refining/Marketing
NCI,Neo-Concept International Group Holdings Limited Class A Ordinary Shares,$2.084,-0.016,-0.762%,8469376.00,Hong Kong,2024,38986,Consumer Discretionary,Apparel
NCL,Northann Corp. Common Stock,$0.1899,0.0076,4.169%,18128690.00,,2023,1866488,Industrials,Plastic Products
NCLH,Norwegian Cruise Line Holdings Ltd. Ordinary Shares,$23.60,0.41,1.768%,10544638757.00,United States,,17009036,Consumer Discretionary,Marine Transportation
NCMI,National CineMedia Inc. Common Stock,$5.02,0.11,2.24%,473408028.00,United States,2007,546188,Consumer Discretionary,Advertising
NCNA,NuCana plc American Depositary Share,$0.053,0.002,3.922%,452084.00,United Kingdom,2017,246570084,Health Care,Biotechnology: Pharmaceutical Preparations
NCNO,nCino Inc. Common Stock,$31.23,0.40,1.297%,3620855418.00,United States,2020,1432105,Technology,Computer Software: Prepackaged Software
NCPL,Netcapital Inc. Common Stock,$3.12,0.11,3.654%,6839184.00,United States,,202518,Finance,Finance: Consumer Services
NCPLW,Netcapital Inc. Warrants,$0.03,-0.003,-9.091%,65761.00,United States,,500,Finance,Finance: Consumer Services
NCRA,Nocera Inc. Common Stock,$1.49,0.285,23.651%,21407633.00,Taiwan,,149075,Consumer Staples,Farming/Seeds/Milling
NCSM,NCS Multistage Holdings Inc. Common Stock,$29.65,-1.42,-4.57%,75336173.00,United States,2017,3611,Energy,Oilfield Services/Equipment
NCT,Intercont (Cayman) Limited Ordinary shares,$3.718,0.078,2.143%,99921254.00,China,2025,14211,Consumer Discretionary,Restaurants
NCTY,The9 Limited American Depository Shares,$9.49,0.10,1.065%,133452005.00,China,2004,15308,Finance,Finance: Consumer Services
NCV,Virtus Convertible & Income Fund Common Shares of Beneficial Interest,$14.35,0.02,0.14%,1296860715.00,United States,2003,118865,Finance,Finance Companies
NCV^A,Virtus Convertible & Income Fund 5.625% Series A Cumulative Preferred Shares,$21.94,-0.01,-0.046%,,United States,,1737,,
NCZ,Virtus Convertible & Income Fund II Common Shares of Beneficial Interest,$13.06,-0.19,-1.434%,994071682.00,United States,2003,128357,Finance,Finance Companies
NCZ^A,Virtus Convertible & Income Fund II 5.50% Series A Cumulative Preferred Shares,$20.74,-0.0872,-0.419%,,United States,,6152,,
NDAQ,Nasdaq Inc. Common Stock,$88.93,-0.31,-0.347%,51056635667.00,United States,,2455170,Finance,Investment Bankers/Brokers/Service
NDLS,Noodles & Company Class A Common Stock,$0.946,0.036,3.956%,43462683.00,United States,2013,121880,Consumer Discretionary,Restaurants
NDMO,Nuveen Dynamic Municipal Opportunities Fund Common Shares of Beneficial Interest,$9.92,-0.02,-0.201%,589895121.00,,2020,87781,Finance,Trusts Except Educational Religious and Charitable
NDRA,ENDRA Life Sciences Inc. Common Stock,$6.50,0.06,0.932%,4799405.00,United States,2017,49783,Health Care,Biotechnology: Electromedical & Electrotherapeutic Apparatus
NDSN,Nordson Corporation Common Stock,$218.30,4.00,1.867%,12335902912.00,United States,,282735,Industrials,Industrial Machinery/Components
NE,Noble Corporation plc A Ordinary Shares,$27.30,0.62,2.324%,4334788977.00,United States,2022,2086911,Energy,Oil & Gas Production
NEA,Nuveen AMT-Free Quality Municipal Income Fund Common Shares of Beneficial Interest Par Value $.01,$10.68,0.04,0.376%,0.00,United States,2002,913524,Finance,Finance/Investors Services
NECB,NorthEast Community Bancorp Inc. Common Stock,$23.33,-0.20,-0.85%,327165362.00,United States,2021,24325,Finance,Banks
NEE,NextEra Energy Inc. Common Stock,$77.54,1.37,1.799%,159626256037.00,United States,,9027497,Technology,EDP Services
NEE^N,NextEra Energy Inc. Series N Junior Subordinated Debentures due March 1 2079,$22.32,-0.04,-0.179%,,United States,,27862,,
NEE^R,NextEra Energy Inc. 6.926% Corporate Units,$44.38,0.66,1.51%,,United States,,870328,,
NEE^S,NextEra Energy Inc. 7.299% Corporate Units,$51.23,0.63,1.245%,,United States,,435647,,
NEE^T,NextEra Energy Inc. 7.234% Corporate Units,$48.04,0.50,1.052%,,United States,,10054,,
NEE^U,NextEra Energy Inc. Series U Junior Subordinated Debentures due June 1 2085,$25.24,0.02,0.079%,,United States,,176866,,
NEGG,Newegg Commerce Inc. Common Shares,$30.53,4.19,15.907%,594987385.00,China,2010,1008299,Consumer Discretionary,Other Specialty Stores
NEHC,New Era Helium Inc Common Stock,$0.507,0.0118,2.383%,7338344.00,United States,,1262274,Energy,Oil & Gas Production
NEHCW,New Era Helium Inc Warrants,$0.065,-0.0151,-18.851%,940813.00,United States,,147474,Energy,Oil & Gas Production
NEM,Newmont Corporation,$61.70,1.84,3.074%,68671910828.00,United States,,9360430,Basic Materials,Precious Metals
NEN,New England Realty Associates Limited Partnership Class A Depositary Receipts Evidencing Units of Limited Partnership,$73.00,-0.25,-0.341%,205922707.00,United States,,1221,Real Estate,Building operators
NEO,NeoGenomics Inc. Common Stock,$6.42,0.21,3.382%,826218709.00,United States,,2119606,Health Care,Precision Instruments
NEOG,Neogen Corporation Common Stock,$5.02,0.24,5.021%,1089532100.00,United States,1989,3988437,Health Care,Biotechnology: In Vitro & In Vivo Diagnostic Substances
NEON,Neonode Inc. Common Stock,$28.67,0.90,3.241%,481166374.00,Sweden,,218909,Technology,Industrial Machinery/Components
NEOV,NeoVolta Inc. Common Stock,$4.87,0.40,8.949%,166188132.00,United States,,386963,Miscellaneous,Industrial Machinery/Components
NEOVW,NeoVolta Inc. Warrant,$1.77,0.295,20.00%,60401025.00,United States,,947,Miscellaneous,Industrial Machinery/Components
NEPH,Nephros Inc. Common Stock,$3.51,-0.06,-1.681%,37207229.00,United States,,9905,Health Care,Medical/Dental Instruments
NERV,Minerva Neurosciences Inc Common Stock,$1.98,0.0391,2.015%,13846944.00,United States,2014,9011,Health Care,Biotechnology: Pharmaceutical Preparations
NESR,National Energy Services Reunited Corp Ordinary Shares,$6.02,-0.06,-0.987%,578196053.00,United States,,971950,Energy,Oilfield Services/Equipment
NET,Cloudflare Inc. Class A Common Stock,$190.55,-7.21,-3.646%,66046608100.00,United States,2019,3958271,Technology,Computer Software: Prepackaged Software
NETD,Nabors Energy Transition Corp. II Class A Ordinary Shares,$11.19,-0.01,-0.089%,0.00,United States,2023,923524,,
NETDW,Nabors Energy Transition Corp. II Warrant,$0.25,0.00,0.00%,0.00,United States,2023,1310,,
NEU,NewMarket Corp Common Stock,$726.04,1.04,0.143%,6849828736.00,United States,,75422,Industrials,Major Chemicals
NEUE,NeueHealth Inc. Common Stock,$6.85,0.0147,0.215%,61155142.00,United States,2021,4626,Health Care,Medical Specialities
NEUP,Neuphoria Therapeutics Inc. Common Stock,$7.70,0.00,0.00%,14475707.00,United States,2021,30374,,
NEWP,New Pacific Metals Corp. Common Shares,$1.81,0.08,4.624%,310868946.00,Canada,2021,260338,Basic Materials,Precious Metals
NEWT,NewtekOne Inc. Common Stock,$11.69,0.21,1.829%,307938296.00,United States,,172978,Finance,Major Banks
NEWTG,NewtekOne Inc. 8.50% Fixed Rate Senior Notes due 2029,$25.09,0.00,0.00%,660921457.00,United States,,45,Finance,Major Banks
NEWTH,NewtekOne Inc. 8.625% Fixed Rate Senior Notes due 2029,$24.95,0.113,0.455%,0.00,United States,,2288,Finance,Major Banks
NEWTI,NewtekOne Inc. 8.00% Fixed Rate Senior Notes due 2028,$25.135,0.00,0.00%,662106849.00,United States,,121,Finance,Major Banks
NEWTZ,NewtekOne Inc. 5.50% Notes Due 2026,$24.79,0.04,0.162%,643648700.00,United States,,6216,Finance,Major Banks
NEXA,Nexa Resources S.A. Common Shares,$4.84,-0.11,-2.222%,641002877.00,Luxembourg,2017,29044,Basic Materials,Metal Mining
NEXM,NexMetals Mining Corp. Common Shares,$5.80,-0.10,-1.695%,0.00,Canada,,191836,,
NEXN,Nexxen International Ltd. Ordinary Shares,$10.81,0.22,2.077%,708732463.00,Israel,2021,457620,Technology,Computer Software: Programming Data Processing
NEXT,NextDecade Corporation Common Stock,$11.09,-0.33,-2.89%,2893094401.00,United States,2015,2359376,Utilities,Oil & Gas Production
NFBK,Northfield Bancorp Inc. Common Stock (Delaware),$11.32,-0.06,-0.527%,482527305.00,United States,2007,133046,Finance,Savings Institutions
NFE,New Fortress Energy Inc. Class A Common Stock,$4.08,-0.10,-2.392%,1118729048.00,United States,2019,8694483,Utilities,Oil/Gas Transmission
NFG,National Fuel Gas Company Common Stock,$88.51,-0.07,-0.079%,7997053396.00,United States,,606807,Utilities,Oil/Gas Transmission
NFGC,New Found Gold Corp Common Shares,$1.74,0.09,5.455%,349318910.00,,2021,1492910,Basic Materials,Precious Metals
NFJ,Virtus Dividend Interest & Premium Strategy Fund Common Shares of Beneficial Interest,$12.77,0.10,0.789%,0.00,United States,2005,168329,Finance,Finance: Consumer Services
NFLX,Netflix Inc. Common Stock,$1190.08,-43.19,-3.502%,505696345848.00,United States,2002,5046632,Consumer Discretionary,Consumer Electronics/Video Chains
NG,Novagold Resources Inc.,$6.11,0.26,4.444%,2486144623.00,Canada,2003,5143794,Basic Materials,Precious Metals
NGD,New Gold Inc.,$4.54,0.05,1.114%,3592956000.00,Canada,,14488913,Basic Materials,Metal Mining
NGG,National Grid Transco PLC National Grid PLC (NEW) American Depositary Shares,$74.28,1.75,2.413%,72821425590.00,United Kingdom,,1167276,Utilities,Natural Gas Distribution
NGL,NGL ENERGY PARTNERS LP Common Units representing Limited Partner Interests,$4.34,0.04,0.93%,572935404.00,United States,2011,836582,Utilities,Natural Gas Distribution
NGL^B,NGL ENERGY PARTNERS LP 9.00% Class B Fixed-to-Floating Rate Cumulative Redeemable Perpetual Preferred Units representing limited partnership interests,$22.02,0.21,0.963%,,United States,,9498,,
NGL^C,NGL ENERGY PARTNERS LP 9.625% Class C Fixed-to-Floating Rate Cumulative  Redeemable Perpetual Preferred Units representing  limited partner interests,$22.375,-0.055,-0.245%,,United States,,3686,,
NGNE,Neurogene Inc. Common Stock ,$21.94,0.28,1.293%,312909728.00,Canada,2014,113989,Health Care,Biotechnology: Pharmaceutical Preparations
NGS,Natural Gas Services Group Inc. Common Stock,$24.05,0.18,0.754%,301344792.00,United States,2002,44265,Energy,Oilfield Services/Equipment
NGVC,Natural Grocers by Vitamin Cottage Inc. Common Stock,$40.08,0.49,1.238%,919851230.00,United States,2012,238017,Consumer Staples,Food Chains
NGVT,Ingevity Corporation Common Stock ,$46.31,0.13,0.282%,1688688685.00,United States,2016,229617,Industrials,Major Chemicals
NHC,National HealthCare Corporation Common Stock,$96.21,-1.10,-1.13%,1488463852.00,United States,1986,42477,Health Care,Hospital/Nursing Management
NHI,National Health Investors Inc. Common Stock,$71.20,1.05,1.497%,3324589375.00,United States,,175235,Real Estate,Real Estate Investment Trusts
NHIC,NewHold Investment Corp III Class A Ordinary Shares,$10.19,0.00,0.00%,0.00,United States,2025,14,,
NHICU,NewHold Investment Corp III Units,$10.32,0.00,0.00%,0.00,United States,2025,69,Finance,Blank Checks
NHICW,NewHold Investment Corp III Warrants,$0.325,0.00,0.00%,0.00,United States,2025,20,,
NHPAP,National Healthcare Properties Inc. 7.375% Series A Cumulative Redeemable Perpetual Preferred Stock,$16.32,0.09,0.555%,461797884.00,United States,,10389,Real Estate,Real Estate Investment Trusts
NHPBP,National Healthcare Properties Inc. 7.125% Series B Cumulative Redeemable Perpetual Preferred Stock,$16.15,0.23,1.445%,456987490.00,United States,,5511,Real Estate,Real Estate Investment Trusts
NHS,Neuberger Berman High Yield Strategies Fund,$7.39,-0.01,-0.135%,0.00,United States,,187563,Finance,Trusts Except Educational Religious and Charitable
NHTC,Natural Health Trends Corp. Common Stock,$4.65,0.07,1.528%,53535799.00,United States,,19016,Consumer Discretionary,Consumer Specialties
NI,NiSource Inc Common Stock,$42.09,0.37,0.887%,19811885650.00,United States,,4397487,Utilities,Power Generation
NIC,Nicolet Bankshares Inc. Common Stock,$137.31,-1.30,-0.938%,2070523991.00,United States,2022,81575,Finance,Major Banks
NICE,NICE Ltd American Depositary Shares,$158.88,3.41,2.193%,10049135056.00,Israel,,448913,Technology,Computer Software: Prepackaged Software
NIE,Virtus Equity & Convertible Income Fund Common Shares of Beneficial Interest,$24.04,-0.09,-0.373%,666123519.00,United States,2007,57624,Finance,Investment Managers
NIM,Nuveen Select Maturities Municipal Fund Common Stock,$9.0299,-0.0251,-0.277%,0.00,United States,1992,30302,Finance,Trusts Except Educational Religious and Charitable
NINE,Nine Energy Service Inc. Common Stock,$0.7729,0.0129,1.697%,32731266.00,United States,2018,445449,Energy,Oilfield Services/Equipment
NIO,NIO Inc. American depositary shares each  representing one Class A ordinary share,$5.01,0.49,10.841%,11252412896.00,United States,2018,132572792,Consumer Discretionary,Auto Manufacturing
NIOBW,NioCorp Developments Ltd. Warrant,$0.6116,-0.0083,-1.339%,23173524.00,United States,,24397,Basic Materials,Metal Mining
NIPG,NIP Group Inc. American Depositary Shares,$2.27,0.05,2.252%,128705109.00,Sweden,2024,71525,Consumer Discretionary,Services-Misc. Amusement & Recreation
NISN,NiSun International Enterprise Development Group Co. Ltd. Class A Common Shares,$4.09,-0.07,-1.683%,19625284.00,China,2016,11424,Industrials,Metal Fabrications
NITO,N2OFF Inc. Common Stock,$0.254,-0.0045,-1.741%,6707864.00,Israel,,1028910,Industrials,Agricultural Chemicals
NIU,Niu Technologies American Depositary Shares,$3.80,0.20,5.556%,296263094.00,China,2018,786697,Consumer Discretionary,Auto Manufacturing
NIVF,NewGenIvf Group Limited Class A Ordinary Shares,$0.5541,0.0151,2.801%,2396241.00,Singapore,,221384,Health Care,Misc Health and Biotechnology Services
NIVFW,NewGenIvf Group Limited Warrants,$0.023,0.00,0.00%,99465.00,Singapore,,101,Health Care,Misc Health and Biotechnology Services
NIXX,Nixxy Inc. Common Stock,$2.04,-0.01,-0.488%,39096184.00,United States,,119648,Technology,EDP Services
NIXXW,Nixxy Inc. Warrant,$0.0356,-0.0083,-18.907%,682267.00,United States,,1300,Technology,EDP Services
NJR,NewJersey Resources Corporation Common Stock,$46.81,0.33,0.71%,4698392256.00,United States,,504118,Utilities,Oil/Gas Transmission
NKE,Nike Inc. Common Stock,$75.39,1.37,1.851%,111343754262.00,United States,,11290478,Consumer Discretionary,Shoe Manufacturing
NKSH,National Bankshares Inc. Common Stock,$29.53,0.17,0.579%,187910346.00,United States,,21433,Finance,Major Banks
NKTR,Nektar Therapeutics  Common Stock,$24.48,-0.31,-1.251%,303721059.00,United States,,562788,Health Care,Biotechnology: Pharmaceutical Preparations
NKTX,Nkarta Inc. Common Stock,$2.08,0.16,8.333%,147591712.00,United States,2020,715256,Health Care,Biotechnology: Pharmaceutical Preparations
NKX,Nuveen California AMT-Free Quality Municipal Income Fund,$11.52,0.04,0.348%,0.00,United States,2002,101122,Finance,Finance/Investors Services
NL,NL Industries Inc. Common Stock,$6.39,-0.04,-0.622%,312137020.00,United States,,53953,Industrials,Major Chemicals
NLOP,Net Lease Office Properties Common Shares of Beneficial Interest,$33.06,-0.04,-0.121%,489753320.00,United States,2023,51744,Real Estate,Real Estate Investment Trusts
NLSP,NLS Pharmaceutics Ltd. Ordinary Shares,$2.15,-0.05,-2.273%,7734928.00,Switzerland,2021,126301,Health Care,Biotechnology: Pharmaceutical Preparations
NLSPW,NLS Pharmaceutics Ltd. Warrant,$0.0142,-0.0004,-2.74%,51087.00,Switzerland,2021,40555,Health Care,Biotechnology: Pharmaceutical Preparations
NLY,Annaly Capital Management Inc. Common Stock,$20.40,0.44,2.204%,12343817048.00,United States,,8783979,Real Estate,Real Estate Investment Trusts
NLY^F,Annaly Capital Management Inc 6.95% Series F,$25.7731,-0.0069,-0.027%,,United States,,54589,,
NLY^G,Annaly Capital Management Inc 6.50% Series G Fixed-to-Floating Rate Cumulative Redeemable Preferred Stock,$25.40,-0.03,-0.118%,,United States,,20621,,
NLY^I,Annaly Capital Management Inc 6.750% Series I Fixed-to-Floating Rate Cumulative Redeemable Preferred Stock,$25.68,0.01,0.039%,,United States,,8053,,
NMAI,Nuveen Multi-Asset Income Fund Common Shares of Beneficial Interest,$12.55,0.02,0.16%,0.00,United States,2021,77811,Finance,Investment Managers
NMAX,Newsmax Inc. Class B Common Stock,$14.14,0.26,1.873%,1812618987.00,,2025,400316,Industrials,Broadcasting
NMCO,Nuveen Municipal Credit Opportunities Fund Common Shares,$10.11,0.07,0.697%,553739602.00,,2019,200686,Finance,Finance/Investors Services
NMFC,New Mountain Finance Corporation Common Stock,$10.62,0.04,0.378%,1145382027.00,United States,,154384,Finance,Finance/Investors Services
NMFCZ,New Mountain Finance Corporation 8.250% Notes due 2028,$25.65,0.03,0.117%,2766388795.00,United States,,13237,,
NMG,Nouveau Monde Graphite Inc. Common Shares,$2.16,0.03,1.408%,328884168.00,,,76382,Basic Materials,Other Metals and Minerals
NMI,Nuveen Municipal Income Fund Inc. Common Stock,$9.86,-0.01,-0.101%,0.00,United States,1988,18146,Finance,Trusts Except Educational Religious and Charitable
NMIH,NMI Holdings Inc. Common Stock,$38.60,0.34,0.889%,3015545407.00,United States,2013,394805,Finance,Property-Casualty Insurers
NML,Neuberger Berman Energy Infrastructure and Income Fund Inc. Common Stock,$8.54,-0.05,-0.582%,0.00,United States,2013,243362,Finance,Finance/Investors Services
NMM,Navios Maritime Partners LP Common Units Representing Limited Partner Interests,$41.05,1.05,2.625%,1236004786.00,Greece,2007,85514,Consumer Discretionary,Marine Transportation
NMPAU,NMP Acquisition Corp. Units,$10.01,0.01,0.10%,0.00,United States,2025,10198,Finance,Blank Checks
NMR,Nomura Holdings Inc ADR American Depositary Shares,$6.48,0.09,1.408%,19156247053.00,Japan,,438959,Finance,Investment Bankers/Brokers/Service
NMRA,Neumora Therapeutics Inc. Common Stock,$1.89,-0.07,-3.571%,305703573.00,United States,2023,1390126,Health Care,Biotechnology: Biological Products (No Diagnostic Substances)
NMRK,Newmark Group Inc. Class A Common Stock,$13.10,0.35,2.745%,2417632772.00,United States,2017,1227073,Finance,Real Estate
NMS,Nuveen Minnesota Quality Municipal Income Fund ,$11.166,-0.0312,-0.279%,0.00,United States,2014,12136,Finance,Finance Companies
NMT,Nuveen Massachusetts Quality Municipal Income Fund Common Stock,$11.36,-0.14,-1.217%,0.00,United States,,29664,Finance,Finance/Investors Services
NMTC,NeuroOne Medical Technologies Corporation Common Stock,$1.03,0.13,14.444%,51312370.00,United States,,444342,Health Care,Medical/Dental Instruments
NMZ,Nuveen Municipal High Income Opportunity Fund Common Stock $0.01 par value per share,$9.94,0.02,0.202%,0.00,United States,2003,253307,Finance,Finance/Investors Services
NN,NextNav Inc. Common Stock,$15.30,0.37,2.478%,2025676823.00,United States,,1056045,Industrials,Industrial Machinery/Components
NNAVW,NextNav Inc. Warrant,$6.22,0.23,3.84%,823510447.00,United States,,4610,Industrials,Industrial Machinery/Components
NNBR,NN Inc. Common Stock,$2.08,0.07,3.483%,104930074.00,United States,1994,123743,Industrials,Industrial Machinery/Components
NNDM,Nano Dimension Ltd. American Depositary Shares,$1.52,0.01,0.662%,330270884.00,Israel,,2664812,Technology,Electrical Products
NNE,Nano Nuclear Energy Inc. Common Stock,$34.25,0.15,0.44%,1284418600.00,United States,2024,2371053,Utilities,Electric Utilities: Central
NNI,Nelnet Inc. Common Stock,$120.44,0.60,0.501%,4378523454.00,United States,2003,96534,Finance,Finance: Consumer Services
NNN,NNN REIT Inc. Common Stock,$43.35,0.52,1.214%,8147680402.00,United States,,1250725,Real Estate,Real Estate Investment Trusts
NNNN,Anbio Biotechnology Class A Ordinary Shares,$39.98,-11.52,-22.369%,5752770176.00,Germany,2025,202696,Health Care,Biotechnology: In Vitro & In Vivo Diagnostic Substances
NNOX,NANO-X IMAGING LTD Ordinary Shares,$5.47,0.30,5.803%,348778145.00,Israel,2020,1152564,Health Care,Medical Electronics
NNVC,NanoViricides Inc. Common Stock,$1.70,0.01,0.592%,27322400.00,United States,,295562,Health Care,Biotechnology: Pharmaceutical Preparations
NNY,Nuveen New York Municipal Value Fund Common Stock,$8.09,0.05,0.622%,0.00,United States,1988,76535,Finance,Investment Managers
NOA,North American Construction Group Ltd. Common Shares (no par),$15.33,-0.03,-0.195%,426592233.00,Canada,2006,66208,Energy,Oilfield Services/Equipment
NOAH,Noah Holdings Limited American Depositary Shares,$12.25,0.08,0.657%,821125732.00,China,2010,69266,Finance,Investment Managers
NOC,Northrop Grumman Corporation Common Stock,$563.79,48.50,9.412%,81145271421.00,United States,,2394858,Industrials,Industrial Machinery/Components
NODK,NI Holdings Inc. Common Stock,$13.35,0.06,0.451%,276325963.00,United States,2017,10171,Finance,Property-Casualty Insurers
NOEM,CO2 Energy Transition Corp. Common Stock,$10.12,0.00,0.00%,0.00,United States,2025,5,,
NOEMR,CO2 Energy Transition Corp. Right,$0.182,-0.004,-2.151%,0.00,United States,2025,1534,,
NOEMW,CO2 Energy Transition Corp. Warrant,$0.1461,0.0461,46.10%,0.00,United States,2025,2900,,
NOG,Northern Oil and Gas Inc. Common Stock,$27.16,0.58,2.182%,2680802840.00,United States,2022,1332429,Energy,Oil & Gas Production
NOK,Nokia Corporation Sponsored American Depositary Shares,$4.46,-0.29,-6.105%,25002092539.00,Finland,1994,85911747,Technology,Radio And Television Broadcasting And Communications Equipment
NOM,Nuveen Missouri Quality Municipal Income Fund ,$10.95,-0.05,-0.455%,0.00,United States,1993,9419,Finance,Investment Managers
NOMD,Nomad Foods Limited Ordinary Shares,$17.91,0.49,2.813%,2747447318.00,United Kingdom,2016,803219,Consumer Staples,Packaged Foods
NOTE,FiscalNote Holdings Inc. Class A common stock,$0.8332,0.0796,10.563%,131826160.00,United States,2022,2796304,Consumer Discretionary,Business Services
NOTV,Inotiv Inc. Common Stock,$2.10,0.37,21.387%,72141254.00,United States,,899393,Health Care,Biotechnology: Commercial Physical & Biological Resarch
NOV,NOV Inc. Common Stock,$13.02,0.31,2.439%,4892114424.00,United States,,3636279,Industrials,Metal Fabrications
NOVT,Novanta Inc. Common Stock,$124.10,1.44,1.174%,4463980251.00,United States,,245235,Miscellaneous,Industrial Machinery/Components
NOW,ServiceNow Inc. Common Stock,$962.37,2.46,0.256%,199210590000.00,United States,2012,1174845,Technology,Computer Software: Prepackaged Software
NPAC,New Providence Acquisition Corp. III Class A Ordinary Shares,$10.155,0.005,0.049%,0.00,United States,2025,536117,,
NPACU,New Providence Acquisition Corp. III Units,$10.33,0.02,0.194%,0.00,United States,2025,11245,Finance,Blank Checks
NPACW,New Providence Acquisition Corp. III Warrants,$0.50,-0.06,-10.714%,0.00,United States,2025,14967,,
NPB,Northpointe Bancshares Inc. Common Stock,$14.96,0.01,0.067%,514095299.00,,2025,180755,Finance,Major Banks
NPCE,Neuropace Inc. Common Stock,$9.35,-0.01,-0.107%,306666022.00,United States,2021,229942,Health Care,Medical/Dental Instruments
NPCT,Nuveen Core Plus Impact Fund Common Shares of Beneficial Interest,$10.91,-0.04,-0.365%,0.00,United States,2021,118618,Finance,Investment Managers
NPFD,Nuveen Variable Rate Preferred & Income Fund Common Shares,$18.9793,0.0193,0.102%,0.00,United States,2021,74859,Finance,Trusts Except Educational Religious and Charitable
NPK,National Presto Industries Inc. Common Stock,$105.71,0.46,0.437%,755539180.00,United States,,85379,Industrials,Ordnance And Accessories
NPKI,NPK International Inc. Common Stock,$8.61,0.25,2.99%,727740240.00,United States,,1053517,Industrials,Metal Fabrications
NPO,Enpro Inc. Common Stock,$201.47,-1.05,-0.518%,4239420387.00,United States,,128813,Industrials,Metal Fabrications
NPV,Nuveen Virginia Quality Municipal Income Fund Common Stock,$10.91,-0.04,-0.365%,0.00,United States,1993,39400,Finance,Investment Managers
NPWR,NET Power Inc. Class A Common Stock,$2.72,-0.18,-6.207%,595862411.00,United States,2021,1447400,Energy,Industrial Machinery/Components
NQP,Nuveen Pennsylvania Quality Municipal Income Fund Common Stock,$10.83,0.02,0.185%,0.00,United States,1991,39218,Finance,Trusts Except Educational Religious and Charitable
NRC,National Research Corporation Common Stock (Delaware),$14.16,0.11,0.783%,322641561.00,United States,,72744,Health Care,Biotechnology: Commercial Physical & Biological Resarch
NRDS,NerdWallet Inc. Class A Common Stock,$10.66,0.25,2.402%,794304412.00,United States,2021,477228,Technology,EDP Services
NRDY,Nerdy Inc. Class A Common Stock,$1.71,0.08,4.908%,314919903.00,United States,2020,533234,Real Estate,Other Consumer Services
NREF,NexPoint Real Estate Finance Inc. Common Stock,$14.34,0.29,2.064%,254018229.00,United States,2020,57122,Real Estate,Real Estate Investment Trusts
NREF^A,NexPoint Real Estate Finance Inc. 8.50% Series A Cumulative Redeemable Preferred Stock,$23.9938,0.3594,1.521%,,United States,,539,,
NRG,NRG Energy Inc. Common Stock,$153.96,1.65,1.083%,30100785495.00,United States,,2838286,Utilities,Electric Utilities: Central
NRGV,Energy Vault Holdings Inc. Common Stock,$1.02,0.08,8.511%,159165176.00,United States,2021,1394472,Miscellaneous,Industrial Machinery/Components
NRIM,Northrim BanCorp Inc Common Stock,$97.11,0.81,0.841%,536133822.00,United States,,57407,Finance,Savings Institutions
NRIX,Nurix Therapeutics Inc. Common stock,$11.25,0.00,0.00%,860055244.00,United States,2020,640926,Health Care,Biotechnology: Pharmaceutical Preparations
NRK,Nuveen New York AMT-Free Quality Municipal Income Fund ,$9.41,-0.01,-0.106%,0.00,United States,2002,442923,Finance,Trusts Except Educational Religious and Charitable
NRO,Neuberger Berman Real Estate Securities Income Fund Inc.,$3.23,0.04,1.254%,0.00,United States,2003,246442,Finance,Finance/Investors Services
NRP,Natural Resource Partners LP Limited Partnership,$101.41,2.91,2.954%,1332334417.00,United States,2002,16191,Energy,Coal Mining
NRSN,NeuroSense Therapeutics Ltd. Ordinary Shares,$1.928,-0.002,-0.104%,46250154.00,Israel,2021,449966,Health Care,Biotechnology: Pharmaceutical Preparations
NRSNW,NeuroSense Therapeutics Ltd. Warrant,$0.759,0.00,0.00%,18207400.00,Israel,2021,32,Health Care,Biotechnology: Pharmaceutical Preparations
NRT,North European Oil Royality Trust Common Stock,$5.025,0.105,2.134%,46182715.00,United States,,16812,Energy,Oil & Gas Production
NRUC,National Rural Utilities Cooperative Finance Corporation 5.500% Subordinated Notes due 2064 (Subordinated Deferrable Interest Notes),$24.2803,0.0803,0.332%,0.00,United States,2019,16094,Finance,Diversified Financial Services
NRXP,NRX Pharmaceuticals Inc. Common Stock,$2.99,0.01,0.336%,51694684.00,United States,2017,117633,Health Care,Biotechnology: Pharmaceutical Preparations
NRXPW,NRX Pharmaceuticals Inc. Warrant,$0.09,0.00,0.00%,1556027.00,United States,2017,713,Health Care,Biotechnology: Pharmaceutical Preparations
NRXS,Neuraxis Inc. Common Stock,$2.86,0.13,4.762%,20637371.00,,2023,70870,Health Care,Biotechnology: Electromedical & Electrotherapeutic Apparatus
NSA,National Storage Affiliates Trust Common Shares of Beneficial Interest,$31.99,0.53,1.685%,2446889828.00,United States,2015,1202745,Real Estate,Real Estate Investment Trusts
NSA^A,National Storage Affiliates Trust 6.000% Series A Cumulative Redeemable Preferred Shares of Beneficial Interest (Liquidation Preference $25.00 per share),$22.25,-0.22,-0.979%,,United States,,5057,,
NSA^B,National Storage Affiliates Trust 6.000% Series B Cumulative Redeemable Preferred Shares of Beneficial Interest,$21.43,-0.2581,-1.19%,,United States,,460,,
NSC,Norfolk Southern Corporation Common Stock,$280.26,2.88,1.038%,63182795590.00,United States,,2020423,Industrials,Railroads
NSIT,Insight Enterprises Inc. Common Stock,$142.55,2.67,1.909%,4551367191.00,United States,1995,213056,Consumer Discretionary,Catalog/Specialty Distribution
NSP,Insperity Inc. Common Stock,$59.44,2.18,3.807%,2236520884.00,United States,,304531,Consumer Discretionary,Professional Services
NSPR,InspireMD Inc. Common Stock,$2.51,-0.007,-0.278%,76894718.00,Israel,,30727,Health Care,Medical/Dental Instruments
NSSC,NAPCO Security Technologies Inc. Common Stock,$30.31,-0.13,-0.427%,1080746121.00,United States,,241428,Telecommunications,Telecommunications Equipment
NSTS,NSTS Bancorp Inc. Common Stock,$11.97,-0.1717,-1.414%,62816477.00,United States,2022,2216,Finance,Savings Institutions
NSYS,Nortech Systems Incorporated Common Stock,$8.52,-0.186,-2.136%,23523660.00,United States,,26873,Technology,Industrial Machinery/Components
NTAP,NetApp Inc. Common Stock,$104.95,-2.51,-2.336%,21028428702.00,United States,1995,1649732,Technology,Electronic Components
NTB,Bank of N.T. Butterfield & Son Limited (The) Voting Ordinary Shares,$45.36,-0.22,-0.483%,1950480000.00,Bermuda,2016,118443,Finance,Commercial Banks
NTCL,NETCLASS TECHNOLOGY INC Class A Ordinary Shares,$1.79,-0.06,-3.243%,31915700.00,China,2024,474644,Technology,Computer Software: Prepackaged Software
NTCT,NetScout Systems Inc. Common Stock,$22.83,-0.15,-0.653%,1628434974.00,United States,1999,837166,Technology,EDP Services
NTES,NetEase Inc. American Depositary Shares,$139.49,2.14,1.558%,88324828635.00,China,,728382,Technology,Computer Software: Prepackaged Software
NTGR,NETGEAR Inc. Common Stock,$26.03,-1.46,-5.311%,749236952.00,United States,2003,529724,Utilities,Telecommunications Equipment
NTHI,NeOnc Technologies Holdings Inc. Common Stock,$4.84,0.07,1.468%,92089596.00,United States,,65476,Health Care,Biotechnology: Pharmaceutical Preparations
NTIC,Northern Technologies International Corporation Common Stock,$7.93,0.01,0.126%,75131699.00,United States,,9246,Industrials,Industrial Specialties
NTIP,Network-1 Technologies Inc. Common Stock,$1.45,0.03,2.113%,33127518.00,United States,,103007,Miscellaneous,Multi-Sector Companies
NTLA,Intellia Therapeutics Inc. Common Stock,$13.49,0.86,6.809%,1397339985.00,United States,2016,5620383,Health Care,Biotechnology: In Vitro & In Vivo Diagnostic Substances
NTNX,Nutanix Inc. Class A Common Stock,$74.37,-0.78,-1.038%,19936920180.00,United States,2016,1295532,Technology,Computer Software: Prepackaged Software
NTR,Nutrien Ltd. Common Shares,$60.03,0.79,1.334%,29263828882.00,Canada,2004,1200097,Industrials,Agricultural Chemicals
NTRA,Natera Inc. Common Stock,$139.92,-0.71,-0.505%,19105597474.00,United States,2015,1131364,Health Care,Medical Specialities
NTRB,Nutriband Inc. Common Stock,$8.67,0.45,5.474%,96706663.00,United States,,61351,Health Care,Industrial Specialties
NTRBW,Nutriband Inc. Warrant,$2.02,0.01,0.498%,22531425.00,United States,,10611,Health Care,Industrial Specialties
NTRP,NextTrip Inc. Common Stock,$4.11,0.09,2.239%,32249538.00,United States,,26437,Consumer Discretionary,Miscellaneous manufacturing industries
NTRS,Northern Trust Corporation Common Stock,$126.53,0.94,0.748%,24614965895.00,United States,,1867539,Finance,Major Banks
NTRSO,Northern Trust Corporation Depositary Shares Each Representing a 1/1000th Interest in a Share of Series E Non-Cumulative Perpetual Preferred Stock,$20.03,-0.12,-0.596%,3896607657.00,United States,,20160,Finance,Major Banks
NTST,NetSTREIT Corp. Common Stock,$17.95,-0.03,-0.167%,1466624387.00,United States,2020,2901463,Real Estate,Real Estate Investment Trusts
NTWK,NetSol Technologies Inc. Common  Stock,$4.15,0.00,0.00%,48594603.00,United States,,43617,Technology,Computer Software: Prepackaged Software
NTWO,Newbury Street II Acquisition Corp Class A Ordinary Shares,$10.33,0.00,0.00%,0.00,United States,2024,211,,
NTWOW,Newbury Street II Acquisition Corp Warrant,$0.2521,0.0157,6.641%,0.00,United States,2024,204,,
NTZ,Natuzzi S.p.A.,$2.755,0.005,0.182%,30345248.00,Italy,1993,2138,Consumer Discretionary,Home Furnishings
NU,Nu Holdings Ltd. Class A Ordinary Shares,$12.79,-0.10,-0.776%,61630644006.00,Cayman Islands,2021,44829574,Finance,Finance: Consumer Services
NUE,Nucor Corporation Common Stock,$143.77,1.62,1.14%,33175000248.00,United States,,1473347,Industrials,Steel/Iron Ore
NUKK,Nukkleus Inc. Common Stock,$8.56,0.16,1.905%,45888825.00,United States,2020,115313,Consumer Discretionary,Professional Services
NUKKW,Nukkleus Inc. Warrants,$0.0974,0.003,3.178%,522146.00,United States,2020,150866,Consumer Discretionary,Professional Services
NUS,Nu Skin Enterprises Inc. Common Stock,$9.03,0.47,5.491%,446199336.00,United States,1996,510026,Health Care,Other Pharmaceuticals
NUTX,Nutex Health Inc. Common Stock,$100.01,-11.18,-10.055%,556623557.00,United States,,1420968,Consumer Discretionary,Business Services
NUV,Nuveen Municipal Value Fund Inc. Common Stock,$8.53,-0.03,-0.35%,0.00,United States,1987,643809,Finance,Trusts Except Educational Religious and Charitable
NUVB,Nuvation Bio Inc. Class A Common Stock,$2.35,0.00,0.00%,799617994.00,United States,2020,3587398,Health Care,Biotechnology: Pharmaceutical Preparations
NUVL,Nuvalent Inc. Class A Common Stock,$80.68,-1.78,-2.159%,5793531160.00,United States,2021,330282,Health Care,Biotechnology: Pharmaceutical Preparations
NUW,Nuveen AMT-Free Municipal Value Fund,$13.57,-0.02,-0.147%,0.00,United States,2009,28451,Finance,Investment Managers
NUWE,Nuwellis Inc. Common Stock,$14.33,-0.74,-4.91%,1865107.00,United States,,69553,Health Care,Biotechnology: Electromedical & Electrotherapeutic Apparatus
NVA,Nova Minerals Limited American Depositary Shares,$9.63,0.245,2.611%,43645866.00,Australia,2024,70743,Basic Materials,Precious Metals
NVAWW,Nova Minerals Limited Warrant,$3.50,-0.50,-12.50%,951779084.00,Australia,2024,4510,Basic Materials,Precious Metals
NVAX,Novavax Inc. Common Stock,$7.22,0.05,0.697%,1169425840.00,United States,,5816988,Health Care,Biotechnology: Biological Products (No Diagnostic Substances)
NVCR,NovoCure Limited Ordinary Shares,$16.30,0.20,1.242%,1817215834.00,Jersey,2015,912772,Health Care,Medical/Dental Instruments
NVCT,Nuvectis Pharma Inc. Common Stock,$8.08,0.10,1.253%,190967455.00,United States,2022,78152,Health Care,Biotechnology: Pharmaceutical Preparations
NVDA,NVIDIA Corporation Common Stock,$167.03,-4.35,-2.538%,4075532000000.00,United States,1999,192163451,Technology,Semiconductors
NVEC,NVE Corporation Common Stock,$80.10,-0.96,-1.184%,387456997.00,United States,,54965,Technology,Semiconductors
NVEE,NV5 Global Inc. Common Stock,$23.09,0.17,0.742%,1515785489.00,United States,2013,667705,Consumer Discretionary,Other Consumer Services
NVFY,Nova Lifestyle Inc. Common Stock,$3.03,-0.04,-1.303%,41537731.00,United States,,109798,Consumer Discretionary,Home Furnishings
NVG,Nuveen AMT-Free Municipal Credit Income Fund ,$11.61,0.05,0.433%,0.00,United States,2002,579970,Finance,Investment Managers
NVGS,Navigator Holdings Ltd. Ordinary Shares (Marshall Islands),$16.16,0.24,1.508%,1121465992.00,Marshall Islands,2013,546931,Consumer Discretionary,Marine Transportation
NVMI,Nova Ltd. Ordinary Shares,$274.61,-10.31,-3.619%,8040303719.00,Israel,2000,249870,Technology,Electronic Components
NVNI,Nvni Group Limited Ordinary Shares,$0.381,-0.0291,-7.096%,35151060.00,Cayman Islands,,2985378,Technology,Computer Software: Prepackaged Software
NVNIW,Nvni Group Limited Warrants,$0.0499,0.00,0.00%,4603774.00,Cayman Islands,,34,Technology,Computer Software: Prepackaged Software
NVNO,enVVeno Medical Corporation Common Stock,$4.84,-0.14,-2.811%,84874240.00,United States,2018,138459,Health Care,Medical/Dental Instruments
NVO,Novo Nordisk A/S Common Stock,$66.78,1.86,2.865%,298172700000.00,Denmark,,8961296,Health Care,Biotechnology: Pharmaceutical Preparations
NVR,NVR Inc. Common Stock,$7909.52,533.32,7.23%,23126099771.00,United States,1998,28702,Consumer Discretionary,Homebuilding
NVRI,Enviri Corporation Common Stock,$9.16,0.13,1.44%,737355085.00,United States,,383431,Miscellaneous,Diversified Commercial Services
NVS,Novartis AG Common Stock,$116.83,2.69,2.357%,230749676844.00,Switzerland,,2622764,Health Care,Biotechnology: Pharmaceutical Preparations
NVST,Envista Holdings Corporation Common Stock,$20.04,0.57,2.928%,3396519741.00,United States,2019,2462049,Health Care,Medical/Dental Instruments
NVT,nVent Electric plc Ordinary Shares ,$74.63,-0.33,-0.44%,12286766843.00,United Kingdom,2018,1450367,Industrials,Industrial Machinery/Components
NVTS,Navitas Semiconductor Corporation Common Stock,$8.62,0.15,1.771%,1653383115.00,United States,,53171303,Technology,Semiconductors
NVVE,Nuvve Holding Corp. Common Stock,$0.8868,0.0459,5.458%,3278083.00,United States,2020,1231042,Industrials,Electrical Products
NVVEW,Nuvve Holding Corp. Warrant,$0.0261,-0.0017,-6.115%,96479.00,United States,2020,27028,Industrials,Electrical Products
NVX,NOVONIX Limited American Depository Shares,$1.64,-0.18,-9.89%,232856217.00,Australia,,575034,Miscellaneous,Industrial Machinery/Components
NWBI,Northwest Bancshares Inc. Common Stock,$13.25,0.00,0.00%,1692719976.00,United States,2009,1224157,Finance,Major Banks
NWE,NorthWestern Energy Group Inc. Common Stock,$53.31,0.37,0.699%,3272149088.00,United States,,355767,Utilities,Power Generation
NWFL,Norwood Financial Corp. Common Stock,$24.56,0.04,0.163%,227438420.00,United States,,17378,Finance,Major Banks
NWG,NatWest Group plc American Depositary Shares (each representing two (2) Ordinary Shares),$13.59,0.02,0.147%,55035092410.00,United Kingdom,2022,3340038,Finance,Commercial Banks
NWGL,Nature Wood Group Limited American Depositary Shares,$1.02,0.00,0.00%,16884228.00,China,2023,14584,Energy,
NWL,Newell Brands Inc. Common Stock,$6.11,0.48,8.526%,2552147000.00,United States,,8326810,Industrials,Plastic Products
NWN,Northwest Natural Holding Company Common Stock,$42.36,0.15,0.355%,1707521434.00,United States,,401161,Utilities,Oil/Gas Transmission
NWPX,NWPX Infrastructure Inc. Common Stock,$41.06,0.07,0.171%,405593677.00,United States,1995,63077,Industrials,Steel/Iron Ore
NWS,News Corporation Class B Common Stock,$33.67,0.12,0.358%,19061007404.00,United States,,614014,Consumer Discretionary,Newspapers/Magazines
NWSA,News Corporation Class A Common Stock,$29.43,0.27,0.926%,16660690463.00,United States,,2456324,Consumer Discretionary,Newspapers/Magazines
NWTG,Newton Golf Company Inc. Common Stock,$1.90,0.26,15.854%,8580657.00,United States,2023,420025,Consumer Discretionary,Recreational Games/Products/Toys
NWTN,NWTN Inc. Class B Ordinary Shares,$1.48,-0.19,-11.377%,432455546.00,United Arab Emirates,,139921,Consumer Discretionary,Auto Manufacturing
NWTNW,NWTN Inc. Warrant,$0.0601,0.00,0.00%,17561202.00,United Arab Emirates,,4031,Consumer Discretionary,Auto Manufacturing
NX,Quanex Building Products Corporation Common Stock,$19.38,0.83,4.474%,890959763.00,United States,,455173,Industrials,Metal Fabrications
NXC,Nuveen California Select Tax-Free Income Portfolio Common Stock,$12.8564,-0.0459,-0.356%,81778056.00,United States,1992,9998,Finance,Investment Managers
NXDR,Nextdoor Holdings Inc. Class A Common Stock,$2.04,-0.01,-0.488%,780480450.00,United States,,8861958,Technology,Computer Software: Programming Data Processing
NXDT,NexPoint Diversified Real Estate Trust Common Stock,$4.80,0.06,1.266%,219379469.00,United States,,72266,Real Estate,Real Estate Investment Trusts
NXDT^A,NexPoint Diversified Real Estate Trust 5.50% Series A Cumulative Preferred Shares ($25.00 liquidation preference per share),$14.30,0.2999,2.142%,,United States,,152,,
NXE,Nexgen Energy Ltd. Common Shares,$6.84,-0.02,-0.292%,3896532636.00,Canada,2017,9585273,Basic Materials,Other Metals and Minerals
NXG,NXG NextGen Infrastructure Income Fund Common Shares of Beneficial Interest,$46.83,0.03,0.064%,121838267.00,,2012,52801,,
NXGL,NexGel Inc Common Stock,$2.55,0.16,6.695%,19519069.00,United States,2021,52472,Health Care,Medical/Dental Instruments
NXGLW,NexGel Inc Warrant,$0.32,-0.0073,-2.23%,2449452.00,United States,2021,3100,Health Care,Medical/Dental Instruments
NXJ,Nuveen New Jersey Qualified Municipal Fund ,$11.13,0.03,0.27%,0.00,United States,2001,384018,Finance,Finance/Investors Services
NXL,Nexalin Technology Inc. Common Stock,$1.27,0.07,5.833%,21815970.00,United States,2022,112952,Health Care,Biotechnology: Electromedical & Electrotherapeutic Apparatus
NXLIW,Nexalin Technology Inc. Warrant,$0.0696,0.0002,0.288%,1195584.00,United States,2022,5234,Health Care,Biotechnology: Electromedical & Electrotherapeutic Apparatus
NXN,Nuveen New York Select Tax-Free Income Portfolio Common Stock,$11.415,0.015,0.132%,44802676.00,United States,1992,7052,Finance,Trusts Except Educational Religious and Charitable
NXP,Nuveen Select Tax Free Income Portfolio Common Stock,$13.76,0.01,0.073%,643955795.00,United States,1992,140679,Finance,Trusts Except Educational Religious and Charitable
NXPI,NXP Semiconductors N.V. Common Stock,$228.00,-0.27,-0.118%,57599343144.00,Netherlands,2010,5971367,Technology,Semiconductors
NXPL,NextPlat Corp Common Stock,$0.90,0.1299,16.868%,23366746.00,United States,,61681,Telecommunications,Telecommunications Equipment
NXPLW,NextPlat Corp Warrants,$0.1219,0.00,0.00%,3164896.00,United States,,358,Telecommunications,Telecommunications Equipment
NXRT,NexPoint Residential Trust Inc. Common Stock,$34.72,0.77,2.268%,877884819.00,United States,2015,144686,Real Estate,Real Estate Investment Trusts
NXST,Nexstar Media Group Inc. Common Stock,$184.19,2.20,1.209%,5553121286.00,United States,2003,246462,Industrials,Broadcasting
NXT,Nextracker Inc. Class A Common Stock,$62.10,0.57,0.926%,9082992040.00,United States,2023,1644009,Industrials,Industrial Machinery/Components
NXTC,NextCure Inc. Common Stock,$4.92,-0.06,-1.205%,11500579.00,United States,2019,33615,Health Care,Biotechnology: Pharmaceutical Preparations
NXTT,Next Technology Holding Inc. Ordinary Shares,$2.35,-0.06,-2.49%,1025223067.00,China,,208658,Technology,EDP Services
NXXT,NextNRG Inc. Common Stock,$1.69,-0.02,-1.17%,200259225.00,United States,2021,330968,Consumer Discretionary,Retail-Auto Dealers and Gas Stations
NYAX,Nayax Ltd. Ordinary Shares,$46.715,0.635,1.378%,1715644252.00,Israel,,10720,Technology,Computer Software: Prepackaged Software
NYC,American Strategic Investment Co. Class A Common Stock,$14.3605,0.5207,3.762%,37826677.00,,2020,1913,Real Estate,Real Estate Investment Trusts
NYMT,New York Mortgage Trust Inc. Common Stock,$6.92,0.19,2.823%,624863689.00,United States,,743579,Real Estate,Real Estate Investment Trusts
NYMTG,New York Mortgage Trust Inc. 9.125% Senior Notes Due 2030,$24.19,-0.03,-0.124%,0.00,United States,,35864,Real Estate,Real Estate Investment Trusts
NYMTH,New York Mortgage Trust Inc. 9.875% Senior Notes Due 2030,$24.97,-0.01,-0.04%,0.00,United States,,11067,,
NYMTI,New York Mortgage Trust Inc. 9.125% Senior Notes Due 2029,$24.435,0.035,0.143%,2213308836.00,United States,,18485,Real Estate,Real Estate Investment Trusts
NYMTL,New York Mortgage Trust Inc. 6.875% Series F Fixed-to-Floating Rate Cumulative Redeemable Preferred Stock $0.01 par value per share,$21.8006,0.0367,0.169%,1968555397.00,United States,,7043,Real Estate,Real Estate Investment Trusts
NYMTM,New York Mortgage Trust Inc. 7.875% Series E Fixed-to-Floating Rate Cumulative Redeemable Preferred Stock,$24.66,-0.04,-0.162%,2226754130.00,United States,,11666,Real Estate,Real Estate Investment Trusts
NYMTN,New York Mortgage Trust Inc. 8.00% Series D Fixed-to-Floating Rate Cumulative Redeemable Preferred Stock,$21.58,0.02,0.093%,1948635609.00,United States,,12472,Real Estate,Real Estate Investment Trusts
NYMTZ,New York Mortgage Trust Inc. 7.000% Series G Cumulative Redeemable Preferred Stock $0.01 par value per share,$18.22,0.1699,0.941%,1645233587.00,United States,,2150,Real Estate,Real Estate Investment Trusts
NYT,New York Times Company (The) Common Stock,$53.45,0.18,0.338%,8715013627.00,United States,,1519531,Consumer Discretionary,Newspapers/Magazines
NYXH,Nyxoah SA Ordinary Shares,$7.80,-0.14,-1.763%,291932667.00,Belgium,2021,35665,Health Care,Medical/Dental Instruments
NZF,Nuveen Municipal Credit Income Fund ,$11.64,0.09,0.779%,0.00,United States,2007,597755,Finance,Finance Companies
O,Realty Income Corporation Common Stock,$57.84,1.45,2.571%,52234144134.00,United States,,5147458,Real Estate,Real Estate Investment Trusts
OABI,OmniAb Inc. Common Stock,$2.06,0.08,4.04%,252010792.00,United States,2021,485707,Health Care,Biotechnology: Commercial Physical & Biological Resarch
OABIW,OmniAb Inc. Warrant,$0.29,0.00,0.00%,35477247.00,United States,2021,112,Health Care,Biotechnology: Commercial Physical & Biological Resarch
OACC,Oaktree Acquisition Corp. III Life Sciences Class A Ordinary Share,$10.44,0.00,0.00%,0.00,United States,2024,1,Finance,Blank Checks
OACCW,Oaktree Acquisition Corp. III Life Sciences Warrant,$0.775,-0.0705,-8.338%,0.00,United States,2024,5701,Finance,Blank Checks
OAK^A,Brookfield Oaktree Holdings LLC 6.625% Series A Preferred Units,$21.554,-0.0779,-0.36%,,United States,,6432,,
OAK^B,Brookfield Oaktree Holdings LLC 6.550% Series B Preferred Units,$21.52,-0.01,-0.046%,,United States,,9413,,
OAKU,Oak Woods Acquisition Corporation Class A Ordinary Shares,$11.96,0.00,0.00%,0.00,Canada,2023,76,Finance,Blank Checks
OAKUR,Oak Woods Acquisition Corporation Right,$0.23,-0.02,-8.00%,0.00,Canada,2023,354,Finance,Blank Checks
OAKUW,Oak Woods Acquisition Corporation Warrant,$0.04,0.00,0.00%,0.00,Canada,2023,118,Finance,Blank Checks
OBAWU,Oxley Bridge Acquisition Limited Unit,$10.02,0.01,0.10%,0.00,Hong Kong,2025,55728,,
OBDC,Blue Owl Capital Corporation Common Stock,$14.88,0.06,0.405%,7604397767.00,,2019,1937930,Finance,Diversified Financial Services
OBE,Obsidian Energy Ltd. Common Shares,$5.63,0.16,2.925%,397021390.00,Canada,2022,229356,Energy,Oil & Gas Production
OBIO,Orchestra BioMed Holdings Inc. Ordinary Shares,$3.20,0.04,1.266%,122600038.00,United States,2020,60800,Health Care, Medicinal Chemicals and Botanical Products 
OBK,Origin Bancorp Inc. Common Stock,$37.72,-0.14,-0.37%,1175346374.00,United States,,193181,Finance,Major Banks
OBLG,Oblong Inc. Common Stock,$5.225,0.245,4.92%,6922968.00,United States,,143102,Technology,Computer Software: Programming Data Processing
OBT,Orange County Bancorp Inc. Common Stock,$28.07,0.05,0.178%,319541526.00,United States,,26774,Finance,Major Banks
OC,Owens Corning Inc Common Stock New,$143.79,5.95,4.317%,12229703289.00,United States,,1056977,Industrials,Industrial Machinery/Components
OCC,Optical Cable Corporation Common Stock,$4.80,-0.60,-11.111%,39495576.00,United States,,125105,Industrials,Telecommunications Equipment
OCCI,OFS Credit Company Inc. Common Stock,$6.08,0.10,1.672%,70628381.00,United States,2018,167362,Finance,Trusts Except Educational Religious and Charitable
OCCIM,OFS Credit Company Inc. 7.875% Series F Term Preferred Stock,$24.9502,0.00,0.00%,0.00,United States,,52,,
OCCIN,OFS Credit Company Inc. 5.25% Series E Term Preferred Stock Due 2026,$24.3584,0.1084,0.447%,282959597.00,United States,,1617,Finance,Trusts Except Educational Religious and Charitable
OCCIO,OFS Credit Company Inc. 6.125% Series C Term Preferred Stock,$24.9299,0.0349,0.14%,289598433.00,United States,,743,Finance,Trusts Except Educational Religious and Charitable
OCFC,OceanFirst Financial Corp. Common Stock,$18.32,-0.30,-1.611%,1069586178.00,United States,,306222,Finance,Major Banks
OCFT,OneConnect Financial Technology Co. Ltd. American Depositary Shares each representing thirty ordinary shares,$7.46,0.00,0.00%,290935188.00,China,2019,72178,Technology,Computer Software: Programming Data Processing
OCG,Oriental Culture Holding LTD Ordinary Shares,$5.55,-0.10,-1.77%,115073295.00,China,2020,5478,Consumer Discretionary,Other Consumer Services
OCGN,Ocugen Inc. Common Stock,$1.03,0.02,1.98%,300792234.00,United States,2014,2487363,Health Care,Biotechnology: Biological Products (No Diagnostic Substances)
OCS,Oculis Holding AG Ordinary shares,$17.63,0.13,0.743%,769768147.00,Switzerland,,8001,Health Care,Biotechnology: Pharmaceutical Preparations
OCSAW,Oculis Holding AG Warrants,$7.77,0.42,5.714%,339256864.00,Switzerland,,28773,Health Care,Biotechnology: Pharmaceutical Preparations
OCSL,Oaktree Specialty Lending Corporation Common Stock,$14.22,0.13,0.923%,1252576137.00,United States,,654684,Finance,Finance: Consumer Services
OCTO,Eightco Holdings Inc. Common Stock,$1.27,-0.11,-7.971%,3866825.00,United States,,87143,,
OCUL,Ocular Therapeutix Inc. Common Stock,$11.55,0.035,0.304%,1839911951.00,United States,2014,1341908,Health Care,Biotechnology: Pharmaceutical Preparations
ODC,Oil-Dri Corporation Of America Common Stock,$60.51,0.05,0.083%,885759176.00,United States,,73643,Consumer Discretionary,Miscellaneous manufacturing industries
ODD,ODDITY Tech Ltd. Class A Ordinary Shares,$69.59,-0.64,-0.911%,3885090771.00,Israel,2023,924866,Consumer Discretionary,Package Goods/Cosmetics
ODFL,Old Dominion Freight Line Inc. Common Stock,$166.89,3.64,2.23%,35268095005.00,United States,1991,1228990,Industrials,Trucking Freight/Courier Services
ODP,The ODP Corporation Common Stock,$17.91,1.01,5.976%,538776232.00,United States,,464967,Consumer Discretionary,Other Specialty Stores
ODV,Osisko Development Corp. Common Shares,$2.48,0.02,0.813%,338901159.00,Canada,2022,659119,Basic Materials,Precious Metals
ODVWZ,Osisko Development Corp. Warrant expiring 5/27/2027,$0.15,0.00,0.00%,20498054.00,Canada,,2,Basic Materials,Precious Metals
ODYS,Odysight.ai Inc. Common Stock,$4.79,0.06,1.268%,78155819.00,Israel,,3363,Technology,Electronic Components
OEC,Orion S.A. Common Shares,$11.14,0.51,4.798%,626843879.00,Luxembourg,2014,651577,Industrials,Major Chemicals
OESX,Orion Energy Systems Inc. Common Stock,$0.61,0.0306,5.281%,20316476.00,United States,2015,122864,Consumer Discretionary,Building Products
OFAL,OFA Group Ordinary Shares,$1.73,0.03,1.765%,22440022.00,Hong Kong,2025,3721539,Consumer Discretionary,Military/Government/Technical
OFG,OFG Bancorp Common Stock,$44.50,0.03,0.067%,1998633440.00,Puerto Rico,,265787,Finance,Major Banks
OFIX,Orthofix Medical Inc. Common Stock (DE),$11.10,0.43,4.03%,434907246.00,Curacao,1992,245964,Health Care,Medical/Dental Instruments
OFLX,Omega Flex Inc. Common Stock,$34.66,1.55,4.681%,349869201.00,United States,,25293,Industrials,Industrial Specialties
OFS,OFS Capital Corporation Common Stock,$8.48,0.00,0.00%,113615701.00,United States,,35797,Finance,Finance/Investors Services
OFSSH,OFS Capital Corporation 4.95% Notes due 2028,$23.3165,0.00,0.00%,312396286.00,United States,,3,Finance,Finance Companies
OGE,OGE Energy Corp Common Stock,$45.77,0.65,1.441%,9214883025.00,United States,,1300613,Utilities,Electric Utilities: Central
OGEN,Oragenics Inc. Common Stock,$1.38,0.06,4.545%,987863.00,United States,,170741,Health Care,Biotechnology: Pharmaceutical Preparations
OGI,Organigram Global Inc. Common Shares,$1.55,0.09,6.164%,207520095.00,Canada,,1158981,Health Care,Biotechnology: Pharmaceutical Preparations
OGN,Organon & Co. Common Stock ,$9.82,0.37,3.915%,2552768539.00,United States,2021,4818353,Health Care,Biotechnology: Pharmaceutical Preparations
OGS,ONE Gas Inc. Common Stock,$74.65,0.19,0.255%,4473813915.00,United States,2014,390532,Utilities,Oil/Gas Transmission
OHI,Omega Healthcare Investors Inc. Common Stock,$38.63,0.58,1.524%,11179328850.00,United States,1992,1455348,Real Estate,Real Estate Investment Trusts
OI,O-I Glass Inc. Common Stock,$14.73,0.37,2.577%,2278481768.00,United States,,1527511,Consumer Discretionary,Containers/Packaging
OIA,Invesco Municipal Income Opportunities Trust Common Stock,$5.59,0.00,0.00%,266115243.00,United States,,180724,Finance,Finance Companies
OII,Oceaneering International Inc. Common Stock,$21.13,0.36,1.733%,2125562377.00,United States,,962203,Energy,Oilfield Services/Equipment
OIS,Oil States International Inc. Common Stock,$5.27,0.01,0.19%,326048666.00,United States,2001,655476,Industrials,Metal Fabrications
OKE,ONEOK Inc. Common Stock,$80.74,0.36,0.448%,50432826354.00,United States,,3029512,Utilities,Oil & Gas Production
OKLO,Oklo Inc. Class A common stock,$61.32,-1.19,-1.904%,8536062803.00,United States,2021,15040429,Utilities,Electric Utilities: Central
OKTA,Okta Inc. Class A Common Stock,$95.65,-0.21,-0.219%,16745760284.00,United States,2017,2163435,Technology,Computer Software: Prepackaged Software
OKUR,OnKure Therapeutics Inc. Class A Common Stock,$2.24,-0.08,-3.448%,30263294.00,United States,2021,44475,Health Care,Biotechnology: Pharmaceutical Preparations
OKYO,OKYO Pharma Limited Ordinary Shares,$2.75,-0.07,-2.482%,93060000.00,Guernsey,2022,50033,Health Care,Biotechnology: Biological Products (No Diagnostic Substances)
OLB,The OLB Group Inc. Common Stock,$1.63,0.02,1.242%,4576712.00,United States,,182826,Consumer Discretionary,Business Services
OLED,Universal Display Corporation Common Stock,$151.71,1.48,0.985%,7210191458.00,United States,,454643,Technology,Electrical Products
OLLI,Ollie's Bargain Outlet Holdings Inc. Common Stock,$135.01,0.12,0.089%,8281664881.00,United States,2015,754223,Consumer Discretionary,Department/Specialty Retail Stores
OLMA,Olema Pharmaceuticals Inc. Common Stock,$4.54,-0.05,-1.089%,310632598.00,United States,2020,444852,Health Care,Biotechnology: Pharmaceutical Preparations
OLN,Olin Corporation Common Stock,$21.49,1.00,4.88%,2474266021.00,United States,,2534578,Industrials,Major Chemicals
OLO,Olo Inc. Class A Common Stock,$10.13,0.00,0.00%,1693715355.00,United States,2021,2054047,Technology,Computer Software: Prepackaged Software
OLP,One Liberty Properties Inc. Common Stock,$23.43,0.17,0.731%,505955082.00,United States,1986,76416,Real Estate,Real Estate Investment Trusts
OLPX,Olaplex Holdings Inc. Common Stock,$1.50,0.11,7.914%,998884326.00,United States,2021,1010585,Consumer Discretionary,Package Goods/Cosmetics
OM,Outset Medical Inc. Common Stock,$18.95,1.44,8.224%,335837775.00,United States,2020,396448,Health Care,Biotechnology: Electromedical & Electrotherapeutic Apparatus
OMAB,Grupo Aeroportuario del Centro Norte S.A.B. de C.V. ADS,$107.19,-4.23,-3.796%,5174187570.00,Mexico,2006,126696,Consumer Discretionary,Aerospace
OMC,Omnicom Group Inc. Common Stock,$75.21,4.80,6.817%,14569898482.00,United States,,5436607,Consumer Discretionary,Advertising
OMCC,Old Market Capital Corporation Common Stock,$6.27,-0.12,-1.878%,42009000.00,United States,,5754,Finance,Finance Companies
OMCL,Omnicell Inc. Common Stock ($0.001 par value),$28.26,0.23,0.821%,1323800249.00,United States,2001,476275,Technology,Computer Manufacturing
OMDA,Omada Health Inc. Common Stock,$19.23,1.12,6.184%,1071963658.00,United States,2025,597400,Health Care,Medical/Nursing Services
OMER,Omeros Corporation Common Stock,$3.74,0.10,2.747%,219135999.00,United States,2009,758748,Health Care,Biotechnology: Pharmaceutical Preparations
OMEX,Odyssey Marine Exploration Inc. Common Stock,$1.49,0.03,2.055%,46689953.00,United States,,1646770,Consumer Discretionary,Marine Transportation
OMF,OneMain Holdings Inc. Common Stock,$57.76,0.61,1.067%,6871637599.00,United States,2013,769986,Finance,Finance: Consumer Services
OMH,Ohmyhome Limited Ordinary Shares,$1.38,-0.01,-0.719%,32554625.00,Singapore,2023,97217,Finance,Real Estate
OMI,Owens & Minor Inc. Common Stock,$8.10,0.36,4.651%,620574526.00,United States,,798660,Health Care,Medical Specialities
OMSE,OMS Energy Technologies Inc. Ordinary Shares,$6.36,0.19,3.079%,281751536.00,Singapore,2025,116103,Industrials,Metal Fabrications
ON,ON Semiconductor Corporation Common Stock,$62.45,1.90,3.138%,26096939858.00,United States,,11630600,Technology,Semiconductors
ONB,Old National Bancorp Common Stock,$22.31,-0.34,-1.501%,7133533260.00,United States,,5349044,Finance,Major Banks
ONBPO,Old National Bancorp Depositary Shares Each Representing a 1/40th Interest in a Share of Series C Preferred Stock,$25.1104,0.0004,0.002%,8028949958.00,United States,,3285,Finance,Major Banks
ONBPP,Old National Bancorp Depositary Shares Each Representing a 1/40th Interest in a Share of Series A Preferred Stock,$25.06,-0.10,-0.397%,8012834760.00,United States,,11983,Finance,Major Banks
ONC,BeOne Medicines Ltd. American Depositary Shares,$295.59,3.66,1.254%,31908055799.00,Cayman Islands,2016,266698,Health Care,Biotechnology: Pharmaceutical Preparations
ONCHU,1RT Acquisition Corp. Units,$10.42,0.005,0.048%,0.00,United States,2025,53962,,
ONCO,Onconetix Inc. Common Stock,$3.77,-0.03,-0.789%,1967424.00,United States,2022,98499,Health Care,Biotechnology: Pharmaceutical Preparations
ONCY,Oncolytics Biotech Inc. Common Shares,$1.24,0.03,2.479%,110139578.00,Canada,,567852,Health Care,Biotechnology: Pharmaceutical Preparations
ONDS,Ondas Holdings Inc. Common Stock,$2.10,-0.15,-6.667%,288595747.00,United States,,20133061,Technology,Radio And Television Broadcasting And Communications Equipment
ONEG,OneConstruction Group Limited Ordinary Shares,$5.97,0.04,0.675%,77610000.00,Hong Kong,2024,10072,Consumer Discretionary,Homebuilding
ONEW,OneWater Marine Inc. Class A Common Stock,$14.77,1.00,7.262%,240944709.00,United States,2020,111123,Consumer Discretionary,Auto & Home Supply Stores
ONFO,Onfolio Holdings Inc. Common Stock,$1.31,-0.08,-5.755%,6716889.00,United States,2022,17669,Technology,EDP Services
ONFOW,Onfolio Holdings Inc. Warrant,$0.1298,-0.0002,-0.154%,665536.00,United States,2022,996,Technology,EDP Services
ONIT,Onity Group Inc. Common Stock,$37.15,0.50,1.364%,297516332.00,United States,,34453,Finance,Finance: Consumer Services
ONL,Orion Properties Inc. Common Stock,$2.62,0.06,2.344%,147227402.00,United States,2021,415278,Real Estate,Real Estate Investment Trusts
ONMD,OneMedNet Corp Class A Common Stock,$0.541,0.0059,1.103%,16539902.00,United Kingdom,2021,102458,Health Care,Biotechnology: Commercial Physical & Biological Resarch
ONMDW,OneMedNet Corp Warrant,$0.0377,-0.0009,-2.332%,1152596.00,United Kingdom,2021,2000,Health Care,Biotechnology: Commercial Physical & Biological Resarch
ONON,On Holding AG Class A Ordinary Shares,$50.36,-2.85,-5.356%,31965196333.00,,2021,7164721,Consumer Discretionary,Shoe Manufacturing
ONTF,ON24 Inc. Common Stock,$5.17,-0.04,-0.768%,219596608.00,United States,2021,224847,Technology,Computer Software: Prepackaged Software
ONTO,Onto Innovation Inc. Common Stock,$96.79,-2.85,-2.86%,4730548240.00,United States,,987105,Industrials,Industrial Machinery/Components
OOMA,Ooma Inc. Common Stock,$12.06,-0.15,-1.229%,332856000.00,United States,2015,125852,Technology,EDP Services
OP,OceanPal Inc. Common Stock,$0.4668,-0.1632,-25.905%,3503326.00,Greece,,15411807,Consumer Discretionary,Marine Transportation
OPAD,Offerpad Solutions Inc. Class A Common Stock,$2.83,-0.28,-9.003%,77946936.00,United States,2020,3043757,Finance,Real Estate
OPAL,OPAL Fuels Inc. Class A Common Stock,$2.54,0.00,0.00%,440362132.00,United States,2021,184969,Utilities,Natural Gas Distribution
OPBK,OP Bancorp Common Stock,$13.62,-0.20,-1.447%,201734959.00,United States,2018,59292,Finance,Major Banks
OPCH,Option Care Health Inc. Common Stock,$29.78,0.61,2.091%,4876393105.00,United States,,1508305,Health Care,Medical/Nursing Services
OPEN,Opendoor Technologies Inc Common Stock,$2.88,-0.33,-10.28%,2099223040.00,United States,,67096920,Finance,Real Estate
OPFI,OppFi Inc. Class A Common Stock,$11.28,-0.16,-1.399%,979192571.00,United States,2020,886206,Finance,Finance: Consumer Services
OPHC,OptimumBank Holdings Inc. Common Stock,$4.53,-0.06,-1.307%,53232401.00,United States,,10192,Finance,Major Banks
OPI,Office Properties Income Trust Common Shares of Beneficial Interest,$0.2507,0.0052,2.118%,17773364.00,United States,,884065,Finance,Real Estate
OPINL,Office Properties Income Trust 6.375% Senior Notes due 2050,$6.88,0.24,3.614%,487757256.00,United States,,1415,Finance,Real Estate
OPK,OPKO Health Inc. Common Stock,$1.38,-0.02,-1.429%,1094412868.00,United States,,3835650,Health Care,Biotechnology: Pharmaceutical Preparations
OPOF,Old Point Financial Corporation Common Stock,$40.86,-0.48,-1.161%,208591485.00,United States,,20760,Finance,Major Banks
OPP,RiverNorth/DoubleLine Strategic Opportunity Fund Inc. Common Stock,$8.48,0.05,0.593%,0.00,United States,2016,69960,Finance,Finance/Investors Services
OPP^A,RiverNorth/DoubleLine Strategic Opportunity Fund Inc. 4.375% Series A Cumulative Preferred Stock,$16.96,-0.01,-0.059%,,United States,,6546,,
OPP^B,RiverNorth/DoubleLine Strategic Opportunity Fund Inc. 4.75% Series B Cumulative Preferred Stock,$18.3799,0.0498,0.272%,,United States,,9904,,
OPP^C,RiverNorth/DoubleLine Strategic Opportunity Fund Inc. 6.00% Series C Term Preferred Stock (Liquidation Preference $10.00 per share),$10.16,0.00,0.00%,,United States,,116,,
OPRA,Opera Limited American Depositary Shares,$17.49,-0.25,-1.409%,1565369936.00,Norway,2018,448470,Technology,Computer Software: Prepackaged Software
OPRT,Oportun Financial Corporation Common Stock,$6.40,0.20,3.226%,240007456.00,United States,2019,688144,Finance,Finance: Consumer Services
OPRX,OptimizeRx Corporation Common Stock,$13.30,0.42,3.261%,245984976.00,United States,,121315,Consumer Discretionary,Business Services
OPTT,Ocean Power Technologies Inc. Common Stock,$0.837,0.037,4.625%,142332321.00,United States,2007,11805269,Utilities,Electric Utilities: Central
OPTX,Syntec Optics Holdings Inc. Class A Common Stock,$1.62,-0.07,-4.142%,59434991.00,United States,2022,117555,Technology,Electronic Components
OPTXW,Syntec Optics Holdings Inc. Warrant,$0.0951,0.0088,10.197%,3489054.00,United States,2022,1100,Technology,Electronic Components
OPXS,Optex Systems Holdings Inc. Common Stock,$11.84,-0.89,-6.991%,81848961.00,United States,,82649,Technology,Electronic Components
OPY,Oppenheimer Holdings Inc. Class A Common Stock (DE),$72.75,1.26,1.762%,765729761.00,United States,,67152,Finance,Investment Bankers/Brokers/Service
OR,OR Royalties Inc. Common Shares,$28.66,0.81,2.908%,5372802959.00,Canada,2016,859430,Basic Materials,Precious Metals
ORA,Ormat Technologies Inc. Common Stock,$90.38,0.78,0.871%,5482688138.00,United States,2004,425110,Utilities,Electric Utilities: Central
ORC,Orchid Island Capital Inc. Common Stock,$7.20,0.14,1.983%,768048408.00,United States,2013,3446257,Real Estate,Real Estate Investment Trusts
ORCL,Oracle Corporation Common Stock,$238.11,-5.43,-2.23%,668811225630.00,United States,1986,11356691,Technology,Computer Software: Prepackaged Software
ORGN,Origin Materials Inc. Common Stock,$0.7457,0.1481,24.782%,111813818.00,United States,2020,5238246,Industrials,Major Chemicals
ORGNW,Origin Materials Inc. Warrants,$0.036,0.0105,41.176%,5398012.00,United States,2020,54243,Industrials,Major Chemicals
ORGO,Organogenesis Holdings Inc. Class A Common Stock,$4.82,0.26,5.702%,611434044.00,United States,2016,774813,Health Care,Biotechnology: Pharmaceutical Preparations
ORI,Old Republic International Corporation Common Stock,$36.78,0.32,0.878%,9090676803.00,United States,,1257323,Finance,Property-Casualty Insurers
ORIC,Oric Pharmaceuticals Inc. Common Stock,$11.15,0.09,0.814%,792632092.00,United States,2020,552496,Health Care,Biotechnology: Pharmaceutical Preparations
ORIQU,Origin Investment Corp I Units,$10.04,0.04,0.40%,0.00,Singapore,2025,390,,
ORIS,Oriental Rise Holdings Limited Ordinary Shares,$0.16,-0.3081,-65.819%,3522000.00,China,2024,24277318,Consumer Staples,Farming/Seeds/Milling
ORKA,Oruka Therapeutics Inc. Common Stock,$14.06,0.29,2.106%,526413571.00,United States,,124073,Health Care,Biotechnology: In Vitro & In Vivo Diagnostic Substances
ORKT,Orangekloud Technology Inc. Class A Ordinary Shares,$0.7131,-0.0149,-2.047%,16657303.00,Singapore,2024,79984,Technology,Computer Software: Prepackaged Software
ORLA,Orla Mining Ltd. Common Shares,$12.63,0.43,3.525%,4106319353.00,,2020,1401540,Basic Materials,Precious Metals
ORLY,O'Reilly Automotive Inc. Common Stock,$95.35,1.20,1.275%,81508760488.00,United States,1993,5069730,Consumer Discretionary,Auto & Home Supply Stores
ORMP,Oramed Pharmaceuticals Inc. Common Stock,$2.13,0.01,0.472%,87011469.00,Israel,,72408,Health Care,Biotechnology: Pharmaceutical Preparations
ORN,Orion Group Holdings Inc. Common,$8.21,-0.20,-2.378%,324738118.00,United States,,218991,Industrials,Military/Government/Technical
ORRF,Orrstown Financial Services Inc. Common Stock,$33.91,0.38,1.133%,661534761.00,United States,,386889,Finance,Major Banks
OS,OneStream Inc. Class A Common Stock,$25.115,0.035,0.14%,6017335650.00,United States,2024,1353307,Technology,Computer Software: Prepackaged Software
OSBC,Old Second Bancorp Inc. Common Stock,$18.66,0.08,0.431%,840748375.00,United States,,171512,Finance,Major Banks
OSCR,Oscar Health Inc. Class A Common Stock,$14.70,1.08,7.93%,3743751900.00,United States,2021,82443704,Health Care,Medical Specialities
OSIS,OSI Systems Inc. Common Stock (DE),$217.07,1.18,0.547%,3644305092.00,United States,1997,145620,Technology,Semiconductors
OSK,Oshkosh Corporation (Holding Company)Common Stock,$126.04,3.46,2.823%,8113584516.00,United States,,750877,Consumer Discretionary,Auto Manufacturing
OSPN,OneSpan Inc. Common Stock,$15.11,0.20,1.341%,577662356.00,United States,,287303,Technology,EDP Services
OSRH,OSR Holdings Inc. Common Stock,$1.03,-0.05,-4.63%,19855287.00,United States,2023,99063,Health Care,Medical/Dental Instruments
OSRHW,OSR Holdings Inc. Warrant,$0.0489,0.0089,22.25%,942644.00,United States,2023,4884,Health Care,Medical/Dental Instruments
OSS,One Stop Systems Inc. Common Stock,$5.41,-0.22,-3.908%,116797729.00,United States,2018,555372,Technology,Computer Manufacturing
OST,Ostin Technology Group Co. Ltd. Class A Ordinary Shares,$0.1046,-0.0103,-8.964%,196817.00,China,2022,11502154,Technology,Industrial Machinery/Components
OSTX,OS Therapies Incorporated Common Stock,$1.82,0.13,7.692%,51137809.00,,2024,361474,Health Care,Biotechnology: Pharmaceutical Preparations
OSUR,OraSure Technologies Inc. Common Stock,$3.45,0.20,6.154%,258060452.00,United States,,702243,Health Care,Medical/Dental Instruments
OSW,OneSpaWorld Holdings Limited Common Shares,$21.63,0.21,0.98%,2221341193.00,Bahamas,,384708,Consumer Discretionary,Hotels/Resorts
OTEX,Open Text Corporation Common Shares,$29.87,1.03,3.571%,7941844591.00,Canada,1996,1388858,Technology,EDP Services
OTF,Blue Owl Technology Finance Corp. Common Stock,$15.40,0.02,0.13%,7162893476.00,,2025,101708,,
OTIS,Otis Worldwide Corporation Common Stock ,$100.99,2.49,2.528%,39858389127.00,United States,2020,2773221,Technology,Consumer Electronics/Appliances
OTLK,Outlook Therapeutics Inc. Common Stock,$2.08,0.02,0.971%,69821488.00,United States,2016,560021,Health Care,Biotechnology: Biological Products (No Diagnostic Substances)
OTLY,Oatly Group AB American Depositary Shares,$15.23,0.16,1.062%,455803318.00,Sweden,2021,282601,Consumer Staples,Packaged Foods
OTRK,Ontrak Inc. Common Stock,$0.5699,-0.0684,-10.716%,2403752.00,United States,,959113,Health Care,Misc Health and Biotechnology Services
OTTR,Otter Tail Corporation Common Stock,$78.39,0.81,1.044%,3284883564.00,United States,,205940,Utilities,Electric Utilities: Central
OUST,Ouster Inc. Common Stock,$27.38,-1.94,-6.617%,1472906279.00,United States,,4362689,Industrials,Industrial Machinery/Components
OUSTW,Ouster Inc. Warrants,$0.0229,-0.0005,-2.137%,1231905.00,United States,,53224,Industrials,Industrial Machinery/Components
OUSTZ,Ouster Inc. Warrants,$0.0801,0.0001,0.125%,4308977.00,United States,,109739,Industrials,Industrial Machinery/Components
OUT,OUTFRONT Media Inc. Common Stock,$17.85,0.18,1.019%,2982266330.00,United States,2014,1040009,Real Estate,Real Estate Investment Trusts
OVBC,Ohio Valley Banc Corp. Common Stock,$34.61,0.20,0.581%,163047745.00,United States,,7470,Finance,Major Banks
OVID,Ovid Therapeutics Inc. Common Stock,$0.6689,0.0635,10.489%,47565154.00,United States,2017,1787962,Health Care,Biotechnology: Pharmaceutical Preparations
OVLY,Oak Valley Bancorp (CA) Common Stock,$27.90,0.00,0.00%,233859530.00,United States,,10066,Finance,Major Banks
OVV,Ovintiv Inc. (DE),$39.25,0.34,0.874%,10217735212.00,Canada,,2634446,Energy,Oil & Gas Production
OWL,Blue Owl Capital Inc. Class A Common Stock,$19.95,-0.07,-0.35%,18568006922.00,United States,2020,6538990,Finance,Investment Managers
OWLT,Owlet Inc. Class A Common Stock,$8.14,0.38,4.897%,134510977.00,United States,2020,141113,Industrials,Industrial Machinery/Components
OXBR,Oxbridge Re Holdings Limited Ordinary Shares,$2.34,-0.10,-4.098%,17416437.00,Cayman Islands,2014,84764,Finance,Property-Casualty Insurers
OXBRW,Oxbridge Re Holdings Limited Warrant expiring 3/26/2029,$0.304,-0.1388,-31.346%,2262648.00,Cayman Islands,2014,38710,Finance,Property-Casualty Insurers
OXLC,Oxford Lane Capital Corp. Common Stock,$3.98,0.11,2.842%,690928000.00,United States,2011,5212164,Finance,Investment Managers
OXLCG,Oxford Lane Capital Corp. 7.95% Notes due 2032,$25.14,0.04,0.159%,0.00,United States,,8095,Finance,Investment Managers
OXLCI,Oxford Lane Capital Corp. 8.75% Notes due 2030,$25.8001,0.0011,0.004%,0.00,United States,,2768,,
OXLCL,Oxford Lane Capital Corp. 6.75% Notes due 2031,$23.63,0.0333,0.141%,4102168000.00,United States,,3600,Finance,Finance Companies
OXLCN,Oxford Lane Capital Corp. 7.125% Series 2029 Term Preferred Stock,$24.425,-0.035,-0.143%,4240180000.00,United States,,4189,Finance,Investment Managers
OXLCO,Oxford Lane Capital Corp. Preferred Stock Shares 6.00% Series 2029,$23.2656,0.1056,0.456%,4038908160.00,United States,,514,Finance,Investment Managers
OXLCP,Oxford Lane Capital Corp. 6.25% Series 2027 Term Preferred Shares,$24.52,0.0988,0.405%,4256672000.00,United States,,6864,Finance,Investment Managers
OXLCZ,Oxford Lane Capital Corp. 5.00% Notes due 2027,$24.24,0.065,0.269%,4208064000.00,United States,,957,Finance,Finance Companies
OXM,Oxford Industries Inc. Common Stock,$44.59,3.08,7.42%,665969843.00,United States,,331095,Consumer Discretionary,Apparel
OXSQ,Oxford Square Capital Corp. Common Stock,$2.33,0.01,0.431%,166303678.00,United States,2003,444860,Finance,Blank Checks
OXSQG,Oxford Square Capital Corp. 5.50% Notes due 2028,$23.81,0.1164,0.491%,1518074647.00,United States,,4737,Consumer Discretionary,Other Consumer Services
OXSQZ,Oxford Square Capital Corp. 6.25% Notes due 2026,$25.0428,-0.0371,-0.148%,0.00,United States,,1509,Finance,Blank Checks
OXY,Occidental Petroleum Corporation Common Stock,$43.56,0.56,1.302%,42868819454.00,United States,,7741623,Energy,Oil & Gas Production
OYSE,Oyster Enterprises II Acquisition Corp Class A Ordinary Shares,$9.9856,-0.0144,-0.144%,0.00,United States,2025,1104,Finance,Blank Checks
OYSER,Oyster Enterprises II Acquisition Corp Rights,$0.17,0.0099,6.184%,0.00,United States,2025,5150,,
OYSEU,Oyster Enterprises II Acquisition Corp Units,$10.14,0.1384,1.384%,0.00,United States,2025,11228,,
OZ,Belpointe PREP LLC Class A Units,$66.4999,1.2499,1.916%,251974838.00,,,440,Real Estate,Real Estate Investment Trusts
OZK,Bank OZK Common Stock,$52.68,0.91,1.758%,5960011434.00,United States,,1643993,Finance,Major Banks
OZKAP,Bank OZK 4.625% Series A Non-Cumulative Perpetual Preferred Stock,$17.16,-0.03,-0.175%,1941416025.00,United States,,10965,Finance,Major Banks
PAA,Plains All American Pipeline L.P. Common Units representing Limited Partner Interests,$18.59,0.04,0.216%,13074333150.00,United States,1998,1416886,Energy,Natural Gas Distribution
PAAS,Pan American Silver Corp. Common Stock,$30.15,0.68,2.307%,10987866000.00,Canada,,5173056,Basic Materials,Precious Metals
PAC,Grupo Aeroportuario Del Pacifico S.A. B. de C.V. Grupo Aeroportuario Del Pacifico S.A. de C.V. (each representing 10 Series B shares),$218.82,-8.86,-3.891%,11056481380.00,Mexico,2006,101799,Consumer Discretionary,Aerospace
PACB,Pacific Biosciences of California Inc. Common Stock,$1.62,0.17,11.724%,486137190.00,United States,2010,11621093,Industrials,Biotechnology: Laboratory Analytical Instruments
PACHU,Pioneer Acquisition I Corp Units,$10.025,0.005,0.05%,0.00,United States,2025,142301,,
PACK,Ranpak Holdings Corp Class A Common Stock,$3.74,0.13,3.601%,315031959.00,United States,2018,225232,Consumer Discretionary,Containers/Packaging
PACS,PACS Group Inc. Common Stock,$11.48,-0.14,-1.205%,1749548935.00,United States,2024,566913,Health Care,Hospital/Nursing Management
PAG,Penske Automotive Group Inc. Common Stock,$171.03,4.61,2.77%,11316788806.00,United States,,299556,Consumer Discretionary,Retail-Auto Dealers and Gas Stations
PAGP,Plains GP Holdings L.P. Class A Units representing Limited Partner Interests,$19.75,0.07,0.356%,3905436574.00,United States,,819791,Energy,Natural Gas Distribution
PAGS,PagSeguro Digital Ltd. Class A Common Shares,$7.95,-0.05,-0.625%,2620386971.00,Cayman Islands,2018,6711396,Technology,EDP Services
PAHC,Phibro Animal Health Corporation Class A Common Stock,$29.23,0.09,0.309%,1184797362.00,United States,2014,221340,Health Care,Biotechnology: Pharmaceutical Preparations
PAI,Western Asset Investment Grade Income Fund Inc.,$12.78,0.01,0.078%,0.00,United States,,7470,Finance,Trusts Except Educational Religious and Charitable
PAL,Proficient Auto Logistics Inc. Common Stock,$7.43,0.17,2.342%,201123517.00,United States,2024,161251,Consumer Discretionary,Transportation Services
PALI,Palisade Bio Inc. Common Stock,$0.86,-0.0871,-9.196%,4124256.00,United States,,530403,Health Care,Biotechnology: Biological Products (No Diagnostic Substances)
PAM,Pampa Energia S.A.,$69.67,-0.31,-0.443%,3789048793.00,Argentina,,216739,Utilities,Electric Utilities: Central
PAMT,PAMT CORP Common Stock,$13.06,0.10,0.772%,284618643.00,United States,,9329,Industrials,Trucking Freight/Courier Services
PANL,Pangaea Logistics Solutions Ltd. Common Shares,$5.05,0.07,1.406%,331388888.00,United States,2013,193424,Consumer Discretionary,Marine Transportation
PANW,Palo Alto Networks Inc. Common Stock,$196.73,-3.15,-1.576%,131179564000.00,United States,,3655578,Technology,Computer peripheral equipment
PAPL,Pineapple Financial Inc. Common Stock,$3.50,3.4145,3993.567%,3516104.00,,,985713,,
PAR,PAR Technology Corporation Common Stock,$70.51,0.35,0.499%,2855478866.00,United States,,266578,Miscellaneous,Office Equipment/Supplies/Services
PARA,Paramount Global Class B Common Stock,$13.11,0.08,0.614%,8838208338.00,United States,,4124754,Industrials,Broadcasting
PARAA,Paramount Global Class A Common Stock,$23.05,0.00,0.00%,15539336552.00,United States,,30861,Industrials,Broadcasting
PARR,Par Pacific Holdings Inc.  Common Stock,$32.25,-0.14,-0.432%,1663418267.00,United States,,951563,Energy,Oil & Gas Production
PASG,Passage Bio Inc. Common Stock,$5.67,0.40,7.59%,17692073.00,United States,2020,140467,Health Care,Biotechnology: Biological Products (No Diagnostic Substances)
PATH,UiPath Inc. Class A Common Stock,$12.59,0.14,1.124%,6736139159.00,United States,2021,23913374,Technology,Computer Software: Prepackaged Software
PATK,Patrick Industries Inc. Common Stock,$99.18,3.30,3.442%,3315317630.00,United States,,271089,Consumer Discretionary,Auto Parts:O.E.M.
PAVM,PAVmed Inc. Common Stock,$0.588,-0.009,-1.508%,10359404.00,United States,2016,182664,Health Care,Medical/Dental Instruments
PAVS,Paranovus Entertainment Technology Ltd. Class A Ordinary Shares,$0.8709,0.0309,3.679%,6389732.00,China,2019,7000,Health Care, Medicinal Chemicals and Botanical Products 
PAX,Patria Investments Limited Class A Common Shares,$13.48,0.06,0.447%,2130856284.00,Cayman Islands,2021,310763,Finance,Investment Managers
PAXS,PIMCO Access Income Fund Common Shares of Beneficial Interest,$15.20,0.12,0.796%,0.00,United States,2022,205539,Finance,Investment Managers
PAY,Paymentus Holdings Inc. Class A Common Stock,$29.57,0.21,0.715%,3700160071.00,United States,2021,527248,Consumer Discretionary,Business Services
PAYC,Paycom Software Inc. Common Stock,$233.25,5.31,2.33%,13486457854.00,United States,2014,621996,Technology,Computer Software: Prepackaged Software
PAYO,Payoneer Global Inc. Common Stock,$6.84,0.01,0.146%,2473831008.00,United States,,1944565,Consumer Discretionary,Business Services
PAYS,Paysign Inc. Common Stock,$8.13,0.39,5.039%,440789690.00,United States,,1102672,Consumer Discretionary,Business Services
PAYX,Paychex Inc. Common Stock,$144.58,1.92,1.346%,52084059737.00,United States,1983,1585588,Consumer Discretionary,Diversified Commercial Services
PB,Prosperity Bancshares Inc. Common Stock,$72.89,0.41,0.566%,6945177870.00,United States,,998378,Finance,Major Banks
PBA,Pembina Pipeline Corp. Ordinary Shares (Canada),$37.20,0.48,1.307%,21609777600.00,Canada,,939400,Energy,Oil & Gas Production
PBBK,PB Bankshares Inc. Common Stock,$18.34,-0.015,-0.082%,46809457.00,United States,2021,17270,Finance,Banks
PBF,PBF Energy Inc. Class A Common Stock,$24.01,-0.55,-2.239%,2776690977.00,United States,2012,2057573,Energy,Integrated oil Companies
PBFS,Pioneer Bancorp Inc. Common Stock,$12.43,0.28,2.305%,321353921.00,United States,2019,23629,Finance,Banks
PBH,Prestige Consumer Healthcare Inc. Common Stock,$76.41,0.85,1.125%,3775777762.00,United States,2005,323427,Health Care,Biotechnology: Pharmaceutical Preparations
PBHC,Pathfinder Bancorp Inc. Common Stock (MD),$15.03,-0.21,-1.378%,92306219.00,United States,,4238,Finance,Major Banks
PBI,Pitney Bowes Inc. Common Stock,$12.79,0.33,2.648%,2318230615.00,United States,,3731958,Miscellaneous,Office Equipment/Supplies/Services
PBI^B,Pitney Bowes Inc 6.70% Notes Due 2043,$20.50,-0.43,-2.054%,,United States,,20714,,
PBM,Psyence Biomedical Ltd. Common Shares,$7.25,1.9349,36.404%,5170932.00,Canada,,545755,Health Care,Biotechnology: Pharmaceutical Preparations
PBMWW,Psyence Biomedical Ltd. Warrant,$0.0267,0.0053,24.766%,19043.00,Canada,,127557,Health Care,Biotechnology: Pharmaceutical Preparations
PBPB,Potbelly Corporation Common Stock,$12.65,0.11,0.877%,381678570.00,United States,2013,456261,Consumer Discretionary,Restaurants
PBR,Petroleo Brasileiro S.A. Petrobras ADS,$12.26,0.12,0.988%,79007931831.00,Brazil,,27292302,Energy,Oil & Gas Production
PBT,Permian Basin Royalty Trust Common Stock,$12.63,-0.04,-0.316%,588669093.00,United States,,110257,Energy,Oil & Gas Production
PBYI,Puma Biotechnology Inc Common Stock,$3.47,0.06,1.76%,172244183.00,United States,,336421,Health Care,Biotechnology: Pharmaceutical Preparations
PC,Premium Catering (Holdings) Limited Ordinary Shares,$5.80,0.2623,4.737%,92800000.00,Singapore,2024,99616,Consumer Discretionary,Restaurants
PCAP,ProCap Acquisition Corp Class A Ordinary Shares,$10.4478,0.0078,0.075%,0.00,United States,2025,45812,Finance,Blank Checks
PCAPU,ProCap Acquisition Corp Unit,$10.66,-0.02,-0.187%,0.00,United States,2025,44003,,
PCAPW,ProCap Acquisition Corp Warrant,$0.80,0.00,0.00%,0.00,United States,2025,17540,Finance,Blank Checks
PCAR,PACCAR Inc. Common Stock,$98.58,5.67,6.103%,51750500117.00,United States,,7151682,Consumer Discretionary,Auto Manufacturing
PCB,PCB Bancorp Common Stock,$21.51,-0.11,-0.509%,307791580.00,United States,2018,16351,Finance,Major Banks
PCF,High Income Securities Fund Common Stock,$6.375,-0.065,-1.009%,0.00,United States,,43030,Finance,Trusts Except Educational Religious and Charitable
PCG,Pacific Gas & Electric Co. Common Stock,$13.66,0.28,2.093%,30020377278.00,United States,,17072805,Utilities,Power Generation
PCG^A,Pacific Gas & Electric Co. 6% Preferred Stock,$22.11,-0.01,-0.045%,,United States,,2989,,
PCG^B,Pacific Gas & Electric Co. 5 1/2% Preferred Stock,$19.1456,-0.1044,-0.542%,,United States,,1029,,
PCG^C,Pacific Gas & Electric Co. 5% 1st Preferred Stock,$18.73,-0.77,-3.949%,,United States,,204,,
PCG^D,Pacific Gas & Electric Co. 5% 1st  Red. Preferred Stock,$17.52,0.07,0.401%,,United States,,752,,
PCG^E,Pacific Gas & Electric Co. 5% 1st A Preferred Stock,$17.16,-0.34,-1.943%,,United States,,4315,,
PCG^G,Pacific Gas & Electric Co. 4.80% 1st Preferred Stock,$16.82,0.17,1.021%,,United States,,6133,,
PCG^H,Pacific Gas & Electric Co. 4.50% 1st Preferred Stock,$15.60,0.00,0.00%,,United States,,5,,
PCG^I,Pacific Gas & Electric Co. 4.36% 1st Preferred Stock,$15.3299,0.00,0.00%,,United States,,215,,
PCG^X,PG&E Corp 6.000% Series A Mandatory Convertible Preferred Stock,$37.42,0.46,1.245%,,United States,,87291,,
PCH,PotlatchDeltic Corporation Common Stock,$41.79,1.43,3.543%,3284526840.00,United States,,550691,Real Estate,Real Estate Investment Trusts
PCK,Pimco California Municipal Income Fund II Common Shares of Beneficial Interest,$5.25,-0.01,-0.19%,0.00,United States,2002,83174,Finance,Trusts Except Educational Religious and Charitable
PCLA,PicoCELA Inc. American Depositary Shares,$0.4802,-0.2979,-38.286%,11853190.00,Japan,2025,4784692,Consumer Discretionary,Building Products
PCM,PCM Fund Inc. Common Stock,$6.28,-0.01,-0.159%,0.00,United States,1993,37966,Finance,Trusts Except Educational Religious and Charitable
PCN,Pimco Corporate & Income Strategy Fund Common Stock,$12.56,0.03,0.239%,0.00,United States,2001,389866,Finance,Investment Managers
PCOR,Procore Technologies Inc. Common Stock,$74.06,0.63,0.858%,11047472952.00,United States,2021,1971465,Technology,Computer Software: Prepackaged Software
PCQ,PIMCO California Municipal Income Fund Common Stock,$8.35,0.01,0.12%,0.00,United States,2001,56709,Finance,Investment Managers
PCRX,Pacira BioSciences Inc. Common Stock,$22.43,0.26,1.173%,1038613681.00,United States,2011,469943,Health Care,Biotechnology: Pharmaceutical Preparations
PCSA,Processa Pharmaceuticals Inc. Common Stock,$0.2497,0.0251,11.175%,2967524.00,United States,,8917979,Health Care,Biotechnology: Pharmaceutical Preparations
PCSC,Perceptive Capital Solutions Corp Class A Ordinary Shares,$10.60,0.00,0.00%,0.00,United States,2024,2,,
PCT,PureCycle Technologies Inc. Common stock,$16.14,-0.19,-1.164%,2898090491.00,United States,,4334920,Industrials,Major Chemicals
PCTTU,PureCycle Technologies Inc. Unit,$22.85,0.00,0.00%,4102934804.00,United States,,25,Industrials,Major Chemicals
PCTTW,PureCycle Technologies Inc. Warrant,$5.60,-0.03,-0.533%,1005533256.00,United States,,4482,Industrials,Major Chemicals
PCTY,Paylocity Holding Corporation Common Stock,$184.01,2.62,1.444%,10162892909.00,United States,2014,543730,Technology,Computer Software: Prepackaged Software
PCVX,Vaxcyte Inc. Common Stock,$35.72,0.08,0.224%,4608027809.00,United States,2020,799893,Health Care,Biotechnology: Pharmaceutical Preparations
PCYO,Pure Cycle Corporation Common Stock,$10.00,0.12,1.215%,240743050.00,United States,,50880,Utilities,Water Supply
PD,PagerDuty Inc. Common Stock,$14.64,0.02,0.137%,1349426994.00,United States,2019,838259,Technology,Computer Software: Prepackaged Software
PDCC,Pearl Diver Credit Company Inc. Common Stock,$17.87,0.04,0.224%,0.00,,2024,2364,,
PDD,PDD Holdings Inc. American Depositary Shares,$115.04,3.38,3.027%,163316128988.00,China,2018,8597067,Consumer Discretionary,Business Services
PDEX,Pro-Dex Inc. Common Stock,$47.67,1.01,2.165%,155453920.00,United States,,21156,Health Care,Medical/Dental Instruments
PDFS,PDF Solutions Inc. Common Stock,$23.715,-0.165,-0.691%,928194737.00,United States,2001,227907,Technology,Computer Software: Prepackaged Software
PDI,PIMCO Dynamic Income Fund Common Stock,$19.02,0.03,0.158%,4623571800.00,United States,2012,1395296,Finance,Trusts Except Educational Religious and Charitable
PDLB,Ponce Financial Group Inc. Common Stock,$13.97,0.04,0.287%,335067656.00,United States,2017,40608,Finance,Savings Institutions
PDM,Piedmont Realty Trust Inc. Class A Common Stock,$7.48,0.17,2.326%,930571922.00,United States,,599028,Real Estate,Building operators
PDO,PIMCO Dynamic Income Opportunities Fund Common Shares of Beneficial Interest,$13.40,0.05,0.375%,1748979511.00,United States,2021,315107,Finance,Trusts Except Educational Religious and Charitable
PDPA,Pearl Diver Credit Company Inc. 8.00% Series A Preferred Stock Due 2029,$25.15,0.00,0.00%,0.00,,,106,,
PDS,Precision Drilling Corporation Common Stock,$51.07,1.58,3.193%,696843460.00,Canada,,81553,Energy,Oil & Gas Production
PDSB,PDS Biotechnology Corporation Common Stock,$1.15,0.00,0.00%,52566500.00,United States,2015,338677,Health Care,Biotechnology: Pharmaceutical Preparations
PDT,John Hancock Premium Dividend Fund,$13.31,0.13,0.986%,0.00,United States,,94487,Finance,Finance Companies
PDX,PIMCO Dynamic Income Strategy Fund Common Shares of Beneficial Interest,$24.38,-0.20,-0.814%,1089956660.00,,2019,55713,Finance,Finance/Investors Services
PDYN,Palladyne AI Corp. Common Stock,$10.09,-0.71,-6.574%,360349487.00,United States,,2902979,Technology,Computer Software: Prepackaged Software
PDYNW,Palladyne AI Corp Warrants,$0.4061,-0.064,-13.614%,14503263.00,United States,,124226,Technology,Computer Software: Prepackaged Software
PEB,Pebblebrook Hotel Trust Common Shares of Beneficial Interest,$10.67,0.33,3.191%,1266370721.00,United States,2009,4200170,Real Estate,Real Estate Investment Trusts
PEB^E,Pebblebrook Hotel Trust 6.375% Series E Cumulative Redeemable Preferred Shares of Beneficial Interest,$18.80,0.00,0.00%,,United States,,12539,,
PEB^F,Pebblebrook Hotel Trust 6.3% Series F Cumulative Redeemable Preferred Shares of Beneficial Interest,$18.99,-0.0133,-0.07%,,United States,,2500,,
PEB^G,Pebblebrook Hotel Trust 6.375% Series G Cumulative Redeemable Preferred Shares of Beneficial Interest,$18.70,-0.04,-0.213%,,United States,,16887,,
PEB^H,Pebblebrook Hotel Trust 5.700% Series H Cumulative Redeemable Preferred Shares of Beneficial Interest,$16.85,-0.15,-0.882%,,United States,,1837,,
PEBK,Peoples Bancorp of North Carolina Inc. Common Stock,$30.00,0.20,0.671%,163783230.00,United States,,7095,Finance,Major Banks
PEBO,Peoples Bancorp Inc. Common Stock,$30.39,-1.16,-3.677%,1083276561.00,United States,,427960,Finance,Major Banks
PECO,Phillips Edison & Company Inc. Common Stock,$34.96,0.28,0.807%,4383984000.00,United States,2021,582093,Real Estate,Real Estate Investment Trusts
PED,Pedevco Corp. Common Stock,$0.625,-0.0149,-2.328%,57087116.00,United States,,254295,Energy,Oil & Gas Production
PEG,Public Service Enterprise Group Incorporated Common Stock,$85.79,1.38,1.635%,42809030699.00,United States,,2769130,Utilities,Power Generation
PEGA,Pegasystems Inc. Common Stock,$50.92,-0.42,-0.818%,8715696340.00,United States,1996,3124581,Technology,EDP Services
PELI,Pelican Acquisition Corporation Ordinary Shares,$10.015,-0.005,-0.05%,0.00,United States,2025,32100,Finance,Blank Checks
PELIR,Pelican Acquisition Corporation Right,$0.1699,0.0099,6.188%,0.00,United States,2025,2798,Finance,Blank Checks
PEN,Penumbra Inc. Common Stock,$231.88,3.02,1.32%,8979770967.00,United States,2015,465798,Health Care,Medical/Dental Instruments
PENG,Penguin Solutions Inc. Common Stock,$24.45,-0.125,-0.509%,1281207237.00,United States,2017,1043856,Technology,Semiconductors
PENN,PENN Entertainment Inc. Common Stock,$18.40,0.07,0.382%,2778436358.00,United States,1994,2571864,Consumer Discretionary,Hotels/Resorts
PEO,Adams Natural Resources Fund Inc. Common Stock,$21.66,0.08,0.371%,0.00,United States,,92462,Finance,Finance/Investors Services
PEP,PepsiCo Inc. Common Stock,$146.04,4.34,3.063%,199940034872.00,United States,,8204311,Consumer Staples,Beverages (Production/Distribution)
PEPG,PepGen Inc. Common Stock,$1.40,0.08,6.061%,45809320.00,United States,2022,102673,Health Care,Biotechnology: Pharmaceutical Preparations
PERF,Perfect Corp. Class A Ordinary Share,$2.51,-0.11,-4.198%,255640164.00,Taiwan,2022,199036,Technology,Computer Software: Prepackaged Software
PERI,Perion Network Ltd. Ordinary Shares,$11.20,0.01,0.089%,504416416.00,Israel,2006,476042,Technology,EDP Services
PESI,Perma-Fix Environmental Services Inc. Common Stock,$12.02,0.32,2.735%,221703755.00,United States,,195055,Industrials,Environmental Services
PET,Wag! Group Co. Common Stock,$0.1184,-0.0027,-2.23%,6007511.00,United States,2021,11646701,Consumer Discretionary,Other Consumer Services
PETS,PetMed Express Inc. Common Stock,$3.51,0.10,2.933%,72504164.00,United States,,138695,Consumer Staples,Retail-Drug Stores and Proprietary Stores
PETWW,Wag! Group Co Warrant,$0.0038,0.0009,31.034%,192809.00,United States,2021,181666,Consumer Discretionary,Other Consumer Services
PETZ,TDH Holdings Inc. Common Shares,$1.05,0.0445,4.426%,10839431.00,China,2017,8788,Industrials,Steel/Iron Ore
PEW,GrabAGun Digital Holdings Inc. Common Stock,$8.31,-0.04,-0.479%,262180500.00,,2025,2854164,Consumer Discretionary,Other Specialty Stores
PFAI,Pinnacle Food Group Limited Class A Common Shares,$1.98,0.23,13.143%,23166000.00,Canada,2025,56914,Consumer Staples,Farming/Seeds/Milling
PFBC,Preferred Bank Common Stock,$96.86,-0.15,-0.155%,1390590931.00,United States,,108828,Finance,Major Banks
PFD,Flaherty & Crumrine Preferred and Income Fund Incorporated,$11.38,0.02,0.176%,0.00,United States,1991,20984,Finance,Investment Managers
PFE,Pfizer Inc. Common Stock,$25.14,0.88,3.627%,142930090857.00,United States,,48054274,Health Care,Biotechnology: Pharmaceutical Preparations
PFG,Principal Financial Group Inc Common Stock,$80.20,1.46,1.854%,17980100075.00,United States,2001,981072,Finance,Accident &Health Insurance
PFGC,Performance Food Group Company Common Stock,$99.63,0.67,0.677%,15551336566.00,United States,2015,1181574,Consumer Discretionary,Food Distributors
PFH,Prudential Financial Inc. 4.125% Junior Subordinated Notes due 2060,$17.63,-0.0386,-0.218%,6293910000.00,United States,2020,24623,Finance,Life Insurance
PFIS,Peoples Financial Services Corp. Common Stock,$51.86,-0.13,-0.25%,518365697.00,United States,,23269,Finance,Major Banks
PFL,PIMCO Income Strategy Fund Shares of Beneficial Interest,$8.28,0.02,0.242%,0.00,United States,2003,110931,Finance,Finance Companies
PFLT,PennantPark Floating Rate Capital Ltd. Common Stock,$10.68,0.08,0.755%,1059647129.00,United States,2022,515577,Finance,Finance: Consumer Services
PFN,PIMCO Income Strategy Fund II,$7.44,0.00,0.00%,0.00,United States,2004,250044,Finance,Finance/Investors Services
PFO,Flaherty & Crumrine Preferred and Income Opportunity Fund Incorporated,$9.24,-0.0065,-0.07%,0.00,United States,1992,70708,Finance,Finance Companies
PFS,Provident Financial Services Inc Common Stock,$18.31,-0.09,-0.489%,2392383538.00,United States,2003,666707,Finance,Savings Institutions
PFSA,Profusa Inc. Common Stock,$0.7624,-0.1471,-16.174%,4272986.00,United States,,913958,Health Care,Medical/Dental Instruments
PFSI,PennyMac Financial Services Inc. Common Stock,$104.25,2.31,2.266%,5385928841.00,United States,2013,533373,Finance,Finance: Consumer Services
PFX,PhenixFIN Corporation Common Stock,$49.3424,0.0923,0.187%,99660694.00,United States,,614,Finance,Finance: Consumer Services
PFXNZ,PhenixFIN Corporation  5.25% Notes due 2028,$23.33,0.06,0.258%,47121421.00,United States,,729,Finance,Finance: Consumer Services
PG,Procter & Gamble Company (The) Common Stock,$158.32,3.29,2.122%,371187894823.00,United States,,8185625,Consumer Discretionary,Package Goods/Cosmetics
PGC,Peapack-Gladstone Financial Corporation Common Stock,$27.27,-2.60,-8.704%,483659193.00,United States,,311374,Finance,Commercial Banks
PGEN,Precigen Inc. Common Stock,$1.52,-0.31,-16.94%,448673691.00,United States,,9210638,Health Care,Biotechnology: Pharmaceutical Preparations
PGNY,Progyny Inc. Common Stock,$22.98,0.04,0.174%,1969800306.00,United States,2019,805452,Health Care,Misc Health and Biotechnology Services
PGP,Pimco Global StocksPlus & Income Fund Common Shares of Beneficial Interest,$8.35,0.06,0.724%,0.00,United States,2005,28267,Finance,Finance Companies
PGR,Progressive Corporation (The) Common Stock,$247.37,2.24,0.914%,145014142569.00,United States,,2641954,Finance,Property-Casualty Insurers
PGRE,Paramount Group Inc. Common Stock,$6.36,0.02,0.315%,1394271528.00,United States,2014,1886754,Real Estate,Real Estate Investment Trusts
PGY,Pagaya Technologies Ltd. Class A Ordinary Shares,$31.66,0.35,1.118%,2396902363.00,United States,,4104121,Finance,Finance: Consumer Services
PGYWW,Pagaya Technologies Ltd. Warrants,$0.4601,0.0101,2.244%,34833063.00,United States,,266928,Finance,Finance: Consumer Services
PGZ,Principal Real Estate Income Fund Common Shares of Beneficial Interest,$10.51,0.05,0.478%,0.00,,2013,18152,Finance,Investment Managers
PH,Parker-Hannifin Corporation Common Stock,$721.12,9.90,1.392%,92143274244.00,United States,,534517,Industrials,Metal Fabrications
PHAR,Pharming Group N.V. ADS each representing 10 ordinary shares,$9.7996,-0.4255,-4.161%,670225101.00,Netherlands,,1462,Health Care,Biotechnology: Pharmaceutical Preparations
PHAT,Phathom Pharmaceuticals Inc. Common Stock,$7.90,0.07,0.894%,551531556.00,United States,2019,589976,Health Care,Biotechnology: Pharmaceutical Preparations
PHD,Pioneer Floating Rate Fund Inc.,$9.77,0.03,0.308%,0.00,United States,2004,166852,Finance,Investment Managers
PHG,Koninklijke Philips N.V. NY Registry Shares,$25.02,0.48,1.956%,23145601680.00,Netherlands,,892567,Health Care,Medical Electronics
PHGE,BiomX Inc. COmmon Stock,$0.4313,0.0211,5.144%,11289843.00,,2019,519190,Health Care,Biotechnology: Biological Products (No Diagnostic Substances)
PHH,Park Ha Biological Technology Co. Ltd. Ordinary Shares,$0.8807,-0.038,-4.136%,23227937.00,China,2002,833019,Consumer Discretionary,Package Goods/Cosmetics
PHI,PLDT Inc. Sponsored ADR,$22.84,0.37,1.647%,4934713901.00,Philippines,,51271,Telecommunications,Telecommunications Equipment
PHIN,PHINIA Inc. Common Stock,$47.77,-0.35,-0.727%,1901464118.00,United States,2023,469465,Consumer Discretionary,Auto Parts:O.E.M.
PHIO,Phio Pharmaceuticals Corp. Common Stock,$2.52,0.13,5.439%,12091348.00,United States,,78061,Health Care,Biotechnology: Pharmaceutical Preparations
PHK,Pimco High Income Fund,$4.835,0.045,0.939%,0.00,United States,2003,637629,Finance,Finance/Investors Services
PHLT,Performant Healthcare Inc. Common Stock,$3.66,-0.11,-2.918%,286609622.00,United States,2012,216114,Consumer Discretionary,Other Consumer Services
PHM,PulteGroup Inc. Common Stock,$121.17,12.52,11.523%,24285761158.00,United States,,5149180,Consumer Discretionary,Homebuilding
PHOE,Phoenix Asia Holdings Limited Ordinary Shares,$7.586,-0.264,-3.363%,163857600.00,Hong Kong,2025,64143,Consumer Discretionary,Engineering & Construction
PHR,Phreesia Inc. Common Stock,$26.80,0.25,0.942%,1594714409.00,United States,2019,394386,Consumer Discretionary,Business Services
PHT,Pioneer High Income Fund Inc.,$8.00,-0.025,-0.312%,0.00,United States,,487238,Finance,Investment Managers
PHUN,Phunware Inc. Common Stock,$3.31,-0.06,-1.78%,66765166.00,Greece,2016,385624,Technology,EDP Services
PHVS,Pharvaris N.V. Ordinary Shares,$23.12,-0.72,-3.02%,1259881443.00,Netherlands,2021,15572,Health Care,Biotechnology: Pharmaceutical Preparations
PI,Impinj Inc. Common Stock,$113.23,-3.28,-2.815%,3281269864.00,United States,2016,742625,Technology,Industrial Machinery/Components
PII,Polaris Inc. Common Stock,$52.02,4.95,10.516%,2923407995.00,United States,,2445295,Consumer Discretionary,Industrial Specialties
PIII,P3 Health Partners Inc. Class A Common Stock,$7.44,0.79,11.88%,53478846.00,United States,2021,9405,Health Care,Medical/Nursing Services
PIIIW,P3 Health Partners Inc. Warrant,$0.0094,-0.0002,-2.083%,67567.00,United States,2021,16002,Health Care,Medical/Nursing Services
PIM,Putnam Master Intermediate Income Trust Common Stock,$3.3147,-0.0053,-0.16%,166574925.00,United States,1988,24402,Finance,Finance Companies
PINC,Premier Inc. Class A Common Stock,$21.11,0.18,0.86%,1738248803.00,United States,2013,1143838,Consumer Discretionary,Other Consumer Services
PINE,Alpine Income Property Trust Inc. Common Stock,$14.56,0.12,0.831%,207723472.00,United States,2019,100842,Real Estate,Real Estate Investment Trusts
PINS,Pinterest Inc. Class A Common Stock,$38.11,0.11,0.289%,25786211105.00,United States,2019,7044046,Technology,Computer Software: Programming Data Processing
PIPR,Piper Sandler Companies Common Stock,$317.10,6.27,2.017%,5630661620.00,United States,,142613,Finance,Investment Bankers/Brokers/Service
PJT,PJT Partners Inc. Class A Common Stock,$184.36,2.01,1.102%,4504054729.00,United States,2015,197263,Finance,Investment Managers
PK,Park Hotels & Resorts Inc. Common Stock ,$11.21,0.51,4.766%,2240792941.00,United States,2016,5570018,Consumer Discretionary,Hotels/Resorts
PKBK,Parke Bancorp Inc. Common Stock,$21.97,-0.06,-0.272%,260197916.00,United States,,15674,Finance,Major Banks
PKE,Park Aerospace Corp. Common Stock,$20.29,0.41,2.062%,402874953.00,United States,,486043,Industrials,Military/Government/Technical
PKG,Packaging Corporation of America Common Stock,$205.29,3.90,1.937%,18471995021.00,United States,2000,813818,Consumer Discretionary,Containers/Packaging
PKOH,Park-Ohio Holdings Corp. Common Stock,$17.17,0.53,3.185%,244320893.00,United States,,48015,Industrials,Industrial Specialties
PKST,Peakstone Realty Trust Common Shares,$14.01,0.18,1.302%,515187558.00,United States,2023,181916,Real Estate,Real Estate Investment Trusts
PKX,POSCO HOLDINGS INC. American Depositary Shares (Each representing 1/4th of a share of Common Stock),$59.05,-0.01,-0.017%,19515877847.00,South Korea,1994,135736,Industrials,Steel/Iron Ore
PL,Planet Labs PBC Class A Common Stock,$6.60,-0.43,-6.117%,2002644138.00,United States,2021,8537390,Technology,Radio And Television Broadcasting And Communications Equipment
PLAB,Photronics Inc. Common Stock,$19.32,-0.18,-0.923%,1162107892.00,United States,1987,475976,Technology,Semiconductors
PLAG,Planet Green Holdings Corp. Common Stock,$1.79,0.0798,4.666%,13036058.00,China,,46229,Consumer Staples,Packaged Foods
PLAY,Dave & Buster's Entertainment Inc. Common Stock,$31.25,0.72,2.358%,1080501469.00,United States,2014,672393,Consumer Discretionary,Restaurants
PLBC,Plumas Bancorp,$43.07,0.30,0.701%,255366595.00,United States,,23303,Finance,Finance Companies
PLBY,Playboy Inc. Common Stock,$1.89,0.03,1.613%,177555288.00,United States,2020,395124,Consumer Discretionary,Other Specialty Stores
PLCE,Children's Place Inc. (The) Common Stock,$6.94,1.72,32.95%,153845150.00,United States,1997,6572594,Consumer Discretionary,Clothing/Shoe/Accessory Stores
PLD,Prologis Inc. Common Stock,$109.19,1.33,1.233%,101320239940.00,United States,,5214007,Real Estate,Real Estate Investment Trusts
PLG,Platinum Group Metals Ltd. Ordinary Shares (Canada),$1.80,-0.02,-1.099%,186435855.00,Canada,,966413,Basic Materials,Precious Metals
PLL,Piedmont Lithium Inc. Common Stock,$8.18,0.24,3.023%,179518844.00,United States,,681005,Industrials,Mining & Quarrying of Nonmetallic Minerals (No Fuels)
PLMK,Plum Acquisition Corp. IV Class A Ordinary Shares,$10.295,-0.005,-0.049%,0.00,United States,2025,3796,,
PLMKW,Plum Acquisition Corp. IV Warrants,$0.2552,0.0052,2.08%,0.00,United States,2025,38673,,
PLMR,Palomar Holdings Inc. Common stock,$137.80,-2.06,-1.473%,3685067030.00,United States,2019,295854,Finance,Property-Casualty Insurers
PLNT,Planet Fitness Inc. Common Stock,$113.55,3.53,3.209%,9560117080.00,United States,2015,1492470,Consumer Discretionary,Hotels/Resorts
PLOW,Douglas Dynamics Inc. Common Stock,$29.41,0.76,2.653%,682589219.00,United States,2010,196131,Industrials,Construction/Ag Equipment/Trucks
PLPC,Preformed Line Products Company Common Stock,$143.81,-1.35,-0.93%,710459510.00,United States,,69237,Industrials,Water Sewer Pipeline Comm & Power Line Construction
PLRX,Pliant Therapeutics Inc. Common Stock,$1.57,0.12,8.276%,96376456.00,United States,2020,2094917,Health Care,Biotechnology: Pharmaceutical Preparations
PLRZ,Polyrizon Ltd. Ordinary Shares,$1.45,0.5422,59.727%,7726081.00,Israel,2024,114823881,,
PLSE,Pulse Biosciences Inc Common Stock (DE),$15.16,0.19,1.269%,1019871748.00,United States,2016,110655,Health Care,Medical/Dental Instruments
PLTK,Playtika Holding Corp. Common Stock,$4.72,0.225,5.006%,1771022706.00,Israel,2021,1806185,Technology,EDP Services
PLTR,Palantir Technologies Inc. Class A Common Stock,$149.07,-2.72,-1.792%,351792141021.00,United States,,49702436,Technology,Computer Software: Prepackaged Software
PLUG,Plug Power Inc. Common Stock,$1.84,0.02,1.099%,1984153895.00,United States,1999,75360517,Energy,Industrial Machinery/Components
PLUR,Pluri Inc. Common Stock,$5.02,-0.06,-1.181%,39319657.00,Israel,,24418,Health Care,Biotechnology: Biological Products (No Diagnostic Substances)
PLUS,ePlus inc. Common Stock,$66.35,-0.42,-0.629%,1760052052.00,United States,1996,140692,Technology,Retail: Computer Software & Peripheral Equipment
PLUT,Plutus Financial Group Limited Ordinary Shares,$3.17,-0.20,-5.935%,45172500.00,Hong Kong,2025,77929,Finance,Investment Bankers/Brokers/Service
PLX,Protalix BioTherapeutics Inc. (DE) Common Stock,$1.58,0.06,3.947%,125779242.00,Israel,,796680,Health Care,Biotechnology: Biological Products (No Diagnostic Substances)
PLXS,Plexus Corp. Common Stock,$133.62,-1.94,-1.431%,3619760589.00,United States,,159165,Technology,Electrical Products
PLYM,Plymouth Industrial REIT Inc. Common Stock,$15.73,0.21,1.353%,716468436.00,United States,2017,287375,Real Estate,Real Estate Investment Trusts
PM,Philip Morris International Inc Common Stock,$165.27,-15.21,-8.428%,257245594669.00,United States,,19827488,Health Care, Medicinal Chemicals and Botanical Products 
PMAX,Powell Max Limited Class A Ordinary Shares,$0.412,0.032,8.421%,6051567.00,Hong Kong,2024,1421524,Consumer Discretionary,Other Consumer Services
PMCB,PharmaCyte  Biotech Inc. Common Stock,$0.9894,-0.0057,-0.573%,6790944.00,United States,,42749,Health Care,Biotechnology: Biological Products (No Diagnostic Substances)
PMEC,Primech Holdings Ltd. Ordinary Shares,$1.52,-0.05,-3.185%,57836000.00,Singapore,2023,125145,Finance,Diversified Commercial Services
PMF,PIMCO Municipal Income Fund Common Stock,$7.76,0.06,0.779%,0.00,United States,2001,118210,Finance,Finance/Investors Services
PML,Pimco Municipal Income Fund II Common Shares of Beneficial Interest,$7.20,0.04,0.559%,0.00,United States,2002,222212,Finance,Investment Managers
PMM,Putnam Managed Municipal Income Trust Common Stock,$5.80,-0.02,-0.344%,282685092.00,United States,1989,121137,Finance,Investment Managers
PMN,ProMIS Neurosciences Inc. Common Shares (ON),$0.8199,-0.3001,-26.795%,26801867.00,Canada,,14574208,Health Care,Biotechnology: Pharmaceutical Preparations
PMNT,Perfect Moment Ltd. Common Stock,$0.3689,0.0089,2.472%,11466775.00,United Kingdom,2024,230054,Consumer Discretionary,Apparel
PMO,Putnam Municipal Opportunities Trust Common Stock,$9.73,-0.03,-0.307%,330640647.00,United States,1993,46209,Finance,Finance Companies
PMT,PennyMac Mortgage Investment Trust Common Shares of Beneficial Interest,$12.69,0.21,1.683%,1104164616.00,United States,2009,931151,Real Estate,Real Estate Investment Trusts
PMT^A,PennyMac Mortgage Investment Trust 8.125% Series A Fixed-to-Floating Rate Cumulative Redeemable Preferred Shares of Beneficial Interest,$24.0624,0.0924,0.385%,,United States,,9425,,
PMT^B,PennyMac Mortgage Investment Trust 8.00% Series B Fixed-to-Floating Rate Cumulative Redeemable Preferred Shares of Beneficial Interest,$23.74,-0.08,-0.336%,,United States,,8573,,
PMT^C,PennyMac Mortgage Investment Trust 6.75% Series C Cumulative Redeemable Preferred Shares of Beneficial Interest,$19.1201,-0.0399,-0.208%,,United States,,15907,,
PMTR,Perimeter Acquisition Corp. I Class A Ordinary Shares,$10.17,-0.08,-0.78%,0.00,United States,2025,277216,Finance,Blank Checks
PMTRU,Perimeter Acquisition Corp. I Unit,$10.65,0.10,0.948%,0.00,United States,2025,3097,Finance,Blank Checks
PMTRW,Perimeter Acquisition Corp. I Warrant,$0.53,-0.0154,-2.824%,0.00,United States,2025,56106,Finance,Blank Checks
PMTS,CPI Card Group Inc. Common Stock,$20.97,0.12,0.576%,236572824.00,United States,,24665,Consumer Discretionary,Publishing
PMTU,PennyMac Mortgage Investment Trust 8.50% Senior Notes due 2028,$25.33,0.03,0.119%,2203978701.00,United States,2023,1933,Real Estate,Real Estate Investment Trusts
PMTV,PennyMac Mortgage Investment Trust 9.00% Senior Notes due 2030,$25.50,0.0132,0.052%,0.00,United States,2025,10939,Real Estate,Real Estate Investment Trusts
PMTW,PennyMac Mortgage Investment Trust 9.00% Senior Notes due 2030,$25.38,0.01,0.039%,0.00,United States,2025,17561,Real Estate,Real Estate Investment Trusts
PMVP,PMV Pharmaceuticals Inc. Common Stock,$1.27,-0.07,-5.224%,65979904.00,United States,2020,340381,Health Care,Biotechnology: Pharmaceutical Preparations
PMX,PIMCO Municipal Income Fund III Common Shares of Beneficial Interest,$6.65,0.01,0.151%,0.00,United States,2002,85339,Finance,Trusts Except Educational Religious and Charitable
PN,Skycorp Solar Group Limited Ordinary Shares,$3.10,0.24,8.392%,83700000.00,China,2025,241980,Technology,Retail: Computer Software & Peripheral Equipment
PNBK,Patriot National Bancorp Inc. Common Stock,$1.39,-0.03,-2.113%,106000941.00,United States,,264669,Finance,Major Banks
PNC,PNC Financial Services Group Inc. (The) Common Stock,$196.78,0.75,0.383%,77839676031.00,United States,,2106765,Finance,Major Banks
PNF,PIMCO New York Municipal Income Fund Common Stock,$6.81,0.00,0.00%,0.00,United States,2001,4658,Finance,Finance Companies
PNFP,Pinnacle Financial Partners Inc. Common Stock,$111.80,-5.03,-4.305%,8670771533.00,United States,,2349209,Finance,Major Banks
PNFPP,Pinnacle Financial Partners Inc. Depositary shares of Pinnacle Financial Partners Inc. each representing a 1/40th Interest in a share of its 6.75% Fixed-Rate Non-Cumulative Perpetual Preferred Stock Series B,$24.7325,-0.1675,-0.673%,1918156144.00,United States,,7422,Finance,Major Banks
PNI,Pimco New York Municipal Income Fund II Common Shares of Beneficial Interest,$6.53,0.01,0.153%,0.00,United States,2002,11656,Finance,Trusts Except Educational Religious and Charitable
PNNT,PennantPark Investment Corporation Common Stock,$7.34,0.09,1.241%,479273330.00,United States,2022,284609,Finance,Finance: Consumer Services
PNR,Pentair plc. Ordinary Share,$104.87,0.01,0.01%,17253946175.00,Switzerland,,5404589,Industrials,Industrial Machinery/Components
PNRG,PrimeEnergy Resources Corporation Common Stock,$162.22,5.75,3.675%,269366310.00,United States,,14215,Energy,Oil & Gas Production
PNTG,The Pennant Group Inc. Common Stock ,$22.46,-0.78,-3.356%,774173313.00,United States,,458269,Health Care,Medical/Nursing Services
PNW,Pinnacle West Capital Corporation Common Stock,$94.45,1.30,1.396%,11277236400.00,United States,,1097884,Utilities,Electric Utilities: Central
POAI,Predictive Oncology Inc. Common Stock,$0.776,-0.0092,-1.172%,6930938.00,United States,,254994,Health Care,Industrial Specialties
POCI,Precision Optics Corporation Inc. Common stock,$4.80,-0.06,-1.235%,36797986.00,United States,,4148,Health Care,Biotechnology: Electromedical & Electrotherapeutic Apparatus
PODC,PodcastOne Inc. Common Stock,$1.90,-0.076,-3.846%,50002247.00,United States,,36027,Technology,Computer Software: Programming Data Processing
PODD,Insulet Corporation Common Stock,$285.57,4.61,1.641%,20096966761.00,United States,2007,511228,Health Care,Medical/Dental Instruments
POET,POET Technologies Inc. Common Shares,$6.24,-0.34,-5.167%,487197366.00,Canada,,3790259,Technology,Semiconductors
POLA,Polar Power Inc. Common Stock,$2.19,0.04,1.86%,5500255.00,United States,2016,48365,Miscellaneous,Industrial Machinery/Components
POLE,Andretti Acquisition Corp. II Class A Ordinary Shares,$10.40,0.00,0.00%,0.00,United States,2024,2000,,
POLEW,Andretti Acquisition Corp. II Warrant,$0.2101,-0.0099,-4.50%,0.00,United States,2024,400,,
PONY,Pony AI Inc. American Depositary Shares ,$13.99,1.11,8.618%,4970542816.00,China,2024,20100012,Technology,EDP Services
POOL,Pool Corporation Common Stock,$314.66,15.67,5.241%,11829615639.00,United States,1995,690764,Consumer Discretionary,Industrial Specialties
POR,Portland General Electric Co Common Stock,$40.87,0.16,0.393%,4475850790.00,United States,,1393876,Utilities,Electric Utilities: Central
POST,Post Holdings Inc. Common Stock,$108.43,2.30,2.167%,6041567473.00,United States,2012,663930,Consumer Staples,Packaged Foods
POWI,Power Integrations Inc. Common Stock,$54.01,-0.31,-0.571%,3040240345.00,United States,1997,347374,Technology,Semiconductors
POWL,Powell Industries Inc. Common Stock,$221.01,0.10,0.045%,2667197965.00,United States,,257685,Energy,Electrical Products
POWW,Outdoor Holding Company Common Stock,$1.26,0.01,0.80%,147185840.00,United States,,400946,Industrials,Ordnance And Accessories
POWWP,Outdoor Holding Company 8.75% Series A Cumulative Redeemable Perpetual Preferred Stock,$22.80,0.00,0.00%,2663362825.00,United States,,94,Industrials,Ordnance And Accessories
PPBI,Pacific Premier Bancorp Inc,$22.14,0.19,0.866%,2148876098.00,United States,,1190657,Finance,Major Banks
PPBT,Purple Biotech Ltd. American Depositary Shares,$2.73,-0.045,-1.622%,7229586.00,Israel,2015,11383,Health Care,Biotechnology: Pharmaceutical Preparations
PPC,Pilgrim's Pride Corporation Common Stock,$47.00,1.27,2.777%,11144783867.00,United States,,1944561,Consumer Staples,Meat/Poultry/Fish
PPG,PPG Industries Inc. Common Stock,$115.40,0.88,0.768%,26195800000.00,United States,,1679209,Consumer Discretionary,Paints/Coatings
PPIH,Perma-Pipe International Holdings Inc. Common Stock,$25.11,2.33,10.228%,200442282.00,United States,,209318,Industrials,Pollution Control Equipment
PPL,PPL Corporation Common Stock,$36.81,0.61,1.685%,27212304601.00,United States,,6580728,Utilities,Electric Utilities: Central
PPSI,Pioneer Power Solutions Inc. Common Stock,$3.86,0.20,5.464%,42924227.00,United States,,150093,Industrials,Electrical Products
PPT,Putnam Premier Income Trust Common Stock,$3.61,0.00,0.00%,359297029.00,United States,1988,215594,Finance,Finance Companies
PPTA,Perpetua Resources Corp. Common Shares,$17.79,0.62,3.611%,1272757833.00,Canada,,3377570,Basic Materials,Precious Metals
PR,Permian Resources Corporation Class A Common Stock,$13.49,0.27,2.042%,10790239798.00,United States,2022,9079431,Energy,Oil & Gas Production
PRA,ProAssurance Corporation Common Stock,$23.77,-0.08,-0.335%,1219218755.00,United States,,623600,Finance,Property-Casualty Insurers
PRAA,PRA Group Inc. Common Stock,$15.77,0.30,1.939%,623998383.00,United States,2002,276099,Finance,Finance: Consumer Services
PRAX,Praxis Precision Medicines Inc. Common Stock,$55.41,0.25,0.453%,1128645293.00,United States,2020,377392,Health Care,Biotechnology: Pharmaceutical Preparations
PRCH,Porch Group Inc. Common Stock,$13.38,-0.08,-0.594%,1626171335.00,United States,2020,1309641,Technology,Computer Software: Prepackaged Software
PRCT,PROCEPT BioRobotics Corporation Common Stock,$58.76,1.71,2.997%,3251112532.00,United States,2021,751487,Health Care,Medical/Dental Instruments
PRDO,Perdoceo Education Corporation Common Stock,$28.745,-0.215,-0.742%,1883839765.00,United States,,770204,Real Estate,Other Consumer Services
PRE,Prenetics Global Limited Class A Ordinary Share,$8.12,0.045,0.557%,105835926.00,Hong Kong,,48341,Finance,Blank Checks
PRENW,Prenetics Global Limited Warrant,$0.0436,-0.0001,-0.229%,568282.00,Hong Kong,,23440,Finance,Blank Checks
PRFX,PainReform Ltd. Ordinary Shares,$1.50,0.005,0.334%,2827502.00,Israel,2020,155825,Health Care,Biotechnology: Pharmaceutical Preparations
PRG,PROG Holdings Inc. Common Stock,$28.61,0.39,1.382%,1154528283.00,United States,,413913,Consumer Discretionary,Diversified Commercial Services
PRGO,Perrigo Company plc Ordinary Shares,$27.55,0.61,2.264%,3787499780.00,United States,,933308,Health Care,Biotechnology: Pharmaceutical Preparations
PRGS,Progress Software Corporation Common Stock (DE),$48.93,1.14,2.385%,2109291419.00,United States,1991,879015,Technology,Computer Software: Prepackaged Software
PRH,Prudential Financial Inc. 5.950% Junior Subordinated Notes due 2062,$25.36,0.08,0.316%,8977440000.00,United States,2022,10136,Finance,Life Insurance
PRI,Primerica Inc. Common Stock,$266.35,2.44,0.925%,8752017556.00,United States,2010,159001,Finance,Life Insurance
PRIF^D,Priority Income Fund Inc. 7.00% Series D Term Preferred Stock due 2029,$24.9955,0.0103,0.041%,,,,1228,,
PRIF^J,Priority Income Fund Inc. 6.000% Series J Term Preferred Stock due 2028,$24.30,0.20,0.83%,,,,1439,,
PRIF^K,Priority Income Fund Inc. 7.000% Series K Cumulative Preferred Stock,$24.1551,-0.1249,-0.514%,,,,2320,,
PRIF^L,Priority Income Fund Inc. 6.375% Series L Term Preferred Stock Due 2029,$23.9896,-0.3804,-1.561%,,,,716,,
PRIM,Primoris Services Corporation Common Stock,$86.94,-1.22,-1.384%,4694932837.00,United States,,912125,Industrials,Water Sewer Pipeline Comm & Power Line Construction
PRK,Park National Corporation Common Stock,$169.87,-1.45,-0.846%,2750424115.00,United States,1994,63020,Finance,Major Banks
PRKS,United Parks & Resorts Inc. Common Stock,$50.99,2.35,4.831%,2803145115.00,United States,2013,946345,Health Care,Biotechnology: Electromedical & Electrotherapeutic Apparatus
PRLB,Proto Labs Inc. Common stock,$38.91,-0.21,-0.537%,924915602.00,United States,2012,134240,Industrials,Metal Fabrications
PRLD,Prelude Therapeutics Incorporated Common Stock,$0.8546,0.0125,1.484%,48251127.00,United States,2020,26446,Health Care,Biotechnology: Pharmaceutical Preparations
PRM,Perimeter Solutions SA Common Stock,$16.79,-0.43,-2.497%,2480365964.00,Luxembourg,,1465957,Industrials,Major Chemicals
PRMB,Primo Brands Corporation Class A Common Stock,$29.00,0.00,0.00%,10916264941.00,United States,2024,3512780,Consumer Staples,Beverages (Production/Distribution)
PRME,Prime Medicine Inc. Common Stock,$4.53,-0.04,-0.875%,594763877.00,United States,2022,3538813,Health Care,Biotechnology: Biological Products (No Diagnostic Substances)
PRO,PROS Holdings Inc. Common Stock,$15.65,0.09,0.578%,748891140.00,United States,2007,1715349,Technology,EDP Services
PROF,Profound Medical Corp. Common Stock,$5.87,0.32,5.766%,176344984.00,Canada,,25898,Health Care,Medical/Dental Instruments
PROK,ProKidney Corp. Class A Ordinary Shares,$3.05,-0.17,-5.28%,892744223.00,United States,2021,4535341,Health Care,Biotechnology: Biological Products (No Diagnostic Substances)
PROP,Prairie Operating Co. Common Stock,$4.20,0.23,5.793%,184084727.00,United States,,1758158,Finance,Finance: Consumer Services
PROV,Provident Financial Holdings Inc. Common Stock,$15.68,0.00,0.00%,103819632.00,United States,,17473,Finance,Savings Institutions
PRPH,ProPhase Labs Inc. Common Stock (DE),$0.3904,-0.0125,-3.103%,16217686.00,United States,,714951,Health Care,Biotechnology: Pharmaceutical Preparations
PRPL,Purple Innovation Inc. Common Stock,$0.82,0.055,7.19%,88876910.00,United States,2015,1359496,Consumer Discretionary,Home Furnishings
PRPO,Precipio Inc.  Common Stock,$13.80,-0.10,-0.719%,20865752.00,United States,,9217,Industrials,Biotechnology: Laboratory Analytical Instruments
PRQR,ProQR Therapeutics N.V. Ordinary Shares,$2.28,-0.06,-2.564%,239884562.00,Netherlands,2014,81703,Health Care,Biotechnology: Pharmaceutical Preparations
PRS,Prudential Financial Inc. 5.625% Junior Subordinated Notes due 2058,$24.07,0.01,0.042%,8520780000.00,United States,2018,17936,Finance,Life Insurance
PRSO,Peraso Inc. Common Stock,$1.01,0.015,1.508%,5136572.00,United States,,102696,Technology,Semiconductors
PRSU,Pursuit Attractions and Hospitality Inc. Common Stock,$30.66,0.81,2.714%,866324852.00,United States,,165649,Consumer Discretionary,Business Services
PRT,PermRock Royalty Trust Trust Units,$4.09,0.00,0.00%,49757844.00,United States,2018,22384,Energy,Oil & Gas Production
PRTA,Prothena Corporation plc Ordinary Shares,$6.53,0.24,3.816%,351490192.00,United States,,722319,Health Care,Biotechnology: Pharmaceutical Preparations
PRTC,PureTech Health plc American Depositary Shares,$18.55,-1.1173,-5.681%,445672005.00,United States,,1697,Health Care,Biotechnology: Pharmaceutical Preparations
PRTG,Portage Biotech Inc. Common Stock,$5.826,0.016,0.275%,6109225.00,Canada,,30453,Energy,Oil & Gas Production
PRTH,Priority Technology Holdings Inc. Common Stock,$7.23,0.20,2.845%,576617631.00,United States,2016,423808,Consumer Discretionary,Business Services
PRTS,CarParts.com Inc. Common Stock,$0.7818,-0.0077,-0.975%,45718458.00,United States,2007,283727,Consumer Discretionary,Auto & Home Supply Stores
PRU,Prudential Financial Inc. Common Stock,$104.22,2.11,2.066%,36893880000.00,United States,2001,1560059,Finance,Life Insurance
PRVA,Privia Health Group Inc. Common Stock,$20.07,-0.09,-0.446%,2446924566.00,United States,2021,1092274,Health Care,Medical/Nursing Services
PRZO,ParaZero Technologies Ltd. Ordinary Shares,$1.90,-0.09,-4.523%,31691299.00,Israel,2023,1431889,Industrials,Military/Government/Technical
PSA,Public Storage Common Stock,$291.04,6.46,2.27%,51057538358.00,United States,,836199,Real Estate,Real Estate Investment Trusts
PSA^F,Public Storage Depositary Shares Each Representing 1/1000 of a 5.15% Cumulative Preferred Share of Beneficial Interest Series F par value $0.01 per share,$20.82,0.03,0.144%,,United States,,7914,,
PSA^G,Public Storage Depositary Shares Each Representing 1/1000 of a 5.05% Cumulative Preferred Share of Beneficial Interest Series G,$20.331,-0.049,-0.24%,,United States,,13294,,
PSA^H,Public Storage Depositary Shares Each Representing 1/1000 of a  5.60% Cumulative Preferred  Share of Beneficial Interest Series H,$22.86,-0.02,-0.087%,,United States,,15903,,
PSA^I,Public Storage Depositary Shares Each Representing 1/1000 of a 4.875% Cumulative Preferred Share of Beneficial Interest Series I par value $0.01 per share,$19.37,-0.05,-0.257%,,United States,,9671,,
PSA^J,Public Storage Depositary Shares Each Representing 1/1000 of a 4.700% Cumulative Preferred Share of Beneficial Interest Series J par value $0.01 per share,$18.69,-0.05,-0.267%,,United States,,10720,,
PSA^K,Public Storage Depositary Shares Each Representing 1/1000 of a 4.75% Cumulative Preferred Share of Beneficial Interest Series K,$18.845,-0.025,-0.132%,,United States,,9463,,
PSA^L,Public Storage Depositary Shares Each Representing 1/1000 of a 4.625% Cumulative Preferred Share of Beneficial Interest Series L par value $0.01 per share,$18.34,-0.12,-0.65%,,United States,,27557,,
PSA^M,Public Storage Depositary Shares Each Representing 1/1000 of a 4.125% Cumulative Preferred Share of Beneficial Interest Series M,$16.39,-0.08,-0.486%,,United States,,8536,,
PSA^N,Public Storage Depositary Shares Each Representing 1/1000 of a 3.875% Cumulative Preferred Share of Beneficial Interest Series N,$15.351,-0.089,-0.576%,,United States,,17895,,
PSA^O,Public Storage Depositary Shares Each Representing 1/1000 of a 3.900% Cumulative Preferred Share of Beneficial Interest Series O,$15.47,-0.02,-0.129%,,United States,,20413,,
PSA^P,Public Storage Depositary Shares Each Representing 1/1000 of a 4.000% Cumulative Preferred Share of Bene cial Interest Series P,$15.90,-0.14,-0.873%,,United States,,36185,,
PSA^Q,Public Storage Depositary Shares Each Representing 1/1000 of a 3.950% Cumulative Preferred Share of Beneficial Interest Series Q par value $0.01 per share,$15.73,-0.0303,-0.192%,,United States,,12077,,
PSA^R,Public Storage Depositary Shares Each Representing 1/1000 of a 4.00% Cumulative Preferred Share of Bene cial Interest Series R,$15.95,-0.02,-0.125%,,United States,,28369,,
PSA^S,Public Storage Depositary Shares Each Representing 1/1000 of a 4.100% Cumulative Preferred Share of Beneficial Interest Series S,$16.26,-0.04,-0.245%,,United States,,23299,,
PSBD,Palmer Square Capital BDC Inc. Common Stock,$14.02,-0.02,-0.142%,0.00,,2024,33096,,
PSEC,Prospect Capital Corporation Common Stock,$3.42,0.06,1.786%,1544248852.00,United States,2004,2839520,Finance,Finance: Consumer Services
PSEC^A,Prospect Capital Corporation 5.35% Series A Fixed Rate Cumulative Perpetual Preferred Stock,$17.849,0.1791,1.014%,,United States,,5124,,
PSF,Cohen & Steers Select Preferred and Income Fund Inc. Common Stock,$20.10,0.02,0.10%,987686423.00,,2010,6881,Finance,Investment Managers
PSFE,Paysafe Limited Common Shares,$13.73,-0.01,-0.073%,822266414.00,,2021,371307,Consumer Discretionary,Business Services
PSHG,Performance Shipping Inc. Common Shares,$1.84,0.08,4.545%,22875171.00,Greece,,66627,Consumer Discretionary,Marine Transportation
PSIG,PS International Group Ltd. Ordinary Shares,$0.36,0.0181,5.294%,9351697.00,Hong Kong,,50873,Consumer Discretionary,Oil Refining/Marketing
PSIX,Power Solutions International Inc. Common Stock,$83.31,-4.53,-5.157%,1916814642.00,United States,,773604,Industrials,Industrial Machinery/Components
PSMT,PriceSmart Inc. Common Stock,$106.50,-1.95,-1.798%,3275289392.00,United States,,195863,Consumer Discretionary,Department/Specialty Retail Stores
PSN,Parsons Corporation Common Stock,$75.00,0.30,0.402%,8015623875.00,United States,2019,1068318,Technology,EDP Services
PSNL,Personalis Inc. Common Stock,$6.43,0.23,3.71%,567930637.00,United States,2019,1022808,Health Care,Medical Specialities
PSNY,Polestar Automotive Holding UK PLC Class A ADS,$1.11,0.04,3.738%,2342493575.00,Sweden,,4465897,Consumer Discretionary,Auto Manufacturing
PSNYW,Polestar Automotive Holding UK PLC Class C-1 ADS (ADW),$0.1496,0.0046,3.172%,315709044.00,Sweden,,86109,Consumer Discretionary,Auto Manufacturing
PSO,Pearson Plc Common Stock,$14.36,0.19,1.341%,9467830849.00,United Kingdom,,538988,Consumer Discretionary,Books
PSQH,PSQ Holdings Inc. Class A Common Stock,$2.25,-0.04,-1.747%,102462696.00,,2021,812383,Consumer Discretionary,Advertising
PSTG,Pure Storage Inc. Class A Common Stock,$55.80,-1.21,-2.122%,18237207632.00,United States,2015,1932214,Technology,Electronic Components
PSTL,Postal Realty Trust Inc. Class A Common Stock,$14.74,0.07,0.477%,350893733.00,United States,2019,109503,Real Estate,Real Estate Investment Trusts
PSTV,PLUS THERAPEUTICS Inc. Common Stock ,$0.425,0.041,10.677%,13904748.00,United States,,7172219,Health Care,Medical/Dental Instruments
PSX,Phillips 66 Common Stock,$126.16,0.11,0.087%,51420530738.00,United States,,2224938,Energy,Integrated oil Companies
PT,Pintec Technology Holdings Limited American Depositary Shares,$0.946,0.0291,3.174%,15086770.00,China,2018,3173,Technology,Computer Software: Programming Data Processing
PTA,Cohen & Steers Tax-Advantaged Preferred Securities and Income Fund Common Shares of Beneficial Interest,$19.73,-0.06,-0.303%,1090545307.00,United States,2020,73369,Finance,Trusts Except Educational Religious and Charitable
PTC,PTC Inc. Common Stock,$202.87,4.05,2.037%,24333820735.00,United States,,792592,Technology,Computer Software: Prepackaged Software
PTCT,PTC Therapeutics Inc. Common Stock,$46.39,-1.47,-3.071%,3676733111.00,United States,2013,1109175,Health Care,Biotechnology: Pharmaceutical Preparations
PTEN,Patterson-UTI Energy Inc. Common Stock,$5.86,0.03,0.515%,2261883972.00,United States,1993,10751790,Energy,Oil & Gas Production
PTGX,Protagonist Therapeutics Inc. Common Stock,$54.99,-0.23,-0.417%,3408387705.00,United States,2016,681784,Health Care,Biotechnology: Pharmaceutical Preparations
PTHL,Pheton Holdings Ltd Class A Ordinary Shares,$22.50,-0.11,-0.487%,320625000.00,China,2024,1128236,Health Care,Biotechnology: Electromedical & Electrotherapeutic Apparatus
PTHS,Pelthos Therapeutics Inc. Common Stock,$20.50,0.66,3.327%,13521493.00,,2024,14194,Health Care,Biotechnology: Biological Products (No Diagnostic Substances)
PTIX,Protagenic Therapeutics Inc. Common Stock,$3.34,0.16,5.031%,1967136.00,United States,,112850,Health Care,Biotechnology: Pharmaceutical Preparations
PTIXW,Protagenic Therapeutics Inc. Warrant,$0.0416,-0.0002,-0.478%,24501.00,United States,,66757,Health Care,Biotechnology: Pharmaceutical Preparations
PTLE,PTL LTD Class A Ordinary Shares,$0.235,0.029,14.078%,8809563.00,Singapore,2024,2907280,Energy,Oil Refining/Marketing
PTLO,Portillo's Inc. Class A Common Stock,$11.46,0.58,5.331%,857383670.00,United States,2021,1809914,Consumer Discretionary,Restaurants
PTMN,Portman Ridge Finance Corporation Common Stock,$12.58,-0.10,-0.789%,115772105.00,United States,2006,50197,Finance,Finance: Consumer Services
PTNM,Pitanium Limited Class A Ordinary shares,$1.99,-0.04,-1.97%,45272500.00,Hong Kong,2025,668026,Consumer Discretionary,Package Goods/Cosmetics
PTON,Peloton Interactive Inc. Class A Common Stock,$6.49,0.30,4.847%,2586651707.00,United States,2019,11246320,Consumer Discretionary,Recreational Games/Products/Toys
PTY,Pimco Corporate & Income Opportunity Fund,$13.80,0.02,0.145%,0.00,United States,2002,492956,Finance,Investment Managers
PUBM,PubMatic Inc. Class A Common Stock,$12.47,-0.32,-2.502%,605214603.00,United States,2020,406243,Technology,Computer Software: Programming Data Processing
PUK,Prudential Public Limited Company Common Stock,$24.91,0.17,0.687%,32164814007.00,United Kingdom,,706936,Finance,Life Insurance
PULM,Pulmatrix Inc. Common Stock,$6.08,0.01,0.165%,22205893.00,United States,2014,5163,Health Care,Biotechnology: Pharmaceutical Preparations
PUMP,ProPetro Holding Corp. Common Stock,$5.67,-0.02,-0.351%,589168634.00,United States,2017,1512972,Energy,Oilfield Services/Equipment
PVBC,Provident Bancorp Inc. (MD) Common Stock,$12.66,-0.02,-0.158%,225196561.00,United States,2015,95830,Finance,Banks
PVH,PVH Corp. Common Stock,$76.34,3.07,4.19%,3669901981.00,United States,,1439991,Consumer Discretionary,Apparel
PVL,Permianville Royalty Trust Trust Units ,$1.81,0.01,0.556%,59730000.00,United States,2011,16608,Energy,Oil & Gas Production
PVLA,Palvella Therapeutics Inc. Common Stock,$36.00,5.00,16.129%,398003940.00,United States,,644941,Health Care,Biotechnology: Pharmaceutical Preparations
PW,Power REIT (MD) Common Stock,$1.18,0.0002,0.017%,3999800.00,United States,1998,18859,Real Estate,Real Estate Investment Trusts
PW^A,Power REIT 7.75% Series A Cumulative Perpetual Preferred Stock,$4.19,0.04,0.964%,,United States,,540,,
PWM,Prestige Wealth Inc. Class A Ordinary Shares,$0.42,0.028,7.143%,13289623.00,Hong Kong,2023,94858,Finance,Finance: Consumer Services
PWOD,Penns Woods Bancorp Inc. Common Stock,$31.87,0.17,0.536%,242665000.00,United States,,57973,Finance,Major Banks
PWP,Perella Weinberg Partners Class A Common Stock,$20.26,0.35,1.758%,1790643044.00,United States,2020,951476,Finance,Finance: Consumer Services
PWR,Quanta Services Inc. Common Stock,$394.93,-3.73,-0.936%,58528118515.00,United States,,1120774,Industrials,Engineering & Construction
PX,P10 Inc. Class A Common Stock,$11.90,0.31,2.675%,1334281264.00,United States,2021,447392,Finance,Investment Managers
PXLW,Pixelworks Inc.  Common Stock,$10.48,0.47,4.695%,54978594.00,United States,2000,32427,Technology,Semiconductors
PXS,Pyxis Tankers Inc. Common Stock,$2.87,-0.01,-0.347%,30094433.00,Greece,,6383,Consumer Discretionary,Marine Transportation
PXSAW,Pyxis Tankers Inc. Warrant,$0.014,-0.0055,-28.205%,146802.00,Greece,,4000,Consumer Discretionary,Marine Transportation
PYN,PIMCO New York Municipal Income Fund III Common Shares of Beneficial Interest,$5.19,0.02,0.387%,0.00,United States,2002,181,Finance,Investment Managers
PYPD,PolyPid Ltd. Ordinary Shares,$3.76,0.01,0.267%,38317799.00,Israel,2020,160187,Health Care,Biotechnology: Pharmaceutical Preparations
PYPL,PayPal Holdings Inc. Common Stock,$76.00,1.18,1.577%,73912495004.00,United States,,9082177,Consumer Discretionary,Business Services
PYXS,Pyxis Oncology Inc. Common Stock,$1.13,0.00,0.00%,70000861.00,United States,2021,141840,Health Care,Biotechnology: Pharmaceutical Preparations
PZC,PIMCO California Municipal Income Fund III Common Shares of Beneficial Interest,$6.07,0.00,0.00%,0.00,United States,2002,54664,Finance,Investment Managers
PZG,Paramount Gold Nevada Corp. Common Stock,$0.6676,-0.0124,-1.824%,47699453.00,United States,2015,245044,Basic Materials,Metal Mining
PZZA,Papa John's International Inc. Common Stock,$45.35,0.61,1.363%,1484688027.00,United States,1993,844723,Consumer Discretionary,Restaurants
QBTS,D-Wave Quantum Inc. Common Shares,$17.59,-0.80,-4.35%,5139644281.00,,2022,43060982,Technology,EDP Services
QCOM,QUALCOMM Incorporated Common Stock,$157.99,-0.98,-0.616%,173473020000.00,United States,1991,6932450,Technology,Radio And Television Broadcasting And Communications Equipment
QCRH,QCR Holdings Inc. Common Stock,$75.35,0.08,0.106%,1275782346.00,United States,,148297,Finance,Major Banks
QD,Qudian Inc. American Depositary Shares each representing one Class A Ordinary Share,$3.32,0.00,0.00%,548219953.00,China,2017,212550,Finance,Finance: Consumer Services
QDEL,QuidelOrtho Corporation Common Stock,$25.54,0.24,0.949%,1727164771.00,United States,,1719594,Health Care,Biotechnology: In Vitro & In Vivo Diagnostic Substances
QETA,Quetta Acquisition Corporation Common Stock,$11.12,0.00,0.00%,0.00,United States,2023,4,Finance,Blank Checks
QFIN,Qifu Technology Inc. American Depositary Shares,$40.50,-1.48,-3.525%,5682747942.00,China,2018,3966746,Finance,Finance: Consumer Services
QGEN,Qiagen N.V. Common Shares,$49.51,1.45,3.017%,10699908210.00,Netherlands,,1668396,Health Care,Biotechnology: Biological Products (No Diagnostic Substances)
QH,Quhuo Limited American Depository Shares,$1.72,0.15,9.554%,154275424.00,China,2020,1568923,Consumer Discretionary,Business Services
QIPT,Quipt Home Medical Corp. Common Shares,$2.21,0.19,9.406%,96011178.00,United States,,538649,Health Care,Misc Health and Biotechnology Services
QLGN,Qualigen Therapeutics Inc. Common Stock,$3.00,-0.07,-2.28%,4906425.00,United States,2015,138550,Health Care,Biotechnology: Pharmaceutical Preparations
QLYS,Qualys Inc. Common Stock,$141.06,1.55,1.111%,5124163334.00,United States,2012,253413,Technology,Computer Software: Prepackaged Software
QMCO,Quantum Corporation Common Stock,$9.16,0.14,1.552%,53441263.00,United States,,662292,Technology,Electronic Components
QMMM,QMMM Holdings Limited Class A Ordinary Shares,$2.28,0.08,3.636%,39230460.00,Hong Kong,2024,1626892,Consumer Discretionary,Advertising
QNCX,Quince Therapeutics Inc. Common Stock,$1.77,-0.13,-6.842%,80479744.00,United States,2019,187720,Health Care,Biotechnology: Biological Products (No Diagnostic Substances)
QNRX,Quoin Pharmaceuticals Ltd. American Depositary Shares,$8.50,-0.0312,-0.366%,4999411.00,Israel,2016,1710,Health Care,Medical/Dental Instruments
QNST,QuinStreet Inc. Common Stock,$15.80,0.42,2.731%,899840415.00,United States,2010,556795,Consumer Discretionary,Business Services
QNTM,Quantum Biopharma Ltd. Class B Subordinate Voting Shares,$21.86,-1.85,-7.803%,64077103.00,Canada,,151229,Health Care,Biotechnology: Pharmaceutical Preparations
QQQX,Nuveen NASDAQ 100 Dynamic Overwrite Fund Shares of Beneficial Interest,$26.23,-0.27,-1.019%,0.00,United States,,133670,Finance,Finance Companies
QRHC,Quest Resource Holding Corporation Common Stock,$2.12,0.09,4.433%,43749501.00,United States,,38898,Utilities,Environmental Services
QRVO,Qorvo Inc. Common Stock,$87.80,-0.13,-0.148%,8167610716.00,United States,,1524954,Technology,Semiconductors
QS,QuantumScape Corporation Class A Common Stock,$13.80,1.28,10.224%,7713182705.00,United States,2020,103826500,Miscellaneous,Industrial Machinery/Components
QSEA,Quartzsea Acquisition Corporation Ordinary Shares,$10.15,0.05,0.495%,0.00,United States,2025,4854,Finance,Blank Checks
QSEAR,Quartzsea Acquisition Corporation Rights,$0.30,0.00,0.00%,0.00,United States,2025,40,Finance,Blank Checks
QSG,QuantaSing Group Limited American Depositary Shares,$9.36,-0.10,-1.057%,478417708.00,China,2023,581437,Real Estate,Other Consumer Services
QSI,Quantum-Si Incorporated Class A Common Stock,$1.80,0.08,4.651%,330296609.00,United States,2020,5826770,Industrials,Industrial Machinery/Components
QSIAW,Quantum-Si Incorporated Warrant,$0.56,-0.0399,-6.651%,102758945.00,United States,2020,2763,Industrials,Industrial Machinery/Components
QSR,Restaurant Brands International Inc. Common Shares,$71.34,2.44,3.541%,32433048375.00,Canada,2014,1531842,Consumer Discretionary,Restaurants
QTRX,Quanterix Corporation Common Stock,$5.51,0.33,6.371%,213949917.00,United States,2017,654091,Industrials,Biotechnology: Laboratory Analytical Instruments
QTTB,Q32 Bio Inc. Common Stock,$2.24,0.06,2.752%,27322658.00,United States,2018,603000,Health Care,Biotechnology: Pharmaceutical Preparations
QTWO,Q2 Holdings Inc. Common Stock,$89.92,-0.03,-0.033%,5602361563.00,United States,2014,425445,Technology,Computer Software: Prepackaged Software
QUAD,Quad Graphics Inc Class A Common Stock,$5.69,0.21,3.832%,287985142.00,United States,,149967,Consumer Discretionary,Publishing
QUBT,Quantum Computing Inc. Common Stock,$16.81,-1.04,-5.826%,2368588440.00,United States,,19977970,Technology,Computer Software: Prepackaged Software
QUIK,QuickLogic Corporation Common Stock,$6.41,0.18,2.889%,101509138.00,United States,1999,156715,Technology,Semiconductors
QURE,uniQure N.V. Ordinary Shares,$14.25,-0.25,-1.724%,780166068.00,Netherlands,2014,1310202,Health Care,Biotechnology: Pharmaceutical Preparations
QVCC,QVC Inc. 6.250% Senior Secured Notes due 2068,$9.27,-0.11,-1.173%,0.00,United States,2019,24772,Consumer Discretionary,Catalog/Specialty Distribution
QVCD,QVC Inc. 6.375% Senior Secured Notes due 2067,$9.38,-0.12,-1.263%,0.00,United States,2018,11644,Consumer Discretionary,Catalog/Specialty Distribution
QVCGA,QVC Group Inc. Series A Common Stock,$3.39,0.46,15.70%,27352995.00,United States,,9497507,Consumer Discretionary,Catalog/Specialty Distribution
QVCGP,QVC Group Inc. 8.0% Fixed Rate Cumulative Redeemable Preferred Stock,$5.56,0.03,0.542%,44862139.00,United States,,100904,Consumer Discretionary,Catalog/Specialty Distribution
QXO,QXO Inc. Common Stock,$22.24,0.41,1.878%,12860624853.00,United States,,7413516,Consumer Discretionary,RETAIL: Building Materials
QXO^B,QXO Inc.  Depositary Shares each representing a 1/20th interest in a share of 5.50% Series B Mandatory Convertible Preferred Stock,$62.63,0.00,0.00%,,United States,,5437,,
R,Ryder System Inc. Common Stock,$171.76,2.95,1.748%,7100694434.00,United States,,502972,Consumer Discretionary,Rental/Leasing Companies
RA,Brookfield Real Assets Income Fund Inc. Common Stock,$13.21,-0.01,-0.076%,0.00,United States,2016,173437,Finance,Investment Managers
RAAQ,Real Asset Acquisition Corp. Class A Ordinary Share,$10.17,0.00,0.00%,0.00,United States,2025,11300,,
RAAQU,Real Asset Acquisition Corp. Unit,$10.3301,0.00,0.00%,0.00,United States,2025,38,Finance,Blank Checks
RAAQW,Real Asset Acquisition Corp. Warrants,$0.45,0.01,2.273%,0.00,United States,2025,1250,,
RAC,Rithm Acquisition Corp. Class A Ordinary Shares,$10.28,0.02,0.195%,0.00,,2025,20933,,
RAC/WS,Rithm Acquisition Corp.,$0.4815,0.0315,7.00%,,,,200,,
RACE,Ferrari N.V. Common Shares,$500.81,-6.53,-1.287%,121384927535.00,Italy,2015,231292,Consumer Discretionary,Auto Manufacturing
RADX,Radiopharm Theranostics Limited American Depositary Shares,$4.41,0.10,2.32%,9582756934.00,Australia,,3874,,
RAIL,FreightCar America Inc. Common Stock,$11.32,0.57,5.302%,215536309.00,United States,2005,210299,Industrials,Railroads
RAIN,Rain Enhancement Technologies Holdco Inc. Class A Common Stock,$3.89,0.01,0.258%,29511536.00,United States,,3574,Technology,Industrial Machinery/Components
RAINW,Rain Enhancement Technologies Holdco Inc. Warrants,$0.1651,-0.0208,-11.189%,1252533.00,United States,,1256,Technology,Industrial Machinery/Components
RAL,Ralliant Corporation Common Stock,$46.67,0.15,0.322%,5273256181.00,,2025,1835963,Industrials,Industrial Machinery/Components
RAMP,LiveRamp Holdings Inc. Common Stock,$32.96,-0.31,-0.932%,2142129234.00,United States,2018,372282,Technology,EDP Services
RAND,Rand Capital Corporation Common Stock,$19.09,-0.19,-0.985%,56693749.00,United States,,9678,Finance,Finance: Consumer Services
RANG,Range Capital Acquisition Corp. Ordinary Shares,$10.30,0.00,0.00%,0.00,United States,2025,50,,
RANGR,Range Capital Acquisition Corp. Rights,$0.18,0.0599,49.875%,0.00,United States,2025,3652,,
RANI,Rani Therapeutics Holdings Inc. Class A Common Stock,$0.4374,0.0174,4.143%,25168917.00,United States,2021,1974165,Health Care,Biotechnology: Pharmaceutical Preparations
RAPP,Rapport Therapeutics Inc. Common Stock,$15.20,0.81,5.629%,554762836.00,United States,2024,199905,Health Care,Biotechnology: Pharmaceutical Preparations
RAPT,RAPT Therapeutics Inc. Common Stock,$12.28,0.58,4.957%,203063136.00,United States,2019,73009,Health Care,Biotechnology: Pharmaceutical Preparations
RARE,Ultragenyx Pharmaceutical Inc. Common Stock,$26.44,0.05,0.189%,2499691405.00,United States,2014,2991483,Health Care,Biotechnology: Pharmaceutical Preparations
RAVE,Rave Restaurant Group Inc. Common Stock,$2.80,0.0307,1.109%,39792385.00,United States,,33518,Consumer Discretionary,Food Distributors
RAY,Raytech Holding Limited Ordinary Shares,$2.51,-0.07,-2.713%,44208838.00,Hong Kong,2024,735435,Consumer Discretionary,Consumer Electronics/Appliances
RAYA,Erayak Power Solution Group Inc. Class A Ordinary Shares,$0.1851,0.025,15.615%,9363882.00,China,2022,90278051,Consumer Discretionary,Metal Fabrications
RBA,RB Global Inc. Common Stock,$107.32,-0.59,-0.547%,19999401170.00,Canada,,1114222,Consumer Discretionary,Business Services
RBB,RBB Bancorp Common Stock,$18.97,0.72,3.945%,336525125.00,United States,2017,262714,Finance,Major Banks
RBBN,Ribbon Communications Inc. Common Stock,$4.03,-0.04,-0.983%,711473876.00,United States,,660978,Technology,EDP Services
RBC,RBC Bearings Incorporated Common Stock,$392.38,0.40,0.102%,12351360398.00,United States,2022,144879,Industrials,Metal Fabrications
RBCAA,Republic Bancorp Inc. Class A Common Stock,$74.07,-0.91,-1.214%,1446203788.00,United States,1998,37325,Finance,Major Banks
RBKB,Rhinebeck Bancorp Inc. Common Stock,$12.78,0.30,2.404%,141837603.00,United States,2019,15453,Finance,Banks
RBLX,Roblox Corporation Class A Common Stock,$120.20,-4.30,-3.454%,81529774783.00,United States,2021,10620934,Technology,Computer Software: Prepackaged Software
RBNE,Robin Energy Ltd. Common Stock,$3.07,-0.20,-6.116%,7327267.00,Cyprus,,304350,Consumer Discretionary,Marine Transportation
RBOT,Vicarious Surgical Inc. Class A Common Stock,$11.40,1.12,10.895%,67624618.00,Hong Kong,2020,24672,Health Care,Industrial Specialties
RBRK,Rubrik Inc. Class A Common Stock,$83.77,-2.76,-3.19%,16208937930.00,United States,2024,2931058,Technology,Computer Software: Prepackaged Software
RC,Ready Capital Corporation Common Stock,$4.37,0.15,3.555%,745116582.00,United States,2013,1931938,Real Estate,Real Estate Investment Trusts
RC^C,Ready Capital Corporation 6.25% Series C Cumulative Convertible Preferred Stock,$15.21,0.00,0.00%,,United States,,21,,
RC^E,Ready Capital Corporation 6.50% Series E Cumulative Redeemable Preferred Stock,$15.31,0.08,0.525%,,United States,,6575,,
RCAT,Red Cat Holdings Inc. Common Stock,$8.98,-0.435,-4.62%,816419080.00,United States,,9455768,Technology,Computer Software: Prepackaged Software
RCB,Ready Capital Corporation 6.20% Senior Notes due 2026,$24.21,0.06,0.248%,4127979966.00,United States,2019,3597,Real Estate,Real Estate Investment Trusts
RCC,Ready Capital Corporation 5.75% Senior Notes due 2026,$24.49,0.0331,0.135%,4175721989.00,United States,2021,16739,Real Estate,Real Estate Investment Trusts
RCD,Ready Capital Corporation 9.00% Senior Notes due 2029,$23.6399,0.0699,0.297%,0.00,United States,2024,6650,Real Estate,Real Estate Investment Trusts
RCEL,Avita Medical Inc. Common Stock,$5.81,0.60,11.516%,153585363.00,United States,,281858,Health Care,Medical/Dental Instruments
RCG,RENN Fund Inc Common Stock,$2.6202,-0.0198,-0.75%,0.00,United States,,13462,Finance,Investment Managers
RCI,Rogers Communication Inc. Common Stock,$34.14,0.82,2.461%,18246725400.00,Canada,,1984614,Telecommunications,Cable & Other Pay Television Services
RCKT,Rocket Pharmaceuticals Inc. Common Stock,$3.37,0.24,7.668%,363076787.00,United States,2015,3446077,Health Care,Biotechnology: Pharmaceutical Preparations
RCKTW,Rocket Pharmaceuticals Inc. Warrant,$0.0394,-0.0001,-0.253%,4244874.00,United States,,20,Health Care,Biotechnology: Pharmaceutical Preparations
RCKY,Rocky Brands Inc. Common Stock,$24.37,1.06,4.547%,181828640.00,United States,1993,45081,Consumer Discretionary,Shoe Manufacturing
RCL,Royal Caribbean Cruises Ltd. Common Stock,$348.54,2.07,0.597%,94649652057.00,United States,1993,1727384,Consumer Discretionary,Marine Transportation
RCMT,RCM Technologies Inc. Common Stock,$25.17,0.16,0.64%,186015990.00,United States,,32229,Consumer Discretionary,Professional Services
RCON,Recon Technology Ltd. Class A Ordinary Shares,$2.58,0.00,0.00%,38926934.00,China,2009,2517,Energy,Oilfield Services/Equipment
RCS,PIMCO Strategic Income Fund Inc.,$7.01,0.03,0.43%,0.00,United States,1994,74561,Finance,Investment Managers
RCT,RedCloud Holdings plc Ordinary Shares,$2.03,-0.07,-3.333%,89780069.00,United Kingdom,2025,90319,Consumer Discretionary,Other Specialty Stores
RCUS,Arcus Biosciences Inc. Common Stock,$9.16,-0.10,-1.08%,969907864.00,United States,2018,492368,Health Care,Biotechnology: Pharmaceutical Preparations
RDAC,Rising Dragon Acquisition Corp. Ordinary Shares,$10.32,0.00,0.00%,0.00,China,2024,1,,
RDAG,Republic Digital Acquisition Company Class A Ordinary Shares,$10.3799,-0.0701,-0.671%,0.00,United States,2025,33103,Finance,Blank Checks
RDAGU,Republic Digital Acquisition Company Unit,$10.75,0.02,0.186%,0.00,United States,2025,11758,Finance,Blank Checks
RDAGW,Republic Digital Acquisition Company Warrants,$0.80,0.0999,14.269%,0.00,United States,2025,89012,Finance,Blank Checks
RDCM,Radcom Ltd. Ordinary Shares,$13.855,0.115,0.837%,220510860.00,Israel,1997,101461,Technology,Computer peripheral equipment
RDDT,Reddit Inc. Class A Common Stock,$145.80,-0.49,-0.335%,26903105230.00,United States,2024,5100381,Technology,EDP Services
RDGT,Ridgetech Inc. Ordinary Shares,$1.45,0.076,5.531%,9648412.00,China,,260104,Consumer Staples,Retail-Drug Stores and Proprietary Stores
RDHL,Redhill Biopharma Ltd. American Depositary Shares,$2.17,-0.18,-7.66%,4972672.00,Israel,,619751,Health Care,Biotechnology: Pharmaceutical Preparations
RDI,Reading International Inc Class A Common Stock,$1.32,0.00,0.00%,29668892.00,United States,,58487,Consumer Discretionary,Movies/Entertainment
RDIB,Reading International Inc Class B Common Stock,$10.42,-0.13,-1.232%,234204432.00,United States,,9269,Consumer Discretionary,Movies/Entertainment
RDN,Radian Group Inc. Common Stock,$34.22,0.29,0.855%,4596913723.00,United States,,1090831,Finance,Property-Casualty Insurers
RDNT,RadNet Inc. Common Stock,$57.14,-0.80,-1.381%,4287219800.00,United States,,571182,Health Care,Medical Specialities
RDVT,Red Violet Inc. Common Stock ,$44.72,-0.76,-1.671%,624108653.00,United States,,64895,Technology,Computer Software: Prepackaged Software
RDW,Redwire Corporation Common Stock,$16.36,-1.01,-5.815%,1261084293.00,United States,2021,4744156,Industrials,Military/Government/Technical
RDWR,Radware Ltd. Ordinary Shares,$29.04,-0.75,-2.518%,1239616947.00,Israel,1999,134147,Consumer Discretionary,Business Services
RDY,Dr. Reddy's Laboratories Ltd Common Stock,$14.41,-0.14,-0.962%,12024501810.00,India,,1579518,Health Care,Biotechnology: Pharmaceutical Preparations
RDZN,Roadzen Inc. Ordinary Shares,$1.07,0.00,0.00%,79491355.00,United States,2022,148109,Finance,Specialty Insurers
RDZNW,Roadzen Inc. Warrants,$0.0489,-0.0006,-1.212%,3632829.00,United States,2022,33000,Finance,Specialty Insurers
REAL,The RealReal Inc. Common Stock,$6.43,0.52,8.799%,727202965.00,United States,2019,6496187,Consumer Discretionary,Other Specialty Stores
REAX,The Real Brokerage Inc. Common Shares,$4.34,0.19,4.578%,890937186.00,Canada,,1472130,Finance,Real Estate
REBN,Reborn Coffee Inc. Common Stock,$2.62,0.01,0.383%,13894662.00,United States,2022,141925,Consumer Discretionary,Restaurants
RECT,Rectitude Holdings Ltd Ordinary Shares,$4.68,0.00,0.00%,67860000.00,Singapore,2024,1530,Consumer Discretionary,Industrial Machinery/Components
REE,REE Automotive Ltd. Class A Ordinary Shares,$0.7151,0.0152,2.172%,22183068.00,Israel,,108467,Consumer Discretionary,Auto Manufacturing
REFI,Chicago Atlantic Real Estate Finance Inc. Common Stock,$13.60,0.29,2.179%,285157415.00,United States,2021,136036,Real Estate,Real Estate Investment Trusts
REFR,Research Frontiers Incorporated Common Stock,$1.79,0.07,4.07%,60230316.00,United States,,47835,Miscellaneous,Multi-Sector Companies
REG,Regency Centers Corporation Common Stock,$71.66,1.90,2.724%,13008388850.00,United States,1993,833647,Real Estate,Real Estate Investment Trusts
REGCO,Regency Centers Corporation 5.875% Series B Cumulative Redeemable Preferred Stock,$22.3499,-0.0701,-0.313%,4057161456.00,United States,,1947,Real Estate,Real Estate Investment Trusts
REGCP,Regency Centers Corporation 6.25% Series A Cumulative Redeemable Preferred Stock,$23.0801,-0.1199,-0.517%,4189714143.00,United States,,1607,Real Estate,Real Estate Investment Trusts
REGN,Regeneron Pharmaceuticals Inc. Common Stock,$560.93,15.40,2.823%,60561086232.00,United States,1991,976666,Health Care,Biotechnology: Pharmaceutical Preparations
REI,Ring Energy Inc. Common Stock,$0.7928,0.0228,2.961%,163732630.00,United States,,3070683,Energy,Oil & Gas Production
REKR,Rekor Systems Inc. Common Stock,$1.34,-0.01,-0.741%,158221765.00,United States,,3824371,Telecommunications,Telecommunications Equipment
RELI,Reliance Global Group Inc. Common Stock,$1.46,0.03,2.098%,4343367.00,United States,,116923,Finance,Specialty Insurers
RELIW,Reliance Global Group Inc. Series A Warrants,$0.028,-0.0139,-33.174%,83297.00,United States,,2395,Finance,Specialty Insurers
RELL,Richardson Electronics Ltd. Common Stock,$9.64,-0.09,-0.925%,138575000.00,United States,1983,45644,Technology,Electronic Components
RELX,RELX PLC PLC American Depositary Shares (Each representing One Ordinary Share),$52.68,0.05,0.095%,96699270453.00,United Kingdom,2015,1069097,Consumer Discretionary,Business Services
RELY,Remitly Global Inc. Common Stock,$17.23,-0.04,-0.232%,3512483540.00,United States,2021,3603391,Consumer Discretionary,Business Services
RENB,Renovaro Inc. Common Stock,$0.3082,0.0002,0.065%,53046943.00,United States,,961270,Health Care,Biotechnology: Pharmaceutical Preparations
RENT,Rent the Runway Inc. Class A Common Stock,$5.57,0.661,13.465%,22401916.00,United States,2021,187527,Consumer Discretionary,Other Specialty Stores
REPL,Replimune Group Inc. Common Stock,$2.805,-9.52,-77.241%,216228334.00,United States,2018,86606153,Health Care,Biotechnology: Biological Products (No Diagnostic Substances)
REPX,Riley Exploration Permian Inc. Common Stock,$26.68,0.28,1.061%,587574600.00,United States,1999,114620,Energy,Oil & Gas Production
RERE,ATRenew Inc. American Depositary Shares (every three of which representing two Class A ordinary shares),$3.54,-0.14,-3.804%,778149833.00,Cayman Islands,2021,3148357,Consumer Discretionary,Other Specialty Stores
RES,RPC Inc. Common Stock,$4.77,0.10,2.141%,1052092694.00,United States,,1299639,Energy,Oilfield Services/Equipment
RETO,ReTo Eco-Solutions Inc. Class A Shares,$2.67,0.1721,6.89%,20462557.00,China,2017,28928,Industrials,Industrial Machinery/Components
REVB,Revelation Biosciences Inc. Common Stock,$3.05,-0.01,-0.327%,2063627.00,United States,2020,156764,Health Care,Biotechnology: Pharmaceutical Preparations
REVBW,Revelation Biosciences Inc. Warrant,$0.013,-0.0002,-1.515%,8796.00,United States,2020,6857,Health Care,Biotechnology: Pharmaceutical Preparations
REVG,REV Group Inc. Common Stock,$47.12,1.03,2.235%,2299331179.00,United States,2017,612065,Consumer Discretionary,Auto Manufacturing
REX,REX American Resources Corporation,$54.03,-0.35,-0.644%,889812452.00,United States,,100978,Industrials,Major Chemicals
REXR,Rexford Industrial Realty Inc. Common Stock,$37.37,0.49,1.329%,8844920244.00,United States,2013,2400280,Real Estate,Real Estate Investment Trusts
REXR^B,Rexford Industrial Realty Inc. 5.875% Series B Cumulative Redeemable Preferred Stock,$22.75,0.18,0.798%,,United States,,214,,
REXR^C,Rexford Industrial Realty Inc. 5.625% Series C Cumulative Redeemable Preferred Stock par value $0.01 per share,$21.80,0.15,0.693%,,United States,,373,,
REYN,Reynolds Consumer Products Inc. Common Stock,$22.11,0.56,2.599%,4650247566.00,United States,2020,3523525,Consumer Discretionary,Containers/Packaging
REZI,Resideo Technologies Inc. Common Stock ,$24.07,0.13,0.543%,3574480063.00,United States,2018,1240896,Industrials,Wholesale Distributors
RF,Regions Financial Corporation Common Stock,$26.20,0.15,0.576%,23551970035.00,United States,,18208214,Finance,Major Banks
RF^C,Regions Financial Corporation Depositary Shares each Representing a 1/40th Interest in a  Share of 5.700% Fixed-to-Floating Rate Non-Cumulative  Perpetual Preferred Stock Series C,$24.54,-0.03,-0.122%,,United States,,10608,,
RF^E,Regions Financial Corporation Depositary Shares Each Representing a 1/40th Interest in a Share of 4.45% Non-Cumulative Perpetual Preferred Stock Series E,$17.73,-0.01,-0.056%,,United States,,29539,,
RF^F,Regions Financial Corporation Depositary Shares Each Representing a 1/40th Interest in a Share of Non-Cumulative Perpetual Preferred Stock Series F,$25.35,0.10,0.396%,,United States,,60674,,
RFAI,RF Acquisition Corp II Ordinary Shares,$10.58,0.03,0.284%,0.00,Singapore,2024,1326,,
RFAIR,RF Acquisition Corp II Right,$0.0949,0.00,0.00%,0.00,Singapore,2024,47,Technology,Computer Software: Prepackaged Software
RFI,Cohen & Steers Total Return Realty Fund Inc. Common Stock,$12.04,0.04,0.333%,591629081.00,United States,1993,77089,Finance,Investment Managers
RFIL,RF Industries Ltd. Common Stock,$8.51,0.96,12.715%,90790237.00,United States,,1085126,Technology,Electrical Products
RFL,Rafael Holdings Inc. Class B Common Stock,$2.17,0.05,2.358%,76146175.00,United States,2018,85139,Finance,Real Estate
RFM,RiverNorth Flexible Municipal Income Fund Inc. Common Stock,$13.78,-0.09,-0.649%,84260552.00,,2020,12860,Finance,Finance/Investors Services
RFMZ,RiverNorth Flexible Municipal Income Fund II Inc. Common Stock,$12.49,0.02,0.16%,304153432.00,,2021,32020,Finance,Trusts Except Educational Religious and Charitable
RGA,Reinsurance Group of America Incorporated Common Stock,$195.66,3.96,2.066%,12930381086.00,United States,,324884,Finance,Life Insurance
RGC,Regencell Bioscience Holdings Limited Ordinary Shares,$13.67,-0.73,-5.069%,6759609294.00,Hong Kong,2021,405463,Health Care, Medicinal Chemicals and Botanical Products 
RGCO,RGC Resources Inc. Common Stock,$20.95,0.32,1.551%,216027873.00,United States,,16365,Utilities,Oil & Gas Production
RGEN,Repligen Corporation Common Stock,$114.12,-0.68,-0.592%,6411615372.00,United States,1986,1507188,Health Care,Biotechnology: Biological Products (No Diagnostic Substances)
RGLD,Royal Gold Inc. Common Stock,$158.09,0.61,0.387%,10404929853.00,United States,,1227602,Industrials,Precious Metals
RGNX,REGENXBIO Inc. Common Stock,$8.57,0.08,0.942%,429874217.00,United States,2015,483129,Health Care,Biotechnology: Biological Products (No Diagnostic Substances)
RGP,Resources Connection Inc. Common Stock,$5.34,0.14,2.692%,176589934.00,United States,,232973,Consumer Discretionary,Business Services
RGR,Sturm Ruger & Company Inc. Common Stock,$35.41,0.48,1.374%,586211204.00,United States,,207364,Industrials,Ordnance And Accessories
RGS,Regis Corporation Common Stock,$21.69,0.69,3.286%,52836428.00,United States,1991,13843,Consumer Discretionary,Other Consumer Services
RGT,Royce Global Trust Inc. Common Stock,$12.35,0.0068,0.055%,77396746.00,,2013,29415,Finance,Trusts Except Educational Religious and Charitable
RGTI,Rigetti Computing Inc. Common Stock,$15.43,-0.65,-4.042%,4479682177.00,United States,,40471561,Technology,EDP Services
RGTIW,Rigetti Computing Inc. Warrants,$5.75,-0.38,-6.199%,1669356612.00,United States,,268742,Technology,EDP Services
RH,RH Common Stock,$212.79,18.12,9.308%,3986078036.00,United States,2012,1922955,Consumer Discretionary,Other Specialty Stores
RHI,Robert Half Inc. Common Stock,$42.67,0.87,2.081%,4359327725.00,United States,,1961467,Consumer Discretionary,Professional Services
RHLD,Resolute Holdings Management Common Stock ,$42.14,1.44,3.538%,359285556.00,United States,,75725,Finance,Finance: Consumer Services
RHP,Ryman Hospitality Properties Inc. (REIT),$99.73,0.83,0.839%,5983886266.00,United States,,787255,Real Estate,Real Estate Investment Trusts
RIBB,Ribbon Acquisition Corp Class A Ordinary Shares,$10.18,0.00,0.00%,0.00,Japan,2025,9,,
RIBBR,Ribbon Acquisition Corp Rights,$0.28,0.00,0.00%,0.00,Japan,2025,129,,
RICK,RCI Hospitality Holdings Inc. Common Stock,$38.97,1.16,3.068%,342867803.00,United States,1995,159217,Consumer Discretionary,Restaurants
RIG,Transocean Ltd (Switzerland) Common Stock,$2.89,0.25,9.47%,2552625608.00,Switzerland,,37293461,Energy,Oil & Gas Production
RIGL,Rigel Pharmaceuticals Inc. Common Stock,$20.06,0.47,2.399%,358520986.00,United States,2000,192116,Health Care,Biotechnology: Pharmaceutical Preparations
RILY,B. Riley Financial Inc. Common Stock,$5.77,0.76,15.17%,175968071.00,United States,,1884636,Finance,Investment Managers
RILYG,B. Riley Financial Inc. 5.00% Senior Notes due 2026,$16.50,0.06,0.365%,503201589.00,United States,,25553,Finance,Investment Managers
RILYK,B. Riley Financial Inc. 5.50% Senior Notes Due 2026,$22.50,0.235,1.055%,686183985.00,United States,,10449,Finance,Investment Managers
RILYL,B. Riley Financial Inc. Depositary Shares each representing 1/1000th in a share of 7.375% Series B Cumulative Perpetual Preferred Stock par value $0.0001,$6.50,0.69,11.876%,198230929.00,United States,,18800,Finance,Investment Managers
RILYN,B. Riley Financial Inc. 6.50% Senior Notes Due 2026,$17.65,0.35,2.023%,538273215.00,United States,,12478,Finance,Investment Managers
RILYP,B. Riley Financial Inc. Depositary Shares each representing a 1/1000th fractional interest in a share of Series A Cumulative Perpetual Preferred Stock,$6.03,0.52,9.437%,183897308.00,United States,,33511,Finance,Investment Managers
RILYT,B. Riley Financial Inc. 6.00% Senior Notes Due 2028,$11.044,0.034,0.309%,336809597.00,United States,,13040,Finance,Investment Managers
RILYZ,B. Riley Financial Inc. 5.25% Senior Notes due 2028,$10.62,-0.03,-0.282%,323878841.00,United States,,15725,Finance,Investment Managers
RIME,Algorhythm Holdings Inc. Common Stock,$2.58,0.14,5.738%,6487593.00,United States,,45505,Consumer Staples,Diversified Electronic Products
RIO,Rio Tinto Plc Common Stock,$64.33,2.28,3.674%,80671705255.00,Australia,2002,4448990,Basic Materials,Metal Mining
RIOT,Riot Platforms Inc. Common Stock ,$14.27,0.25,1.783%,5098153598.00,United States,,55047105,Finance,Finance: Consumer Services
RITM,Rithm Capital Corp. Common Stock,$12.19,0.19,1.583%,6462192995.00,United States,,3831395,Real Estate,Real Estate Investment Trusts
RITM^A,Rithm Capital Corp. 7.50% Series A Fixed-to-Floating Rate Cumulative Redeemable Preferred Stock,$25.70,-0.08,-0.31%,,United States,,21675,,
RITM^B,Rithm Capital Corp. 7.125% Series B Fixed-to-Floating Rate Cumulative Redeemable Preferred Stock,$25.68,-0.02,-0.078%,,United States,,7726,,
RITM^C,Rithm Capital Corp. 6.375% Series C Fixed-to-Floating Rate Cumulative Redeemable Preferred Stock,$25.03,0.00,0.00%,,United States,,31345,,
RITM^D,Rithm Capital Corp. 7.00% Fixed-Rate Reset Series D Cumulative Redeemable Preferred Stock,$24.71,0.03,0.122%,,United States,,32515,,
RITR,Reitar Logtech Holdings Limited Ordinary shares,$3.96,-0.04,-1.00%,325215000.00,Hong Kong,2024,361436,Finance,Real Estate
RIV,RiverNorth Opportunities Fund Inc. Common Stock,$12.26,0.09,0.74%,0.00,United States,2015,68263,Finance,Finance Companies
RIV^A,RiverNorth Opportunities Fund Inc. 6.00% Series A Perpetual Preferred Stock,$22.94,0.00,0.00%,,United States,,2923,,
RIVN,Rivian Automotive Inc. Class A Common Stock,$14.12,0.42,3.066%,16187519207.00,United States,2021,45118762,Consumer Discretionary,Auto Manufacturing
RJF,Raymond James Financial Inc. Common Stock,$160.61,1.23,0.772%,32403796348.00,United States,,983819,Finance,Investment Bankers/Brokers/Service
RJF^B,Raymond James Financial Inc. Depositary Shares each representing a 1/40th interest in a share of 6.375% Fixed-to-Floating Rate Series B Non-Cumulative Perpetual Preferred Stock,$25.32,-0.03,-0.118%,,United States,,3038,,
RKDA,Arcadia Biosciences Inc. Common Stock,$4.31,-0.23,-5.066%,5891942.00,United States,2015,2027,Consumer Staples,Farming/Seeds/Milling
RKLB,Rocket Lab Corporation Common Stock,$46.88,-0.31,-0.657%,21631950584.00,United States,2020,24320710,Industrials,Military/Government/Technical
RKT,Rocket Companies Inc. Class A Common Stock,$16.00,0.96,6.383%,32002433840.00,United States,2020,51032546,Finance,Finance: Consumer Services
RL,Ralph Lauren Corporation Common Stock,$288.31,-0.45,-0.156%,17391957084.00,United States,1997,517178,Consumer Discretionary,Apparel
RLAY,Relay Therapeutics Inc. Common Stock,$3.71,0.08,2.204%,636060824.00,United States,2020,2518524,Health Care,Biotechnology: Biological Products (No Diagnostic Substances)
RLGT,Radiant Logistics Inc. Common Stock,$6.00,0.04,0.671%,282859068.00,United States,,114149,Consumer Discretionary,Oil Refining/Marketing
RLI,RLI Corp. Common Stock (DE),$69.66,0.31,0.447%,6392909548.00,United States,,1799019,Finance,Property-Casualty Insurers
RLJ,RLJ Lodging Trust Common Shares of Beneficial Interest $0.01 par value,$7.89,0.27,3.543%,1197022127.00,United States,2011,1531040,Real Estate,Real Estate Investment Trusts
RLJ^A,RLJ Lodging Trust $1.95 Series A Cumulative Convertible  Preferred Shares,$24.41,-0.01,-0.041%,,United States,,14890,,
RLMD,Relmada Therapeutics Inc. Common Stock,$0.6255,0.0115,1.873%,20761360.00,United States,,254259,Health Care,Biotechnology: Pharmaceutical Preparations
RLTY,Cohen & Steers Real Estate Opportunities and Income Fund Common Shares of Beneficial Interest,$15.48,0.13,0.847%,0.00,,2022,62046,Finance,Investment Managers
RLX,RLX Technology Inc. American Depositary Shares each representing the right to receive one (1) Class A ordinary share,$2.25,-0.01,-0.442%,3534278783.00,Cayman Islands,2021,2653660,Health Care, Medicinal Chemicals and Botanical Products 
RLYB,Rallybio Corporation Common Stock,$0.4883,0.026,5.624%,20320099.00,United States,2021,445046,Health Care,Biotechnology: Pharmaceutical Preparations
RM,Regional Management Corp. Common Stock,$32.73,0.55,1.709%,324701893.00,United States,2012,41511,Finance,Finance: Consumer Services
RMAX,RE/MAX Holdings Inc. Class A Common Stock,$8.66,0.51,6.258%,172636182.00,United States,2013,398330,Finance,Real Estate
RMBI,Richmond Mutual Bancorporation Inc. Common Stock,$14.39,0.24,1.696%,149763752.00,United States,2019,55197,Finance,Major Banks
RMBL,RumbleOn Inc. Class B Common Stock,$2.50,0.02,0.806%,94647570.00,United States,,67080,Technology,EDP Services
RMBS,Rambus Inc. Common Stock,$66.61,-2.30,-3.338%,7154707725.00,United States,1997,1238148,Technology,Semiconductors
RMCF,Rocky Mountain Chocolate Factory Inc. Common Stock,$2.01,0.217,12.103%,15665787.00,United States,,60438,Consumer Staples,Specialty Foods
RMCO,Royalty Management Holding Corporation Class A Common Stock,$1.43,0.1999,16.251%,21361523.00,United States,2023,311295,Miscellaneous,Multi-Sector Companies
RMCOW,Royalty Management Holding Corporation Warrant,$0.0404,0.0004,1.00%,603500.00,United States,2023,528,Miscellaneous,Multi-Sector Companies
RMD,ResMed Inc. Common Stock,$267.40,6.33,2.425%,39220199493.00,United States,,1372085,Health Care,Medical/Dental Instruments
RMI,RiverNorth Opportunistic Municipal Income Fund Inc. Common Stock,$13.87,-0.28,-1.979%,88397227.00,,2018,54148,Finance,Finance/Investors Services
RMM,RiverNorth Managed Duration Municipal Income Fund Inc. Common Stock,$13.83,-0.13,-0.931%,272999055.00,,2019,62032,Finance,Trusts Except Educational Religious and Charitable
RMMZ,RiverNorth Managed Duration Municipal Income Fund II Inc. Common Stock,$13.86,-0.06,-0.431%,273591244.00,,2022,40371,Finance,Investment Managers
RMNI,Rimini Street Inc. (DE) Common Stock,$4.65,-0.09,-1.899%,426800250.00,United States,2015,525069,Consumer Discretionary,Business Services
RMR,The RMR Group Inc. Class A Common Stock,$16.96,0.26,1.557%,540638092.00,United States,,154822,Consumer Discretionary,Professional Services
RMSG,Real Messenger Corporation Ordinary Shares,$1.88,0.04,2.174%,17524040.00,United States,,8184,Technology,Computer Software: Programming Data Processing
RMSGW,Real Messenger Corporation Warrants,$0.0379,-0.0018,-4.534%,353277.00,United States,,1740,Technology,Computer Software: Programming Data Processing
RMT,Royce Micro-Cap Trust Inc. Common Stock,$9.55,0.09,0.951%,441869972.00,United States,,136185,Finance,Investment Managers
RMTI,Rockwell Medical Inc. Common Stock,$1.13,0.01,0.893%,38617396.00,United States,1998,213696,Health Care,Biotechnology: Pharmaceutical Preparations
RNA,Avidity Biosciences Inc. Common Stock,$33.53,-0.49,-1.44%,4041651177.00,United States,2020,1731666,Health Care,Biotechnology: Pharmaceutical Preparations
RNAC,Cartesian Therapeutics Inc. Common Stock,$12.18,0.13,1.079%,316123264.00,United States,2016,34102,Health Care,Biotechnology: Pharmaceutical Preparations
RNAZ,TransCode Therapeutics Inc. Common Stock,$9.44,-0.25,-2.58%,7869373.00,United States,2021,16101,Health Care,Biotechnology: Pharmaceutical Preparations
RNG,RingCentral Inc. Class A Common Stock,$28.00,1.23,4.595%,2518214272.00,United States,2013,1463166,Technology,EDP Services
RNGR,Ranger Energy Services Inc. Class A Common Stock,$11.67,0.13,1.127%,262552617.00,United States,2017,210816,Energy,Oilfield Services/Equipment
RNP,Cohen & Steers REIT and Preferred and Income Fund Inc. Common Shares,$22.65,0.30,1.342%,1112989924.00,United States,2003,132055,Finance,Investment Managers
RNR,RenaissanceRe Holdings Ltd. Common Stock,$237.13,5.18,2.233%,11536394656.00,Bermuda,,797327,Finance,Property-Casualty Insurers
RNR^F,RenaissanceRe Holdings Ltd. Depositary Shares each Representing a 1/1000th Interest in a 5.750% Series F Preference Share,$21.70,-0.08,-0.367%,,Bermuda,,15849,,
RNR^G,RenaissanceRe Holdings Ltd. Depositary Shares each representing a 1/1000th interest in a share of 4.20% Series G Preference Shares,$15.77,-0.05,-0.316%,,Bermuda,,23161,,
RNST,Renasant Corporation Common Stock,$38.03,-0.43,-1.118%,3613246539.00,United States,2023,626579,Finance,Major Banks
RNTX,Rein Therapeutics Inc. Common Stock,$1.38,-0.06,-4.167%,30572156.00,United States,2017,33703,Health Care,Biotechnology: Pharmaceutical Preparations
RNW,ReNew Energy Global plc Class A Ordinary Shares,$7.695,0.025,0.326%,3759266414.00,United Kingdom,,1062095,Utilities,Electric Utilities: Central
RNWWW,ReNew Energy Global plc Warrant,$0.14,0.0071,5.342%,68394711.00,United Kingdom,,3125,Utilities,Electric Utilities: Central
RNXT,RenovoRx Inc. Common Stock,$1.28,-0.01,-0.775%,46812457.00,United States,2021,110602,Health Care,Biotechnology: Pharmaceutical Preparations
ROAD,Construction Partners Inc. Class A Common Stock,$103.52,-3.16,-2.962%,5800326532.00,United States,2018,597840,Industrials,Military/Government/Technical
ROCK,Gibraltar Industries Inc. Common Stock,$64.39,1.28,2.028%,1898884280.00,United States,1993,166229,Industrials,Steel/Iron Ore
ROG,Rogers Corporation Common Stock,$67.12,2.34,3.612%,1243389006.00,United States,1960,220356,Industrials,Major Chemicals
ROIV,Roivant Sciences Ltd. Common Shares,$11.50,0.02,0.174%,7817769805.00,United Kingdom,,3829951,Health Care,Biotechnology: Pharmaceutical Preparations
ROK,Rockwell Automation Inc. Common Stock,$353.62,2.91,0.83%,39858798475.00,United States,,930494,Industrials,Industrial Machinery/Components
ROKU,Roku Inc. Class A Common Stock,$89.55,-2.14,-2.334%,13133134350.00,United States,2017,2899884,Telecommunications,Cable & Other Pay Television Services
ROL,Rollins Inc. Common Stock,$55.51,0.11,0.199%,26902724773.00,United States,,1628635,Finance,Diversified Commercial Services
ROLR,High Roller Technologies Inc. Common Stock,$2.844,0.054,1.935%,23965959.00,,2024,22091,Consumer Discretionary,Services-Misc. Amusement & Recreation
ROMA,Roma Green Finance Limited Ordinary Shares,$3.31,-0.25,-7.022%,51503600.00,Hong Kong,2024,102307,Consumer Discretionary,Professional Services
ROOT,Root Inc. Class A Common Stock,$126.10,4.56,3.752%,1937587406.00,United States,2020,301201,Finance,Property-Casualty Insurers
ROP,Roper Technologies Inc. Common Stock,$563.84,11.93,2.162%,60621481444.00,United States,1992,812419,Industrials,Industrial Machinery/Components
ROST,Ross Stores Inc. Common Stock,$135.76,1.74,1.298%,44403093931.00,United States,1985,2076963,Consumer Discretionary,Clothing/Shoe/Accessory Stores
RPAY,Repay Holdings Corporation Class A Common Stock,$5.24,0.20,3.968%,493346047.00,United States,2018,740133,Consumer Discretionary,Business Services
RPD,Rapid7 Inc. Common Stock,$22.79,0.12,0.529%,1464013601.00,United States,2015,824357,Technology,Computer Software: Prepackaged Software
RPID,Rapid Micro Biosystems Inc. Class A Common Stock,$3.68,0.28,8.235%,161300660.00,United States,2021,74921,Industrials,Biotechnology: Laboratory Analytical Instruments
RPM,RPM International Inc. Common Stock,$111.91,0.94,0.847%,14371763766.00,United States,,1331715,Consumer Discretionary,Paints/Coatings
RPRX,Royalty Pharma plc Class A Ordinary Shares ,$36.10,0.45,1.262%,20296873711.00,United States,2020,3397345,Health Care,Biotechnology: Pharmaceutical Preparations
RPT,Rithm Property Trust Inc. Common stock,$2.70,0.00,0.00%,122642332.00,United States,2015,148155,Real Estate,Real Estate Investment Trusts
RPT^C,Rithm Property Trust Inc. 9.875% Series C Fixed-to-Floating Rate Cumulative Redeemable Preferred Stock,$25.20,0.01,0.04%,,United States,,5000,,
RPTX,Repare Therapeutics Inc. Common Shares,$1.55,0.05,3.333%,66481675.00,Canada,2020,132033,Health Care,Biotechnology: Pharmaceutical Preparations
RQI,Cohen & Steers Quality Income Realty Fund Inc Common Shares,$12.63,0.21,1.691%,1696214153.00,United States,2002,278285,Finance,Trusts Except Educational Religious and Charitable
RR,Richtech Robotics Inc. Class B Common Stock,$2.04,-0.05,-2.392%,234199713.00,United States,2023,10119502,Industrials,Industrial Machinery/Components
RRBI,Red River Bancshares Inc. Common Stock,$62.85,-0.59,-0.93%,426648237.00,United States,2019,7451,Consumer Discretionary,Hotels/Resorts
RRC,Range Resources Corporation Common Stock,$35.65,0.35,0.992%,8519413831.00,United States,,3464556,Energy,Oil & Gas Production
RRGB,Red Robin Gourmet Burgers Inc. Common Stock,$6.92,0.60,9.494%,122732539.00,United States,2002,426584,Consumer Discretionary,Restaurants
RRR,Red Rock Resorts Inc. Class A Common Stock,$54.26,-0.23,-0.422%,5755800310.00,United States,2016,683704,Consumer Discretionary,Hotels/Resorts
RRX,Regal Rexnord Corporation Common Stock,$149.23,0.47,0.316%,9899257857.00,United States,1976,587831,Consumer Discretionary,Metal Fabrications
RS,Reliance Inc. Common Stock,$340.20,1.16,0.342%,17890473661.00,United States,1994,587690,Industrials,Metal Fabrications
RSF,RiverNorth Capital and Income Fund Common Stock,$14.49,0.02,0.138%,48419451.00,,2019,14728,Finance,Investment Managers
RSG,Republic Services Inc. Common Stock,$242.31,2.27,0.946%,75721151220.00,United States,1998,1029130,Utilities,Environmental Services
RSI,Rush Street Interactive Inc. Class A Common Stock,$14.64,0.09,0.619%,3352285207.00,United States,2020,1192297,Consumer Discretionary,Services-Misc. Amusement & Recreation
RSKD,Riskified Ltd. Class A Ordinary Shares,$5.61,0.01,0.179%,907049944.00,,2021,642149,Consumer Discretionary,Business Services
RSLS,ReShape Lifesciences Inc. Common Stock,$3.02,0.11,3.78%,2229597.00,United States,2016,230151,Health Care,Medical/Dental Instruments
RSSS,Research Solutions Inc Common Stock,$2.83,0.13,4.815%,91858197.00,United States,,63629,Consumer Discretionary,Business Services
RSVR,Reservoir Media Inc. Common Stock,$7.79,0.25,3.316%,508707651.00,United States,2021,69725,Consumer Discretionary,Services-Misc. Amusement & Recreation
RSVRW,Reservoir Media Inc. Warrant,$1.00,-0.24,-19.355%,65302651.00,United States,2021,547,Consumer Discretionary,Services-Misc. Amusement & Recreation
RTAC,Renatus Tactical Acquisition Corp I Class A Ordinary Shares,$12.09,-0.29,-2.342%,0.00,United States,2025,206948,Finance,Blank Checks
RTACU,Renatus Tactical Acquisition Corp I Unit,$13.21,-0.205,-1.528%,0.00,United States,2025,53172,Finance,Blank Checks
RTACW,Renatus Tactical Acquisition Corp I Warrant,$2.27,-0.05,-2.155%,0.00,United States,2025,207483,Finance,Blank Checks
RTO,Rentokil Initial plc American Depositary Shares (each representing five (5) Ordinary Shares),$24.71,0.94,3.955%,12483689112.00,United States,2022,862892,Consumer Discretionary,Other Consumer Services
RTX,RTX Corporation Common Stock,$149.17,-2.39,-1.577%,199284223871.00,United States,,10721124,Industrials,Aerospace
RUM,Rumble Inc. Class A Common Stock,$9.58,-0.31,-3.134%,4161777312.00,United States,2021,3990193,Technology,Computer Software: Programming Data Processing
RUMBW,Rumble Inc. Warrant,$3.1336,0.0386,1.247%,1361309539.00,United States,2021,21540,Technology,Computer Software: Programming Data Processing
RUN,Sunrun Inc. Common Stock,$11.16,0.70,6.692%,2549909005.00,United States,2015,17454860,Miscellaneous,Industrial Machinery/Components
RUSHA,Rush Enterprises Inc. Common Stock Cl A,$52.75,2.32,4.60%,4104847858.00,United States,,503242,Consumer Discretionary,Retail-Auto Dealers and Gas Stations
RUSHB,Rush Enterprises Inc. Class B,$53.62,1.36,2.602%,4172548666.00,United States,,42113,Consumer Discretionary,Retail-Auto Dealers and Gas Stations
RVLV,Revolve Group Inc. Class A Common Stock,$22.24,1.02,4.807%,1585469651.00,United States,2019,1275360,Consumer Discretionary,Catalog/Specialty Distribution
RVMD,Revolution Medicines Inc. Common Stock,$38.27,-0.15,-0.39%,7128458909.00,United States,2020,1226371,Health Care,Biotechnology: Biological Products (No Diagnostic Substances)
RVMDW,Revolution Medicines Inc. Warrant,$0.2594,0.0155,6.355%,48317801.00,United States,,51703,,
RVP,Retractable Technologies Inc. Common Stock,$0.67,0.0054,0.813%,20057897.00,United States,2001,77727,Health Care,Medical/Dental Instruments
RVPH,Reviva Pharmaceuticals Holdings Inc. Common Stock ,$0.4107,0.0154,3.896%,19196097.00,United States,2020,2047341,Health Care,Biotechnology: Pharmaceutical Preparations
RVPHW,Reviva Pharmaceuticals Holdings Inc. Warrants,$0.0318,-0.0035,-9.915%,1486330.00,United States,2018,18207,Health Care,Biotechnology: Pharmaceutical Preparations
RVSB,Riverview Bancorp Inc Common Stock,$5.53,0.01,0.181%,115998386.00,United States,,87743,Finance,Savings Institutions
RVSN,Rail Vision Ltd. Ordinary Share,$0.343,0.013,3.939%,17831948.00,Israel,2022,417822,Industrials,Railroads
RVSNW,Rail Vision Ltd. Warrant,$0.0899,0.0099,12.375%,4673738.00,Israel,2022,21217,Industrials,Railroads
RVT,Royce Small-Cap Trust Inc. Common Stock,$15.37,0.06,0.392%,1659294710.00,United States,1986,243309,Finance,Trusts Except Educational Religious and Charitable
RVTY,Revvity Inc. Common Stock,$96.13,5.41,5.963%,11330810416.00,United States,,2046038,Industrials,Biotechnology: Laboratory Analytical Instruments
RVYL,Ryvyl Inc. Common Stock,$0.305,-0.0051,-1.645%,2550712.00,United States,,3861077,Consumer Discretionary,Professional Services
RWAY,Runway Growth Finance Corp. Common Stock,$11.13,0.16,1.459%,415676874.00,United States,2021,258893,Finance,Finance: Consumer Services
RWAYL,Runway Growth Finance Corp. 7.50% Notes due 2027,$25.33,0.08,0.317%,946010351.00,United States,,1137,Finance,Finance: Consumer Services
RWAYZ,Runway Growth Finance Corp. 8.00% Notes due 2027,$25.37,-0.03,-0.118%,947504248.00,United States,,826,Finance,Finance: Consumer Services
RWT,Redwood Trust Inc. Common Stock,$6.14,0.11,1.824%,817341843.00,United States,1995,798653,Real Estate,Real Estate Investment Trusts
RWT^A,Redwood Trust Inc. 10.00% Series A Fixed-Rate Reset Cumulative Redeemable Preferred Stock,$25.10,0.05,0.20%,,United States,,1232,,
RWTN,Redwood Trust Inc. 9.125% Senior Notes Due 2029,$24.86,-0.1199,-0.48%,3309302641.00,United States,2024,3841,Real Estate,Real Estate Investment Trusts
RWTO,Redwood Trust Inc. 9.00% Senior Notes Due 2029,$24.33,-0.11,-0.45%,3238750332.00,United States,2024,31263,Real Estate,Real Estate Investment Trusts
RWTP,Redwood Trust Inc. 9.125% Senior Notes Due 2030,$24.483,-0.2569,-1.038%,0.00,United States,2025,6962,Real Estate,Real Estate Investment Trusts
RXO,RXO Inc. Common Stock,$16.57,0.43,2.664%,2716090191.00,United States,2022,1115222,Consumer Discretionary,Transportation Services
RXRX,Recursion Pharmaceuticals Inc. Class A Common Stock,$6.54,0.14,2.188%,2658478268.00,United States,2021,37234474,Health Care,Biotechnology: Biological Products (No Diagnostic Substances)
RXST,RxSight Inc. Common Stock,$7.26,-0.09,-1.224%,295024482.00,United States,2021,1349302,Health Care,Ophthalmic Goods
RXT,Rackspace Technology Inc. Common Stock,$1.48,0.06,4.225%,351335291.00,United States,2020,852391,Technology,Computer Software: Programming Data Processing
RY,Royal Bank Of Canada Common Stock,$133.15,-0.46,-0.344%,187680117850.00,Canada,,1804157,Finance,Commercial Banks
RYAAY,Ryanair Holdings plc American Depositary Shares,$61.71,1.85,3.091%,32750523422.00,Ireland,1997,3295558,Consumer Discretionary,Air Freight/Delivery Services
RYAM,Rayonier Advanced Materials Inc. Common Stock,$4.37,-0.01,-0.228%,291804731.00,United States,2014,489677,Basic Materials,Paper
RYAN,Ryan Specialty Holdings Inc. Class A Common Stock,$65.64,0.37,0.567%,17225855379.00,United States,2021,1070117,Finance,Specialty Insurers
RYDE,Ryde Group Ltd. Class A Ordinary Shares,$0.359,0.009,2.571%,10515048.00,,2024,355165,Consumer Discretionary,Business Services
RYET,Ruanyun Edai Technology Inc. Ordinary shares,$1.97,-0.17,-7.944%,66487508.00,China,2025,799028,Technology,Computer Software: Prepackaged Software
RYI,Ryerson Holding Corporation Common Stock,$23.76,0.61,2.635%,764979003.00,United States,2014,220023,Industrials,Metal Fabrications
RYN,Rayonier Inc. REIT Common Stock,$24.35,0.80,3.397%,3793173067.00,United States,,747671,Real Estate,Real Estate Investment Trusts
RYTM,Rhythm Pharmaceuticals Inc. Common Stock,$87.82,-0.81,-0.914%,5587237671.00,United States,2017,551578,Health Care,Biotechnology: Pharmaceutical Preparations
RZB,Reinsurance Group of America Incorporated 5.75% Fixed-To-Floating Rate Subordinated Debentures due 2056,$24.81,-0.06,-0.241%,1639592941.00,United States,2016,12443,Finance,Life Insurance
RZC,Reinsurance Group of America Incorporated 7.125% Fixed-Rate Reset Subordinated Debentures due 2052,$25.38,0.02,0.079%,1677261944.00,United States,2022,26135,Finance,Life Insurance
RZLT,Rezolute Inc. Common Stock (NV),$5.37,-0.01,-0.186%,459238738.00,United States,,462175,Health Care,Biotechnology: Pharmaceutical Preparations
RZLV,Rezolve AI PLC Ordinary Shares,$2.99,0.29,10.741%,728577408.00,United Kingdom,,10182477,Technology,Computer Software: Programming Data Processing
RZLVW,Rezolve AI PLC Warrants,$0.669,0.0595,9.762%,163016149.00,United Kingdom,,130731,Technology,Computer Software: Programming Data Processing
S,SentinelOne Inc. Class A Common Stock,$19.25,-0.53,-2.679%,6400344874.00,United States,2021,13334492,Technology,Computer Software: Prepackaged Software
SA,Seabridge Gold Inc. Ordinary Shares (Canada),$17.02,0.65,3.971%,1711243800.00,Canada,,1011238,Basic Materials,Precious Metals
SABA,Saba Capital Income & Opportunities Fund II Shares of Beneficial Interest,$9.29,0.03,0.324%,0.00,United States,,54169,,
SABR,Sabre Corporation Common Stock,$3.20,0.11,3.56%,1240980998.00,United States,2014,3300970,Technology,Computer Software: Programming Data Processing
SABS,SAB Biotherapeutics Inc. Common Stock,$2.61,-0.09,-3.333%,24251329.00,United States,2021,1425844,Health Care,Biotechnology: Biological Products (No Diagnostic Substances)
SABSW,SAB Biotherapeutics Inc. Warrant,$0.0293,-0.0196,-40.082%,272247.00,United States,2021,142482,Health Care,Biotechnology: Biological Products (No Diagnostic Substances)
SACH,Sachem Capital Corp. Common Shares,$1.19,0.02,1.709%,56299065.00,United States,2017,156416,Real Estate,Real Estate Investment Trusts
SACH^A,Sachem Capital Corp. 7.75% Series A Cumulative Redeemable Preferred Stock,$15.7716,-0.3184,-1.979%,,United States,,3408,,
SAFE,Safehold Inc. New Common Stock ,$15.31,0.59,4.008%,1098083248.00,United States,2023,353528,Real Estate,Real Estate Investment Trusts
SAFT,Safety Insurance Group Inc. Common Stock,$72.34,0.81,1.132%,1077399552.00,United States,2002,65334,Finance,Property-Casualty Insurers
SAFX,XCF Global Inc. Class A Common Stock,$1.75,0.07,4.167%,261213638.00,United States,,1431106,Industrials,Major Chemicals
SAGE,Sage Therapeutics Inc. Common Stock,$8.75,-0.22,-2.453%,547931073.00,United States,2014,10965392,Health Care,Biotechnology: Pharmaceutical Preparations
SAGT,SAGTEC GLOBAL LIMITED Ordinary shares,$2.29,0.17,8.019%,28739500.00,Malaysia,2025,306196,Technology,Computer Software: Prepackaged Software
SAH,Sonic Automotive Inc. Common Stock,$77.85,0.67,0.868%,2643863383.00,United States,1997,222218,Consumer Discretionary,Retail-Auto Dealers and Gas Stations
SAIA,Saia Inc. Common Stock,$304.42,16.62,5.775%,8107923802.00,United States,,554414,Industrials,Trucking Freight/Courier Services
SAIC,Science Applications International Corporation Common Stock,$114.57,2.03,1.804%,5370216123.00,United States,,475034,Technology,EDP Services
SAIH,SAIHEAT Limited Class A Ordinary Shares,$10.65,-0.875,-7.592%,18668918.00,Singapore,2021,24575,Technology,EDP Services
SAIHW,SAIHEAT Limited Warrant,$0.14,-0.0911,-39.42%,245413.00,Singapore,2021,23574,Technology,EDP Services
SAIL,SailPoint Inc. Common Stock,$20.68,0.03,0.145%,11510257418.00,United States,2025,1309706,Technology,Computer Software: Prepackaged Software
SAJ,Saratoga Investment Corp 8.00% Notes due 2027,$26.11,0.15,0.578%,409094900.00,United States,2022,3089,Finance,Investment Managers
SAM,Boston Beer Company Inc. (The) Common Stock,$204.14,9.91,5.102%,2275345665.00,United States,,248482,Consumer Staples,Beverages (Production/Distribution)
SAMG,Silvercrest Asset Management Group Inc. Class A Common Stock,$16.79,0.24,1.45%,225148645.00,United States,2013,22488,Finance,Investment Managers
SAN,Banco Santander S.A. Sponsored ADR (Spain),$8.49,0.00,0.00%,126320906427.00,Spain,,3485720,Finance,Commercial Banks
SANA,Sana Biotechnology Inc. Common Stock,$4.87,0.43,9.685%,1098454696.00,United States,2021,4153816,Health Care,Biotechnology: Biological Products (No Diagnostic Substances)
SAND          ,Sandstorm Gold Ltd. Ordinary Shares (Canada),$9.74,0.07,0.724%,2855526984.00,Canada,,7562346,Basic Materials,Precious Metals
SANG,Sangoma Technologies Corporation Common Shares,$5.84,-0.072,-1.218%,195674450.00,Canada,,203,Technology,Computer Software: Programming Data Processing
SANM,Sanmina Corporation Common Stock,$99.65,-2.35,-2.304%,5327668368.00,United States,1993,603582,Technology,Electrical Products
SANW,S&W Seed Company Common Stock (NV),$2.16,0.08,3.846%,4637101.00,United States,,58479,Consumer Staples,Farming/Seeds/Milling
SAP,SAP  SE ADS,$306.29,-0.98,-0.319%,376278561219.00,Germany,,2062056,Technology,Computer Software: Prepackaged Software
SAR,Saratoga Investment Corp New,$24.99,-0.01,-0.04%,391546594.00,United States,,96738,Finance,Investment Managers
SARO,StandardAero Inc. Common Stock,$28.87,-0.89,-2.991%,9655907258.00,United States,2024,1776106,Industrials,Aerospace
SAT,Saratoga Investment Corp 6.00% Notes due 2027,$24.8199,0.0699,0.282%,388881445.00,United States,2022,4565,Finance,Investment Managers
SATL,Satellogic Inc. Class A Common Stock,$3.62,0.19,5.539%,376876676.00,Uruguay,,1773616,Technology,Radio And Television Broadcasting And Communications Equipment
SATLW,Satellogic Inc. Warrant,$0.4496,-0.0004,-0.089%,46807667.00,Uruguay,,12806,Technology,Radio And Television Broadcasting And Communications Equipment
SATS,EchoStar  Corporation Common Stock,$28.12,-0.21,-0.741%,8081087357.00,United States,,1941481,Consumer Discretionary,Telecommunications Equipment
SAVA,Cassava Sciences Inc. Common Stock,$2.58,0.28,12.174%,124634372.00,United States,,1326051,Health Care,Biotechnology: Pharmaceutical Preparations
SAY,Saratoga Investment Corp 8.125% Notes due 2027,$25.50,0.02,0.078%,399537341.00,United States,2022,2624,Finance,Investment Managers
SAZ,Saratoga Investment Corp 8.50% Notes due 2028,$25.5771,0.0271,0.106%,400745353.00,United States,2023,1174,Finance,Investment Managers
SB,Safe Bulkers Inc Common Stock ($0.001 par value),$4.14,0.07,1.72%,435816608.00,Monaco,2008,370197,Consumer Discretionary,Marine Transportation
SB^C,Safe Bulkers Inc Cumulative Redeemable Perpetual Preferred Series C (Marshall Islands),$26.29,0.00,0.00%,,Monaco,,7,,
SB^D,Safe Bulkers Inc Perpetual Preferred Series D (Marshall Islands),$25.421,0.141,0.558%,,Monaco,,3465,,
SBAC,SBA Communications Corporation Class A Common Stock,$239.35,4.98,2.125%,25718581389.00,United States,1999,960694,Real Estate,Real Estate Investment Trusts
SBC,SBC Medical Group Holdings Incorporated Common Stock,$4.98,-0.24,-4.598%,515984030.00,United States,2022,171229,Health Care,Medical/Nursing Services
SBCF,Seacoast Banking Corporation of Florida Common Stock,$29.10,0.05,0.172%,2502176537.00,United States,,676341,Finance,Major Banks
SBCWW,SBC Medical Group Holdings Incorporated Warrants,$0.20,0.0001,0.05%,20722250.00,United States,2022,70940,Health Care,Medical/Nursing Services
SBET,SharpLink Gaming Inc. Common Stock,$27.40,2.155,8.536%,1702234206.00,Israel,,58175040,Technology,Computer Software: Prepackaged Software
SBEV,Splash Beverage Group Inc. (NV) Common Stock,$2.20,-0.12,-5.172%,4163436.00,,2021,42452,Consumer Staples,Beverages (Production/Distribution)
SBFG,SB Financial Group Inc. Common Stock,$19.58,-0.31,-1.559%,127761987.00,United States,,18101,Finance,Major Banks
SBFM,Sunshine Biopharma Inc. Common Stock,$1.59,0.03,1.923%,4304990.00,Canada,,46794,Health Care,Biotechnology: Pharmaceutical Preparations
SBFMW,Sunshine Biopharma Inc. Warrant,$0.245,0.015,6.522%,663348.00,Canada,,1339,Health Care,Biotechnology: Pharmaceutical Preparations
SBGI,Sinclair Inc. Class A Common Stock,$14.53,0.10,0.693%,1010874520.00,United States,1995,361252,Industrials,Broadcasting
SBH,Sally Beauty Holdings Inc. (Name to be changed from Sally Holdings Inc.) Common Stock,$10.11,0.77,8.244%,1020040655.00,United States,,2379276,Consumer Discretionary,Other Specialty Stores
SBI,Western Asset Intermediate Muni Fund Inc Common Stock,$7.67,-0.02,-0.26%,0.00,United States,1992,29622,Finance,Finance/Investors Services
SBLK,Star Bulk Carriers Corp. Common Shares,$18.96,0.53,2.876%,2220737988.00,Greece,,1460037,Consumer Discretionary,Marine Transportation
SBR,Sabine Royalty Trust Common Stock,$65.49,-0.02,-0.031%,954801304.00,United States,,24119,Energy,Oil & Gas Production
SBRA,Sabra Health Care REIT Inc. Common Stock,$18.24,0.12,0.662%,4339961030.00,United States,,1603757,Real Estate,Real Estate Investment Trusts
SBS,Companhia de saneamento Basico Do Estado De Sao Paulo - Sabesp American Depositary Shares (Each repstg 250 Common Shares),$19.71,-0.18,-0.905%,13471979498.00,Brazil,2002,967746,Utilities,Water Supply
SBSI,Southside Bancshares Inc. Common Stock,$30.99,0.02,0.065%,936330713.00,United States,,120218,Finance,Major Banks
SBSW,D/B/A Sibanye-Stillwater Limited ADS,$9.58,0.14,1.483%,6779208597.00,South Africa,,11798029,Basic Materials,Precious Metals
SBUX,Starbucks Corporation Common Stock,$96.94,4.28,4.619%,110162616000.00,United States,1992,9985918,Consumer Discretionary,Restaurants
SBXD,SilverBox Corp IV Class A Ordinary Shares,$10.80,0.04,0.372%,0.00,,2024,5520,,
SCAG,Scage Future American Depositary Shares,$5.56,0.14,2.583%,401676596.00,China,,246412,Consumer Discretionary,Construction/Ag Equipment/Trucks
SCAGW,Scage Future Warrants,$0.0605,-0.0007,-1.144%,4370762.00,China,,17404,Consumer Discretionary,Construction/Ag Equipment/Trucks
SCCC,Sachem Capital Corp. 7.75% Notes due 2025,$25.10,-0.006,-0.024%,1187484489.00,United States,2020,3372,Real Estate,Real Estate Investment Trusts
SCCD,Sachem Capital Corp. 6.00% Notes due 2026,$22.88,0.00,0.00%,1082455980.00,United States,,46,Real Estate,Real Estate Investment Trusts
SCCE,Sachem Capital Corp. 6.00% Notes due 2027,$19.625,-0.375,-1.875%,928461478.00,United States,2022,2499,Real Estate,Real Estate Investment Trusts
SCCF,Sachem Capital Corp. 7.125% Notes due 2027,$19.84,0.1894,0.964%,938633158.00,United States,2022,2321,Real Estate,Real Estate Investment Trusts
SCCG,Sachem Capital Corp. 8.00% Notes due 2027,$19.4001,0.0466,0.241%,917821428.00,United States,2022,492,Real Estate,Real Estate Investment Trusts
SCCO,Southern Copper Corporation Common Stock,$99.15,1.10,1.122%,78941852311.00,United States,,1031252,Basic Materials,Metal Mining
SCD,LMP Capital and Income Fund Inc. Common Stock,$15.23,-0.08,-0.523%,0.00,United States,2004,146689,Finance,Trusts Except Educational Religious and Charitable
SCE^G,SCE Trust II Trust Preferred Securities,$16.40,0.10,0.613%,,United States,,10607,,
SCE^J,Southern California Edison Company 5.375% Fixed-to-Floating Rate Trust Preference Securities,$23.03,-0.17,-0.733%,,United States,,5781,,
SCE^K,Southern California Edison Company 5.45% Fixed-to-Floating Rate Trust Preference Securities,$23.025,-0.075,-0.325%,,United States,,40905,,
SCE^L,SCE TRUST VI,$15.89,-0.03,-0.188%,,United States,,23856,,
SCE^M,SCE Trust VII 7.50% Trust Preference Securities,$22.1758,-0.0442,-0.199%,,United States,,28744,,
SCE^N,SCE Trust VIII 6.95% Trust Preference Securities,$21.17,0.07,0.332%,,United States,,16895,,
SCHL,Scholastic Corporation Common Stock,$21.83,0.38,1.772%,582566273.00,United States,1992,208637,Consumer Discretionary,Books
SCHW,Charles Schwab Corporation (The) Common Stock,$95.39,-0.86,-0.894%,173320804834.00,United States,,8864181,Finance,Investment Bankers/Brokers/Service
SCHW^D,The Charles Schwab Corporation Depositary Shares each representing 1/40th interest in a share of 5.95% Non-Cumulative Perpetual Preferred Stock Series D,$24.95,0.01,0.04%,,United States,,69404,,
SCHW^J,The Charles Schwab Corporation Depositary Shares Each Representing a 1/40th Interest in a Share of 4.450% Non-Cumulative Perpetual Preferred Stock Series J,$19.39,-0.12,-0.615%,,United States,,49949,,
SCI,Service Corporation International Common Stock,$78.14,1.12,1.454%,11123892643.00,United States,,1357277,Consumer Discretionary,Other Consumer Services
SCKT,Socket Mobile Inc. Common Stock,$1.20,-0.0085,-0.703%,9505825.00,United States,,8567,Technology,Computer Manufacturing
SCL,Stepan Company Common Stock,$57.18,0.84,1.491%,1291035714.00,United States,,92044,Consumer Discretionary,Package Goods/Cosmetics
SCLX,Scilex Holding Company Common Stock,$8.84,0.24,2.791%,61452338.00,United States,2021,213436,Health Care,Biotechnology: Biological Products (No Diagnostic Substances)
SCLXW,Scilex Holding Company Warrant,$0.35,0.0268,8.292%,2433068.00,United States,2021,3804,Health Care,Biotechnology: Biological Products (No Diagnostic Substances)
SCM,Stellus Capital Investment Corporation Common Stock,$14.95,0.06,0.403%,424821413.00,United States,2012,187758,Finance,Finance/Investors Services
SCNI,Scinai Immunotherapeutics Ltd. American Depositary Shares,$2.32,0.12,5.455%,2319812.00,Israel,2015,50328,Health Care,Biotechnology: Biological Products (No Diagnostic Substances)
SCNX,Scienture Holdings Inc. Common Stock,$2.20,0.06,2.804%,28856144.00,United States,,229865,Health Care,Other Pharmaceuticals
SCOR,comScore Inc. Common Stock,$5.70,-0.01,-0.175%,28200038.00,United States,2018,9711,Consumer Discretionary,Business Services
SCPH,scPharmaceuticals Inc. Common Stock,$5.38,0.25,4.873%,284020842.00,United States,2017,307017,Health Care,Biotechnology: Pharmaceutical Preparations
SCS,Steelcase Inc. Common Stock,$10.47,0.19,1.848%,1200992770.00,United States,1998,751660,Consumer Discretionary,Office Equipment/Supplies/Services
SCSC,ScanSource Inc. Common Stock,$40.76,0.35,0.866%,920996982.00,United States,,229367,Technology,Retail: Computer Software & Peripheral Equipment
SCVL,Shoe Carnival Inc. Common Stock,$22.26,1.28,6.101%,608493417.00,United States,1993,467238,Consumer Discretionary,Clothing/Shoe/Accessory Stores
SCWO,374Water Inc. Common Stock,$0.2592,0.0372,16.757%,37501824.00,United States,,6957193,Consumer Discretionary,Metal Fabrications
SCYX,SCYNEXIS Inc. Common Stock,$0.71,-0.0015,-0.211%,27704395.00,United States,2014,77156,Health Care,Biotechnology: Pharmaceutical Preparations
SD,SandRidge Energy Inc. Common Stock,$10.16,0.02,0.197%,372740337.00,United States,2016,380162,Energy,Oil & Gas Production
SDA,SunCar Technology Group Inc. Class A Ordinary Shares,$2.35,-0.03,-1.261%,231486886.00,Hong Kong,2021,70587,Consumer Discretionary,Automotive Aftermarket
SDAWW,SunCar Technology Group Inc. Warrant,$0.0692,0.0051,7.956%,6816550.00,Hong Kong,2021,6186,Consumer Discretionary,Automotive Aftermarket
SDGR,Schrodinger Inc. Common Stock,$22.77,-0.05,-0.219%,1670791694.00,United States,2020,1126146,Health Care,Biotechnology: Pharmaceutical Preparations
SDHC,Smith Douglas Homes Corp. Class A Common Stock,$21.66,1.90,9.615%,1113914777.00,United States,2024,57870,Consumer Discretionary,Homebuilding
SDHI,Siddhi Acquisition Corp Class A Common stock,$10.09,-0.02,-0.198%,0.00,United States,2025,1254,Finance,Blank Checks
SDHIR,Siddhi Acquisition Corp Right,$0.24,0.00,0.00%,0.00,United States,2025,500,,
SDHIU,Siddhi Acquisition Corp Unit,$10.30,0.00,0.00%,0.00,United States,2025,127,Finance,Blank Checks
SDHY,PGIM Short Duration High Yield Opportunities Fund Common Shares,$16.65,0.02,0.12%,410806382.00,,2020,44405,Finance,Finance/Investors Services
SDM,Smart Digital Group Limited Ordinary Shares,$21.50,1.70,8.586%,569750000.00,Singapore,2025,817346,Consumer Discretionary,Other Consumer Services
SDOT,Sadot Group Inc. Common Stock,$1.79,0.27,17.763%,11122498.00,United States,2020,424465,Consumer Discretionary,Restaurants
SDRL,Seadrill Limited Common Shares,$29.42,1.45,5.184%,1830668355.00,,2022,912076,Energy,Oil & Gas Production
SDST,Stardust Power Inc. Common Stock,$0.398,0.0001,0.025%,23944008.00,United States,2021,3184634,Industrials,Major Chemicals
SDSTW,Stardust Power Inc. Warrant,$0.039,-0.0029,-6.921%,2346272.00,United States,2021,4700,Industrials,Major Chemicals
SE,Sea Limited American Depositary Shares each representing one Class A Ordinary Share,$154.82,-0.47,-0.303%,91656526182.00,United States,2017,4408193,Consumer Discretionary,Other Consumer Services
SEAL^A,Seapeak LLC 9.00% Series A Cumulative Redeemable Perpetual Preferred Units,$25.48,0.002,0.008%,,Bermuda,,1941,,
SEAL^B,Seapeak LLC 8.50% Series B Fixed-to-Floating Rate Cumulative Redeemable Perpetual Preferred Units,$25.31,0.05,0.198%,,Bermuda,,6512,,
SEAT,Vivid Seats Inc. Class A Common Stock,$1.88,0.22,13.253%,387416430.00,United States,,1682756,Consumer Discretionary,Services-Misc. Amusement & Recreation
SEATW,Vivid Seats Inc. Warrant,$0.178,0.026,17.105%,36680917.00,United States,,502,Consumer Discretionary,Services-Misc. Amusement & Recreation
SEB,Seaboard Corporation Common Stock,$3054.42,24.22,0.799%,2966009813.00,United States,1996,1384,Industrials,Farming/Seeds/Milling
SEDG,SolarEdge Technologies Inc. Common Stock,$31.86,3.03,10.51%,1881149232.00,Israel,2015,9428068,Technology,Semiconductors
SEE,Sealed Air Corporation Common Stock,$31.30,0.53,1.722%,4602768415.00,United States,,1508052,Industrials,Major Chemicals
SEED,Origin Agritech Limited Common Stock,$1.0567,0.0667,6.737%,7608238.00,China,,182459,Consumer Staples,Farming/Seeds/Milling
SEER,Seer Inc. Class A Common Stock,$2.15,0.02,0.939%,126568019.00,United States,2020,84351,Industrials,Biotechnology: Laboratory Analytical Instruments
SEG,Seaport Entertainment Group Inc. Common Stock,$22.25,0.95,4.46%,282455540.00,United States,2024,63873,Consumer Discretionary,Services-Misc. Amusement & Recreation
SEGG,Lottery.com Inc. Common Stock,$1.22,-0.01,-0.813%,32574073.00,United States,2023,879239,Technology,Computer Software: Prepackaged Software
SEI,Solaris Energy Infrastructure Inc. Class A Common Stock,$28.27,-0.28,-0.981%,1909432129.00,United States,2017,1221986,Industrials,Metal Fabrications
SEIC,SEI Investments Company Common Stock,$90.58,-0.34,-0.374%,11276001482.00,United States,1981,695859,Finance,Investment Bankers/Brokers/Service
SELF,Global Self Storage Inc. Common Stock,$5.38,-0.01,-0.186%,61000544.00,United States,,20831,Real Estate,Real Estate Investment Trusts
SELX,Semilux International Ltd. Ordinary Shares,$1.142,-0.028,-2.393%,42743180.00,Taiwan,,5861,Technology,Semiconductors
SEM,Select Medical Holdings Corporation Common Stock,$14.40,-0.11,-0.758%,1850960030.00,United States,2009,666683,Health Care,Hospital/Nursing Management
SEMR,SEMrush Holdings Inc. Class A Common Stock,$9.80,0.74,8.168%,1452197996.00,United States,2021,2085690,Technology,Computer Software: Prepackaged Software
SENEA,Seneca Foods Corp. Class A Common Stock,$103.98,0.45,0.435%,716672792.00,United States,,41583,Consumer Staples,Packaged Foods
SENEB,Seneca Foods Corp. Class B Common Stock,$103.59,-0.11,-0.106%,713984752.00,United States,,321,Consumer Staples,Packaged Foods
SENS,Senseonics Holdings Inc. Common Stock,$0.58,0.0022,0.381%,379488838.00,United States,,6831758,Industrials,Industrial Machinery/Components
SEPN,Septerna Inc. Common Stock,$12.47,0.16,1.30%,555642475.00,United States,2024,150272,Health Care,Biotechnology: Pharmaceutical Preparations
SER,Serina Therapeutics Inc. Common Stock,$5.51,0.16,2.991%,54920269.00,,2018,30313,Health Care,Biotechnology: Pharmaceutical Preparations
SERA,Sera Prognostics Inc. Class A Common Stock,$2.88,-0.04,-1.37%,108497618.00,United States,2021,166338,Health Care,Medical Specialities
SERV,Serve Robotics Inc. Common Stock,$10.97,-0.12,-1.082%,626643215.00,United States,,4290676,Consumer Discretionary,Industrial Specialties
SES,SES AI Corporation Class A Common Stock,$1.12,-0.01,-0.885%,410875653.00,United States,2021,5993575,Miscellaneous,Industrial Machinery/Components
SEVN,Seven Hills Realty Trust Common Stock,$10.75,0.01,0.093%,160236780.00,United States,,83565,Real Estate,Real Estate Investment Trusts
SEZL,Sezzle Inc. Common Stock,$134.55,-1.43,-1.052%,4478670992.00,United States,,811909,Consumer Discretionary,Business Services
SF,Stifel Financial Corporation Common Stock,$110.44,1.63,1.498%,11345131116.00,United States,,533009,Finance,Investment Bankers/Brokers/Service
SF^B,Stifel Financial Corporation Depositary Shares Each Representing 1/1000th  Interest in a Share of 6.25% Non-Cumulative  Preferred Stock Series B,$24.36,0.03,0.123%,,United States,,3872,,
SF^C,Stifel Financial Corporation Depositary Shares Each Representing 1/1000th Interest in a Share of 6.125% Non Cumulative Preferred Stock Series C,$23.28,-0.11,-0.47%,,United States,,10864,,
SF^D,Stifel Financial Corporation Depositary Shares Each Representing 1/1000th Interest in a Share of 4.50% Non-Cumulative Preferred Stock Series D,$17.44,-0.32,-1.802%,,United States,,14819,,
SFB,Stifel Financial Corporation 5.20% Senior Notes due 2047,$21.0115,-0.1285,-0.608%,2158440985.00,United States,2017,10191,Finance,Investment Bankers/Brokers/Service
SFBC,Sound Financial Bancorp Inc. Common Stock,$45.05,0.72,1.624%,115601408.00,United States,,7385,Finance,Savings Institutions
SFBS,ServisFirst Bancshares Inc. Common Stock,$83.44,0.98,1.188%,4556830453.00,United States,,435616,Finance,Major Banks
SFD,Smithfield Foods Inc. Common Stock,$23.68,0.13,0.552%,9308908996.00,United States,2025,506101,Consumer Staples,Meat/Poultry/Fish
SFHG,Samfine Creation Holdings Group Limited Class A Ordinary Share,$0.8694,-0.0201,-2.26%,15649200.00,Hong Kong,2024,98663,Consumer Discretionary,Publishing
SFIX,Stitch Fix Inc. Class A Common Stock,$5.11,0.18,3.651%,666786490.00,United States,2017,3704761,Consumer Discretionary,Catalog/Specialty Distribution
SFL,SFL Corporation Ltd,$9.22,0.20,2.217%,1343432591.00,Bermuda,,806022,Consumer Discretionary,Marine Transportation
SFM,Sprouts Farmers Market Inc. Common Stock,$164.48,-1.73,-1.041%,16095785818.00,United States,2013,894265,Consumer Staples,Food Chains
SFNC,Simmons First National Corporation Class A Common Stock,$19.71,-0.37,-1.843%,2482522297.00,United States,,11374681,Finance,Major Banks
SFST,Southern First Bancshares Inc. Common Stock,$43.75,3.66,9.129%,357387844.00,United States,,82743,Finance,Major Banks
SFWL,Shengfeng Development Limited Class A Ordinary Shares,$1.00,0.04,4.167%,82497513.00,China,2023,23545,Industrials,Trucking Freight/Courier Services
SG,Sweetgreen Inc. Class A Common Stock,$15.22,1.22,8.714%,1791117833.00,United States,2021,7520603,Consumer Discretionary,Restaurants
SGA,Saga Communications Inc. Class A Common Stock (FL),$13.02,-0.18,-1.364%,83873707.00,United States,,6515,Consumer Discretionary,Broadcasting
SGBX,Safe & Green Holdings Corp. Common Stock,$0.603,-0.007,-1.148%,6102753.00,United States,2017,112138,Consumer Discretionary,RETAIL: Building Materials
SGC,Superior Group of Companies Inc. Common Stock,$11.28,0.39,3.581%,180284134.00,United States,,57226,Consumer Discretionary,Apparel
SGD,Safe and Green Development Corporation Common Stock,$0.9017,-0.0134,-1.464%,1886131.00,United States,,20829,Finance,Real Estate
SGHC,Super Group (SGHC) Limited Ordinary Shares,$11.18,-0.30,-2.613%,5653028290.00,,2022,1375502,Consumer Discretionary,Services-Misc. Amusement & Recreation
SGHT,Sight Sciences Inc. Common Stock,$3.57,0.14,4.082%,184576454.00,United States,2021,79169,Health Care,Medical/Dental Instruments
SGI,Somnigroup International Inc. Common Stock,$74.81,0.97,1.314%,15604235322.00,United States,,2103839,Consumer Discretionary,Home Furnishings
SGLY,Singularity Future Technology Ltd. Common Stock,$1.11,0.01,0.909%,4665876.00,United States,2008,19775,Consumer Discretionary,Oil Refining/Marketing
SGMA,SigmaTron International Inc. Common Stock,$3.005,-0.005,-0.166%,18388460.00,United States,1994,142440,Technology,Electrical Products
SGML,Sigma Lithium Corporation Common Shares,$7.12,0.38,5.638%,792327690.00,Canada,,2475053,Basic Materials,Metal Mining
SGMO,Sangamo Therapeutics Inc. Common Stock,$0.4798,-0.0148,-2.992%,111873513.00,United States,2000,5233136,Health Care,Biotechnology: Biological Products (No Diagnostic Substances)
SGMT,Sagimet Biosciences Inc. Series A Common Stock,$9.60,0.77,8.72%,309075312.00,United States,2023,893204,Health Care,Biotechnology: Pharmaceutical Preparations
SGN,Signing Day Sports Inc. Common Stock,$1.98,0.06,3.125%,7172932.00,,2023,142601,Technology,EDP Services
SGRP,SPAR Group Inc. Common Stock,$1.15,-0.06,-4.959%,27013215.00,United States,,71712,Consumer Discretionary,Business Services
SGRY,Surgery Partners Inc. Common Stock,$22.06,-0.30,-1.342%,2827211255.00,United States,2015,1804709,Health Care,Hospital/Nursing Management
SGU,Star Group L.P. Common Stock,$11.90,0.13,1.105%,411335103.00,United States,,74066,Consumer Discretionary,Other Specialty Stores
SHAK,Shake Shack Inc. Class A Common Stock,$134.51,0.11,0.082%,5739091361.00,United States,2015,546875,Consumer Discretionary,Restaurants
SHBI,Shore Bancshares Inc Common Stock,$16.65,0.06,0.362%,555681512.00,United States,,108643,Finance,Major Banks
SHC,Sotera Health Company Common Stock,$11.36,0.35,3.179%,3224593641.00,United States,2020,793756,Health Care,Misc Health and Biotechnology Services
SHCO,Soho House & Co Inc. Class A Common Stock,$6.38,-0.11,-1.695%,1241044433.00,,2021,654336,Consumer Discretionary,Hotels/Resorts
SHEL,Shell PLC American Depositary Shares (each representing two (2) Ordinary Shares) ,$71.15,0.83,1.18%,211548057546.00,Netherlands,2022,4167575,Energy,Oil & Gas Production
SHEN,Shenandoah Telecommunications Co Common Stock,$15.21,0.06,0.396%,834374970.00,United States,,372733,Telecommunications,Telecommunications Equipment
SHFS,SHF Holdings Inc. Class A Common Stock,$3.19,-0.36,-10.141%,8882421.00,United States,2021,27476,Finance,Finance: Consumer Services
SHFSW,SHF Holdings Inc. Warrants,$0.0205,0.00,0.00%,57081.00,United States,2021,4939,Finance,Finance: Consumer Services
SHG,Shinhan Financial Group Co Ltd American Depositary Shares,$49.08,-0.64,-1.287%,24709096551.00,South Korea,,243841,Finance,Major Banks
SHIM,Shimmick Corporation Common Stock,$2.06,-0.08,-3.738%,70908846.00,United States,2023,1063404,Industrials,Military/Government/Technical
SHIP,Seanergy Maritime Holdings Corp. Common Stock,$6.97,0.19,2.802%,145689484.00,Greece,,140536,Consumer Discretionary,Marine Transportation
SHLS,Shoals Technologies Group Inc. Class A Common Stock,$6.00,0.36,6.383%,1003048854.00,United States,2021,5457541,Technology,Semiconductors
SHMD,SCHMID Group N.V. Class A Ordinary Shares,$2.7364,-0.1136,-3.986%,117596412.00,Cayman Islands,,7055,Technology,Industrial Machinery/Components
SHMDW,SCHMID Group N.V. Warrants,$0.275,0.00,0.00%,11818087.00,Cayman Islands,,2707,Technology,Industrial Machinery/Components
SHO,Sunstone Hotel Investors Inc. Sunstone Hotel Investors Inc. Common Shares,$9.05,0.20,2.26%,1799673597.00,United States,2004,1469246,Consumer Discretionary,Hotels/Resorts
SHO^H,Sunstone Hotel Investors Inc. 6.125% Series H Cumulative Redeemable Preferred Stock,$21.00,0.045,0.215%,,United States,,2324,,
SHO^I,Sunstone Hotel Investors Inc. 5.70% Series I Cumulative Redeemable Preferred Stock,$19.7601,-0.4499,-2.226%,,United States,,4438,,
SHOO,Steven Madden Ltd. Common Stock,$27.14,1.07,4.104%,1971117135.00,United States,1993,1370837,Consumer Discretionary,Shoe Manufacturing
SHOP,Shopify Inc. Class A Subordinate Voting Shares,$123.71,-4.72,-3.675%,160498987551.00,Canada,,9039277,Technology,Computer Software: Prepackaged Software
SHOT,Safety Shot Inc. Common Stock,$0.7386,0.0503,7.308%,55525440.00,United States,2020,13572276,Consumer Discretionary,Package Goods/Cosmetics
SHOTW,Safety Shot Inc. Warrant,$0.0281,-0.0119,-29.75%,2112463.00,United States,2020,21813,Consumer Discretionary,Package Goods/Cosmetics
SHPH,Shuttle Pharmaceuticals Holdings Inc. Common Stock,$3.88,0.00,0.00%,1704763.00,United States,2022,78295,Health Care,Biotechnology: Pharmaceutical Preparations
SHW,Sherwin-Williams Company (The) Common Stock,$340.07,-1.23,-0.36%,85221739921.00,United States,,3896872,Consumer Discretionary,RETAIL: Building Materials
SIBN,SI-BONE Inc. Common Stock,$17.16,0.49,2.939%,731265060.00,United States,2018,319116,Health Care,Medical/Dental Instruments
SID,Companhia Siderurgica Nacional S.A. Common Stock,$1.57,0.12,8.276%,2081967497.00,Brazil,,5422286,Industrials,Steel/Iron Ore
SIDU,Sidus Space Inc. Class A Common Stock,$1.97,0.04,2.073%,36059832.00,United States,2021,476931,Telecommunications,Telecommunications Equipment
SIEB,Siebert Financial Corp. Common Stock,$4.03,0.12,3.069%,162852042.00,United States,,87304,Finance,Investment Bankers/Brokers/Service
SIF,SIFCO Industries Inc. Common Stock,$4.87,-0.115,-2.307%,30147190.00,United States,1969,24451,Industrials,Aerospace
SIFY,Sify Technologies Limited American Depositary Shares,$5.78,-0.03,-0.516%,418185312.00,India,,60888,Technology,Computer Software: Programming Data Processing
SIG,Signet Jewelers Limited Common Shares,$86.41,4.03,4.892%,3555791806.00,Bermuda,,934375,Consumer Discretionary,Consumer Specialties
SIGA,SIGA Technologies Inc. Common Stock,$6.85,0.00,0.00%,489371419.00,United States,,267957,Health Care,Biotechnology: Pharmaceutical Preparations
SIGI,Selective Insurance Group Inc. Common Stock,$90.91,2.32,2.619%,5525004704.00,United States,,574514,Finance,Property-Casualty Insurers
SIGIP,Selective Insurance Group Inc. Depositary Shares each representing a 1/1000th interest in a share of 4.60% Non-Cumulative Preferred Stock Series B,$17.12,0.10,0.588%,1040458481.00,United States,,4916,Finance,Property-Casualty Insurers
SII,Sprott Inc. Common Shares,$72.31,-2.50,-3.342%,1865598000.00,,2020,325135,Finance,Finance: Consumer Services
SILA,Sila Realty Trust Inc. Common Stock,$25.62,0.69,2.768%,1412837266.00,United States,2024,935341,Real Estate,Real Estate Investment Trusts
SILC,Silicom Ltd Ordinary Shares,$16.05,0.27,1.711%,91429868.00,Israel,,9046,Telecommunications,Computer Communications Equipment
SILO,Silo Pharma Inc. Common Stock,$0.632,0.014,2.265%,2834176.00,United States,,155802,Consumer Discretionary,Apparel
SIM,Grupo Simec S.A.B. de C.V. American Depositary Shares,$27.79,0.00,0.00%,4270441779.00,Mexico,1998,944,Industrials,Steel/Iron Ore
SIMA,SIM Acquisition Corp. I Class A Ordinary Shares,$10.45,0.02,0.192%,0.00,United States,2024,9455,Miscellaneous,Industrial Machinery/Components
SIMAW,SIM Acquisition Corp. I Warrant,$0.3098,-0.0002,-0.065%,0.00,United States,2024,100,Finance,Blank Checks
SIMO,Silicon Motion Technology Corporation American Depositary Shares,$71.86,-2.81,-3.763%,2442066526.00,Taiwan,2005,272590,Technology,Semiconductors
SINT,SiNtx Technologies Inc. Common Stock,$2.62,-0.16,-5.755%,6572810.00,United States,2014,214170,Health Care,Medical/Dental Instruments
SION,Sionna Therapeutics Inc. Common Stock,$19.02,1.58,9.06%,839245974.00,United States,2025,116952,Health Care,Biotechnology: Pharmaceutical Preparations
SIRI,SiriusXM Holdings Inc. Common Stock,$23.91,0.68,2.927%,8079775727.00,United States,,2483167,Consumer Discretionary,Broadcasting
SISI,Shineco Inc. Common Stock,$0.1674,0.0049,3.015%,3472855.00,China,2016,563866,Health Care, Medicinal Chemicals and Botanical Products 
SITC,SITE Centers Corp. Common Stock,$11.18,0.15,1.36%,586333960.00,United States,,775472,Real Estate,Real Estate Investment Trusts
SITE,SiteOne Landscape Supply Inc. Common Stock,$128.66,5.50,4.466%,5765196574.00,United States,2016,745905,Consumer Discretionary,Professional and commerical equipment
SITM,SiTime Corporation Common Stock,$197.95,-12.77,-6.06%,4695690126.00,United States,2019,491983,Technology,Semiconductors
SJ,Scienjoy Holding Corporation Class A Ordinary Shares ,$0.8649,-0.0046,-0.529%,36328739.00,China,2019,5462,Technology,EDP Services
SJM,The J.M. Smucker Company Common Stock,$109.34,4.12,3.916%,11645586579.00,United States,,1579927,Consumer Staples,Packaged Foods
SJT,San Juan Basin Royalty Trust Common Stock,$5.85,-0.10,-1.681%,272661457.00,United States,,125495,Energy,Oil & Gas Production
SKBL,Skyline Builders Group Holding Limited Class A Ordinary Shares,$1.86,0.01,0.541%,55800000.00,Hong Kong,2025,812354,Consumer Discretionary,Engineering & Construction
SKE,Skeena Resources Limited Common Shares,$16.79,0.21,1.267%,1924174380.00,,2021,533086,Basic Materials,Precious Metals
SKIL,Skillsoft Corp. Class A Common Stock,$14.71,-0.22,-1.474%,126109227.00,United States,2019,41318,Technology,Computer Software: Prepackaged Software
SKIN,The Beauty Health Company Class A Common Stock,$1.83,0.17,10.241%,230569648.00,United States,2020,1333355,Health Care,Medical/Dental Instruments
SKK,SKK Holdings Limited Ordinary Shares,$0.6743,-0.0157,-2.275%,12643125.00,Singapore,2024,44604,Industrials,Water Sewer Pipeline Comm & Power Line Construction
SKLZ,Skillz Inc. Class A Common Stock,$7.73,0.71,10.114%,138123420.00,United States,2020,349577,Technology,EDP Services
SKM,SK Telecom Co. Ltd. Common Stock,$22.56,0.20,0.894%,8653564800.00,South Korea,,262088,Telecommunications,Telecommunications Equipment
SKT,Tanger Inc. Common Stock,$31.75,0.22,0.698%,3593261991.00,United States,1993,678622,Real Estate,Real Estate Investment Trusts
SKWD,Skyward Specialty Insurance Group Inc. Common Stock,$53.50,0.65,1.23%,2161554027.00,United States,2023,293546,Finance,Property-Casualty Insurers
SKX,Skechers U.S.A. Inc. Common Stock,$63.22,0.01,0.016%,9457909183.00,United States,1999,2388853,Consumer Discretionary,Shoe Manufacturing
SKY,Champion Homes Inc. Common Stock,$66.97,2.96,4.624%,3836212842.00,United States,,534814,Consumer Discretionary,Homebuilding
SKYE,Skye Bioscience Inc. Common Stock,$3.88,0.15,4.021%,120219309.00,United States,,544000,Health Care,Biotechnology: Pharmaceutical Preparations
SKYH,Sky Harbour Group Corporation Class A Common Stock,$10.54,0.11,1.055%,799793424.00,United States,2022,130311,Finance,Real Estate
SKYQ,Sky Quarry Inc. Common Stock,$0.719,0.038,5.58%,15393517.00,United States,2024,585002,Industrials,Environmental Services
SKYT,SkyWater Technology Inc. Common Stock,$10.28,-0.41,-3.835%,493820607.00,United States,2021,580947,Technology,Semiconductors
SKYW,SkyWest Inc. Common Stock,$112.59,0.15,0.133%,4556206326.00,United States,1986,291969,Consumer Discretionary,Air Freight/Delivery Services
SKYX,SKYX Platforms Corp. Common Stock,$1.06,-0.005,-0.469%,112105599.00,United States,2022,220736,Consumer Discretionary,Building Products
SLAB,Silicon Laboratories Inc. Common Stock,$142.42,-3.98,-2.719%,4638882877.00,United States,2000,462549,Technology,Semiconductors
SLB,Schlumberger N.V. Common Stock,$34.35,0.81,2.415%,46721552815.00,France,,20786156,Energy,Oilfield Services/Equipment
SLDB,Solid Biosciences Inc. Common Stock,$6.23,-0.14,-2.198%,482920799.00,United States,2018,2163966,Health Care,Biotechnology: Biological Products (No Diagnostic Substances)
SLDE,Slide Insurance Holdings Inc. Common Stock,$18.71,0.31,1.685%,2337516730.00,United States,2025,265062,Finance,Property-Casualty Insurers
SLDP,Solid Power Inc. Class A Common Stock,$4.04,0.31,8.311%,724622795.00,United States,2021,19277402,Miscellaneous,Industrial Machinery/Components
SLDPW,Solid Power Inc. Warrant,$0.90,0.295,48.76%,161425870.00,United States,2021,482524,Miscellaneous,Industrial Machinery/Components
SLE,Super League Enterprise Inc. Common Stock,$5.56,-0.24,-4.138%,4562553.00,United States,2019,62442,Consumer Discretionary,Services-Misc. Amusement & Recreation
SLF,Sun Life Financial Inc. Common Stock,$62.55,1.37,2.239%,35553456029.00,Canada,,1151179,Finance,Life Insurance
SLG,SL Green Realty Corp Common Stock,$60.62,0.79,1.32%,4305039992.00,United States,1997,759598,Real Estate,Real Estate Investment Trusts
SLG^I,SL Green Realty Corporation Preferred Series I,$22.15,-0.25,-1.116%,,United States,,10364,,
SLGL,Sol-Gel Technologies Ltd. Ordinary Shares,$9.31,0.89,10.57%,25935444.00,Israel,2018,24719,Health Care,Biotechnology: Pharmaceutical Preparations
SLGN,Silgan Holdings Inc. Common Stock,$56.02,1.06,1.929%,5993757944.00,United States,2022,784908,Industrials,Containers/Packaging
SLI,Standard Lithium Ltd. Common Shares,$2.66,0.05,1.916%,528278668.00,Canada,2021,1734069,Industrials,Major Chemicals
SLM,SLM Corporation Common Stock,$32.76,0.04,0.122%,6903804562.00,United States,,1859554,Finance,Finance: Consumer Services
SLMBP,SLM Corporation Floating Rate Non-Cumulative Preferred Stock Series B,$75.90,0.01,0.013%,15995078336.00,United States,,793,Finance,Finance: Consumer Services
SLN,Silence Therapeutics Plc American Depository Share,$6.25,0.08,1.297%,292500000.00,United Kingdom,,62580,Health Care,Biotechnology: Pharmaceutical Preparations
SLND,Southland Holdings Inc. Common Stock,$4.28,-0.05,-1.155%,231104609.00,United States,,19959,Industrials,Military/Government/Technical
SLNG,Stabilis Solutions Inc. Common Stock,$4.84,-0.2542,-4.99%,90006097.00,United States,,17449,Utilities,Oil/Gas Transmission
SLNH,Soluna Holdings Inc. Common Stock,$0.635,0.025,4.098%,8733859.00,United States,,1593733,Technology,EDP Services
SLNHP,Soluna Holdings Inc 9.0% Series A Cumulative Perpetual Preferred Stock ,$3.99,-0.06,-1.481%,54878891.00,United States,,1299,Technology,EDP Services
SLNO,Soleno Therapeutics Inc. Common Stock,$86.02,-0.95,-1.092%,4334885945.00,United States,2014,977571,Health Care,Biotechnology: Electromedical & Electrotherapeutic Apparatus
SLP,Simulations Plus Inc. Common Stock,$13.04,-0.10,-0.761%,262457514.00,United States,,795958,Technology,EDP Services
SLQT,SelectQuote Inc. Common Stock,$2.12,0.03,1.435%,366169088.00,United States,2020,894104,Finance,Specialty Insurers
SLRC,SLR Investment Corp. Common Stock,$16.43,0.08,0.489%,896332637.00,United States,2010,73811,Finance,Finance/Investors Services
SLRX,Salarius Pharmaceuticals Inc. Common Stock,$0.7102,-0.0158,-2.176%,1510799.00,United States,2015,133264,Health Care,Biotechnology: Pharmaceutical Preparations
SLS,SELLAS Life Sciences Group Inc. Common Stock,$1.84,-0.01,-0.541%,183590576.00,United States,,2554491,Health Care,Biotechnology: Pharmaceutical Preparations
SLSN,Solesence Inc. Common Stock,$4.48,0.28,6.667%,314062690.00,United States,,138763,Consumer Discretionary,Package Goods/Cosmetics
SLSR,Solaris Resources Inc. Common Shares,$5.04,-0.055,-1.079%,829563689.00,,2024,78262,,
SLVM,Sylvamo Corporation Common Stock,$48.94,1.00,2.086%,1992970308.00,United States,2021,289471,Basic Materials,Paper
SLXN,Silexion Therapeutics Corp Ordinary Shares,$0.845,0.0202,2.449%,7345071.00,Israel,,115289,Health Care,Biotechnology: Biological Products (No Diagnostic Substances)
SLXNW,Silexion Therapeutics Corp Warrant,$0.0409,0.0013,3.283%,355519.00,Israel,,28100,Health Care,Biotechnology: Biological Products (No Diagnostic Substances)
SM,SM Energy Company Common Stock,$26.64,0.92,3.577%,3049273488.00,United States,,1641362,Energy,Oil & Gas Production
SMA,SmartStop Self Storage REIT Inc. Common Stock,$37.06,0.80,2.206%,2055247872.00,,2025,538340,Real Estate,Real Estate Investment Trusts
SMBC,Southern Missouri Bancorp Inc. Common Stock,$56.66,-0.24,-0.422%,640255847.00,United States,,31666,Finance,Banks
SMBK,SmartFinancial Inc. Common Stock,$35.42,-0.65,-1.802%,602761515.00,United States,,140765,Finance,Major Banks
SMC,Summit Midstream Corporation Common Stock,$24.97,-0.58,-2.27%,468576158.00,United States,2012,64326,Utilities,Natural Gas Distribution
SMCI,Super Micro Computer Inc. Common Stock,$49.86,-1.64,-3.184%,29757327830.00,United States,2020,31696631,Technology,Computer Manufacturing
SMFG,Sumitomo Mitsui Financial Group Inc Unsponsored American Depositary Shares (Japan),$15.02,0.28,1.90%,97240617960.00,Japan,,3615811,Finance,Commercial Banks
SMG,Scotts Miracle-Gro Company (The) Common Stock,$68.70,1.83,2.737%,3965022149.00,United States,1992,842993,Industrials,Agricultural Chemicals
SMHI,SEACOR Marine Holdings Inc. Common Stock ,$5.26,0.05,0.96%,141243345.00,United States,2017,108454,Consumer Discretionary,Marine Transportation
SMID,Smith-Midland Corporation Common Stock,$36.95,0.34,0.929%,196005192.00,United States,,11109,Industrials,Building Materials
SMP,Standard Motor Products Inc. Common Stock,$32.25,0.45,1.415%,708887992.00,United States,,114266,Consumer Discretionary,Auto Parts:O.E.M.
SMPL,The Simply Good Foods Company Common Stock,$32.87,0.12,0.366%,3304798974.00,United States,,2273227,Consumer Staples,Packaged Foods
SMR,NuScale Power Corporation Class A Common Stock,$44.44,-1.00,-2.201%,12638419765.00,United States,2022,10631415,Industrials,Metal Fabrications
SMRT,SmartRent Inc. Class A Common Stock,$1.02,0.0667,6.997%,191942076.00,United States,,1197981,Technology,EDP Services
SMSI,Smith Micro Software Inc. Common Stock,$0.8203,-0.0194,-2.31%,15925157.00,United States,1995,384975,Technology,Computer Software: Prepackaged Software
SMTC,Semtech Corporation Common Stock,$51.47,-1.59,-2.997%,4459133972.00,United States,,1341548,Technology,Semiconductors
SMTI,Sanara MedTech Inc. Common Stock,$26.38,0.10,0.381%,234461562.00,United States,,29837,Health Care,Industrial Specialties
SMTK,SmartKem Inc. Common Stock,$1.00,-0.0378,-3.642%,4431165.00,United Kingdom,,44997,Technology,Semiconductors
SMWB,Similarweb Ltd. Ordinary Shares,$8.98,0.20,2.278%,743808263.00,,2021,421676,Technology,Computer Software: Programming Data Processing
SMX,SMX (Security Matters) Public Limited Company Class A Ordinary Shares,$1.23,-0.15,-10.87%,1280099.00,Ireland,,7260613,Technology,Industrial Machinery/Components
SMXT,Solarmax Technology Inc. Common Stock,$1.10,0.01,0.917%,52148368.00,United States,2024,74063,Consumer Discretionary,Engineering & Construction
SMXWW,SMX (Security Matters) Public Limited Company Warrant,$0.0276,0.0056,25.455%,28724.00,Ireland,,99277,Technology,Industrial Machinery/Components
SN,SharkNinja Inc. Ordinary Shares,$117.15,2.34,2.038%,16441702127.00,United States,2023,2052400,Consumer Discretionary,Consumer Electronics/Appliances
SNA,Snap-On Incorporated Common Stock,$332.51,4.12,1.255%,17344842491.00,United States,,321019,Consumer Discretionary,Industrial Machinery/Components
SNAL,Snail Inc. Class A Common Stock,$1.43,0.05,3.623%,53215534.00,United States,2022,304717,Technology,Computer Software: Prepackaged Software
SNAP,Snap Inc. Class A Common Stock,$10.35,0.47,4.757%,17296693325.00,United States,2017,38725792,Technology,Computer Software: Programming Data Processing
SNBR,Sleep Number Corporation Common Stock,$7.88,0.68,9.444%,178560800.00,United States,,832068,Consumer Discretionary,Home Furnishings
SNCR,Synchronoss Technologies Inc. Common Stock,$7.41,0.01,0.135%,85200002.00,United States,2018,91412,Technology,EDP Services
SNCY,Sun Country Airlines Holdings Inc. Common Stock,$12.51,0.13,1.05%,665544548.00,United States,2021,636608,Consumer Discretionary,Air Freight/Delivery Services
SND,Smart Sand Inc. Common Stock,$1.88,0.00,0.00%,82876683.00,United States,2016,49524,Industrials,Mining & Quarrying of Nonmetallic Minerals (No Fuels)
SNDA,Sonida Senior Living Inc. Common Stock,$24.79,-0.04,-0.161%,467673514.00,United States,,25064,Health Care,Hospital/Nursing Management
SNDK,Sandisk Corporation Common Stock,$41.36,-0.25,-0.601%,6009575656.00,United States,,1846708,Technology,Electronic Components
SNDL,SNDL Inc. Common Shares,$1.64,0.06,3.797%,421962160.00,Canada,2019,2706368,Health Care, Medicinal Chemicals and Botanical Products 
SNDR,Schneider National Inc. Common Stock,$25.56,0.48,1.914%,4478083910.00,United States,2017,782519,Industrials,Trucking Freight/Courier Services
SNDX,Syndax Pharmaceuticals Inc. Common Stock,$10.31,0.58,5.961%,887149199.00,United States,2016,1892324,Health Care,Biotechnology: Pharmaceutical Preparations
SNES,SenesTech Inc. Common Stock,$5.59,1.19,27.045%,9927449.00,United States,2016,549465,Industrials,Agricultural Chemicals
SNEX,StoneX Group Inc. Common Stock,$95.01,0.33,0.349%,4647566166.00,United States,,325084,Finance,Investment Bankers/Brokers/Service
SNFCA,Security National Financial Corporation Class A Common Stock,$8.75,0.00,0.00%,227317081.00,United States,,38902,Finance,Finance: Consumer Services
SNGX,Soligenix Inc. Common Stock,$1.41,0.02,1.439%,4602728.00,United States,,114671,Health Care,Biotechnology: Pharmaceutical Preparations
SNN,Smith & Nephew SNATS Inc. Common Stock,$30.93,0.65,2.147%,13546674665.00,United Kingdom,,949146,Health Care,Industrial Specialties
SNOA,Sonoma Pharmaceuticals Inc. Common Stock,$3.555,0.035,0.994%,5840030.00,United States,2007,45186,Health Care,Biotechnology: Pharmaceutical Preparations
SNOW,Snowflake Inc. Common Stock,$212.25,-3.40,-1.577%,70827825000.00,United States,2020,2536247,Technology,Computer Software: Prepackaged Software
SNPS,Synopsys Inc. Common Stock,$615.13,23.67,4.002%,95444147792.00,United States,1992,2890223,Technology,Computer Software: Prepackaged Software
SNRE,Sunrise Communications AG American Depositary Shares representing Class A shares,$57.82,0.53,0.925%,5535514381.00,Switzerland,,160873,Telecommunications,Cable & Other Pay Television Services
SNSE,Sensei Biotherapeutics Inc. Common Stock,$7.21,-0.50,-6.485%,9087506.00,United States,2021,34292,Health Care,Biotechnology: Pharmaceutical Preparations
SNT,Senstar Technologies Corporation Common Shares,$4.55,0.22,5.081%,106136271.00,Canada,,81202,Telecommunications,Telecommunications Equipment
SNTG,Sentage Holdings Inc. Class A Ordinary Shares,$1.90,-0.02,-1.042%,5330118.00,China,2021,4559,Finance,Finance: Consumer Services
SNTI,Senti Biosciences Inc. Common Stock,$1.99,0.01,0.505%,51901467.00,United States,2021,170148,Health Care,Biotechnology: Biological Products (No Diagnostic Substances)
SNV,Synovus Financial Corp. Common Stock,$59.60,4.07,7.329%,8285176469.00,United States,,7369170,Finance,Major Banks
SNV^D,Synovus Financial Corp. Fixed-to-Floating Rate Non-Cumulative Perpetual Preferred Stock Series D Liquation Preference $25.00 per Share,$25.3599,-0.1301,-0.51%,,United States,,6704,,
SNV^E,Synovus Financial Corp. 5.875% Fixed-Rate Reset Non-Cumulative Perpetual Preferred Stock Series E,$26.26,0.10,0.382%,,United States,,29440,,
SNWV,SANUWAVE Health Inc. Common Stock,$35.35,-2.96,-7.726%,302441026.00,United States,,51050,Health Care,Medical/Dental Instruments
SNX,TD SYNNEX Corporation Common Stock,$143.64,0.94,0.659%,11845571228.00,United States,2003,470318,Technology,Retail: Computer Software & Peripheral Equipment
SNY,Sanofi ADS,$48.75,0.82,1.711%,123154465298.00,France,,1269762,Health Care,Biotechnology: Pharmaceutical Preparations
SNYR,Synergy CHC Corp. Common Stock,$3.56,0.06,1.714%,34011186.00,United States,2024,41283,Health Care,Other Pharmaceuticals
SO,Southern Company (The) Common Stock,$95.85,1.06,1.118%,105344427884.00,United States,,3889090,Utilities,Electric Utilities: Central
SOAR,Volato Group Inc. Class A Common Stock,$1.55,-0.08,-4.908%,2978978.00,,2022,287593,Consumer Discretionary,Transportation Services
SOBO,South Bow Corporation Common Shares,$26.55,-0.04,-0.15%,5528257753.00,Canada,2024,464017,Energy,Natural Gas Distribution
SOBR,SOBR Safe Inc. Common Stock,$4.29,0.05,1.179%,6504262.00,United States,,78661,Consumer Discretionary,Newspapers/Magazines
SOC,Sable Offshore Corp. Common Stock,$30.18,0.43,1.445%,2698495144.00,United States,2021,2113554,Energy,Oil & Gas Production
SOCAU,Solarius Capital Acquisition Corp. Units,$10.065,0.005,0.05%,0.00,United States,2025,92515,Finance,Blank Checks
SOFI,SoFi Technologies Inc. Common Stock  ,$20.98,-0.18,-0.851%,23190517754.00,United States,,63531750,Finance,Finance: Consumer Services
SOGP,Sound Group Inc. American Depositary Shares,$5.51,0.23,4.356%,27195013.00,China,2020,34772,Technology,Computer Software: Programming Data Processing
SOHO,Sotherly Hotels Inc. Common Stock,$0.8731,-0.013,-1.467%,17890256.00,United States,,22970,Real Estate,Real Estate Investment Trusts
SOHOB,Sotherly Hotels Inc. 8.0% Series B Cumulative Redeemable Perpetual Preferred Stock,$15.85,0.0987,0.627%,324774441.00,United States,,1784,Real Estate,Real Estate Investment Trusts
SOHON,Sotherly Hotels Inc. 8.25% Series D Cumulative Redeemable Perpetual Preferred Stock,$16.07,-0.18,-1.108%,329282351.00,United States,,1228,Real Estate,Real Estate Investment Trusts
SOHOO,Sotherly Hotels Inc. 7.875% Series C Cumulative Redeemable Perpetual Preferred Stock,$16.20,0.01,0.062%,331946116.00,United States,,655,Real Estate,Real Estate Investment Trusts
SOHU,Sohu.com Limited American Depositary Shares,$15.14,0.17,1.136%,455190156.00,China,,114093,Technology,EDP Services
SOJC,Southern Company (The) Series 2017B 5.25% Junior Subordinated Notes due December 1 2077,$21.97,0.02,0.091%,24146239756.00,United States,2017,10837,Utilities,Electric Utilities: Central
SOJD,Southern Company (The) Series 2020A 4.95% Junior Subordinated Notes due January 30 2080,$20.24,0.00,0.00%,22244874495.00,United States,2020,60543,Utilities,Electric Utilities: Central
SOJE,Southern Company (The) Series 2020C 4.20% Junior Subordinated Notes due October 15 2060,$17.61,-0.11,-0.621%,19275302629.00,United States,2020,24164,Basic Materials,Metal Mining
SOJF,Southern Company (The) Series 2025A 6.50% Junior Subordinated Notes due March 15 2085,$25.46,0.03,0.118%,0.00,United States,2025,21927,Basic Materials,Metal Mining
SOL,Emeren Group Ltd American Depositary Shares each representing 10 shares,$1.92,0.00,0.00%,98537514.00,China,2008,293205,Technology,Semiconductors
SOLV,Solventum Corporation Common Stock,$72.92,0.58,0.802%,12616102272.00,United States,2024,550573,Health Care,Medical/Dental Instruments
SON,Sonoco Products Company Common Stock,$47.65,1.62,3.519%,4699623295.00,United States,,1099752,Consumer Discretionary,Containers/Packaging
SOND,Sonder Holdings Inc. Class A Common Stock,$2.66,-0.08,-2.92%,30817763.00,United States,2021,16790,Consumer Discretionary,Hotels/Resorts
SONDW,Sonder Holdings Inc. Warrants,$0.0088,-0.0002,-2.222%,101954.00,United States,2021,13547,Consumer Discretionary,Hotels/Resorts
SONM,Sonim Technologies Inc. Common Stock,$0.751,0.051,7.286%,6910374.00,United States,2019,840178,Utilities,Telecommunications Equipment
SONN,Sonnet BioTherapeutics Holdings Inc. Common Stock,$5.15,0.00,0.00%,16303922.00,United States,,1798185,Health Care,Biotechnology: Pharmaceutical Preparations
SONO,Sonos Inc. Common Stock,$10.74,0.14,1.321%,1289739675.00,United States,2018,1464783,Consumer Staples,Consumer Electronics/Appliances
SONY,Sony Group Corporation American Depositary Shares ,$24.09,0.02,0.083%,145142305287.00,Japan,,2882993,Consumer Staples,Consumer Electronics/Appliances
SOPA,Society Pass Incorporated Common Stock,$1.28,-0.06,-4.478%,6414158.00,United States,2021,80652,Consumer Discretionary,Business Services
SOPH,SOPHiA GENETICS SA Ordinary Shares,$3.43,-0.06,-1.719%,229230574.00,Switzerland,2021,26352,Health Care,Biotechnology: Biological Products (No Diagnostic Substances)
SOR,Source Capital Inc. Cmn Shs of BI,$43.68,-0.05,-0.114%,364487017.00,United States,,5316,Finance,Investment Managers
SORA,Top Win International Limited Ordinary Shares,$6.70,-0.23,-3.319%,166588800.00,Hong Kong,2025,158509,Industrials,Other Specialty Stores
SOS,SOS Limited American Depositary Shares one hundred and fifty (150) Class A Ordinary Shares,$7.88,-0.34,-4.136%,3505431270.00,China,,66341,Finance,Finance: Consumer Services
SOTK,Sono-Tek Corporation Common Stock,$3.55,-0.03,-0.838%,55833342.00,United States,,11071,Technology,Industrial Machinery/Components
SOUL,Soulpower Acquisition Corporation Class A Ordinary Shares,$10.06,0.00,0.00%,0.00,,2025,11,Consumer Discretionary,Publishing
SOUN,SoundHound AI Inc Class A Common Stock,$11.34,-0.36,-3.077%,4555667427.00,United States,,29767844,Technology,Computer Software: Prepackaged Software
SOUNW,SoundHound AI Inc. Warrant,$5.4299,0.0409,0.759%,2181377298.00,United States,2021,53105,Technology,Computer Software: Prepackaged Software
SOWG,Sow Good Inc. Common Stock,$0.869,0.0628,7.79%,9891879.00,United States,,632149,Consumer Staples,Packaged Foods
SPAI,Safe Pro Group Inc. Common Stock,$3.85,0.11,2.941%,58412912.00,United States,2024,80616,Health Care,Industrial Specialties
SPB,Spectrum Brands Holdings Inc. Common Stock,$58.24,2.48,4.448%,1456227485.00,United States,,669462,Miscellaneous,Industrial Machinery/Components
SPCB,SuperCom Ltd. Ordinary Shares (Israel),$9.505,0.02,0.211%,20652987.00,Israel,,69086,Technology,Semiconductors
SPCE,Virgin Galactic Holdings Inc. Common Stock,$4.03,-0.28,-6.497%,167546625.00,United States,2017,6924931,Consumer Discretionary,Transportation Services
SPE,Special Opportunities Fund Inc Common Stock,$15.49,-0.13,-0.832%,0.00,United States,,21218,Finance,Finance/Investors Services
SPE^C,Special Opportunities Fund Inc. 2.75% Convertible Preferred Stock Series C,$24.55,0.15,0.615%,,United States,,5415,,
SPEGU,Silver Pegasus Acquisition Corp Unit,$10.07,0.02,0.199%,0.00,United States,2025,231372,,
SPFI,South Plains Financial Inc. Common Stock,$41.17,-0.51,-1.224%,668093874.00,United States,2019,97393,Finance,Major Banks
SPG,Simon Property Group Inc. Common Stock,$165.57,1.81,1.105%,54046193707.00,United States,,1653976,Real Estate,Real Estate Investment Trusts
SPG^J,Simon Property Group Inc. Simon Property Group 8 3/8% Series J Cumulative Redeemable Preferred Stock,$54.90,-0.25,-0.453%,,United States,,1688,,
SPGI,S&P Global Inc. Common Stock,$517.81,-4.31,-0.825%,158812327000.00,United States,,1128550,Finance,Finance: Consumer Services
SPH,Suburban Propane Partners L.P. Common Stock,$18.46,0.20,1.095%,1199149841.00,United States,1996,89281,Consumer Discretionary,Other Specialty Stores
SPHL,Springview Holdings Ltd Class A Ordinary Shares,$0.525,-0.015,-2.778%,11287500.00,Singapore,2024,90861,Consumer Discretionary,Homebuilding
SPHR,Sphere Entertainment Co. Class A Common Stock,$46.48,1.12,2.469%,1673252902.00,United States,2020,517718,Consumer Discretionary,Services-Misc. Amusement & Recreation
SPIR,Spire Global Inc. Class A Common Stock,$10.71,-1.35,-11.194%,348974469.00,United States,2020,1284926,Consumer Discretionary,Telecommunications Equipment
SPKL,Spark I Acquisition Corp. Class A Ordinary Share,$10.96,0.00,0.00%,0.00,United States,2023,11757,,
SPKLW,Spark I Acquisition Corp. Warrant,$0.245,0.035,16.667%,0.00,United States,2023,36389,,
SPMA,Sound Point Meridian Capital Inc. 8.00% Series A Preferred Shares Due 2029,$25.1795,0.0095,0.038%,0.00,,,10103,,
SPMC,Sound Point Meridian Capital Inc. Common Stock,$18.00,-0.10,-0.552%,0.00,,2024,7000,,
SPME,Sound Point Meridian Capital Inc. 7.875% Series B Preferred Shares due 2030,$24.98,0.015,0.06%,0.00,,,35565,,
SPNS,Sapiens International Corporation N.V. Common Shares (Cayman Islands),$30.53,0.25,0.826%,1706236979.00,Curacao,1992,150449,Technology,Computer Software: Prepackaged Software
SPNT,SiriusPoint Ltd. Common Shares,$19.45,0.14,0.725%,2267655214.00,Bermuda,2013,483881,Finance,Property-Casualty Insurers
SPNT^B,SiriusPoint Ltd. 8.00% Resettable Fixed Rate Preference Shares Series B $25.00 liquidation preference per share,$25.5999,0.0299,0.117%,,Bermuda,,5951,,
SPOK,Spok Holdings Inc. Common Stock,$17.57,0.07,0.40%,361455241.00,United States,,82561,Telecommunications,Telecommunications Equipment
SPOT,Spotify Technology S.A. Ordinary Shares,$675.74,-31.14,-4.405%,137745820938.00,Luxembourg,2018,2037800,Consumer Discretionary,Broadcasting
SPPL,SIMPPLE LTD. Ordinary Shares,$3.2687,0.0287,0.886%,11570512.00,Singapore,2023,1334,Consumer Discretionary,Diversified Commercial Services
SPR,Spirit Aerosystems Holdings Inc. Common Stock,$40.63,-0.01,-0.025%,4766668573.00,United States,2006,773203,Industrials,Military/Government/Technical
SPRC,SciSparc Ltd. Ordinary Shares,$8.19,0.20,2.503%,4378046.00,Israel,,23490,Health Care,Biotechnology: Pharmaceutical Preparations
SPRO,Spero Therapeutics Inc. Common Stock,$2.41,0.09,3.879%,134744645.00,United States,2017,552623,Health Care,Biotechnology: Pharmaceutical Preparations
SPRU,Spruce Power Holding Corporation Class A Common Stock,$1.42,-0.04,-2.74%,25313715.00,United States,2019,64224,Consumer Discretionary,Auto Parts:O.E.M.
SPRY,ARS Pharmaceuticals Inc. Common Stock,$17.59,-0.26,-1.457%,1727576538.00,United States,2020,748376,Health Care,Biotechnology: Pharmaceutical Preparations
SPSC,SPS Commerce Inc. Common Stock,$137.57,0.03,0.022%,5224547891.00,United States,2010,286871,Technology,Computer Software: Prepackaged Software
SPT,Sprout Social Inc Class A Common Stock,$18.99,0.35,1.878%,1104754872.00,United States,2019,546330,Technology,Computer Software: Prepackaged Software
SPTN,SpartanNash Company Common Stock,$26.58,0.01,0.038%,899729624.00,United States,,440960,Consumer Discretionary,Food Distributors
SPWH,Sportsman's Warehouse Holdings Inc. Common Stock,$3.76,0.20,5.618%,144076315.00,United States,2014,345335,Consumer Discretionary,Other Specialty Stores
SPWR,Complete Solaria Inc. Common Stock,$1.82,0.05,2.825%,146095506.00,United States,,913994,Technology,Semiconductors
SPWRW,Complete Solaria Inc. Warrants,$0.3089,-0.0811,-20.795%,24796100.00,United States,,44360,Technology,Semiconductors
SPXC,SPX Technologies Inc. Common Stock,$173.83,-0.61,-0.35%,8118978032.00,United States,,228448,Industrials,Industrial Machinery/Components
SPXX,Nuveen S&P 500 Dynamic Overwrite Fund,$17.94,0.01,0.056%,0.00,United States,,60416,Finance,Trusts Except Educational Religious and Charitable
SQFT,Presidio Property Trust Inc. Class A Common Stock,$7.82,-0.18,-2.25%,9392453.00,United States,2020,72624,Real Estate,Real Estate Investment Trusts
SQFTP,Presidio Property Trust Inc. 9.375% Series D Cumulative Redeemable Perpetual Preferred Stock $0.01 par value per share,$14.50,-0.25,-1.695%,17415675.00,United States,,2241,Real Estate,Real Estate Investment Trusts
SQFTW,Presidio Property Trust Inc. Series A Common Stock Purchase Warrants,$0.0299,-0.0044,-12.828%,35912.00,United States,,340550,Real Estate,Real Estate Investment Trusts
SQM,Sociedad Quimica y Minera S.A. Common Stock,$41.15,2.45,6.331%,11753995799.00,Chile,1993,3141671,Industrials,Mining & Quarrying of Nonmetallic Minerals (No Fuels)
SQNS,Sequans Communications S.A. American Depositary Shares (each representing ten (10) Ordinary Shares),$2.36,-0.07,-2.881%,59914566.00,France,,3746461,Technology,Semiconductors
SR,Spire Inc. Common Stock,$77.58,0.82,1.068%,4578529085.00,United States,,416093,Utilities,Oil/Gas Transmission
SR^A,Spire Inc. Depositary Shares each representing a 1/1000th interest in a share of 5.90% Series A Cumulative Redeemable Perpetual Preferred Stock,$23.93,-0.08,-0.333%,,United States,,9675,,
SRAD,Sportradar Group AG Class A Ordinary Shares,$29.00,-0.80,-2.685%,8684337854.00,Switzerland,2021,2902897,Technology,Computer Software: Programming Data Processing
SRBK,SR Bancorp Inc. Common stock,$14.46,0.13,0.907%,130094234.00,United States,2023,53297,Finance,Banks
SRCE,1st Source Corporation Common Stock,$63.02,-0.48,-0.756%,1547954651.00,United States,,66186,Finance,Major Banks
SRDX,Surmodics Inc. Common Stock,$31.905,0.735,2.358%,456218082.00,United States,1998,98387,Health Care,Medical/Dental Instruments
SRE,DBA Sempra Common Stock,$79.80,1.23,1.565%,52043196324.00,United States,,3398948,Utilities,Natural Gas Distribution
SREA,DBA Sempra 5.750% Junior Subordinated Notes due 2079,$21.26,-0.04,-0.188%,13460681303.00,United States,2019,32363,Utilities,Natural Gas Distribution
SRFM,Surf Air Mobility Inc. Common Stock,$5.10,0.15,3.03%,98347380.00,,2023,5950822,Consumer Discretionary,Transportation Services
SRG,Seritage Growth Properties Class A Common Stock,$3.25,0.00,0.00%,183054973.00,United States,2015,104396,Finance,Real Estate
SRG^A,Seritage Growth Properties 7.00% Series A Cumulative Redeemable Preferred Shares of Beneficial Interest,$22.20,0.00,0.00%,,United States,,6794,,
SRI,Stoneridge Inc. Common Stock,$7.59,0.57,8.12%,211353356.00,United States,1997,438840,Consumer Discretionary,Auto Parts:O.E.M.
SRL,Scully Royalty Ltd.,$6.15,-0.05,-0.806%,91156844.00,Canada,,1135,Finance,Commercial Banks
SRPT,Sarepta Therapeutics Inc. Common Stock (DE),$13.615,0.295,2.215%,1338041791.00,United States,,22722471,Health Care,Biotechnology: Pharmaceutical Preparations
SRRK,Scholar Rock Holding Corporation Common Stock,$39.98,-1.14,-2.772%,3795923569.00,United States,2018,1615723,Health Care,Biotechnology: Biological Products (No Diagnostic Substances)
SRTS,Sensus Healthcare Inc. Common Stock,$4.50,-0.10,-2.174%,74002662.00,United States,2016,44751,Health Care,Medical/Dental Instruments
SRV,NXG Cushing Midstream Energy Fund Common Shares of Beneficial Interest,$41.47,-0.15,-0.36%,0.00,United States,,27784,Finance,Finance Companies
SRXH,SRX Health Solutions Inc. Common Stock,$0.546,-0.002,-0.365%,6370222.00,,2021,57776,Consumer Staples,Beverages (Production/Distribution)
SRZN,Surrozen Inc. Common Stock,$8.65,-0.05,-0.575%,74066352.00,United States,,51709,Health Care,Biotechnology: Biological Products (No Diagnostic Substances)
SRZNW,Surrozen Inc. Warrant,$0.0133,0.0002,1.527%,113882.00,United States,,1200,Health Care,Biotechnology: Biological Products (No Diagnostic Substances)
SSB,SouthState Corporation Common Stock,$98.35,1.36,1.402%,9981872940.00,United States,,1368988,Finance,Major Banks
SSBI,Summit State Bank Common Stock,$11.75,0.06,0.513%,78409278.00,United States,2006,4915,Finance,Major Banks
SSD,Simpson Manufacturing Company Inc. Common Stock,$162.12,3.82,2.413%,6781138013.00,United States,,272720,Consumer Discretionary,Industrial Machinery/Components
SSII,SS Innovations International Inc. Common Stock,$8.45,0.05,0.595%,1635953547.00,India,,76034,Health Care,Medical/Dental Instruments
SSKN,Strata Skin Sciences Inc. Common Stock,$2.14,-0.07,-3.167%,8926285.00,United States,2005,502155,Health Care,Medical/Dental Instruments
SSL,Sasol Ltd. American Depositary Shares,$5.14,-0.22,-4.104%,3300618911.00,South Africa,,1222438,Energy,Oil & Gas Production
SSNC,SS&C Technologies Holdings Inc. Common Stock,$83.47,0.26,0.312%,20588910361.00,United States,2010,1213571,Technology,Computer Software: Prepackaged Software
SSP,E.W. Scripps Company (The) Class A Common Stock,$3.25,-0.01,-0.307%,285059054.00,United States,,683523,Industrials,Broadcasting
SSRM,SSR Mining Inc. Common Stock,$12.87,0.39,3.125%,2604710201.00,Canada,,2883691,Industrials,Precious Metals
SSSS,SuRo Capital Corp. Common Stock,$8.39,-0.38,-4.333%,197600097.00,United States,2011,152881,Finance,Finance: Consumer Services
SSSSL,SuRo Capital Corp. 6.00% Notes due 2026,$24.8485,0.0485,0.196%,585228368.00,United States,,555,Finance,Finance: Consumer Services
SST,System1 Inc. Class A Common Stock,$7.17,0.30,4.367%,70624500.00,United States,2020,80798,Technology,Computer Software: Programming Data Processing
SSTI,SoundThinking Inc. Common Stock,$12.75,-0.06,-0.468%,161582025.00,United States,2017,55493,Technology,Computer Software: Prepackaged Software
SSTK,Shutterstock Inc. Common Stock,$19.06,0.69,3.756%,671935598.00,United States,2012,422838,Technology,EDP Services
SSY,SunLink Health Systems Inc. Common Stock,$1.19,-0.04,-3.252%,8378318.00,United States,1996,283337,Health Care,Hospital/Nursing Management
SSYS,Stratasys Ltd. Ordinary Shares (Israel),$11.73,0.76,6.928%,842008842.00,United States,1994,1904866,Technology,Computer peripheral equipment
ST,Sensata Technologies Holding plc Ordinary Shares,$32.06,0.68,2.167%,4690063684.00,Netherlands,2010,1719342,Industrials,Industrial Machinery/Components
STAA,STAAR Surgical Company Common Stock,$18.275,0.515,2.90%,905090007.00,United States,,834878,Health Care,Ophthalmic Goods
STAG,Stag Industrial Inc. Common Stock,$36.03,0.40,1.123%,6723830435.00,United States,2011,1032754,Real Estate,Real Estate Investment Trusts
STAI,ScanTech AI Systems Inc. Common stock,$0.6661,-0.0199,-2.901%,17058495.00,United States,,452444,Industrials,Electrical Products
STAK,STAK Inc. Class A Ordinary Shares,$1.93,0.255,15.224%,21712500.00,China,2025,1115122,Industrials,Metal Fabrications
STBA,S&T Bancorp Inc. Common Stock,$38.72,-0.24,-0.616%,1484150378.00,United States,,123848,Finance,Major Banks
STC,Stewart Information Services Corporation Common Stock,$59.17,0.83,1.423%,1651991726.00,United States,,181830,Finance,Specialty Insurers
STE,STERIS plc (Ireland) Ordinary Shares,$223.69,1.04,0.467%,22004902024.00,United States,,818037,Health Care,Industrial Specialties
STEC,Santech Holdings Limited American Depositary Shares,$0.7452,-0.0627,-7.761%,62596800.00,China,2021,7130,Finance,Investment Managers
STEL,Stellar Bancorp Inc. Common Stock,$32.08,0.24,0.754%,1651259486.00,United States,,345257,Finance,Major Banks
STEM,Stem Inc. Class A Common Stock,$15.51,-1.13,-6.791%,129011234.00,United States,1992,1505554,Miscellaneous,Industrial Machinery/Components
STEP,StepStone Group Inc. Class A Common Stock,$60.95,-0.31,-0.506%,7095698615.00,United States,2020,477768,Finance,Investment Managers
STEW,SRH Total Return Fund Inc. Common Stock,$17.76,0.11,0.623%,0.00,United States,,143147,Finance,Investment Managers
STFS,Star Fashion Culture Holdings Limited Class A Ordinary Shares,$1.75,0.10,6.061%,18987500.00,China,2024,2607385,Consumer Discretionary,Advertising
STG,Sunlands Technology Group American Depositary Shares representing Class A ordinary shares,$10.34,-0.85,-7.596%,139758004.00,,2018,11395,Real Estate,Other Consumer Services
STGW,Stagwell Inc. Class A Common Stock,$5.05,0.20,4.124%,1351797812.00,Canada,,1527053,Consumer Discretionary,Advertising
STHO,Star Holdings Shares of Beneficial Interest,$7.96,0.17,2.182%,106023634.00,United States,,35421,Real Estate,Real Estate
STI,Solidion Technology Inc. Common Stock,$5.38,0.03,0.561%,14616954.00,United States,2022,75818,Miscellaneous,Industrial Machinery/Components
STIM,Neuronetics Inc. Common Stock,$4.22,0.34,8.763%,277761852.00,United States,2018,1269829,Health Care,Medical/Dental Instruments
STK,Columbia Seligman Premium Technology Growth Fund Inc,$30.58,-0.31,-1.004%,0.00,United States,2009,41637,Finance,Investment Managers
STKH,Steakholder Foods Ltd. American Depositary Shares,$1.15,-0.02,-1.709%,926196.00,Israel,2021,304495,Consumer Staples,Packaged Foods
STKL,SunOpta Inc. Common Stock,$6.59,0.33,5.272%,769981116.00,Canada,,969105,Industrials,Farming/Seeds/Milling
STKS,The ONE Group Hospitality Inc. Common Stock,$3.57,0.18,5.31%,110322989.00,United States,,147005,Consumer Discretionary,Restaurants
STLA,Stellantis N.V. Common Shares,$9.27,0.01,0.108%,26702163426.00,United Kingdom,2014,24558372,Consumer Discretionary,Auto Manufacturing
STLD,Steel Dynamics Inc.,$132.24,-2.29,-1.702%,19631540562.00,United States,1996,2726563,Industrials,Steel/Iron Ore
STM,STMicroelectronics N.V. Common Stock,$33.41,0.60,1.829%,30008040381.00,Switzerland,,12226971,Technology,Semiconductors
STN,Stantec Inc Common Stock,$111.08,-0.63,-0.564%,12670561805.00,Canada,,116283,Consumer Discretionary,Military/Government/Technical
STNE,StoneCo Ltd. Class A Common Shares,$14.02,0.55,4.083%,3807020116.00,Brazil,2018,8419309,Technology,EDP Services
STNG,Scorpio Tankers Inc. Common Shares,$43.19,0.37,0.864%,2155895449.00,Monaco,2010,805636,Consumer Discretionary,Marine Transportation
STOK,Stoke Therapeutics Inc. Common Stock,$13.57,1.26,10.236%,740880259.00,United States,2019,2520294,Health Care,Biotechnology: Pharmaceutical Preparations
STR,Sitio Royalties Corp. Class A Common Stock,$18.19,0.04,0.22%,2745033164.00,United States,2022,751868,Energy,Oil & Gas Production
STRA,Strategic Education Inc. Common Stock,$77.70,0.04,0.052%,1877483670.00,United States,1996,201944,Real Estate,Other Consumer Services
STRD,MicroStrategy Incorporated 10.00% Series A Perpetual Stride Preferred Stock,$90.90,-2.34,-2.51%,25392196072.00,United States,,213030,Technology,Computer Software: Prepackaged Software
STRF,MicroStrategy Incorporated 10.00% Series A Perpetual Strife Preferred Stock,$119.00,0.00,0.00%,33241708829.00,United States,,445316,Technology,Computer Software: Prepackaged Software
STRK,MicroStrategy Incorporated 8.00% Series A Perpetual Strike Preferred Stock,$114.465,-3.125,-2.658%,31974892446.00,United States,,312047,Technology,Computer Software: Prepackaged Software
STRL,Sterling Infrastructure Inc. Common Stock,$242.01,-5.64,-2.277%,7360083385.00,United States,,372499,Industrials,Military/Government/Technical
STRM,Streamline Health Solutions Inc. Common Stock,$5.30,0.0083,0.157%,23087129.00,United States,,12078,Technology,EDP Services
STRO,Sutro Biopharma Inc. Common Stock,$0.857,0.057,7.125%,72383390.00,United States,2018,929287,Health Care,Biotechnology: Biological Products (No Diagnostic Substances)
STRR,Star Equity Holdings Inc. Common Stock,$2.11,0.0678,3.32%,6771707.00,United States,2004,6274,Health Care,Biotechnology: Electromedical & Electrotherapeutic Apparatus
STRRP,Star Equity Holdings Inc. Series A Cumulative Perpetual Preferred Stock,$9.10,0.00,0.00%,29204994.00,United States,,31,Health Care,Biotechnology: Electromedical & Electrotherapeutic Apparatus
STRS,Stratus Properties Inc. Common Stock,$18.05,0.10,0.557%,145709636.00,United States,,20758,Real Estate,Homebuilding
STRT,STRATTEC SECURITY CORPORATION Common Stock,$63.27,1.77,2.878%,263715940.00,United States,,73675,Consumer Discretionary,Auto Parts:O.E.M.
STRW,Strawberry Fields REIT Inc. Common Stock,$10.54,0.09,0.861%,131171301.00,,2023,23304,Real Estate,Real Estate Investment Trusts
STRZ,Starz Entertainment Corp. Common Shares,$16.86,0.11,0.657%,270430505.00,United States,,118969,Consumer Discretionary,Movies/Entertainment
STSS,Sharps Technology Inc. Common Stock,$6.09,-0.22,-3.487%,6206185.00,United States,2022,50057,Health Care,Medical/Dental Instruments
STSSW,Sharps Technology Inc. Warrant,$0.026,-0.0022,-7.801%,26496.00,United States,2022,32870,Finance,Finance: Consumer Services
STT,State Street Corporation Common Stock,$109.71,1.62,1.499%,31287274653.00,United States,,1875022,Finance,Major Banks
STT^G,State Street Corporation Depositary shares each representing a 1/4000th ownership interest in a share of Fixed-to-Floating Rate Non-Cumulative,$22.25,-0.12,-0.536%,,United States,,53053,,
STTK,Shattuck Labs Inc. Common Stock,$0.8026,0.0347,4.519%,38443930.00,United States,2020,66791,Health Care,Biotechnology: Pharmaceutical Preparations
STVN,Stevanato Group S.p.A. Ordinary Shares,$24.50,0.33,1.365%,7419642132.00,,2021,199692,Health Care,Medical/Dental Instruments
STWD,STARWOOD PROPERTY TRUST INC. Starwood Property Trust Inc.,$19.93,0.21,1.065%,6765335440.00,United States,2009,5911219,Real Estate,Real Estate Investment Trusts
STX,Seagate Technology Holdings PLC Ordinary Shares (Ireland),$146.59,-3.04,-2.032%,31108957901.00,Ireland,2002,3044364,Technology,Electronic Components
STXS,Stereotaxis Inc. Common Stock,$2.23,0.00,0.00%,191781893.00,United States,,407558,Health Care,Biotechnology: Electromedical & Electrotherapeutic Apparatus
STZ,Constellation Brands Inc. Common Stock,$175.36,7.41,4.412%,30914811676.00,United States,,2298941,Consumer Staples,Beverages (Production/Distribution)
SU,Suncor Energy  Inc. Common Stock,$39.11,0.41,1.059%,48010675897.00,Canada,,2720440,Energy,Integrated oil Companies
SUGP,SU Group Holdings Limited Ordinary Shares,$0.813,-0.027,-3.214%,11258018.00,Hong Kong,2024,331970,Consumer Discretionary,Diversified Commercial Services
SUI,Sun Communities Inc. Common Stock,$126.29,1.23,0.984%,16119865241.00,United States,1993,812552,Real Estate,Real Estate Investment Trusts
SUN,Sunoco LP Common Units representing limited partner interests,$52.72,0.24,0.457%,8052609484.00,United States,2012,421291,Energy,Integrated oil Companies
SUNE,SUNation Energy Inc. Common Stock,$1.65,-0.01,-0.602%,5620913.00,United States,,119894,Utilities,Telecommunications Equipment
SUNS,Sunrise Realty Trust Inc. Common Stock,$10.59,0.26,2.517%,142133621.00,United States,,35565,Real Estate,Real Estate Investment Trusts
SUPN,Supernus Pharmaceuticals Inc. Common Stock,$32.67,-0.56,-1.685%,1829180983.00,United States,2012,728575,Health Care,Biotechnology: Pharmaceutical Preparations
SUPV,Grupo Supervielle S.A. American Depositary Shares each Representing five Class B shares,$9.65,0.03,0.312%,881474078.00,,2016,844595,Finance,Commercial Banks
SUPX,Super X AI Technology Limited Ordinary Shares,$10.50,0.105,1.01%,206533467.00,Hong Kong,2024,58103,,
SURG,SurgePays Inc. Common Stock,$2.97,0.01,0.338%,60622301.00,United States,,65796,Consumer Discretionary,Advertising
SUUN,SolarBank Corporation Common Stock,$1.47,0.05,3.521%,51314929.00,Canada,,300495,Utilities,Power Generation
SUZ,Suzano S.A. American Depositary Shares (each representing One Ordinary Share),$9.20,0.05,0.546%,11629882058.00,Brazil,2018,1772084,Basic Materials,Paper
SVC,Service Properties Trust Common Stock,$3.00,0.32,11.94%,499908402.00,United States,,3929425,Real Estate,Real Estate Investment Trusts
SVCC,Stellar V Capital Corp. Class A Ordinary Shares,$10.24,0.00,0.00%,0.00,United States,2025,822,,
SVCCW,Stellar V Capital Corp. Warrant,$0.3499,-0.0001,-0.029%,0.00,United States,2025,370,Finance,Blank Checks
SVCO,Silvaco Group Inc. Common Stock,$4.36,0.33,8.189%,128120536.00,United States,2024,115592,Technology,Computer Software: Prepackaged Software
SVII,Spring Valley Acquisition Corp. II Class A Ordinary Shares,$11.87,0.00,0.00%,0.00,United States,2022,63,Finance,Blank Checks
SVIIR,Spring Valley Acquisition Corp. II Rights,$0.1319,0.0188,16.622%,0.00,United States,2022,214,,
SVIIU,Spring Valley Acquisition Corp. II Unit,$11.80,0.00,0.00%,0.00,United States,2022,10,Finance,Blank Checks
SVIIW,Spring Valley Acquisition Corp. II Warrant,$0.145,-0.0739,-33.76%,0.00,United States,2022,41224,Finance,Blank Checks
SVM,Silvercorp Metals Inc. Common Shares,$4.77,0.17,3.696%,1039639149.00,Canada,,4517272,Basic Materials,Precious Metals
SVRA,Savara Inc. Common Stock,$2.41,0.12,5.24%,416536982.00,United States,,1443264,Health Care,Biotechnology: Pharmaceutical Preparations
SVRE,SaverOne 2014 Ltd. American Depositary Shares,$2.79,-0.04,-1.413%,979000.00,Israel,2022,133120,Technology,EDP Services
SVV,Savers Value Village Inc. Common Stock,$10.35,0.32,3.19%,1629623687.00,United States,2023,980427,Consumer Discretionary,Other Specialty Stores
SW,Smurfit WestRock plc Ordinary Shares,$46.24,0.80,1.761%,24139980139.00,,2024,4732897,Consumer Discretionary,Containers/Packaging
SWAG,Stran & Company Inc. Common Stock,$1.42,-0.086,-5.71%,26423939.00,United States,2021,11711,Consumer Discretionary,Advertising
SWAGW,Stran & Company Inc. Warrant,$0.0123,0.00,0.00%,228883.00,United States,2021,1,Consumer Discretionary,Advertising
SWBI,Smith & Wesson Brands Inc. Common Stock,$8.26,0.37,4.689%,366000104.00,United States,,1435322,Industrials,Ordnance And Accessories
SWIM,Latham Group Inc. Common Stock,$6.89,0.31,4.711%,801772805.00,United States,2021,603494,Industrials,Plastic Products
SWIN,Solowin Holdings Class A Ordinary Share,$3.53,0.15,4.438%,201513792.00,Hong Kong,2023,81859,Finance,Investment Bankers/Brokers/Service
SWK,Stanley Black & Decker Inc. Common Stock,$72.80,3.23,4.643%,11263072111.00,United States,,1996515,Consumer Discretionary,Industrial Machinery/Components
SWKH,SWK Holdings Corporation Common Stock,$15.18,-0.03,-0.197%,186252741.00,United States,,7833,Finance,Diversified Financial Services
SWKHL,SWK Holdings Corporation 9.00% Senior Notes due 2027,$25.6322,0.2197,0.865%,314497200.00,United States,,287,,
SWKS,Skyworks Solutions Inc. Common Stock,$73.38,0.66,0.908%,11016476733.00,United States,,2046494,Technology,Semiconductors
SWVL,Swvl Holdings Corp Class A Common Shares,$3.97,-0.24,-5.701%,39297109.00,United Arab Emirates,,31503,Consumer Discretionary,Business Services
SWVLW,Swvl Holdings Corp Warrant,$0.0154,0.00,0.00%,152437.00,United Arab Emirates,,683,Consumer Discretionary,Business Services
SWX,Southwest Gas Holdings Inc. Common Stock (DE),$79.50,0.71,0.901%,5717057504.00,United States,,405872,Utilities,Oil & Gas Production
SWZ,Total Return Securities Fund Common Stock,$6.22,-0.01,-0.161%,0.00,United States,,18301,Finance,Finance Companies
SXC,SunCoke Energy Inc. Common Stock,$8.72,0.22,2.588%,738157566.00,United States,2011,1045854,Industrials,Steel/Iron Ore
SXI,Standex International Corporation Common Stock,$157.09,2.23,1.44%,1896328901.00,United States,,98528,Industrials,Industrial Machinery/Components
SXT,Sensient Technologies Corporation Common Stock,$107.84,-0.48,-0.443%,4578784060.00,United States,,445093,Industrials,Major Chemicals
SXTC,China SXT Pharmaceuticals Inc. Ordinary Shares,$1.76,0.1356,8.348%,893735.00,China,2019,218985,Health Care,Biotechnology: Pharmaceutical Preparations
SXTP,60 Degrees Pharmaceuticals Inc. Common Stock,$1.33,-0.06,-4.317%,1958945.00,United States,2023,339342,Health Care,Biotechnology: Pharmaceutical Preparations
SXTPW,60 Degrees Pharmaceuticals Inc. Warrant,$0.0698,0.00,0.00%,102808.00,United States,2023,76,Health Care,Biotechnology: Pharmaceutical Preparations
SY,So-Young International Inc. American Depository Shares,$5.33,-0.40,-6.981%,536714728.00,China,2019,1959171,Technology,EDP Services
SYBT,Stock Yards Bancorp Inc. Common Stock,$77.94,-1.77,-2.221%,2296807235.00,United States,,194022,Finance,Major Banks
SYBX,Synlogic Inc. Common Stock,$1.60,-0.0745,-4.449%,18713774.00,United States,2015,48610,Health Care,Biotechnology: Pharmaceutical Preparations
SYF,Synchrony Financial Common Stock,$70.66,1.22,1.757%,26896779098.00,United States,2014,5725356,Finance,Finance: Consumer Services
SYF^A,Synchrony Financial Depositary Shares each Representing a 1/40th Interest in a Share of 5.625% Fixed Rate Non-Cumulative Perpetual Preferred Stock Series A,$19.40,-0.01,-0.052%,,United States,,33255,,
SYF^B,Synchrony Financial Depositary Shares Each Representing a 1/40th Interest in a Share of 8.250% Fixed Rate Reset Non-Cumulative Perpetual Preferred Stock Series B,$25.73,0.14,0.547%,,United States,,25936,,
SYK,Stryker Corporation Common Stock,$395.15,7.83,2.022%,151012446405.00,United States,,1016448,Health Care,Medical/Dental Instruments
SYM,Symbotic Inc. Class A Common Stock,$49.40,-0.28,-0.564%,29126760676.00,United States,2021,1892949,Industrials,Industrial Machinery/Components
SYNA,Synaptics Incorporated Common Stock $0.001 Par Value,$67.28,0.02,0.03%,2593338414.00,United States,2002,354632,Technology,Semiconductors
SYNX,Silynxcom Ltd. Ordinary Shares,$1.75,-0.02,-1.13%,9252219.00,,2024,22212,Consumer Staples,Consumer Electronics/Appliances
SYPR,Sypris Solutions Inc. Common Stock,$2.01,-0.024,-1.18%,46190733.00,United States,,97169,Industrials,Industrial Machinery/Components
SYRE,Spyre Therapeutics Inc. Common Stock,$16.49,0.14,0.856%,995230221.00,United States,2016,654651,Health Care,Biotechnology: Pharmaceutical Preparations
SYTA,Siyata Mobile Inc. Common Shares,$4.24,0.08,1.923%,4098800.00,Canada,2020,756288,Telecommunications,Telecommunications Equipment
SYTAW,Siyata Mobile Inc. Warrant,$0.1198,-0.0101,-7.775%,115810.00,Canada,2020,14328,Telecommunications,Telecommunications Equipment
SYY,Sysco Corporation Common Stock,$80.20,1.48,1.88%,38877084816.00,United States,,2428011,Consumer Discretionary,Food Distributors
SZZL,Sizzle Acquisition Corp. II Class A ordinary shares,$10.09,-0.18,-1.753%,0.00,United States,2025,14317,Finance,Blank Checks
SZZLR,Sizzle Acquisition Corp. II Right,$0.20,0.00,0.00%,0.00,United States,2025,2347,Finance,Blank Checks
SZZLU,Sizzle Acquisition Corp. II Unit,$10.52,0.32,3.137%,0.00,United States,2025,624,Finance,Blank Checks
T,AT&T Inc.,$27.42,0.04,0.146%,197303411721.00,United States,,35186161,Telecommunications,Telecommunications Equipment
T^A,AT&T Inc. Depositary Shares each representing a 1/1000th interest in a share of 5.000% Perpetual Preferred Stock Series A,$20.25,-0.01,-0.049%,,United States,,71697,,
T^C,AT&T Inc. Depositary Shares each representing a 1/1000th interest in a share of 4.750% Perpetual Preferred Stock Series C,$19.33,0.05,0.259%,,United States,,73302,,
TAC,TransAlta Corporation Ordinary Shares,$12.29,0.04,0.327%,3642756000.00,Canada,,676457,Utilities,Electric Utilities: Central
TACH,Titan Acquisition Corp. Class A Ordinary Shares,$10.09,0.00,0.00%,0.00,United States,2025,141400,,
TACHU,Titan Acquisition Corp. Units,$10.22,0.00,0.00%,0.00,United States,2025,115,Finance,Blank Checks
TACHW,Titan Acquisition Corp. Warrants,$0.2802,-0.0048,-1.684%,0.00,United States,2025,11900,,
TACO,Berto Acquisition Corp. Ordinary Shares,$10.52,0.04,0.382%,383372281.00,United States,2025,285878,Finance,Blank Checks
TACOU,Berto Acquisition Corp. Unit,$10.89,-0.03,-0.275%,0.00,United States,2025,23921,Finance,Blank Checks
TACOW,Berto Acquisition Corp. Warrant,$0.81,0.07,9.459%,0.00,United States,2025,34003,Finance,Blank Checks
TACT,TransAct Technologies Incorporated Common Stock,$3.77,-0.03,-0.789%,38004303.00,United States,1996,21424,Technology,Computer peripheral equipment
TAIT,Taitron Components Incorporated Class A Common Stock,$2.24,0.02,0.901%,13487443.00,United States,1995,5697,Technology,Electronic Components
TAK,Takeda Pharmaceutical Company Limited American Depositary Shares (each representing 1/2 of a share of Common Stock),$14.55,0.11,0.762%,45793204699.00,Japan,2018,3241793,Health Care,Biotechnology: Pharmaceutical Preparations
TAL,TAL Education Group American Depositary Shares,$10.46,-0.03,-0.286%,6380826867.00,China,,11195231,Real Estate,Other Consumer Services
TALK,Talkspace Inc. Common Stock,$2.60,0.05,1.961%,435019333.00,United States,2020,1394455,Health Care,Medical/Nursing Services
TALKW,Talkspace Inc. Warrant,$0.0674,0.0024,3.692%,11277040.00,United States,2020,5532,Health Care,Medical/Nursing Services
TALO,Talos Energy Inc. Common Stock,$8.42,0.09,1.08%,1502592329.00,United States,2018,1774732,Energy,Oil & Gas Production
TANH,Tantech Holdings Ltd. Common Shares,$2.11,0.2004,10.494%,2866095.00,China,2015,212933,Industrials,Major Chemicals
TAOP,Taoping Inc. Ordinary Shares ,$4.15,-0.26,-5.896%,3693500.00,Hong Kong,,12852,Technology,Computer Software: Prepackaged Software
TAOX,Tao Synergies Inc. Common Stock,$8.91,-0.30,-3.257%,20748628.00,United States,,260182,Health Care,Biotechnology: Pharmaceutical Preparations
TAP,Molson Coors Beverage Company Class B Common Stock,$51.64,1.68,3.363%,9935565951.00,Canada,,2435079,Consumer Staples,Beverages (Production/Distribution)
TARA,Protara Therapeutics Inc.  Common Stock,$3.33,-0.09,-2.632%,128477604.00,United States,2014,287001,Health Care,Biotechnology: Biological Products (No Diagnostic Substances)
TARS,Tarsus Pharmaceuticals Inc. Common Stock,$42.34,0.16,0.379%,1778882795.00,United States,2020,294828,Health Care,Biotechnology: Biological Products (No Diagnostic Substances)
TASK,TaskUs Inc. Class A Common Stock,$17.05,0.01,0.059%,1515241940.00,United States,2021,164232,Technology,EDP Services
TATT,TAT Technologies Ltd. Ordinary Shares,$31.17,-0.37,-1.173%,341010959.00,Israel,,89940,Industrials,Aerospace
TAVI,Tavia Acquisition Corp. Ordinary Shares,$10.27,0.03,0.293%,0.00,United States,2024,104,Finance,Blank Checks
TAVIR,Tavia Acquisition Corp. Right,$0.18,0.015,9.091%,0.00,United States,2024,161,Finance,Blank Checks
TAYD,Taylor Devices Inc. Common Stock,$46.61,1.40,3.097%,146202892.00,United States,,8737,Industrials,Industrial Machinery/Components
TBB,AT&T Inc. 5.350% Global Notes due 2066,$22.38,-0.16,-0.71%,161037576744.00,United States,2017,52293,Telecommunications,Telecommunications Equipment
TBBB,BBB Foods Inc. Class A Common Shares,$25.75,-0.43,-1.642%,2955245229.00,Mexico,2024,361967,Consumer Staples,Food Chains
TBBK,The Bancorp Inc Common Stock,$69.51,0.28,0.404%,3246794514.00,United States,2004,709858,Finance,Major Banks
TBCH,Turtle Beach Corporation Common Stock,$13.60,0.53,4.055%,273991054.00,United States,,185821,Telecommunications,Telecommunications Equipment
TBH,Brag House Holdings Inc. Common Stock,$0.807,0.086,11.928%,8733829.00,United States,2025,272127,Consumer Discretionary,Services-Misc. Amusement & Recreation
TBI,TrueBlue Inc. Common Stock,$7.42,0.43,6.152%,221591058.00,United States,,355193,Consumer Discretionary,Professional Services
TBLA,Taboola.com Ltd. Ordinary Shares,$3.51,-0.05,-1.404%,1128131080.00,Israel,,856481,Technology,Computer Software: Programming Data Processing
TBLAW,Taboola.com Ltd. Warrant,$0.16,0.00,0.00%,51424779.00,Israel,,4624,Technology,Computer Software: Programming Data Processing
TBLD,Thornburg Income Builder Opportunities Trust Common Stock,$19.64,0.04,0.204%,630088182.00,United States,2021,84071,Finance,Investment Managers
TBMC,Trailblazer Merger Corporation I Class A Common Stock,$11.53,-0.09,-0.775%,0.00,United States,2023,6061,Finance,Blank Checks
TBMCR,Trailblazer Merger Corporation I Rights,$0.3401,-0.0624,-15.503%,0.00,United States,2023,300,Finance,Blank Checks
TBN,Tamboran Resources Corporation Common stock,$19.42,0.00,0.00%,282304151.00,,2024,7283,Energy,Oil & Gas Production
TBPH,Theravance Biopharma Inc. Ordinary Shares,$11.23,-0.12,-1.057%,561514958.00,Cayman Islands,,145737,Health Care,Biotechnology: Pharmaceutical Preparations
TBRG,TruBridge Inc. Common Stock,$22.37,-0.03,-0.134%,336072966.00,United States,2002,146263,Technology,EDP Services
TC,Token Cat Limited American Depositary Shares,$0.751,-0.0203,-2.632%,2381579.00,China,2018,43625,Consumer Discretionary,Business Services
TCBI,Texas Capital Bancshares Inc. Common Stock,$89.43,-0.01,-0.011%,4091882796.00,United States,2003,798391,Finance,Major Banks
TCBIO,Texas Capital Bancshares Inc. Depositary Shares 5.75% Fixed Rate Non-Cumulative Perpetual Preferred Stock Series B,$20.45,-0.30,-1.446%,935692756.00,United States,,17505,Finance,Major Banks
TCBK,TriCo Bancshares Common Stock,$41.96,-0.28,-0.663%,1378740352.00,United States,,92893,Finance,Major Banks
TCBS,Texas Community Bancshares Inc. Common Stock,$16.00,0.00,0.00%,48682432.00,United States,2021,1235,Finance,Banks
TCBX,Third Coast Bancshares Inc. Common Stock,$35.80,-0.24,-0.666%,495231746.00,United States,2021,41377,Finance,Banks
TCI,Transcontinental Realty Investors Inc. Common Stock,$40.86,0.29,0.715%,353002452.00,United States,,2598,Real Estate,Real Estate Investment Trusts
TCMD,Tactile Systems Technology Inc. Common Stock,$9.99,0.33,3.416%,232251046.00,United States,2016,218738,Health Care,Medical/Dental Instruments
TCOM,Trip.com Group Limited American Depositary Shares,$63.30,-0.07,-0.11%,41352036386.00,China,2003,1579738,Consumer Discretionary,Business Services
TCPC,BlackRock TCP Capital Corp. Common Stock,$7.63,0.02,0.263%,648838391.00,United States,2012,377609,Finance,Finance/Investors Services
TCRT,Alaunos Therapeutics Inc. Common Stock,$2.99,-0.11,-3.548%,4902168.00,United States,,54411,Health Care,Biotechnology: Pharmaceutical Preparations
TCRX,TScan Therapeutics Inc. Common Stock,$1.85,0.02,1.093%,104692660.00,United States,2021,158736,Health Care,Biotechnology: Biological Products (No Diagnostic Substances)
TCX,Tucows Inc. Class A Common Stock,$21.53,-0.12,-0.554%,238059621.00,Canada,,18576,Technology,EDP Services
TD,Toronto Dominion Bank (The) Common Stock,$75.10,0.67,0.90%,129358097800.00,Canada,,1317125,Finance,Commercial Banks
TDAC,Translational Development Acquisition Corp. Ordinary Shares,$10.32,0.00,0.00%,0.00,United States,2025,264,,
TDACW,Translational Development Acquisition Corp. Warrants,$0.3865,-0.0241,-5.869%,0.00,United States,2025,345,,
TDC,Teradata Corporation Common Stock,$22.09,0.55,2.553%,2111804000.00,United States,,1230390,Technology,Computer Software: Prepackaged Software
TDF,Templeton Dragon Fund Inc. Common Stock,$10.39,0.11,1.07%,0.00,United States,,39076,Finance,Finance/Investors Services
TDG,Transdigm Group Incorporated Common Stock,$1571.06,-12.61,-0.796%,88241860560.00,United States,2006,235467,Industrials,Military/Government/Technical
TDOC,Teladoc Health Inc. Common Stock,$8.42,0.09,1.08%,1477160789.00,United States,2015,7270324,Health Care,Medical/Nursing Services
TDS,Telephone and Data Systems Inc. Common Shares,$38.45,0.16,0.418%,4383300000.00,United States,,1673354,Telecommunications,Telecommunications Equipment
TDS^U,Telephone and Data Systems Inc. Depositary Shares Each Representing a 1/1000th Interest in a 6.625% Series UU Cumulative Redeemable Perpetual Preferred Stock,$20.24,0.10,0.497%,,United States,,69396,,
TDS^V,Telephone and Data Systems Inc. Depositary Shares Each Representing a 1/1000th Interest in a 6.000% Series VV Cumulative Redeemable Perpetual Preferred Stock,$18.42,0.02,0.109%,,United States,,38280,,
TDTH,Trident Digital Tech Holdings Ltd American Depository Shares,$2.24,0.24,12.00%,172302001.00,Singapore,2024,14189360,Consumer Discretionary,Business Services
TDUP,ThredUp Inc. Class A Common Stock,$8.17,-0.21,-2.506%,966079698.00,United States,2021,1856792,Consumer Discretionary,Catalog/Specialty Distribution
TDW,Tidewater Inc. Common Stock,$49.32,1.29,2.686%,2440171165.00,United States,2017,573513,Consumer Discretionary,Marine Transportation
TDY,Teledyne Technologies Incorporated Common Stock,$555.95,-3.32,-0.594%,26051453409.00,United States,,598187,Industrials,Industrial Machinery/Components
TE,T1 Energy Inc. Common Stock,$1.57,0.04,2.614%,244822804.00,Luxembourg,2021,1465593,Miscellaneous,Industrial Machinery/Components
TEAD,Teads Holding Co. Common Stock,$2.88,-0.11,-3.679%,271584265.00,United States,2021,419670,Technology,Computer Software: Programming Data Processing
TEAF,Tortoise Sustainable and Social Impact Term Fund Common shares of beneficial interest,$12.19,0.08,0.661%,164456838.00,,2019,34478,Finance,Trusts Except Educational Religious and Charitable
TEAM,Atlassian Corporation Class A Common Stock,$198.44,4.08,2.099%,52091658294.00,Australia,2015,2157449,Technology,Computer Software: Prepackaged Software
TECH,Bio-Techne Corp Common Stock,$53.12,2.85,5.669%,8327478710.00,United States,,1649945,Health Care,Biotechnology: Biological Products (No Diagnostic Substances)
TECK,Teck Resources Ltd Ordinary Shares,$38.79,0.82,2.16%,19317420000.00,Canada,,4713776,Industrials,Mining & Quarrying of Nonmetallic Minerals (No Fuels)
TECTP,Tectonic Financial Inc. 9.00% Fixed-to-Floating Rate Series B Non-Cumulative Perpetual Preferred Stock,$10.76,0.085,0.796%,72916227.00,United States,2019,2174,Finance,Major Banks
TECX,Tectonic Therapeutic Inc. Common Stock,$22.22,0.30,1.369%,414903150.00,United States,2018,162396,Health Care,Biotechnology: Biological Products (No Diagnostic Substances)
TEF,Telefonica SA Common Stock,$5.30,0.03,0.569%,30051856236.00,Spain,1988,800334,Telecommunications,Telecommunications Equipment
TEI,Templeton Emerging Markets Income Fund Inc. Common Stock,$5.95,0.04,0.677%,0.00,United States,1993,107677,Finance,Finance Companies
TEL,TE Connectivity plc Ordinary Shares,$180.47,0.96,0.535%,53517749201.00,Ireland,,2955033,Technology,Electronic Components
TELA,TELA Bio Inc. Common Stock,$1.91,-0.07,-3.535%,75550029.00,United States,2019,123564,Health Care,Medical/Dental Instruments
TELO,Telomir Pharmaceuticals Inc. Common Stock,$2.10,-0.11,-4.977%,62501609.00,United States,2024,1481431,Health Care,Biotechnology: Pharmaceutical Preparations
TEM,Tempus AI Inc. Class A Common Stock,$61.08,3.07,5.292%,10573940245.00,United States,2024,8073082,Technology,Computer Software: Programming Data Processing
TEN,Tsakos Energy Navigation Ltd Common Shares,$19.40,0.51,2.70%,584475498.00,Greece,,301350,Consumer Discretionary,Marine Transportation
TEN^E,Tsakos Energy Navigation Ltd Series E Fixed-to-Floating Rate Cumulative Redeemable Perpetual Preferred Shares par value $1.00,$26.45,0.03,0.114%,,Greece,,3108,,
TEN^F,Tsakos Energy Navigation Ltd Series F Fixed-to-Floating Rate Cumulative Redeemable Perpetual Preferred Shares par value $1.00,$26.99,-0.0499,-0.185%,,Greece,,16100,,
TENB,Tenable Holdings Inc. Common Stock,$33.47,0.18,0.541%,4089052358.00,United States,2018,1164034,Technology,Computer Software: Prepackaged Software
TENX,Tenax Therapeutics Inc. Common Stock,$6.02,0.08,1.347%,24973940.00,United States,,129116,Health Care,Biotechnology: Pharmaceutical Preparations
TEO,Telecom Argentina SA,$8.80,-0.07,-0.789%,3790490898.00,Argentina,,140066,Telecommunications,Telecommunications Equipment
TER,Teradyne Inc. Common Stock,$93.70,-1.12,-1.181%,15031380892.00,United States,,2638917,Industrials,Electrical Products
TERN,Terns Pharmaceuticals Inc. Common Stock,$6.00,0.36,6.383%,524026806.00,United States,2021,1135323,Health Care,Biotechnology: Pharmaceutical Preparations
TEVA,Teva Pharmaceutical Industries Limited American Depositary Shares,$16.29,-0.02,-0.123%,18683976038.00,Israel,,10215232,Health Care,Biotechnology: Pharmaceutical Preparations
TEX,Terex Corporation Common Stock,$50.24,1.85,3.823%,3295744000.00,United States,,930243,Industrials,Construction/Ag Equipment/Trucks
TFC,Truist Financial Corporation Common Stock,$45.21,0.48,1.073%,59204256427.00,United States,,7226446,Finance,Major Banks
TFC^I,Truist Financial Corporation Depositary Shares,$20.79,-0.08,-0.383%,,United States,,9390,,
TFC^O,Truist Financial Corporation Depositary Shares Each Representing a 1/1000th Interest in a Share of Series O Non-Cumulative Perpetual Preferred Stock,$21.49,-0.03,-0.139%,,United States,,45229,,
TFC^R,Truist Financial Corporation Depositary Shares each representing 1/1000th interest in a share of Series R Non-Cumulative Perpetual Preferred Stock,$19.22,-0.19,-0.979%,,United States,,88119,,
TFII,TFI International Inc. Common Shares,$89.87,1.78,2.021%,7546541802.00,Canada,,230500,Industrials,Trucking Freight/Courier Services
TFIN,Triumph Financial Inc. Common Stock,$62.56,0.68,1.099%,1484803607.00,United States,2014,329902,Finance,Major Banks
TFINP,Triumph Financial Inc. Depositary Shares Each Representing a 1/40th Interest in a Share of 7.125% Series C Fixed-Rate Non-Cumulative Perpetual Preferred Stock,$22.13,0.00,0.00%,525235035.00,United States,,254,Finance,Major Banks
TFPM,Triple Flag Precious Metals Corp. Common Shares,$24.22,0.46,1.936%,4863999011.00,Canada,2022,392207,Industrials,Precious Metals
TFSA,Terra Income Fund 6 LLC 7.00% Notes due 2026,$24.6616,0.00,0.00%,208116505.00,,2021,11,,
TFSL,TFS Financial Corporation Common Stock,$13.03,0.00,0.00%,3659305432.00,United States,2007,298875,Finance,Savings Institutions
TFX,Teleflex Incorporated Common Stock,$115.20,5.41,4.928%,5090571072.00,United States,,670088,Health Care,Medical/Dental Instruments
TG,Tredegar Corporation Common Stock,$8.78,0.11,1.269%,306612728.00,United States,,82826,Industrials,Metal Fabrications
TGB,Taseko Mines Ltd. Common Stock,$3.45,0.21,6.481%,1089769951.00,Canada,,8077814,Basic Materials,Precious Metals
TGE,The Generation Essentials Group Class A Ordinary Shares,$5.89,-0.02,-0.338%,250071400.00,,2025,22978,Consumer Discretionary,Newspapers/Magazines
TGEN,Tecogen Inc. Common Stock,$7.01,-0.09,-1.268%,177067462.00,,2025,935611,Industrials,Industrial Machinery/Components
TGI,Triumph Group Inc. Common Stock,$25.84,-0.03,-0.116%,2008157331.00,United States,1996,676877,Industrials,Aerospace
TGL,Treasure Global Inc. Common Stock,$1.07,-0.02,-1.835%,2841216.00,United States,2022,118669,Consumer Discretionary,Business Services
TGLS,Tecnoglass Inc. Ordinary Shares,$76.62,2.02,2.708%,3600261015.00,Colombia,2022,238770,Consumer Discretionary,Electronic Components
TGNA,TEGNA Inc,$16.66,0.09,0.543%,2677668654.00,United States,,1223165,Industrials,Broadcasting
TGS,Transportadora de Gas del Sur SA TGS Common Stock,$25.37,-0.20,-0.782%,3819509618.00,Argentina,,404268,Utilities,Natural Gas Distribution
TGT,Target Corporation Common Stock,$106.54,4.83,4.749%,48408143093.00,United States,,6463816,Consumer Discretionary,Department/Specialty Retail Stores
TGTX,TG Therapeutics Inc. Common Stock,$37.37,-0.05,-0.134%,5932675695.00,United States,,1367017,Health Care,Biotechnology: Pharmaceutical Preparations
TH,Target Hospitality Corp. Common Stock,$7.54,0.00,0.00%,749209959.00,United States,2018,266544,Consumer Discretionary,Hotels/Resorts
THAR,Tharimmune Inc. Common Stock,$1.62,-0.044,-2.644%,4310378.00,United States,2022,10013,Health Care,Biotechnology: Pharmaceutical Preparations
THC,Tenet Healthcare Corporation Common Stock,$155.97,-18.68,-10.696%,14487273450.00,United States,,6150483,Health Care,Hospital/Nursing Management
THCH,TH International Limited Ordinary shares,$2.92,-0.02,-0.68%,97071259.00,China,,7206,Consumer Discretionary,Restaurants
THFF,First Financial Corporation Common Stock,$56.55,0.74,1.326%,670153975.00,United States,,90340,Finance,Major Banks
THG,Hanover Insurance Group Inc,$167.81,3.26,1.981%,6027111450.00,United States,,198264,Finance,Property-Casualty Insurers
THM,International Tower Hill Mines Ltd. Ordinary Shares (Canada),$1.03,-0.01,-0.962%,214122037.00,Canada,,193206,Basic Materials,Metal Mining
THO,Thor Industries Inc. Common Stock,$94.18,3.46,3.814%,5010712034.00,United States,,753425,Industrials,Homebuilding
THQ,abrdn Healthcare Opportunities Fund Shares of Beneficial Interest,$17.30,0.37,2.185%,0.00,United States,2014,273029,Finance,Finance Companies
THR,Thermon Group Holdings Inc. Common Stock,$27.55,0.10,0.364%,911594374.00,United States,2011,95036,Energy,Industrial Machinery/Components
THRD,Third Harmonic Bio Inc. Common Stock,$5.43,0.00,0.00%,245043938.00,United States,2022,264913,Health Care,Biotechnology: Pharmaceutical Preparations
THRM,Gentherm Inc Common Stock,$31.99,1.10,3.561%,987204522.00,United States,,275108,Consumer Discretionary,Auto Parts:O.E.M.
THRY,Thryv Holdings Inc. Common Stock,$11.97,-0.21,-1.724%,523546553.00,United States,,524898,Consumer Discretionary,Advertising
THS,Treehouse Foods Inc. Common Stock,$20.85,1.15,5.838%,1052925000.00,United States,,600435,Consumer Staples,Packaged Foods
THTX,Theratechnologies Inc. Common Shares,$3.155,0.015,0.478%,145066960.00,Canada,,181574,Health Care,Biotechnology: Pharmaceutical Preparations
THW,abrdn World Healthcare Fund Shares of Beneficial Interest,$10.39,0.23,2.264%,0.00,United States,2015,141438,Finance,Finance Companies
TIC,Acuren Corporation Common Stock,$11.81,0.22,1.898%,1434634099.00,,2025,1112257,Consumer Discretionary,Business Services
TIGO,Millicom International Cellular S.A. Common Stock,$41.30,0.50,1.225%,7107577397.00,Luxembourg,,1403841,Telecommunications,Telecommunications Equipment
TIGR,UP Fintech Holding Ltd American Depositary Share representing fifteen Class A Ordinary Shares,$10.98,0.56,5.374%,2052116960.00,China,2019,9637818,Finance,Investment Bankers/Brokers/Service
TIL,Instil Bio Inc. Common Stock,$28.44,0.82,2.969%,186564324.00,United States,2021,152837,Health Care,Biotechnology: Biological Products (No Diagnostic Substances)
TILE,Interface Inc. Common Stock,$20.72,0.33,1.618%,1214412834.00,United States,,352022,Consumer Discretionary,Home Furnishings
TIMB,TIM S.A. American Depositary Shares (Each representing 5 Common Shares) ,$17.85,-0.28,-1.544%,8642271708.00,Brazil,2020,876212,Telecommunications,Telecommunications Equipment
TIPT,Tiptree Inc. Common Stock,$21.56,0.50,2.374%,808434824.00,United States,,90783,Finance,Property-Casualty Insurers
TIRX,TIAN RUIXIANG Holdings Ltd Class A Ordinary Shares,$1.07,-0.01,-0.926%,10883955.00,China,2021,37242,Finance,Specialty Insurers
TISI,Team Inc. Common Stock,$16.66,-0.54,-3.14%,74859894.00,United States,,5278,Consumer Discretionary,Other Consumer Services
TITN,Titan Machinery Inc. Common Stock,$19.88,0.64,3.326%,458921232.00,United States,2007,123814,Consumer Discretionary,Other Specialty Stores
TIVC,Tivic Health Systems Inc. Common Stock,$4.20,0.1231,3.019%,3689032.00,United States,2021,44853,Health Care,Biotechnology: Electromedical & Electrotherapeutic Apparatus
TIXT,TELUS International (Cda) Inc. Subordinate Voting Shares,$4.00,0.13,3.359%,1097881296.00,,2021,461783,Technology,EDP Services
TJX,TJX Companies Inc. (The) Common Stock,$125.60,0.66,0.528%,140121322374.00,United States,,4284142,Consumer Discretionary,Clothing/Shoe/Accessory Stores
TK,Teekay Corporation Ltd. Common Stock,$7.46,0.01,0.134%,623204953.00,Bermuda,,578799,Consumer Discretionary,Marine Transportation
TKC,Turkcell Iletisim Hizmetleri AS Common Stock,$5.82,0.00,0.00%,5121600000.00,Turkey,,366710,Telecommunications,Telecommunications Equipment
TKLF,Tokyo Lifestyle Co. Ltd. American Depositary Shares,$3.96,-0.04,-1.00%,16761813.00,Japan,2022,633,Consumer Discretionary,Other Specialty Stores
TKNO,Alpha Teknova Inc. Common Stock,$4.42,0.31,7.543%,236208380.00,United States,2021,478722,Health Care,Biotechnology: In Vitro & In Vivo Diagnostic Substances
TKO,TKO Group Holdings Inc. Class A Common Stock,$166.49,-2.21,-1.31%,32949383259.00,United States,2023,762584,Consumer Discretionary,Services-Misc. Amusement & Recreation
TKR,Timken Company (The) Common Stock,$80.02,1.39,1.768%,5598442621.00,United States,,554715,Industrials,Metal Fabrications
TLF,Tandy Leather Factory Inc. Common Stock,$3.44,0.08,2.381%,29283186.00,United States,,24394,Consumer Discretionary,Apparel
TLIH,Ten-League International Holdings Limited Ordinary Shares,$6.01,1.79,42.417%,0.00,Singapore,2025,559921,,
TLK,PT Telekomunikasi Indonesia Tbk,$17.47,0.29,1.688%,17306169240.00,Indonesia,,550632,Telecommunications,Telecommunications Equipment
TLN,Talen Energy Corporation Common Stock,$313.58,3.44,1.109%,14270956812.00,United States,,1791319,Utilities,Electric Utilities: Central
TLPH,Talphera Inc. Common Stock,$0.40,-0.017,-4.077%,8201385.00,United States,2011,450868,Health Care,Biotechnology: Pharmaceutical Preparations
TLRY,Tilray Brands Inc. Common Stock ,$0.7859,0.1124,16.689%,793115346.00,United States,2018,89763076,Health Care, Medicinal Chemicals and Botanical Products 
TLS,Telos Corporation Common Stock,$2.93,0.06,2.091%,215310230.00,United States,2020,682864,Technology,EDP Services
TLSA,Tiziana Life Sciences Ltd. Common Shares,$1.62,0.00,0.00%,180569440.00,United Kingdom,2018,197315,Health Care,Biotechnology: Pharmaceutical Preparations
TLSI,TriSalus Life Sciences Inc. Common Stock,$4.50,-0.07,-1.532%,170275329.00,United States,2021,62874,Health Care,Medical Specialities
TLSIW,TriSalus Life Sciences Inc. Warrant,$2.30,0.25,12.195%,87029613.00,United States,2021,95149,Health Care,Medical Specialities
TLX,Telix Pharmaceuticals Limited American Depositary Shares,$16.28,-0.22,-1.333%,5449314616.00,Australia,,50928,Health Care,Biotechnology: Pharmaceutical Preparations
TLYS,Tilly's Inc. Common Stock,$1.49,0.09,6.429%,44926341.00,United States,2012,244322,Consumer Discretionary,Clothing/Shoe/Accessory Stores
TM,Toyota Motor Corporation Common Stock,$169.99,-0.04,-0.024%,221818757160.00,Japan,,388983,Consumer Discretionary,Auto Manufacturing
TMC,TMC the metals company Inc. Common Stock,$7.23,0.17,2.408%,2618604794.00,Canada,,7929349,Basic Materials,Metal Mining
TMCI,Treace Medical Concepts Inc. Common Stock,$5.89,0.17,2.972%,370510167.00,United States,2021,296810,Health Care,Medical/Dental Instruments
TMCWW,TMC the metals company Inc. Warrants,$1.81,0.09,5.233%,655556664.00,Canada,,111409,Basic Materials,Metal Mining
TMDE,TMD Energy Limited Ordinary Shares,$0.969,-0.051,-5.00%,22834485.00,,2025,95108,Energy,Oil Refining/Marketing
TMDX,TransMedics Group Inc. Common Stock,$105.60,1.99,1.921%,3572848013.00,United States,2019,1822329,Health Care,Biotechnology: Electromedical & Electrotherapeutic Apparatus
TME,Tencent Music Entertainment Group American Depositary Shares each representing two Class A Ordinary Shares,$21.36,0.07,0.329%,33084600205.00,United States,2018,5837061,Consumer Discretionary,Broadcasting
TMHC,Taylor Morrison Home Corporation Common Stock,$66.82,4.65,7.479%,6706568444.00,United States,2013,1649954,Consumer Discretionary,Homebuilding
TMO,Thermo Fisher Scientific Inc Common Stock,$427.62,22.68,5.601%,161423946649.00,United States,,3672120,Industrials,Industrial Machinery/Components
TMP,Tompkins Financial Corporation Common Stock,$64.68,-0.45,-0.691%,933620485.00,United States,1997,45549,Finance,Major Banks
TMQ,Trilogy Metals Inc. Common Stock,$1.96,0.03,1.554%,321913164.00,Canada,,775561,Basic Materials,Precious Metals
TMUS,T-Mobile US Inc. Common Stock,$233.25,0.63,0.271%,264842571441.00,United States,,4000697,Telecommunications,Telecommunications Equipment
TNC,Tennant Company Common Stock,$80.87,1.35,1.698%,1508509030.00,United States,,80049,Industrials,Industrial Machinery/Components
TNDM,Tandem Diabetes Care Inc. Common Stock,$15.31,0.68,4.648%,1019756324.00,United States,2013,1517090,Health Care,Medical/Dental Instruments
TNET,TriNet Group Inc. Common Stock,$65.61,1.87,2.934%,3175469216.00,United States,2014,526005,Consumer Discretionary,Business Services
TNFA,TNF Pharmaceuticals Inc. Common Stock,$0.107,-0.0224,-17.311%,1517697.00,United States,2014,42765180,Health Care,Biotechnology: In Vitro & In Vivo Diagnostic Substances
TNGX,Tango Therapeutics Inc.,$6.68,-0.09,-1.329%,724073189.00,United States,2020,1801877,Health Care,Biotechnology: Pharmaceutical Preparations
TNK,Teekay Tankers Ltd.,$43.54,0.11,0.253%,1497000204.00,Bermuda,2007,193095,Consumer Discretionary,Marine Transportation
TNL,Travel   Leisure Co. Common  Stock,$57.85,1.00,1.759%,3842142171.00,United States,,700696,Consumer Discretionary,Hotels/Resorts
TNMG,TNL Mediagene Ordinary Shares,$0.4667,0.0115,2.526%,13200672.00,Taiwan,,39008,,
TNON,Tenon Medical Inc. Common Stock,$1.11,-0.03,-2.632%,8424867.00,United States,2022,201733,Health Care,Medical/Dental Instruments
TNONW,Tenon Medical Inc. Warrant,$0.0202,-0.0012,-5.607%,153317.00,United States,,3236,Health Care,Medical/Dental Instruments
TNXP,Tonix Pharmaceuticals Holding Corp. Common Stock,$44.75,-0.35,-0.776%,327778983.00,United States,,1464813,Health Care,Biotechnology: Pharmaceutical Preparations
TNYA,Tenaya Therapeutics Inc. Common Stock,$0.8507,-0.0059,-0.689%,138380758.00,United States,2021,2421884,Health Care,Biotechnology: Biological Products (No Diagnostic Substances)
TOI,The Oncology Institute Inc. Common Stock,$3.54,0.13,3.812%,315888756.00,United States,2020,1768063,Health Care,Medical/Nursing Services
TOIIW,The Oncology Institute Inc. Warrant,$0.115,0.0052,4.736%,10261923.00,United States,2020,6002,Health Care,Medical/Nursing Services
TOL,Toll Brothers Inc. Common Stock,$126.59,9.94,8.521%,12428732790.00,United States,,2915128,Consumer Discretionary,Homebuilding
TOMZ,TOMI Environmental Solutions Inc. Common Stock,$0.9411,0.0111,1.194%,18836309.00,United States,,29669,Industrials,Major Chemicals
TOON,Kartoon Studios Inc. Common Stock,$0.7601,0.0031,0.41%,36328007.00,United States,,181892,Consumer Discretionary,Movies/Entertainment
TOP,TOP Financial Group Limited Class A Ordinary Shares,$1.2388,0.0188,1.541%,45869222.00,Hong Kong,2022,28780,Finance,Investment Bankers/Brokers/Service
TOPP,Toppoint Holdings Inc. Common Stock,$1.72,-0.25,-12.69%,30100000.00,,2025,16380,Industrials,Trucking Freight/Courier Services
TOPS,TOP Ships Inc. Common Stock,$5.89,-0.01,-0.169%,27248300.00,Greece,,12242,Consumer Discretionary,Marine Transportation
TORO,Toro Corp. Common Stock,$3.12,0.17,5.763%,59572821.00,Cyprus,,56416,Consumer Discretionary,Marine Transportation
TOST,Toast Inc. Class A Common Stock,$47.63,0.32,0.676%,27577770000.00,United States,2021,9433603,Technology,EDP Services
TOUR,Tuniu Corporation American Depositary Shares,$0.8888,0.017,1.95%,103124251.00,China,2014,147196,Consumer Discretionary,Transportation Services
TOVX,Theriva Biologics Inc. Common Stock,$0.4939,0.0115,2.384%,4043554.00,United States,,88438,Health Care,Biotechnology: Pharmaceutical Preparations
TOWN,TowneBank Common Stock,$35.70,-0.08,-0.224%,2663838681.00,United States,,304942,Finance,Major Banks
TOYO,TOYO Co. Ltd Ordinary Shares,$3.62,0.03,0.836%,168676590.00,Japan,,2487,Consumer Discretionary,Miscellaneous manufacturing industries
TPB,Turning Point Brands Inc. Common Stock,$78.05,-0.52,-0.662%,1397169538.00,United States,2016,465556,Consumer Discretionary,Tobacco
TPC,Tutor Perini Corporation Common Stock,$48.51,-0.46,-0.939%,2556600118.00,United States,1970,484848,Consumer Discretionary,General Bldg Contractors - Nonresidential Bldgs
TPCS,TechPrecision Corporation Common stock,$3.14,-0.06,-1.875%,30620731.00,United States,,177038,Industrials,Metal Fabrications
TPET,Trio Petroleum Corp. Common Stock,$1.22,0.02,1.667%,9177449.00,,2023,54301,Energy,Oil & Gas Production
TPG,TPG Inc. Class A Common Stock,$55.00,-0.28,-0.507%,20326188465.00,United States,2022,2104869,Finance,Investment Managers
TPGXL,TPG Operating Group II L.P. 6.950% Fixed-Rate Junior Subordinated Notes due 2064,$25.48,-0.17,-0.663%,9295760747.00,United States,,27811,,
TPH,Tri Pointe Homes Inc. Common Stock,$35.29,2.38,7.232%,3199747088.00,United States,2013,1167277,Consumer Discretionary,Homebuilding
TPIC,TPI Composites Inc. Common Stock,$0.928,0.0379,4.258%,45147213.00,United States,2016,163508,Industrials,Industrial Machinery/Components
TPL,Texas Pacific Land Corporation Common Stock,$937.37,-32.59,-3.36%,21547629773.00,United States,,253929,Energy,Oil & Gas Production
TPR,Tapestry Inc. Common Stock,$106.25,-0.16,-0.15%,22067078119.00,United States,,4272442,Consumer Discretionary,Apparel
TPST,Tempest Therapeutics Inc. Common Stock,$6.31,-0.03,-0.473%,23236121.00,United States,,79862,Health Care,Biotechnology: Pharmaceutical Preparations
TPTA,Terra Property Trust Inc. 6.00% Notes due 2026,$21.01,-0.0651,-0.309%,511355877.00,,2021,1857,Real Estate,Real Estate Investment Trusts
TPVG,TriplePoint Venture Growth BDC Corp. Common Stock,$7.23,0.07,0.978%,290883354.00,United States,2014,182543,Consumer Discretionary,Other Consumer Services
TR,Tootsie Roll Industries Inc. Common Stock,$38.65,1.00,2.656%,2820933250.00,United States,,244337,Consumer Staples,Specialty Foods
TRAK,ReposiTrak Inc. Common Stock,$18.12,-0.26,-1.415%,331168006.00,United States,,36838,Technology,EDP Services
TRAW,Traws Pharma Inc. Common Stock,$1.62,-0.02,-1.22%,9014190.00,United States,2013,20849,Health Care,Biotechnology: Pharmaceutical Preparations
TRC,Tejon Ranch Co Common Stock,$18.90,0.49,2.662%,508054189.00,United States,2000,118313,Finance,Real Estate
TRDA,Entrada Therapeutics Inc. Common Stock,$6.38,0.24,3.909%,242142800.00,United States,2021,127319,Health Care,Biotechnology: Pharmaceutical Preparations
TREE,LendingTree Inc. Common Stock,$40.49,1.56,4.007%,548039560.00,United States,,344659,Finance,Finance: Consumer Services
TREX,Trex Company Inc. Common Stock,$66.25,4.16,6.70%,7103791930.00,United States,,2010146,Basic Materials,Forest Products
TRGP,Targa Resources Inc. Common Stock,$162.53,-0.77,-0.472%,35257935043.00,United States,2010,1650156,Utilities,Natural Gas Distribution
TRI,Thomson Reuters Corporation Common Shares,$202.62,-0.81,-0.398%,91275939081.00,United States,,1122495,Consumer Discretionary,Publishing
TRIB,Trinity Biotech plc American Depositary Shares,$0.72,0.00,0.00%,13415054.00,Ireland,1992,57603,Health Care,Biotechnology: In Vitro & In Vivo Diagnostic Substances
TRIN,Trinity Capital Inc. Common Stock,$14.93,0.10,0.674%,965236459.00,United States,2021,440314,Finance,Finance: Consumer Services
TRINI,Trinity Capital Inc. 7.875% Notes Due 2029,$25.22,-0.2052,-0.807%,1630493201.00,United States,,25492,Finance,Finance: Consumer Services
TRINZ,Trinity Capital Inc. 7.875% Notes due 2029,$25.24,-0.06,-0.237%,1631786217.00,United States,,11838,Finance,Finance: Consumer Services
TRIP,TripAdvisor Inc. Common Stock,$17.79,0.46,2.654%,2100858530.00,United States,,3475811,Technology,Computer Software: Programming Data Processing
TRMB,Trimble Inc. Common Stock,$82.52,1.09,1.339%,19688192556.00,United States,1990,1775684,Industrials,Industrial Machinery/Components
TRMD,TORM plc Class A Common Stock,$18.07,0.57,3.257%,1767499902.00,United Kingdom,,469090,Consumer Discretionary,Marine Transportation
TRMK,Trustmark Corporation Common Stock,$38.72,0.20,0.519%,2341691975.00,United States,,533169,Finance,Major Banks
TRML,Tourmaline Bio Inc. Common Stock,$18.86,0.63,3.456%,484484714.00,United States,2021,82663,Health Care,Biotechnology: Biological Products (No Diagnostic Substances)
TRN,Trinity Industries Inc. Common Stock,$26.60,0.57,2.19%,2170904816.00,United States,,541554,Industrials,Railroads
TRNO,Terreno Realty Corporation Common Stock,$57.48,0.91,1.609%,5939065647.00,United States,2010,587169,Finance,Real Estate
TRNR,Interactive Strength Inc. Common Stock,$6.57,0.48,7.882%,6877765.00,United States,2023,128693,Technology,Consumer Electronics/Appliances
TRNS,Transcat Inc. Common Stock,$81.19,0.76,0.945%,756502602.00,United States,,60461,Industrials,Electrical Products
TRON,Tron Inc. Common Stock,$8.61,-0.22,-2.492%,148467482.00,United States,2023,1768214,Consumer Discretionary,Recreational Games/Products/Toys
TROO,TROOPS Inc. Ordinary Shares ,$0.8489,-0.0101,-1.176%,95509880.00,China,,91473,Finance,Diversified Financial Services
TROW,T. Rowe Price Group Inc. Common Stock,$106.44,1.74,1.662%,23450444407.00,United States,1986,1279673,Finance,Investment Bankers/Brokers/Service
TROX,Tronox Holdings plc Ordinary Shares (UK),$5.60,0.14,2.564%,887390000.00,United States,,2255480,Industrials,Major Chemicals
TRP,TC Energy Corporation Common Stock,$47.96,0.53,1.117%,49845802259.00,Canada,,1105303,Utilities,Natural Gas Distribution
TRS,TriMas Corporation Common Stock,$30.805,0.245,0.802%,1252275249.00,United States,2007,256121,Industrials,Industrial Specialties
TRSG,Tungray Technologies Inc Class A Ordinary Shares,$1.8189,0.0789,4.534%,29745354.00,Singapore,2024,57350,Industrials,Industrial Machinery/Components
TRST,TrustCo Bank Corp NY Common Stock,$35.72,0.45,1.276%,679385434.00,United States,,271451,Finance,Major Banks
TRT,Trio-Tech International Common Stock,$5.39,-0.2328,-4.14%,23246019.00,United States,1998,1466,Technology,Industrial Machinery/Components
TRTN^A,Triton International Limited 8.50% Series A Cumulative Redeemable Perpetual  Preference Shares,$25.86,0.27,1.055%,,United States,,7147,,
TRTN^B,Triton International Limited 8.00% Series B Cumulative Redeemable Perpetual Preference Shares,$25.325,0.075,0.297%,,United States,,8641,,
TRTN^C,Triton International Limited 7.375% Series C Cumulative Redeemable Perpetual Preference Shares,$24.333,-0.307,-1.246%,,United States,,11913,,
TRTN^D,Triton International Limited 6.875% Series D Cumulative Redeemable Perpetual Preference Shares,$22.7901,-0.1099,-0.48%,,United States,,8807,,
TRTN^E,Triton International Limited 5.75% Series E Cumulative Redeemable Perpetual Preference Shares,$19.40,0.0519,0.268%,,United States,,3066,,
TRTN^F,Triton International Limited 7.625% Series F Cumulative Redeemable Perpetual Preference Shares,$24.40,-0.40,-1.613%,,United States,,34417,,
TRTX,TPG RE Finance Trust Inc. Common Stock,$8.22,0.18,2.239%,656427614.00,United States,2017,489403,Real Estate,Real Estate Investment Trusts
TRTX^C,TPG RE Finance Trust Inc. 6.25% Series C Cumulative Redeemable Preferred Stock $0.001 par value per share,$17.67,0.15,0.856%,,United States,,24422,,
TRU,TransUnion Common Stock,$92.18,-0.07,-0.076%,17984318000.00,United States,2015,3323974,Finance,Finance: Consumer Services
TRUE,TrueCar Inc. Common Stock,$2.03,0.07,3.571%,177983027.00,United States,2014,198395,Technology,Computer Software: Programming Data Processing
TRUG,TruGolf Holdings Inc. Class A Common Stock,$6.76,-1.23,-15.394%,6832035.00,United States,2021,251141,Consumer Discretionary,Recreational Games/Products/Toys
TRUP,Trupanion Inc. Common Stock,$50.16,0.59,1.19%,2146029138.00,United States,,529595,Health Care,Medical Specialities
TRV,The Travelers Companies Inc. Common Stock,$266.78,3.54,1.345%,60061206102.00,United States,,1412693,Finance,Property-Casualty Insurers
TRVG,trivago N.V. American Depositary Shares,$3.75,0.14,3.878%,263652394.00,Germany,2016,83292,Technology,EDP Services
TRVI,Trevi Therapeutics Inc. Common Stock,$7.00,0.18,2.639%,712213369.00,United States,2019,1750184,Health Care,Biotechnology: Pharmaceutical Preparations
TRX,TRX Gold Corporation Common Stock,$0.375,0.015,4.167%,105787749.00,Canada,,1374987,Basic Materials,Precious Metals
TS,Tenaris S.A. American Depositary Shares,$37.77,0.81,2.192%,20476480346.00,Luxembourg,,1136145,Industrials,Steel/Iron Ore
TSAT,Telesat Corporation Class A Common Shares and Class B Variable Voting Shares ,$26.97,0.17,0.634%,385671000.00,Canada,,117456,Industrials,Metal Fabrications
TSBK,Timberland Bancorp Inc. Common Stock,$32.30,-0.03,-0.093%,255211344.00,United States,,17021,Finance,Banks
TSBX,Turnstone Biologics Corp. Common Stock,$0.3557,-0.0006,-0.168%,8231022.00,United States,2023,90446,Health Care,Biotechnology: Biological Products (No Diagnostic Substances)
TSCO,Tractor Supply Company Common Stock,$58.98,1.57,2.735%,31271368988.00,United States,1994,4773835,Consumer Discretionary,RETAIL: Building Materials
TSE,Trinseo PLC Ordinary Shares ,$3.08,0.19,6.574%,109802958.00,United States,2014,326592,Industrials,Major Chemicals
TSEM,Tower Semiconductor Ltd. Ordinary Shares,$48.83,-1.07,-2.144%,5457075901.00,Israel,1994,891211,Technology,Semiconductors
TSHA,Taysha Gene Therapies Inc. Common Stock,$2.63,0.10,3.953%,564560310.00,United States,2020,5425458,Health Care,Biotechnology: Biological Products (No Diagnostic Substances)
TSI,TCW Strategic Income Fund Inc. Common Stock,$4.905,0.005,0.102%,0.00,United States,,42189,Finance,Investment Managers
TSLA,Tesla Inc. Common Stock,$332.11,3.62,1.102%,1069711767235.00,United States,2010,76971173,Consumer Discretionary,Auto Manufacturing
TSLX,Sixth Street Specialty Lending Inc. Common Stock,$24.41,0.15,0.618%,2293669979.00,,2014,328402,Finance,Investment Managers
TSM,Taiwan Semiconductor Manufacturing Company Ltd.,$234.60,-4.25,-1.779%,1216763843621.00,Taiwan,1997,11895009,Technology,Semiconductors
TSN,Tyson Foods Inc. Common Stock,$54.47,1.16,2.176%,19404086842.00,United States,,2034905,Consumer Staples,Meat/Poultry/Fish
TSQ,Townsquare Media Inc. Class A Common Stock,$7.28,0.12,1.676%,119038964.00,United States,2014,67036,Consumer Discretionary,Broadcasting
TSSI,TSS Inc. Common Stock,$25.40,0.14,0.554%,635520649.00,United States,,2539637,Consumer Discretionary,Professional Services
TT,Trane Technologies plc,$447.68,5.20,1.175%,99840701374.00,Ireland,,1478773,Industrials,Auto Parts:O.E.M.
TTAM,Titan America SA Common Shares,$14.68,0.65,4.633%,2706440986.00,,2025,719860,Industrials,Mining & Quarrying of Nonmetallic Minerals (No Fuels)
TTAN,ServiceTitan Inc. Class A Common Stock,$117.10,3.13,2.746%,10617556886.00,United States,2024,877363,Technology,Computer Software: Prepackaged Software
TTC,Toro Company (The) Common Stock,$74.98,1.71,2.334%,7399421695.00,United States,,664781,Consumer Discretionary,Tools/Hardware
TTD,The Trade Desk Inc. Class A Common Stock,$81.67,1.64,2.049%,40135796097.00,United States,2016,6866038,Technology,Computer Software: Programming Data Processing
TTE,TotalEnergies SE,$61.93,0.43,0.699%,138360931733.00,France,,1405968,Energy,Oil & Gas Production
TTEC,TTEC Holdings Inc. Common Stock,$5.35,0.29,5.731%,255907556.00,United States,1996,234257,Consumer Discretionary,Professional Services
TTEK,Tetra Tech Inc. Common Stock,$38.11,0.20,0.528%,10042084810.00,United States,1991,1734493,Consumer Discretionary,Military/Government/Technical
TTGT,TechTarget Inc. Common Stock,$7.38,-0.045,-0.606%,527588820.00,United States,,379961,Telecommunications,Telecommunications Equipment
TTI,Tetra Technologies Inc. Common Stock,$3.51,0.13,3.846%,467086125.00,United States,,1110864,Energy,Oil & Gas Production
TTMI,TTM Technologies Inc. Common Stock,$45.04,-2.43,-5.119%,4577430288.00,United States,2000,3269913,Technology,Electrical Products
TTNP,Titan Pharmaceuticals Inc. Common Stock,$4.7768,0.1891,4.122%,4367113.00,United States,,3807,Health Care,Biotechnology: Biological Products (No Diagnostic Substances)
TTSH,Tile Shop Holdings Inc. Common Stock,$6.80,0.10,1.493%,304163483.00,United States,,82315,Consumer Discretionary,Home Furnishings
TTWO,Take-Two Interactive Software Inc. Common Stock,$231.07,-0.56,-0.242%,40997573492.00,United States,1997,1777034,Technology,Computer Software: Prepackaged Software
TU,Telus Corporation Ordinary Shares,$16.63,0.19,1.156%,25177820000.00,Canada,,3263174,Telecommunications,Telecommunications Equipment
TURB,Turbo Energy S.A. American Depositary Shares,$2.2737,0.0137,0.606%,25049671.00,Spain,2023,1627,Miscellaneous,Industrial Machinery/Components
TURN,180 Degree Capital Corp. Common Stock,$4.16,0.01,0.241%,41600587.00,United States,,82479,Finance,Finance/Investors Services
TUSK,Mammoth Energy Services Inc. Common Stock,$2.60,0.07,2.767%,125131159.00,United States,2016,56407,Energy,Oilfield Services/Equipment
TUYA,Tuya Inc. American Depositary Shares each representing one Class A Ordinary Share,$2.50,-0.01,-0.398%,1524304873.00,China,2021,1391384,Technology,Computer Software: Prepackaged Software
TV,Grupo Televisa S.A.B. Common Stock,$2.37,0.23,10.748%,4526700000.00,Mexico,1993,4057279,Industrials,Broadcasting
TVA,Texas Ventures Acquisition III Corp Class A Ordinary Share,$10.13,-0.02,-0.197%,0.00,United States,2025,197354,,
TVACW,Texas Ventures Acquisition III Corp Warrants,$0.25,0.00,0.00%,0.00,United States,2025,1220,,
TVAI,Thayer Ventures Acquisition Corporation II Class A Ordinary Shares,$9.995,-0.005,-0.05%,0.00,United States,2025,21576,,
TVAIR,Thayer Ventures Acquisition Corporation II Rights,$0.17,-0.01,-5.556%,0.00,United States,2025,200,,
TVAIU,Thayer Ventures Acquisition Corporation II Unit,$10.10,-0.04,-0.394%,0.00,United States,2025,5866,Finance,Blank Checks
TVC,Tennessee Valley Authority Common Stock,$23.70,0.01,0.042%,0.00,United States,,22250,Utilities,Electric Utilities: Central
TVE,Tennessee Valley Authority,$23.382,0.072,0.309%,0.00,United States,,11639,Utilities,Electric Utilities: Central
TVGN,Tevogen Bio Holdings Inc. Common Stock,$1.11,-0.04,-3.478%,204121711.00,United States,2022,605617,Health Care,Biotechnology: Biological Products (No Diagnostic Substances)
TVGNW,Tevogen Bio Holdings Inc. Warrant,$0.0602,0.0001,0.166%,11070385.00,United States,2022,6218,Health Care,Biotechnology: Biological Products (No Diagnostic Substances)
TVRD,Tvardi Therapeutics Inc. Common Stock,$25.37,-0.51,-1.971%,237486134.00,United States,2014,51369,Health Care,Biotechnology: Pharmaceutical Preparations
TVTX,Travere Therapeutics Inc. Common Stock,$15.66,-0.16,-1.011%,1390683450.00,United States,,1829021,Health Care,Biotechnology: Pharmaceutical Preparations
TW,Tradeweb Markets Inc. Class A Common Stock,$135.22,0.23,0.17%,31971296589.00,United States,2019,732039,Finance,Investment Bankers/Brokers/Service
TWFG,TWFG Inc. Class A Common Stock,$32.22,0.03,0.093%,1806754028.00,United States,2024,35674,Finance,Specialty Insurers
TWG,Top Wealth Group Holding Limited Class A Ordinary Shares,$7.00,0.65,10.236%,4355554.00,Hong Kong,2024,1435547,Consumer Staples,Packaged Foods
TWI,Titan International Inc. (DE) Common Stock,$9.57,0.42,4.59%,609649271.00,United States,,449629,Industrials,Steel/Iron Ore
TWIN,Twin Disc Incorporated Common Stock,$8.87,0.37,4.353%,125489753.00,United States,,30803,Industrials,Industrial Machinery/Components
TWLO,Twilio Inc. Class A Common Stock,$131.00,-0.10,-0.076%,20076318802.00,United States,2016,2112119,Technology,Computer Software: Prepackaged Software
TWN,Taiwan Fund Inc. (The) Common Stock,$45.13,-1.0625,-2.30%,0.00,United States,1986,5637,Finance,Trusts Except Educational Religious and Charitable
TWNP,Twin Hospitality Group Inc. Class A Common Stock,$5.04,0.82,19.431%,252848086.00,United States,,45212,Consumer Discretionary,Restaurants
TWO,Two Harbors Investment Corp,$10.18,0.26,2.621%,1058975477.00,United States,,1997185,Real Estate,Real Estate Investment Trusts
TWO^A,Two Harbors Investments Corp 8.125% Series A Fixed-to-Floating Rate Cumulative Redeemable Preferred Stock ($25.00 liquidation preference per share),$23.0235,-0.1265,-0.546%,,United States,,11309,,
TWO^B,Two Harbors Investments Corp 7.625% Series B Fixed-to-Floating Rate Cumulative Redeemable Preferred Stock,$22.96,-0.14,-0.606%,,United States,,3932,,
TWO^C,Two Harbors Investments Corp 7.25% Series C Fixed-to-Floating Rate Cumulative Redeemable Preferred Stock,$23.64,-0.05,-0.211%,,United States,,8278,,
TWOD,Two Harbors Investments Corp 9.375% Senior Notes due 2030,$25.93,0.13,0.504%,0.00,United States,2025,16352,Real Estate,Real Estate Investment Trusts
TWST,Twist Bioscience Corporation Common Stock,$35.83,1.06,3.049%,2146795332.00,United States,2018,685463,Health Care,Biotechnology: Biological Products (No Diagnostic Substances)
TX,Ternium S.A. Ternium S.A. American Depositary Shares (each representing ten shares USD1.00 par value),$31.64,0.44,1.41%,6343008244.00,Luxembourg,,137163,Industrials,Steel/Iron Ore
TXG,10x Genomics Inc. Class A Common Stock,$12.99,1.45,12.565%,1599507413.00,United States,2019,3770308,Industrials,Biotechnology: Laboratory Analytical Instruments
TXMD,TherapeuticsMD Inc. Common Stock,$1.14,-0.02,-1.724%,13194773.00,United States,,16637,Health Care,Biotechnology: Pharmaceutical Preparations
TXN,Texas Instruments Incorporated Common Stock,$214.92,0.35,0.163%,195248819219.00,United States,,11437049,Technology,Semiconductors
TXNM,TXNM Energy Inc. Common Stock,$57.04,-0.32,-0.558%,5285288468.00,United States,,1201151,Utilities,Electric Utilities: Central
TXO,TXO Partners L.P. Common Units Representing Limited Partner Interests,$14.90,0.09,0.608%,616377613.00,United States,2023,188351,Energy,Oil & Gas Production
TXRH,Texas Roadhouse Inc. Common Stock,$184.26,1.25,0.683%,12224112982.00,United States,2004,606202,Consumer Discretionary,Restaurants
TXT,Textron Inc. Common Stock,$86.04,1.29,1.522%,15533558266.00,United States,,1271549,Industrials,Aerospace
TY,Tri Continental Corporation Common Stock,$32.44,0.14,0.433%,1763144331.00,United States,,36645,Finance,Finance Companies
TY^,Tri Continental Corporation Preferred Stock,$44.40,-0.0223,-0.05%,,United States,,201,,
TYG,Tortoise Energy Infrastructure Corporation Common Stock,$43.04,0.22,0.514%,513376945.00,United States,2004,79312,Finance,Investment Managers
TYGO,Tigo Energy Inc. Common Stock,$1.26,-0.06,-4.545%,78140558.00,United States,2021,54804,Technology,Semiconductors
TYL,Tyler Technologies Inc. Common Stock,$564.98,4.95,0.884%,24363941019.00,United States,,175933,Technology,Computer Software: Prepackaged Software
TYRA,Tyra Biosciences Inc. Common Stock,$10.29,-0.32,-3.016%,547201517.00,United States,2021,233324,Health Care,Biotechnology: Pharmaceutical Preparations
TZOO,Travelzoo Common Stock,$13.70,0.54,4.103%,152002569.00,United States,,198735,Consumer Discretionary,Advertising
TZUP,Thumzup Media Corporation Common Stock,$14.17,0.08,0.568%,134739611.00,United States,,355581,Technology,EDP Services
U,Unity Software Inc. Common Stock,$34.23,-1.69,-4.705%,14229227116.00,United States,2020,15986591,Technology,Computer Software: Prepackaged Software
UA,Under Armour Inc. Class C Common Stock,$6.76,0.16,2.424%,2880573411.00,United States,2016,2463827,Consumer Discretionary,Apparel
UAA,Under Armour Inc. Class A Common Stock,$7.20,0.22,3.152%,3068066354.00,United States,,8685882,Consumer Discretionary,Apparel
UAL,United Airlines Holdings Inc. Common Stock,$90.78,-1.57,-1.70%,29388399493.00,United States,,6763726,Consumer Discretionary,Air Freight/Delivery Services
UAMY,United States Antimony Corporation Common Stock,$3.56,0.03,0.85%,419805777.00,United States,,4207236,Industrials,Metal Fabrications
UAN,CVR Partners LP Common Units representing Limited Partner Interests,$87.71,1.00,1.153%,927062861.00,United States,2011,15230,Industrials,Agricultural Chemicals
UAVS,AgEagle Aerial Systems Inc. Common Stock,$2.12,0.18,9.278%,29522541.00,United States,,17971378,Industrials,Aerospace
UBCP,United Bancorp Inc. Common Stock,$13.75,-0.38,-2.689%,79667651.00,United States,,2444,Finance,Major Banks
UBER,Uber Technologies Inc. Common Stock,$91.79,0.63,0.691%,191948319715.00,United States,2019,11545223,Consumer Discretionary,Business Services
UBFO,United Security Bancshares Common Stock,$8.90,0.30,3.488%,155535750.00,United States,,57800,Finance,Major Banks
UBS,UBS Group AG Registered Ordinary Shares,$37.00,0.70,1.928%,117468534287.00,Switzerland,2014,2094812,Finance,Major Banks
UBSI,United Bankshares Inc. Common Stock,$37.10,-0.05,-0.135%,5270410566.00,United States,,876490,Finance,Major Banks
UBXG,U-BX Technology Ltd. Ordinary Shares,$3.20,0.165,5.437%,5940000.00,China,2024,31738,Technology,Computer Software: Programming Data Processing
UCAR,U Power Limited Class A Ordinary Shares,$3.955,0.145,3.806%,17480530.00,China,2023,20762,Consumer Discretionary,Auto Parts:O.E.M.
UCB,United Community Banks Inc. Common Stock,$31.27,-0.16,-0.509%,3799282548.00,United States,2024,1179203,Finance,Major Banks
UCB^I,United Community Banks Inc. Depositary Shares each representing 1/1000th interest in a share of Series I Non-Cumulative Preferred Stock,$24.60,-0.07,-0.284%,,United States,,6505,,
UCL,uCloudlink Group Inc. American Depositary Shares,$2.29,-0.10,-4.184%,86178755.00,Hong Kong,2020,86159,Consumer Discretionary,Telecommunications Equipment
UCTT,Ultra Clean Holdings Inc. Common Stock,$23.97,-0.95,-3.812%,1082223687.00,United States,2004,436747,Technology,Semiconductors
UDMY,Udemy Inc. Common Stock,$7.03,-0.22,-3.034%,1045581130.00,United States,2021,1296267,Real Estate,Other Consumer Services
UDR,UDR Inc. Common Stock,$41.37,0.77,1.897%,13705708818.00,United States,,1800700,Real Estate,Real Estate Investment Trusts
UE,Urban Edge Properties Common Shares of Beneficial Interest,$19.77,0.39,2.012%,2486067417.00,United States,2015,958052,Finance,Real Estate
UEC,Uranium Energy Corp. Common Stock,$8.14,0.14,1.75%,3617002057.00,Canada,,10564254,Basic Materials,Other Metals and Minerals
UEIC,Universal Electronics Inc. Common Stock,$6.48,0.03,0.465%,85341581.00,United States,1993,31683,Consumer Staples,Consumer Electronics/Appliances
UFCS,United Fire Group Inc. Common Stock,$27.58,0.37,1.36%,701935050.00,United States,,116781,Finance,Property-Casualty Insurers
UFG,Uni-Fuels Holdings Limited Class A Ordinary Shares,$2.29,0.01,0.439%,74230350.00,Singapore,2025,2427457,Energy,Oil Refining/Marketing
UFI,Unifi Inc. New Common Stock,$4.70,0.03,0.642%,86295116.00,United States,,72573,Consumer Discretionary,Textiles
UFPI,UFP Industries Inc. Common Stock,$104.28,3.41,3.381%,6297978816.00,United States,1993,351252,Basic Materials,Forest Products
UFPT,UFP Technologies Inc. Common Stock,$231.11,4.28,1.887%,1781124326.00,United States,1993,83465,Health Care,Medical/Dental Instruments
UG,United-Guardian Inc. Common Stock,$9.52,0.15,1.601%,43737917.00,United States,,6004,Consumer Discretionary,Package Goods/Cosmetics
UGI,UGI Corporation Common Stock,$37.14,0.46,1.254%,7964350922.00,United States,,1625753,Utilities,Natural Gas Distribution
UGP,Ultrapar Participacoes S.A. (New) American Depositary Shares (Each representing one Common Share),$2.84,0.00,0.00%,3073086164.00,Brazil,,1621227,Utilities,Oil/Gas Transmission
UGRO,urban-gro Inc. Common Stock,$0.47,0.0856,22.268%,5967382.00,United States,,1231171,Consumer Discretionary,Industrial Specialties
UHAL,U-Haul Holding Company Common Stock,$63.85,2.02,3.267%,12519572638.00,United States,2022,135818,Consumer Discretionary,Rental/Leasing Companies
UHG,United Homes Group Inc Class A Common Stock,$4.15,0.20,5.063%,243199910.00,United States,2021,113570,Consumer Discretionary,Homebuilding
UHGWW,United Homes Group Inc. Warrant,$0.93,0.052,5.923%,54500221.00,United States,2021,9724,Consumer Discretionary,Homebuilding
UHS,Universal Health Services Inc. Common Stock,$162.68,-6.07,-3.597%,10483163296.00,United States,,1734183,Health Care,Hospital/Nursing Management
UHT,Universal Health Realty Income Trust Common Stock,$41.33,0.47,1.15%,572482784.00,United States,,64363,Real Estate,Real Estate Investment Trusts
UI,Ubiquiti Inc. Common Stock,$439.84,-8.00,-1.786%,26606469201.00,United States,,91082,Technology,Radio And Television Broadcasting And Communications Equipment
UIS,Unisys Corporation New Common Stock,$4.36,0.13,3.073%,309852543.00,United States,,759014,Technology,EDP Services
UK,Ucommune International Ltd Ordinary Shares,$1.15,0.08,7.477%,2437854.00,United States,2019,82257,Consumer Discretionary,Business Services
UKOMW,Ucommune International Ltd Warrant expiring 11/17/2025,$0.0092,0.00,0.00%,19503.00,United States,2019,25,Consumer Discretionary,Business Services
UL,Unilever PLC Common Stock,$60.34,0.68,1.14%,147940319397.00,United Kingdom,,2941988,Consumer Discretionary,Package Goods/Cosmetics
ULBI,Ultralife Corporation Common Stock,$9.11,-0.02,-0.219%,151526311.00,United States,1992,91869,Miscellaneous,Industrial Machinery/Components
ULCC,Frontier Group Holdings Inc. Common Stock,$4.27,0.13,3.14%,972554650.00,United States,2021,3334627,Consumer Discretionary,Air Freight/Delivery Services
ULH,Universal Logistics Holdings Inc. Common Stock,$26.20,1.11,4.424%,689930836.00,United States,2005,40244,Industrials,Trucking Freight/Courier Services
ULS,UL Solutions Inc. Class A Common Stock,$70.56,0.55,0.786%,14147205841.00,United States,2024,969335,Health Care,Precision Instruments
ULTA,Ulta Beauty Inc. Common Stock,$502.74,5.33,1.072%,22595953458.00,United States,2007,598595,Consumer Discretionary,Other Specialty Stores
ULY,Urgent.ly Inc. Common Stock,$6.75,0.03,0.446%,8402603.00,United States,,13864,Technology,EDP Services
UMAC,Unusual Machines Inc. Common Stock,$10.25,0.24,2.398%,254509243.00,United States,2024,3355540,Technology,Radio And Television Broadcasting And Communications Equipment
UMBF,UMB Financial Corporation Common Stock,$108.65,0.24,0.221%,8248549262.00,United States,,394540,Finance,Major Banks
UMBFO,UMB Financial Corporation Depositary Shares Each Representing a 1/400th Interest in a Share of 7.750% Fixed-Rate Reset Non-Cumulative Perpetual Preferred Stock Series B,$26.45,0.01,0.038%,2008045357.00,United States,,33607,Finance,Major Banks
UMC,United Microelectronics Corporation (NEW) Common Stock,$7.34,-0.16,-2.133%,18439131683.00,Taiwan,,5831177,Technology,Semiconductors
UMH,UMH Properties Inc. Common Stock,$17.16,0.22,1.299%,1442732697.00,United States,1994,399005,Real Estate,Real Estate Investment Trusts
UMH^D,UMH Properties Inc. 6.375% Series D Cumulative Redeemable Preferred Stock Liquidation Preference $25 per share,$21.90,0.02,0.091%,,United States,,25071,,
UNB,Union Bankshares Inc. Common Stock,$27.91,0.29,1.05%,126672326.00,United States,,12610,Finance,Major Banks
UNCY,Unicycive Therapeutics Inc. Common Stock,$4.47,-0.03,-0.667%,53921288.00,United States,2021,351880,Health Care,Biotechnology: Pharmaceutical Preparations
UNF,Unifirst Corporation Common Stock,$173.61,-0.71,-0.407%,3219236688.00,United States,,92194,Consumer Discretionary,Other Consumer Services
UNFI,United Natural Foods Inc. Common Stock,$27.41,0.96,3.629%,1660101287.00,United States,2019,1534270,Consumer Discretionary,Food Distributors
UNH,UnitedHealth Group Incorporated Common Stock (DE),$285.13,2.99,1.06%,258652953942.00,United States,,14237679,Health Care,Medical Specialities
UNIT,Uniti Group Inc. Common Stock,$5.42,0.14,2.652%,1330357536.00,United States,,3642729,Real Estate,Real Estate Investment Trusts
UNM,Unum Group Common Stock,$80.48,0.71,0.89%,14032645953.00,United States,,941883,Finance,Accident &Health Insurance
UNMA,Unum Group 6.250% Junior Subordinated Notes due 2058,$23.30,0.14,0.604%,4062632340.00,United States,2018,33812,Finance,Accident &Health Insurance
UNP,Union Pacific Corporation Common Stock,$229.24,3.39,1.501%,136965308836.00,United States,,3806312,Industrials,Railroads
UNTY,Unity Bancorp Inc. Common Stock,$52.65,-0.57,-1.071%,528138415.00,United States,,79736,Finance,Major Banks
UOKA,MDJM LTD Ordinary Share,$2.69,-0.19,-6.597%,2874698.00,China,2019,39775,Finance,Real Estate
UONE,Urban One Inc. Class A Common Stock,$1.84,0.00,0.00%,84028971.00,United States,,51989,Consumer Discretionary,Broadcasting
UONEK,Urban One Inc. Class D Common Stock,$0.6405,0.028,4.571%,29250302.00,United States,,59370,Consumer Discretionary,Broadcasting
UP,Wheels Up Experience Inc. Class A Common Stock,$1.51,0.04,2.721%,1055300080.00,Singapore,2020,1068306,Consumer Discretionary,Transportation Services
UPB,Upstream Bio Inc. Common Stock,$10.75,0.11,1.034%,578282307.00,United States,2024,281399,Health Care,Biotechnology: Pharmaceutical Preparations
UPBD,Upbound Group Inc. Common Stock,$24.25,0.62,2.624%,1402269200.00,United States,,567055,Consumer Discretionary,Diversified Commercial Services
UPC,Universe Pharmaceuticals Inc. Ordinary Shares,$3.65,0.17,4.885%,2056184.00,China,2021,38781,Health Care,Biotechnology: Pharmaceutical Preparations
UPLD,Upland Software Inc. Common Stock,$1.98,0.07,3.665%,56398872.00,United States,2014,63267,Technology,Computer Software: Prepackaged Software
UPS,United Parcel Service Inc. Common Stock,$101.14,2.24,2.265%,85645130099.00,United States,1999,5747541,Industrials,Trucking Freight/Courier Services
UPST,Upstart Holdings Inc. Common stock,$79.99,3.31,4.317%,7610637191.00,United States,2020,5927959,Finance,Finance: Consumer Services
UPWK,Upwork Inc. Common Stock,$13.68,0.30,2.242%,1800149955.00,United States,2018,2362306,Technology,EDP Services
UPXI,Upexi Inc. Common Stock,$7.70,-0.45,-5.521%,286850972.00,United States,2021,15023624,Health Care, Medicinal Chemicals and Botanical Products 
URBN,Urban Outfitters Inc. Common Stock,$74.96,0.34,0.456%,6719575564.00,United States,1993,1601289,Consumer Discretionary,Clothing/Shoe/Accessory Stores
URG,Ur Energy Inc Common Shares (Canada),$1.38,0.02,1.471%,503450579.00,Canada,,5241175,Basic Materials,Precious Metals
URGN,UroGen Pharma Ltd. Ordinary Shares,$16.96,1.50,9.702%,781982369.00,Israel,2017,2118999,Health Care,Biotechnology: Pharmaceutical Preparations
URI,United Rentals Inc. Common Stock,$791.04,13.02,1.673%,51416836646.00,United States,1997,838996,Consumer Discretionary,Diversified Commercial Services
UROY,Uranium Royalty Corp. Common Stock,$3.02,0.33,12.268%,403581079.00,Canada,,14957276,Finance,Investment Bankers/Brokers/Service
USA,Liberty All-Star Equity Fund Common Stock,$6.61,-0.01,-0.151%,0.00,United States,1986,1128340,Finance,Finance Companies
USAC,USA Compression Partners LP Common Units Representing Limited Partner Interests,$24.17,0.18,0.75%,2841965738.00,United States,2013,94320,Utilities,Natural Gas Distribution
USAR,USA Rare Earth Inc. Class A Common Stock,$13.01,-0.67,-4.898%,1181786326.00,United States,2023,4414126,Basic Materials,Metal Mining
USARW,USA Rare Earth Inc. Warrant,$4.12,-0.43,-9.451%,374247476.00,United States,2023,807213,Basic Materials,Metal Mining
USAS,Americas Gold and Silver Corporation Common Shares no par value,$1.03,0.0435,4.41%,671927591.00,Canada,2017,3585034,Basic Materials,Metal Mining
USAU,U.S. Gold Corp. Common Stock,$11.46,-0.15,-1.292%,143090889.00,United States,,216699,Basic Materials,Metal Mining
USB,U.S. Bancorp Common Stock,$46.16,0.38,0.83%,71918553231.00,United States,,10510444,Finance,Major Banks
USB^A,U.S. Bancorp Depositary Shares Each representing a 1/100th interest in a share of Series A Non-CumulativePerpetual Pfd Stock,$830.50,7.00,0.85%,,United States,,996,,
USB^H,U.S. Bancorp Depositary Shares repstg 1/1000th Pfd Ser B,$20.85,-0.11,-0.525%,,United States,,54771,,
USB^P,U.S. Bancorp Depositary Shares each representing a 1/1000th interest in a share of Series K Non-Cumulative Perpetual Preferred Stock,$22.55,0.00,0.00%,,United States,,45570,,
USB^Q,U.S. Bancorp Depositary Shares Each Representing a 1/1000th Interest in a Share of Series L Non-Cumulative Perpetual Preferred Stock,$15.2033,-0.0167,-0.11%,,United States,,25316,,
USB^R,U.S. Bancorp Depositary Shares Each Representing a 1/1000th Interest in a Share of Series M Non-Cumulative Perpetual Preferred Stock,$16.10,-0.07,-0.433%,,United States,,73932,,
USB^S,U.S. Bancorp Depositary Shares each representing a 1/1000th interest in a share of Series O Non-Cumulative Perpetual Preferred Stock,$18.565,-0.085,-0.456%,,United States,,12663,,
USCB,USCB Financial Holdings Inc. Class A Common Stock,$18.03,0.31,1.749%,361472382.00,United States,2021,32300,Finance,Major Banks
USEA,United Maritime Corporation Common Stock,$1.56,0.0211,1.371%,13797057.00,Greece,,67793,Consumer Discretionary,Marine Transportation
USEG,U.S. Energy Corp. Common Stock (DE),$1.28,0.06,4.918%,43510697.00,United States,,478622,Energy,Oil & Gas Production
USFD,US Foods Holding Corp. Common Stock,$84.12,0.71,0.851%,19461163346.00,United States,2016,1513448,Consumer Discretionary,Food Distributors
USGO,U.S. GoldMining Inc. Common stock,$8.97,0.11,1.242%,112204681.00,United States,2023,18425,Basic Materials,Precious Metals
USGOW,U.S. GoldMining Inc. Warrant,$0.84,0.02,2.439%,10507462.00,United States,2023,1671,Basic Materials,Precious Metals
USIO,Usio Inc. Common Stock,$1.80,0.08,4.651%,47890631.00,United States,,121002,Finance,Investment Bankers/Brokers/Service
USLM,United States Lime & Minerals Inc. Common Stock,$107.44,1.71,1.617%,3076307925.00,United States,,96711,Industrials,Mining & Quarrying of Nonmetallic Minerals (No Fuels)
USM,United States Cellular Corporation Common Stock,$69.66,-0.19,-0.272%,5921100000.00,United States,1988,207116,Telecommunications,Telecommunications Equipment
USNA,USANA Health Sciences Inc. Common Stock,$31.53,1.24,4.094%,587185555.00,United States,,154302,Health Care, Medicinal Chemicals and Botanical Products 
USPH,U.S. Physical Therapy Inc. Common Stock,$75.03,0.09,0.12%,1139832426.00,United States,1992,172920,Health Care,Medical/Nursing Services
UTF,Cohen & Steers Infrastructure Fund Inc Common Stock,$26.76,0.20,0.753%,0.00,United States,2004,155615,Finance,Finance Companies
UTG,Reaves Utility Income Fund Common Shares of Beneficial Interest,$37.08,-0.19,-0.51%,0.00,United States,2004,234097,Finance,Investment Managers
UTHR,United Therapeutics Corporation Common Stock,$297.89,4.77,1.627%,13436811925.00,United States,1999,372402,Health Care,Biotechnology: Pharmaceutical Preparations
UTI,Universal Technical Institute Inc Common Stock,$31.17,-0.89,-2.776%,1695841722.00,United States,2003,556503,Real Estate,Other Consumer Services
UTL,UNITIL Corporation Common Stock,$52.34,0.18,0.345%,850574985.00,United States,1985,76780,Utilities,Power Generation
UTMD,Utah Medical Products Inc. Common Stock,$56.44,0.89,1.602%,183328972.00,United States,,12166,Health Care,Medical/Dental Instruments
UTSI,UTStarcom Holdings Corp. Ordinary Shares,$2.54,0.09,3.673%,24054448.00,China,2000,3397,Telecommunications,Telecommunications Equipment
UTZ,Utz Brands Inc Class A Common Stock ,$14.43,0.40,2.851%,2040557166.00,United States,2018,1288722,Consumer Staples,Packaged Foods
UUU,Universal Security Instruments Inc. Common Stock,$3.11,0.02,0.647%,7193079.00,United States,2003,17536,Technology,Electronic Components
UUUU,Energy Fuels Inc Ordinary Shares (Canada),$9.20,-0.01,-0.109%,1934217264.00,Canada,,11883776,Industrials,Mining & Quarrying of Nonmetallic Minerals (No Fuels)
UVE,UNIVERSAL INSURANCE HOLDINGS INC Common Stock,$25.64,0.14,0.549%,721629570.00,United States,,207827,Finance,Property-Casualty Insurers
UVSP,Univest Financial Corporation Common Stock,$31.90,0.04,0.126%,921276913.00,United States,,151810,Finance,Major Banks
UVV,Universal Corporation Common Stock,$54.87,-0.07,-0.127%,1356146344.00,United States,,461469,Industrials,Farming/Seeds/Milling
UWMC,UWM Holdings Corporation Class A Common Stock,$4.65,0.25,5.682%,7436284934.00,United States,,7243999,Finance,Finance: Consumer Services
UXIN,Uxin Limited ADS,$4.76,0.01,0.211%,981365568.00,China,2018,94643,Consumer Discretionary,Business Services
UYSC,UY Scuti Acquisition Corp. Ordinary Shares,$10.08,-0.045,-0.444%,0.00,United States,2025,169152,Finance,Blank Checks
UYSCR,UY Scuti Acquisition Corp. Rights,$0.2101,0.0101,5.05%,0.00,United States,2025,96300,Finance,Blank Checks
UYSCU,UY Scuti Acquisition Corp. Units,$10.25,0.00,0.00%,0.00,United States,2025,23508,,
UZD,United States Cellular Corporation 6.250% Senior Notes due 2069,$24.53,-0.01,-0.041%,2085050000.00,United States,2020,20371,Telecommunications,Telecommunications Equipment
UZE,United States Cellular Corporation 5.500% Senior Notes due 2070,$21.26,0.03,0.141%,1807100000.00,United States,2020,3899,Telecommunications,Telecommunications Equipment
UZF,United States Cellular Corporation 5.500% Senior Notes due 2070,$21.30,0.13,0.614%,1810500000.00,United States,2021,4329,Telecommunications,Telecommunications Equipment
V,Visa Inc.,$351.86,0.92,0.262%,672227690110.00,United States,,4613022,Consumer Discretionary,Business Services
VABK,Virginia National Bankshares Corporation Common Stock,$38.06,0.39,1.035%,205218721.00,United States,,5194,Finance,Major Banks
VAC,Marriott Vacations Worldwide Corporation Common Stock,$81.56,1.95,2.449%,2816697274.00,United States,,453009,Finance,Real Estate
VACH,Voyager Acquisition Corp Class A Ordinary Shares,$10.39,0.00,0.00%,0.00,United States,2024,6285,,
VAL,Valaris Limited Common Shares,$48.65,2.36,5.098%,3457508796.00,United States,2021,1376253,Energy,Oil & Gas Production
VALE,VALE S.A.  American Depositary Shares Each Representing one common share,$10.37,0.24,2.369%,44267236021.00,Brazil,,72954750,Basic Materials,Metal Mining
VALN,Valneva SE American Depositary Shares,$6.23,-0.12,-1.89%,506254547.00,France,2021,12096,Health Care,Biotechnology: Biological Products (No Diagnostic Substances)
VALU,Value Line Inc. Common Stock,$38.02,-0.82,-2.111%,357903627.00,United States,1983,3615,Finance,Investment Managers
VANI,Vivani Medical Inc. Common Stock (DE),$1.56,0.01,0.645%,92420489.00,United States,2014,83417,Health Care,Biotechnology: Electromedical & Electrotherapeutic Apparatus
VAPE,CEA Industries Inc. Common Stock,$8.76,0.35,4.162%,7028551.00,United States,,4615,Industrials,Industrial Machinery/Components
VAPEW,CEA Industries Inc. Warrant,$0.0223,-0.0102,-31.385%,0.00,United States,,200,,
VATE,INNOVATE Corp. Common Stock,$5.59,0.29,5.472%,74253189.00,United States,,34148,Industrials,Metal Fabrications
VBF,Invesco Bond Fund Common Stock,$15.40,0.03,0.195%,0.00,United States,,42322,Finance,Trusts Except Educational Religious and Charitable
VBIX,Viewbix Inc. Common Stock,$5.40,0.00,0.00%,35747779.00,Israel,,21052,Technology,Computer Software: Prepackaged Software
VBNK,VersaBank Common Shares,$11.58,0.03,0.26%,376567542.00,Canada,,25565,Finance,Commercial Banks
VBTX,Veritex Holdings Inc. Common Stock,$32.11,-0.33,-1.017%,1742658604.00,United States,2014,1223627,Finance,Major Banks
VC,Visteon Corporation Common Stock,$109.80,0.65,0.596%,2992954532.00,United States,,440460,Consumer Discretionary,Auto Parts:O.E.M.
VCEL,Vericel Corporation Common Stock,$37.98,2.52,7.107%,1912025963.00,United States,,556694,Health Care,Biotechnology: Biological Products (No Diagnostic Substances)
VCIC,Vine Hill Capital Investment Corp. Class A Ordinary Shares,$10.40,-0.02,-0.192%,0.00,United States,2024,291,,
VCICU,Vine Hill Capital Investment Corp. Unit,$10.4999,-0.2301,-2.144%,0.00,United States,2024,900,,
VCICW,Vine Hill Capital Investment Corp. Warrant,$0.286,-0.0441,-13.36%,0.00,United States,2024,29922,Finance,Blank Checks
VCIG,VCI Global Limited Ordinary Share,$0.9648,0.0585,6.455%,3448530.00,Malaysia,2023,3718221,Consumer Discretionary,Diversified Commercial Services
VCTR,Victory Capital Holdings Inc. Class A Common Stock,$67.66,0.66,0.985%,4549207178.00,United States,2018,699317,Finance,Investment Managers
VCV,Invesco California Value Municipal Income Trust Common Stock,$10.08,0.06,0.599%,482736492.00,United States,,93319,Finance,Trusts Except Educational Religious and Charitable
VCYT,Veracyte Inc. Common Stock,$23.51,0.48,2.084%,1841176505.00,United States,2013,1118225,Health Care,Medical Specialities
VECO,Veeco Instruments Inc. Common Stock,$21.02,-0.34,-1.592%,1225301035.00,United States,1994,551281,Technology,Industrial Machinery/Components
VEEA,Veea Inc. Common Stock,$1.64,-0.09,-5.202%,59820450.00,United States,2021,44233,Finance,Blank Checks
VEEAW,Veea Inc. Warrant,$0.11,0.0084,8.268%,4012347.00,United States,2021,1499,Finance,Blank Checks
VEEE,Twin Vee PowerCats Co. Common Stock,$2.41,0.06,2.553%,3584391.00,United States,2021,40542,Industrials,Marine Transportation
VEEV,Veeva Systems Inc. Class A Common Stock,$285.20,4.20,1.495%,46605180260.00,United States,2013,1645103,Technology,Computer Software: Prepackaged Software
VEL,Velocity Financial Inc. Common Stock,$17.83,0.19,1.077%,650643802.00,United States,2020,60075,Finance,Finance: Consumer Services
VENU,Venu Holding Corporation Common Stock,$13.74,0.80,6.182%,515533497.00,United States,2024,111000,Consumer Discretionary,Services-Misc. Amusement & Recreation
VEON,VEON Ltd. ADS,$52.00,0.22,0.425%,3846316604.00,Netherlands,,158109,Telecommunications,Telecommunications Equipment
VERA,Vera Therapeutics Inc. Class A Common Stock,$22.29,-0.50,-2.194%,1421525982.00,United States,2021,663117,Health Care,Biotechnology: Pharmaceutical Preparations
VERB,Verb Technology Company Inc. Common Stock,$8.97,-0.34,-3.652%,12719056.00,United States,,61141,Consumer Discretionary,Other Consumer Services
VERI,Veritone Inc. Common Stock,$2.87,0.07,2.50%,129994340.00,United States,2017,5580638,Technology,EDP Services
VERO,Venus Concept Inc. Common Stock,$2.49,-0.01,-0.40%,3546763.00,United States,2017,25722,Health Care,Medical/Dental Instruments
VERU,Veru Inc. Common Stock,$0.57,-0.01,-1.724%,83552834.00,United States,,774413,Health Care,Biotechnology: Pharmaceutical Preparations
VERV,Verve Therapeutics Inc. Common Stock,$11.08,0.15,1.372%,987707066.00,United States,2021,3958095,Health Care,Biotechnology: Pharmaceutical Preparations
VERX,Vertex Inc. Class A Common Stock,$35.33,0.47,1.348%,5599306494.00,United States,2020,768284,Technology,Computer Software: Prepackaged Software
VET,Vermilion Energy Inc. Common (Canada),$8.08,0.32,4.124%,1248360000.00,Canada,,1067519,Energy,Oil & Gas Production
VFC,V.F. Corporation Common Stock,$13.02,0.57,4.578%,5074470916.00,United States,,8981871,Consumer Discretionary,Apparel
VFF,Village Farms International Inc. Common Shares,$1.39,0.01,0.725%,156148498.00,Canada,,593953,,
VFL,abrdn National Municipal Income Fund Common Stock,$9.49,0.01,0.105%,0.00,United States,1993,43036,Finance,Finance/Investors Services
VFS,VinFast Auto Ltd. Ordinary Shares,$3.58,0.01,0.28%,8372949380.00,Singapore,,514030,Finance,Blank Checks
VFSWW,VinFast Auto Ltd. Warrant,$0.2871,-0.013,-4.332%,671473119.00,Singapore,,13407,,
VG,Venture Global Inc. Class A common stock,$15.06,-0.11,-0.725%,36443113708.00,,2025,3545206,Utilities,Oil/Gas Transmission
VGAS,Verde Clean Fuels Inc. Class A Common Stock,$3.28,0.04,1.235%,146122757.00,United States,2021,5316,Industrials,Major Chemicals
VGASW,Verde Clean Fuels Inc. Warrant,$0.1775,0.0375,26.786%,7907558.00,United States,2021,1164,Industrials,Major Chemicals
VGI,Virtus Global Multi-Sector Income Fund Common Shares of Beneficial Interest,$7.80,0.04,0.515%,0.00,United States,2012,19154,Finance,Investment Managers
VGM,Invesco Trust for Investment Grade Municipals Common Stock (DE),$9.48,0.01,0.106%,514119057.00,United States,,141193,Finance,Trusts Except Educational Religious and Charitable
VGZ,Vista Gold Corp Common Stock,$0.9901,0.0091,0.928%,123594680.00,United States,1986,288416,Basic Materials,Precious Metals
VHC,VirnetX Holding Corp Common Stock,$20.91,0.83,4.133%,88628729.00,United States,,30207,Miscellaneous,Multi-Sector Companies
VHI,Valhi Inc. Common Stock,$17.54,-0.06,-0.341%,496290669.00,United States,,11224,Industrials,Major Chemicals
VIASP,Via Renewables Inc. 8.75% Series A Fixed-to-Floating Rate Cumulative Redeemable Perpetual Preferred Stock,$25.30,-0.0099,-0.039%,185280224.00,United States,,6982,Utilities,Power Generation
VIAV,Viavi Solutions Inc. Common Stock,$10.25,-0.03,-0.292%,2288175704.00,United States,,1302416,Technology,Semiconductors
VICI,VICI Properties Inc. Common Stock,$33.45,0.70,2.137%,35346853264.00,United States,2018,5535947,Real Estate,Real Estate Investment Trusts
VICR,Vicor Corporation Common Stock,$45.20,-2.60,-5.439%,2043412086.00,United States,,664960,Technology,Industrial Machinery/Components
VIGL,Vigil Neuroscience Inc. Common Stock,$8.06,-0.02,-0.248%,376172564.00,United States,2022,205167,Health Care,Biotechnology: Biological Products (No Diagnostic Substances)
VIK,Viking Holdings Ltd Ordinary Shares,$57.39,-0.56,-0.966%,25420931146.00,United States,2024,2355901,Consumer Discretionary,Marine Transportation
VINP,Vinci Compass Investments Ltd. Class A Common Shares,$9.85,0.02,0.203%,622959891.00,Brazil,2021,25632,Finance,Investment Managers
VIOT,Viomi Technology Co. Ltd American Depositary Shares,$3.49,0.09,2.647%,238044897.00,China,2018,491982,Consumer Discretionary,Consumer Electronics/Appliances
VIPS,Vipshop Holdings Limited American Depositary Shares each representing two ordinary shares,$16.27,0.50,3.171%,9642986658.00,China,2012,3487254,Consumer Discretionary,Catalog/Specialty Distribution
VIR,Vir Biotechnology Inc. Common Stock,$5.73,0.21,3.804%,792103757.00,United States,2019,900705,Health Care,Biotechnology: Biological Products (No Diagnostic Substances)
VIRC,Virco Manufacturing Corporation Common Stock,$8.11,0.18,2.27%,127636299.00,United States,,65582,Consumer Discretionary,Industrial Specialties
VIRT,Virtu Financial Inc. Class A Common Stock,$42.63,-0.89,-2.045%,6573470971.00,United States,,1159608,Finance,Investment Bankers/Brokers/Service
VIST,Vista Energy S.A.B. de C.V. American Depositary Shares each representing one series A share with no par value,$42.75,-0.54,-1.247%,4073453116.00,Mexico,2019,1224037,Energy,Oil & Gas Production
VITL,Vital Farms Inc. Common Stock,$37.55,0.64,1.734%,1672939090.00,United States,2020,653839,Consumer Staples,Packaged Foods
VIV,Telefonica Brasil S.A. American Depositary Shares (Each representing One Common Share),$10.79,-0.33,-2.968%,17551905297.00,Brazil,2020,1769211,Telecommunications,Telecommunications Equipment
VIVK,Vivakor Inc. Common Stock,$0.8228,-0.0572,-6.50%,38916257.00,United States,,37854,Utilities,Environmental Services
VIVS,VivoSim Labs Inc. Common Stock,$1.99,0.01,0.505%,5173596.00,United States,,33312,Health Care,Biotechnology: Biological Products (No Diagnostic Substances)
VKI,Invesco Advantage Municipal Income Trust II Common Shares of Beneficial Interest (DE),$8.22,0.06,0.735%,365017484.00,United States,1993,164819,Finance,Finance Companies
VKQ,Invesco Municipal Trust Common Stock,$9.01,0.00,0.00%,498572990.00,United States,,151962,Finance,Trusts Except Educational Religious and Charitable
VKTX,Viking Therapeutics Inc. Common Stock,$32.10,0.16,0.501%,3605136395.00,United States,2015,2804229,Health Care,Biotechnology: Pharmaceutical Preparations
VLCN,Volcon Inc. Common stock,$15.80,-0.94,-5.615%,8602847.00,United States,2021,432331,Consumer Discretionary,Auto Manufacturing
VLGEA,Village Super Market Inc. Class A Common Stock,$36.75,-0.07,-0.19%,542280134.00,United States,,49232,Consumer Staples,Food Chains
VLN,Valens Semiconductor Ltd. Ordinary Shares,$2.73,-0.02,-0.727%,288611947.00,,,184681,Technology,Semiconductors
VLO,Valero Energy Corporation Common Stock,$145.11,-1.17,-0.80%,45449340218.00,United States,,2817790,Energy,Integrated oil Companies
VLRS,Controladora Vuela Compania de Aviacion S.A.B. de C.V. American Depositary Shares each representing ten (10) Ordinary Participation Certificates,$5.10,0.69,15.646%,594648107.00,,2013,2058663,Consumer Discretionary,Air Freight/Delivery Services
VLT,Invesco High Income Trust II,$10.91,0.01,0.092%,0.00,United States,1989,28457,Finance,Trusts Except Educational Religious and Charitable
VLTO,Veralto Corp Common Stock ,$102.54,0.43,0.421%,25415684064.00,United States,2023,895663,Industrials,Electrical Products
VLY,Valley National Bancorp Common Stock,$9.64,0.11,1.154%,5401689342.00,United States,,7640191,Finance,Major Banks
VLYPN,Valley National Bancorp 8.250% Fixed-Rate Reset Non-Cumulative Perpetual Preferred Stock Series C,$25.4835,-0.0365,-0.143%,14279455429.00,United States,,18656,Finance,Major Banks
VLYPO,Valley National Bancorp 5.50% Fixed-to-Floating Rate Non-Cumulative Perpetual Preferred Stock Series B,$25.0303,0.0303,0.121%,14025508789.00,United States,,6604,Finance,Major Banks
VLYPP,Valley National Bancorp 6.25% Fixed-to-Floating Rate Non-Cumulative Perpetual Preferred Stock Series A,$25.08,0.00,0.00%,14053357747.00,United States,,2627,Finance,Major Banks
VMAR,Vision Marine Technologies Inc. Common Shares,$6.18,0.08,1.311%,6427639.00,Canada,2020,10341,Industrials,Marine Transportation
VMC,Vulcan Materials Company (Holding Company) Common Stock,$267.78,2.77,1.045%,35374679514.00,United States,,1233671,Industrials,Mining & Quarrying of Nonmetallic Minerals (No Fuels)
VMD,Viemed Healthcare Inc. Common Shares,$6.50,0.03,0.464%,256904616.00,United States,,208672,Health Care,Misc Health and Biotechnology Services
VMEO,Vimeo Inc. Common Stock,$4.23,0.20,4.963%,696867205.00,United States,,1173395,Technology,Computer Software: Programming Data Processing
VMI,Valmont Industries Inc. Common Stock,$353.56,21.66,6.526%,7096294982.00,United States,,224753,Industrials,Metal Fabrications
VMO,Invesco Municipal Opportunity Trust Common Stock,$8.99,0.09,1.011%,606291758.00,United States,,306281,Finance,Trusts Except Educational Religious and Charitable
VNCE,Vince Holding Corp. Common Stock,$1.51,0.01,0.667%,19398333.00,,2013,54062,Consumer Discretionary,Clothing/Shoe/Accessory Stores
VNDA,Vanda Pharmaceuticals Inc. Common Stock,$4.71,0.05,1.073%,277581410.00,United States,2006,337740,Health Care,Biotechnology: Pharmaceutical Preparations
VNET,VNET Group Inc. American Depositary Shares,$8.09,-0.34,-4.033%,2176419539.00,China,2011,5539696,Technology,Computer Software: Programming Data Processing
VNMEU,Vendome Acquisition Corporation I Unit,$10.005,0.005,0.05%,0.00,United States,2025,84191,Finance,Blank Checks
VNO,Vornado Realty Trust Common Stock,$39.77,1.05,2.712%,7633817815.00,United States,,1530439,Real Estate,Real Estate Investment Trusts
VNO^L,Vornado Realty Trust Pfd Ser L %,$17.70,-0.14,-0.785%,,United States,,8684,,
VNO^M,Vornado Realty Trust 5.25% Series M Cumulative Redeemable Preferred Shares of Beneficial Interest liquidation preference $25.00 per share no par value per share,$17.24,0.00,0.00%,,United States,,6014,,
VNO^N,Vornado Realty Trust 5.25% Series N Cumulative Redeemable Preferred Shares of Beneficial Interest liquidation preference $25.00 per share,$17.21,-0.04,-0.232%,,United States,,8117,,
VNO^O,Vornado Realty Trust 4.45% Series O Cumulative Redeemable Preferred Shares Liquidation Preference $25.00 Per Share,$14.6086,-0.1014,-0.689%,,United States,,4414,,
VNOM,Viper Energy Inc. Class A Common Stock,$37.58,0.12,0.32%,10843411893.00,United States,2014,1397550,Energy,Oil & Gas Production
VNRX,VolitionRX Limited Common Stock,$0.7392,-0.0358,-4.619%,76154363.00,Singapore,2015,295356,Health Care,Biotechnology: In Vitro & In Vivo Diagnostic Substances
VNT,Vontier Corporation Common Stock ,$38.84,0.76,1.996%,5744436000.00,United States,2020,1167720,Industrials,Industrial Machinery/Components
VNTG,Vantage Corp Class A Ordinary Shares,$4.31,-0.12,-2.709%,134687500.00,,2025,8721,,
VOC,VOC Energy Trust Units of Beneficial Interest,$3.13,0.10,3.30%,53210000.00,United States,2011,78349,Energy,Oil & Gas Production
VOD,Vodafone Group Plc American Depositary Shares,$11.32,0.19,1.707%,27580429824.00,United Kingdom,,8396544,Telecommunications,Telecommunications Equipment
VOR,Vor Biopharma Inc. Common Stock,$2.05,0.00,0.00%,256167016.00,United States,2021,3547449,Health Care,Biotechnology: Biological Products (No Diagnostic Substances)
VOXR,Vox Royalty Corp. Common Stock,$3.31,0.08,2.477%,168003588.00,Canada,,210566,Basic Materials,Precious Metals
VOYA,Voya Financial Inc. Common Stock,$72.33,1.41,1.988%,6964940463.00,United States,2013,853397,Finance,Life Insurance
VOYA^B,Voya Financial Inc. Depositary Shares each representing a 1/40th interest in a share of 5.35% Fixed-Rate Reset Non-Cumulative Preferred Stock Series B,$23.89,0.00,0.00%,,United States,,14684,,
VOYG,Voyager Technologies Inc. Class A Common Stock,$43.63,0.25,0.576%,2401576788.00,,2025,1097973,Industrials,Military/Government/Technical
VPG,Vishay Precision Group Inc. Common Stock,$27.88,-0.05,-0.179%,369614639.00,United States,,228104,Technology,Electrical Products
VPV,Invesco Pennsylvania Value Municipal Income Trust Common Stock (DE),$9.92,-0.01,-0.101%,236389076.00,United States,,9042,Finance,Trusts Except Educational Religious and Charitable
VRA,Vera Bradley Inc. Common Stock,$2.26,0.17,8.134%,63129448.00,United States,2010,352269,Consumer Discretionary,Apparel
VRAR,The Glimpse Group Inc. Common Stock,$1.59,-0.07,-4.217%,33478255.00,United States,2021,450483,Technology,EDP Services
VRAX,Virax Biolabs Group Limited Ordinary Shares,$1.015,-0.095,-8.559%,4407085.00,United Kingdom,2022,223964,Health Care,Biotechnology: In Vitro & In Vivo Diagnostic Substances
VRCA,Verrica Pharmaceuticals Inc. Common Stock,$0.722,-0.0471,-6.124%,66778497.00,United States,2018,552267,Health Care,Biotechnology: Pharmaceutical Preparations
VRDN,Viridian Therapeutics Inc. Common Stock,$16.96,0.17,1.013%,1383800761.00,United States,2014,393670,Health Care,Medical Specialities
VRE,Veris Residential Inc. Common Stock,$14.54,0.19,1.324%,1356890452.00,United States,,442262,Real Estate,Real Estate Investment Trusts
VREX,Varex Imaging Corporation Common Stock,$7.58,0.175,2.363%,314570000.00,United States,,484691,Technology,Industrial Machinery/Components
VRM,Vroom Inc. Common Stock,$27.57,-0.07,-0.253%,142351464.00,United States,,2036,Consumer Discretionary,Retail-Auto Dealers and Gas Stations
VRME,VerifyMe Inc. Common Stock,$0.751,-0.0095,-1.249%,9327844.00,United States,,115657,Technology,EDP Services
VRNA,Verona Pharma plc American Depositary Share,$105.01,0.11,0.105%,8939711635.00,United Kingdom,2017,3332868,Health Care,Biotechnology: Pharmaceutical Preparations
VRNS,Varonis Systems Inc. Common Stock,$51.94,-0.19,-0.364%,5813382370.00,United States,2014,1368398,Technology,Computer Software: Prepackaged Software
VRNT,Verint Systems Inc. Common Stock,$22.27,0.67,3.102%,1339772219.00,United States,2010,1245357,Technology,EDP Services
VRRM,Verra Mobility Corporation Class A Common Stock,$24.77,0.27,1.102%,3949048478.00,United States,2017,838170,Consumer Discretionary,Transportation Services
VRSK,Verisk Analytics Inc. Common Stock,$298.12,-1.44,-0.481%,41702241035.00,United States,2009,1246517,Technology,EDP Services
VRSN,VeriSign Inc. Common Stock,$287.92,3.75,1.32%,27035688000.00,United States,1998,610547,Technology,EDP Services
VRT,Vertiv Holdings LLC Class A Common Stock,$125.29,-0.92,-0.729%,47748667752.00,United States,2018,5952284,Technology,Industrial Machinery/Components
VRTS,Virtus Investment Partners Inc. Common Stock,$210.80,3.44,1.659%,1456873371.00,United States,,54433,Finance,Investment Managers
VRTX,Vertex Pharmaceuticals Incorporated Common Stock,$470.13,11.64,2.539%,120728061524.00,United States,1991,1005367,Health Care,Biotechnology: Pharmaceutical Preparations
VS,Versus Systems Inc. Common Stock,$2.62,-0.16,-5.755%,12842394.00,Canada,,40260,Technology,EDP Services
VSA,TCTM Kids IT Education Inc. American Depositary Shares,$1.67,-0.13,-7.222%,16623833.00,China,2014,72417,Real Estate,Other Consumer Services
VSAT,ViaSat Inc. Common Stock,$14.60,-0.21,-1.418%,1902665941.00,United States,1996,2282333,Technology,Radio And Television Broadcasting And Communications Equipment
VSCO,Victorias Secret & Co. Common Stock ,$21.14,1.22,6.124%,1688081935.00,United States,2021,4102536,Consumer Discretionary,Clothing/Shoe/Accessory Stores
VSEC,VSE Corporation Common Stock,$129.64,-0.63,-0.484%,2679617834.00,United States,,170515,Consumer Discretionary,Military/Government/Technical
VSEE,VSee Health Inc. Common Stock,$1.41,0.04,2.92%,22087337.00,United States,2021,48403,Health Care,Medical/Nursing Services
VSEEW,VSee Health Inc. Warrant,$0.0532,0.00,0.00%,833366.00,United States,2021,1810,Health Care,Medical/Nursing Services
VSH,Vishay Intertechnology Inc. Common Stock,$17.52,0.07,0.401%,2374910110.00,United States,,1143547,Technology,Electrical Products
VSME,VS Media Holdings Limited Class A Ordinary Shares,$1.2045,0.0645,5.658%,11434789.00,China,2023,307655,Consumer Discretionary,Publishing
VSSYW,Versus Systems Inc. Class A Warrants,$0.10,0.0026,2.669%,490168.00,Canada,,2591,Technology,EDP Services
VST,Vistra Corp. Common Stock,$189.09,0.86,0.457%,64164279182.00,United States,,4163385,Utilities,Electric Utilities: Central
VSTA,Vasta Platform Limited Class A Ordinary Shares,$4.06,-0.06,-1.456%,325620213.00,Brazil,2020,12259,Real Estate,Other Consumer Services
VSTM,Verastem Inc. Common Stock,$5.27,0.17,3.333%,289582126.00,United States,2012,1808919,Health Care,Biotechnology: Pharmaceutical Preparations
VSTS,Vestis Corporation Common Stock,$6.19,0.21,3.512%,815735359.00,United States,2023,1812560,,
VTAK,Catheter Precision Inc. Common Stock,$0.235,-0.003,-1.261%,2589065.00,,2018,5347083,Health Care,Medical/Dental Instruments
VTEX,VTEX Class A Common Shares,$6.10,-0.10,-1.613%,1161218302.00,United Kingdom,2021,1088951,Technology,Computer Software: Prepackaged Software
VTGN,Vistagen Therapeutics Inc. Common Stock,$2.54,-0.01,-0.392%,74060642.00,United States,,241271,Health Care,Biotechnology: Pharmaceutical Preparations
VTLE,Vital Energy Inc. Common Stock par value $0.01 per share,$16.81,0.19,1.143%,1390186513.00,United States,2011,837357,Energy,Oil & Gas Production
VTMX,Corporacion Inmobiliaria Vesta S.A.B de C.V. American Depositary Shares each representing ten (10) Common Shares,$25.55,-0.13,-0.506%,2259862854.00,,2023,98310,Finance,Real Estate
VTN,Invesco Trust for Investment Grade New York Municipals Common Stock,$10.27,-0.03,-0.291%,200121004.00,United States,,40535,Finance,Finance Companies
VTOL,Bristow Group Inc. Common Stock,$35.71,0.31,0.876%,1027555250.00,United States,,168364,Consumer Discretionary,Transportation Services
VTR,Ventas Inc. Common Stock,$67.11,0.67,1.008%,30286631597.00,United States,,2796775,Real Estate,Real Estate Investment Trusts
VTRS,Viatris Inc. Common Stock,$9.24,0.34,3.82%,10844821347.00,United States,,12188892,Health Care,Biotechnology: Pharmaceutical Preparations
VTS,Vitesse Energy Inc. Common Stock,$23.95,0.40,1.699%,924796822.00,United States,2023,331302,Energy,Oil & Gas Production
VTSI,VirTra Inc. Common Stock,$5.88,-0.14,-2.326%,66218137.00,United States,,45080,Consumer Discretionary,Miscellaneous manufacturing industries
VTVT,vTv Therapeutics Inc. Class A Common Stock,$17.03,0.26,1.55%,54403425.00,United States,2015,1258,Health Care,Biotechnology: Pharmaceutical Preparations
VTYX,Ventyx Biosciences Inc. Common Stock,$3.02,0.07,2.373%,214906827.00,United States,2021,623927,Health Care,Biotechnology: Pharmaceutical Preparations
VUZI,Vuzix Corporation Common Stock,$2.34,-0.05,-2.092%,178407251.00,United States,,1009581,Technology,Radio And Television Broadcasting And Communications Equipment
VVOS,Vivos Therapeutics Inc. Common Stock,$5.50,0.06,1.103%,32392360.00,United States,2020,105538,Health Care,Medical/Dental Instruments
VVPR,VivoPower International PLC Ordinary Shares,$6.85,0.41,6.366%,30412171.00,United Kingdom,,3626737,Utilities,Power Generation
VVR,Invesco Senior Income Trust Common Stock (DE),$3.74,0.03,0.809%,0.00,United States,1998,335512,Finance,Trusts Except Educational Religious and Charitable
VVV,Valvoline Inc. Common Stock,$37.54,1.69,4.714%,4771772467.00,United States,2016,2448404,Industrials,Major Chemicals
VVX,V2X Inc. Common Stock,$47.26,0.12,0.255%,1497409234.00,United States,2014,195834,Consumer Discretionary,Diversified Commercial Services
VWAV,VisionWave Holdings Inc. Common Stock,$2.39,-0.045,-1.848%,34107578.00,United States,,318099,Technology,Computer Software: Prepackaged Software
VWAVW,VisionWave Holdings Inc. Warrant,$0.0786,0.0126,19.091%,1121697.00,United States,,1730,Technology,Computer Software: Prepackaged Software
VYGR,Voyager Therapeutics Inc. Common Stock,$3.16,-0.01,-0.315%,174863169.00,United States,2015,320128,Health Care,Biotechnology: Biological Products (No Diagnostic Substances)
VYNE,VYNE Therapeutics Inc. Common Stock,$1.12,-0.09,-7.438%,18664679.00,United States,2018,534858,Health Care,Biotechnology: Pharmaceutical Preparations
VYX,NCR Voyix Corporation Common Stock,$14.43,0.28,1.979%,1987760927.00,United States,,1745303,Miscellaneous,Office Equipment/Supplies/Services
VZ,Verizon Communications Inc. Common Stock,$42.96,0.47,1.106%,181130311105.00,United States,,23450616,Telecommunications,Telecommunications Equipment
VZLA,Vizsla Silver Corp. Common Shares,$3.32,0.02,0.606%,951567673.00,Canada,2024,3579696,Basic Materials,Precious Metals
W,Wayfair Inc. Class A Common Stock,$60.43,4.01,7.107%,7754104033.00,United States,2014,5141871,Consumer Discretionary,Catalog/Specialty Distribution
WAB,Westinghouse Air Brake Technologies Corporation Common Stock,$211.89,2.01,0.958%,36259958064.00,United States,,1042975,Industrials,Railroads
WABC,Westamerica Bancorporation Common Stock,$49.58,0.02,0.04%,1298037867.00,United States,,128786,Finance,Major Banks
WAFD,WaFd Inc. Common Stock,$30.01,0.11,0.368%,2405549173.00,United States,,613139,Finance,Major Banks
WAFDP,WaFd Inc. Depositary Shares,$16.35,0.02,0.122%,1310587437.00,United States,,14540,Finance,Major Banks
WAFU,Wah Fu Education Group Limited Ordinary Shares,$1.44,0.0257,1.817%,6351205.00,China,2019,2986,Real Estate,Other Consumer Services
WAI,Top KingWin Ltd Class A Ordinary Shares,$0.4398,-0.0102,-2.267%,3236897.00,China,2023,116718,Consumer Discretionary,Business Services
WAL,Western Alliance Bancorporation Common Stock (DE),$82.05,2.04,2.55%,9058669205.00,United States,2005,2628830,Finance,Major Banks
WAL^A,Western Alliance Bancorporation Depositary Shares Each Representing a 1/400th Interest in a Share of 4.250% Fixed-Rate Non-Cumulative Perpetual Preferred Stock Series A,$22.31,0.05,0.225%,,United States,,2320,,
WALD,Waldencast plc Class A Ordinary Share,$2.43,0.14,6.114%,298211814.00,United States,2021,102647,Consumer Discretionary,Package Goods/Cosmetics
WALDW,Waldencast plc Warrant ,$0.0603,-0.0098,-13.98%,7400071.00,United States,2021,4518,Consumer Discretionary,Package Goods/Cosmetics
WASH,Washington Trust Bancorp Inc. Common Stock,$28.41,-0.68,-2.338%,548060378.00,United States,,493343,Finance,Major Banks
WAT,Waters Corporation Common Stock,$287.46,5.80,2.059%,17106482724.00,United States,1995,1939412,Industrials,Biotechnology: Laboratory Analytical Instruments
WATT,Energous Corporation Common Stock,$0.5307,-0.0138,-2.534%,18116136.00,United States,2014,3440422,Technology,Radio And Television Broadcasting And Communications Equipment
WAVE,Eco Wave Power Global AB (publ) American Depositary Shares,$8.40,-0.32,-3.67%,392564290.00,Israel,2021,66580,Utilities,Electric Utilities: Central
WAY,Waystar Holding Corp. Common Stock,$36.57,-0.40,-1.082%,6327304793.00,United States,2024,1295819,Technology,EDP Services
WB,Weibo Corporation American Depositary Share,$10.20,0.06,0.592%,2497217856.00,China,2014,745945,Technology,Computer Software: Programming Data Processing
WBA,Walgreens Boots Alliance Inc. Common Stock,$11.54,0.02,0.174%,9988570190.00,United States,,4785644,Consumer Staples,Retail-Drug Stores and Proprietary Stores
WBD,Warner Bros. Discovery Inc. Series A Common Stock ,$12.85,0.05,0.391%,31791863789.00,United States,,89946927,Telecommunications,Cable & Other Pay Television Services
WBS,Webster Financial Corporation Common Stock,$61.46,1.14,1.89%,10339359994.00,United States,,2737398,Finance,Major Banks
WBS^F,Webster Financial Corporation Depositary Shares Each Representing 1/1000th Interest in a Share of 5.25% Series F Non-Cumulative Perpetual Preferred Stock,$19.4079,-0.1421,-0.727%,,United States,,3896,,
WBS^G,Webster Financial Corporation Depositary Shares each representing a 1/40th interest in a share of 6.50% Series G non-cumulative perpetual preferred stock,$23.8309,-0.1591,-0.663%,,United States,,5364,,
WBTN,WEBTOON Entertainment Inc. Common stock,$9.98,0.26,2.675%,1299284084.00,United States,2024,217960,Consumer Discretionary,Publishing
WBUY,WEBUY GLOBAL LTD. Class A Ordinary Shares,$7.46,0.11,1.497%,5823119.00,Singapore,2023,51888,Consumer Discretionary,Other Specialty Stores
WBX,Wallbox N.V. Class A Ordinary Shares,$6.00,0.06,1.01%,97967970.00,Spain,,19018,Consumer Discretionary,Industrial Specialties
WCC,WESCO International Inc. Common Stock,$207.86,4.51,2.218%,10144335419.00,United States,1999,616177,Consumer Discretionary,Telecommunications Equipment
WCN,Waste Connections Inc. Common Shares,$184.78,2.77,1.522%,47680154652.00,Canada,,1723686,Utilities,Environmental Services
WCT,Wellchange Holdings Company Limited Ordinary shares,$0.2116,-0.0024,-1.121%,9789674.00,Hong Kong,2024,347348,Technology,Computer Software: Prepackaged Software
WD,Walker & Dunlop Inc Common Stock,$75.62,2.72,3.731%,2569683601.00,United States,2010,215365,Finance,Finance: Consumer Services
WDAY,Workday Inc. Class A Common Stock,$239.11,5.40,2.311%,63842370000.00,United States,,2409066,Technology,EDP Services
WDC,Western Digital Corporation Common Stock,$67.06,-1.68,-2.444%,23395783157.00,United States,,5096416,Technology,Electronic Components
WDFC,WD-40 Company Common Stock,$217.72,2.43,1.129%,2946592870.00,United States,1973,162630,Industrials,Major Chemicals
WDH,Waterdrop Inc. American Depositary Shares (each representing the right to receive 10 Class A Ordinary Shares),$1.67,-0.03,-1.765%,603976392.00,Cayman Islands,2021,236748,Finance,Specialty Insurers
WDI,Western Asset Diversified Income Fund Common Shares of Beneficial Interest,$15.04,0.05,0.334%,0.00,United States,2021,197942,Finance,Trusts Except Educational Religious and Charitable
WDS,Woodside Energy Group Limited American Depositary Shares each representing one Ordinary Share,$16.34,0.27,1.68%,31025571258.00,Australia,2022,584049,Energy,Oil & Gas Production
WEA,Western Asset Bond Fund Share of Beneficial Interest,$10.83,0.03,0.278%,0.00,United States,2002,31422,Finance,Trusts Except Educational Religious and Charitable
WEAV,Weave Communications Inc. Common Stock,$8.11,0.29,3.708%,609724430.00,United States,2021,1187371,Technology,Computer Software: Prepackaged Software
WEC,WEC Energy Group Inc. Common Stock,$110.10,1.82,1.681%,35136598460.00,United States,,1610283,Utilities,Power Generation
WELL,Welltower Inc. Common Stock,$161.09,0.77,0.48%,105345059217.00,United States,,1898519,Real Estate,Real Estate Investment Trusts
WEN,Wendy's Company (The) Common Stock,$10.84,0.52,5.039%,2081553688.00,United States,,7247545,Consumer Discretionary,Restaurants
WENN,Wen Acquisition Corp Class A Ordinary Shares,$10.29,0.01,0.097%,0.00,United States,2025,16298,,
WENNU,Wen Acquisition Corp Unit,$10.67,0.02,0.188%,0.00,United States,2025,33861,Finance,Blank Checks
WENNW,Wen Acquisition Corp Warrant,$0.685,-0.015,-2.143%,0.00,United States,2025,47530,Finance,Blank Checks
WERN,Werner Enterprises Inc. Common Stock,$28.44,0.61,2.192%,1756224434.00,United States,1986,791436,Industrials,Trucking Freight/Courier Services
WES,Western Midstream Partners LP Common Units Representing Limited Partner Interests,$39.49,0.10,0.254%,15058617525.00,United States,2012,857076,Utilities,Natural Gas Distribution
WEST,Westrock Coffee Company Common Stock,$6.85,0.08,1.182%,648292056.00,United States,,400685,Consumer Staples,Beverages (Production/Distribution)
WETH,Wetouch Technology Inc. Common Stock,$0.90,0.005,0.559%,10738381.00,China,,219996,Technology,Computer peripheral equipment
WETO,Webus International Limited Ordinary Shares,$2.07,-0.08,-3.721%,45540000.00,China,2025,128423,Industrials,Other Transportation
WEX,WEX Inc. common stock,$160.68,6.50,4.216%,5502413491.00,United States,,730182,Consumer Discretionary,Business Services
WEYS,Weyco Group Inc. Common Stock,$32.73,1.20,3.806%,313510491.00,United States,,17971,Consumer Staples,Apparel
WF,Woori Financial Group Inc. American Depositary Shares (each representing three (3) shares of Common Stock),$54.38,-0.21,-0.385%,13437072432.00,South Korea,,41603,Finance,Commercial Banks
WFC,Wells Fargo & Company Common Stock,$82.38,2.10,2.616%,268079549901.00,United States,,22431825,Finance,Major Banks
WFC^A,Wells Fargo & Company Depositary Shares each representing a 1/1000th interest in a share of Non-Cumulative Perpetual Class A Preferred Stock Series AA,$18.83,-0.11,-0.581%,,United States,,98602,,
WFC^C,Wells Fargo & Company Depositary Shares each representing a 1/1000th interest in a share of Non-Cumulative Perpetual Class A Preferred Stock Series CC,$17.76,-0.01,-0.056%,,United States,,59507,,
WFC^D,Wells Fargo & Company Depositary Shares each representing a 1/1000th interest in  a share of Non-Cumulative Perpetual Class A Preferred Stock Series DD,$17.32,-0.10,-0.574%,,United States,,73166,,
WFC^L,Wells Fargo & Company 7.50% Non-Cumulative Perpetual Convertible Class A Preferred Stock Series L,$1184.91,-0.07,-0.006%,,United States,,1857,,
WFC^Y,Wells Fargo & Company Depositary Shares each representing a 1/1000th interest in a share of Non-Cumulative Perpetual Class A Preferred Stock Series Y,$23.48,0.04,0.171%,,United States,,35329,,
WFC^Z,Wells Fargo & Company Depositary Shares each representing a 1/1000th interest in a share of Non-Cumulative Perpetual Class A Preferred Stock Series Z,$19.11,-0.02,-0.105%,,United States,,115420,,
WFCF,Where Food Comes From Inc. Common Stock,$10.99,-0.11,-0.991%,57284133.00,United States,,1693,Technology,Computer Software: Prepackaged Software
WFF,WF Holding Limited Ordinary Shares,$1.26,0.08,6.78%,31437000.00,Malaysia,2025,1145230,Consumer Discretionary,Miscellaneous manufacturing industries
WFG,West Fraser Timber Co. Ltd Common stock,$75.02,2.48,3.419%,5951819429.00,,2021,245438,Basic Materials,Forest Products
WFRD,Weatherford International plc Ordinary Shares,$55.73,2.28,4.266%,4043554128.00,United States,,1724807,Industrials,Metal Fabrications
WGO,Winnebago Industries Inc. Common Stock,$31.88,2.15,7.232%,893613615.00,United States,,669658,Industrials,Homebuilding
WGRX,Wellgistics Health Inc. Common Stock,$1.03,-0.15,-12.712%,74016320.00,United States,2025,1170955,Health Care,Other Pharmaceuticals
WGS,GeneDx Holdings Corp. Class A Common Stock,$80.90,2.555,3.261%,2308336204.00,United States,2020,619810,Technology,Retail: Computer Software & Peripheral Equipment
WGSWW,GeneDx Holdings Corp. Warrant,$0.0438,-0.0062,-12.40%,1249754.00,United States,2020,33203,Technology,Retail: Computer Software & Peripheral Equipment
WH,Wyndham Hotels & Resorts Inc. Common Stock ,$87.93,2.20,2.566%,6770402661.00,United States,2018,1314239,Consumer Discretionary,Hotels/Resorts
WHD,Cactus Inc. Class A Common Stock,$44.43,0.97,2.232%,3546644388.00,United States,2018,576218,Industrials,Metal Fabrications
WHF,WhiteHorse Finance Inc. Common Stock,$8.95,0.13,1.474%,208025638.00,United States,,76025,Finance,Finance Companies
WHFCL,WhiteHorse Finance Inc. 7.875% Notes due 2028,$25.45,0.06,0.236%,591536590.00,United States,,2502,,
WHG,Westwood Holdings Group Inc Common Stock,$17.86,0.90,5.307%,167521085.00,United States,,31605,Finance,Investment Managers
WHLR,Wheeler Real Estate Investment Trust Inc. Common Stock,$4.17,-0.38,-8.352%,1829446.00,United States,2012,96046,Real Estate,Real Estate Investment Trusts
WHLRD,Wheeler Real Estate Investment Trust Inc. Series D Cumulative Preferred Stock,$34.00,0.00,0.00%,14916344.00,United States,,1632,Real Estate,Real Estate Investment Trusts
WHLRL,Wheeler Real Estate Investment Trust Inc. 7.00% Senior Subordinated Convertible Notes Due 2031,$151.50,0.00,0.00%,66465474.00,United States,,298,Real Estate,Real Estate Investment Trusts
WHLRP,Wheeler Real Estate Investment Trust Inc. Class B Preferred Stock,$3.9121,-0.0879,-2.198%,1716301.00,United States,,2119,Real Estate,Real Estate Investment Trusts
WHR,Whirlpool Corporation Common Stock,$96.52,4.30,4.663%,5367486273.00,United States,,1141236,Consumer Discretionary,Consumer Electronics/Appliances
WHWK,Whitehawk Therapeutics Inc. Common Stock,$1.87,0.02,1.081%,88094378.00,United States,,56723,Health Care,Biotechnology: Pharmaceutical Preparations
WIA,Western Asset Inflation-Linked Income Fund,$8.38,0.00,0.00%,0.00,United States,2003,34571,Finance,Trusts Except Educational Religious and Charitable
WILC,G. Willi-Food International  Ltd. Ordinary Shares,$21.39,0.34,1.615%,296615494.00,Israel,,22870,Consumer Discretionary,Food Distributors
WIMI,WiMi Hologram Cloud Inc. Class B Ordinary Shares,$4.24,0.38,9.845%,20820109.00,China,2020,437154,Technology,Computer Software: Prepackaged Software
WINA,Winmark Corporation Common Stock,$377.73,2.16,0.575%,1340359040.00,United States,,51740,Consumer Discretionary,Other Specialty Stores
WING,Wingstop Inc. Common Stock,$320.81,-1.76,-0.546%,8951525499.00,United States,2015,584038,Consumer Discretionary,Restaurants
WINT,Windtree Therapeutics Inc. Common Stock,$1.00,0.01,1.01%,3661289.00,United States,,7947681,Health Care,Biotechnology: Biological Products (No Diagnostic Substances)
WIT,Wipro Limited Common Stock,$2.95,-0.02,-0.673%,30892801345.00,India,,6710233,Technology,EDP Services
WIW,Western Asset Inflation-Linked Opportunities & Income Fund,$8.80,0.04,0.457%,0.00,United States,2004,174525,Finance,Finance Companies
WIX,Wix.com Ltd. Ordinary Shares,$154.57,0.61,0.396%,8604629655.00,Israel,2013,405214,Technology,Computer Software: Programming Data Processing
WK,Workiva Inc. Class A Common Stock,$67.05,0.37,0.555%,3736949547.00,United States,2014,442188,Technology,Computer Software: Prepackaged Software
WKC,World Kinect Corporation Common Stock,$28.26,0.20,0.713%,1600286170.00,United States,,386785,Energy,Oil Refining/Marketing
WKEY,WISeKey International Holding Ltd American Depositary Shares,$5.93,-0.19,-3.105%,54022027.00,Switzerland,,152582,Technology,EDP Services
WKHS,Workhorse Group Inc. Common Stock,$1.97,-0.10,-4.831%,18661918.00,United States,,1647104,Consumer Discretionary,Auto Manufacturing
WKSP,Worksport Ltd. Common Stock,$3.935,0.045,1.157%,20462512.00,Canada,,187618,Consumer Discretionary,Auto Parts:O.E.M.
WLAC,Willow Lane Acquisition Corp. Class A Ordinary Shares,$10.25,-0.01,-0.097%,0.00,United States,2024,2009,,
WLACW,Willow Lane Acquisition Corp. Warrants,$0.3599,-0.0599,-14.269%,0.00,United States,2024,220,,
WLDN,Willdan Group Inc. Common Stock,$79.31,0.29,0.367%,1149743111.00,United States,2006,242430,Consumer Discretionary,Military/Government/Technical
WLDS,Wearable Devices Ltd. Ordinary Share,$1.48,0.03,2.069%,1522890.00,Israel,2022,51949,Telecommunications,Computer Communications Equipment
WLDSW,Wearable Devices Ltd. Warrant,$1.68,-0.01,-0.592%,1728686.00,Israel,2022,438,Telecommunications,Computer Communications Equipment
WLFC,Willis Lease Finance Corporation Common Stock,$140.71,0.325,0.232%,971317612.00,United States,1996,44088,Consumer Discretionary,Industrial Specialties
WLGS,Wang & Lee Group Inc. Ordinary Shares,$0.0705,0.0187,36.10%,1223734.00,Hong Kong,2023,377411909,Consumer Discretionary,Engineering & Construction
WLK,Westlake Corporation Common Stock,$85.68,3.67,4.475%,10987433211.00,United States,2004,1005730,Industrials,Major Chemicals
WLKP,Westlake Chemical Partners LP Common Units representing limited partner interests,$22.14,0.09,0.408%,780181630.00,United States,2014,75633,Industrials,Major Chemicals
WLY,John Wiley & Sons Inc. Common Stock,$40.00,0.65,1.652%,2135739200.00,United States,,512264,Consumer Discretionary,Books
WLYB,John Wiley & Sons Inc. Common Stock,$41.31,-1.39,-3.255%,2205684659.00,United States,,417,Consumer Discretionary,Books
WM,Waste Management Inc. Common Stock,$227.09,1.79,0.794%,91382827270.00,United States,,1128857,Utilities,Environmental Services
WMB,Williams Companies Inc. (The) Common Stock,$57.36,-0.32,-0.555%,70036925899.00,United States,,5390405,Utilities,Natural Gas Distribution
WMG,Warner Music Group Corp. Class A Common Stock,$31.44,0.43,1.387%,16388630676.00,United States,2020,1558482,Consumer Discretionary,Services-Misc. Amusement & Recreation
WMK,Weis Markets Inc. Common Stock,$77.61,1.04,1.358%,2087588161.00,United States,,134404,Consumer Staples,Food Chains
WMS,Advanced Drainage Systems Inc. Common Stock,$114.68,3.69,3.325%,8897463511.00,United States,2014,455430,Consumer Discretionary,Containers/Packaging
WMT,Walmart Inc. Common Stock,$95.85,0.18,0.188%,764923081019.00,United States,,9040465,Consumer Discretionary,Department/Specialty Retail Stores
WNC,Wabash National Corporation Common Stock,$10.31,0.78,8.185%,431681154.00,United States,1991,817188,Industrials,Construction/Ag Equipment/Trucks
WNEB,Western New England Bancorp Inc. Common Stock,$10.15,0.11,1.096%,210216934.00,United States,,93804,Finance,Savings Institutions
WNS,WNS (Holdings) Limited Ordinary Shares,$74.74,-0.05,-0.067%,3469183336.00,India,2024,2286733,Consumer Discretionary,Business Services
WNW,Meiwu Technology Company Limited Ordinary Shares,$1.90,0.0225,1.198%,6019453.00,China,2020,9154,Consumer Discretionary,Catalog/Specialty Distribution
WOK,WORK Medical Technology Group LTD Class A Ordinary Shares,$0.7802,-0.0392,-4.784%,11384633.00,China,2024,35824,Health Care,Medical/Dental Instruments
WOLF,Wolfspeed Inc. Common Stock,$1.42,-0.03,-2.069%,220989942.00,United States,,29044239,Technology,Semiconductors
WOOF,Petco Health and Wellness Company Inc. Class A Common Stock,$4.18,0.94,29.012%,1324134661.00,United States,2021,15264031,Consumer Discretionary,Other Specialty Stores
WOR,Worthington Enterprises Inc. Common Shares,$62.42,0.29,0.467%,3115833247.00,United States,,232757,Industrials,Steel/Iron Ore
WORX,SCWorx Corp. Common Stock,$0.4192,-0.0029,-0.687%,1525344.00,United States,2016,137523,Consumer Discretionary,Services-Misc. Amusement & Recreation
WOW,WideOpenWest Inc. Common Stock,$3.84,0.04,1.053%,328227602.00,United States,2017,168426,Telecommunications,Cable & Other Pay Television Services
WPC,W. P. Carey Inc. REIT,$63.72,1.89,3.057%,13953164930.00,United States,,1510232,Real Estate,Real Estate Investment Trusts
WPM,Wheaton Precious Metals Corp Common Shares (Canada),$95.72,4.31,4.715%,43452505787.00,Canada,,3026558,Basic Materials,Precious Metals
WPP,WPP plc American Depositary Shares,$28.82,0.85,3.039%,6218216803.00,Ireland,,576807,Consumer Discretionary,Advertising
WPRT,Westport Fuel Systems Inc Common Shares,$4.00,0.065,1.652%,69306928.00,Canada,2008,27993,Industrials,Industrial Machinery/Components
WRAP,Wrap Technologies Inc. Common Stock,$1.40,-0.01,-0.709%,70808035.00,United States,,166184,Industrials,Ordnance And Accessories
WRB,W.R. Berkley Corporation Common Stock,$68.54,0.74,1.091%,26001049342.00,United States,,3443836,Finance,Property-Casualty Insurers
WRB^E,W.R. Berkley Corporation 5.70% Subordinated Debentures due 2058,$22.58,-0.02,-0.088%,,United States,,3083,,
WRB^F,W.R. Berkley Corporation 5.10% Subordinated Debentures due 2059,$19.79,-0.04,-0.202%,,United States,,10650,,
WRB^G,W.R. Berkley Corporation 4.25% Subordinated Debentures due 2060,$16.64,-0.03,-0.18%,,United States,,11469,,
WRB^H,W.R. Berkley Corporation 4.125% Subordinated Debentures due 2061,$16.30,-0.04,-0.245%,,United States,,8558,,
WRBY,Warby Parker Inc. Class A Common Stock,$24.58,0.29,1.194%,2984167198.00,United States,2021,1654899,Health Care,Ophthalmic Goods
WRD,WeRide Inc. American Depositary Shares,$9.48,0.25,2.709%,2697334019.00,China,2024,7320541,Technology,EDP Services
WRLD,World Acceptance Corporation Common Stock,$165.07,2.42,1.488%,876077166.00,United States,1991,37498,Finance,Finance: Consumer Services
WRN,Western Copper and Gold Corporation Common Stock,$1.31,-0.01,-0.758%,262008067.00,Canada,2011,374300,Basic Materials,Metal Mining
WS,Worthington Steel Inc. Common Shares,$31.90,0.19,0.599%,1618623417.00,United States,2023,277155,Industrials,Steel/Iron Ore
WSBC,WesBanco Inc. Common Stock,$32.66,-0.01,-0.031%,3124654183.00,United States,,641449,Finance,Major Banks
WSBCP,WesBanco Inc. Depositary Shares Each Representing a 1/40th Interest in a Share of 6.75% Fixed-Rate Reset Non-Cumulative Perpetual Preferred Stock Series A,$25.4399,0.0199,0.078%,2433891303.00,United States,,10438,Finance,Major Banks
WSBF,Waterstone Financial Inc. Common Stock (MD),$13.64,0.08,0.59%,260190066.00,United States,2005,43228,Finance,Savings Institutions
WSBK,Winchester Bancorp Inc. Common Stock,$9.40,-0.025,-0.265%,0.00,United States,2025,6051,,
WSC,WillScot Holdings Corporation Class A Common Stock,$30.26,0.53,1.783%,5519108479.00,United States,2015,1581980,Industrials,Misc Corporate Leasing Services
WSFS,WSFS Financial Corporation Common Stock,$57.99,0.10,0.173%,3292497882.00,United States,,303141,Finance,Major Banks
WSM,Williams-Sonoma Inc. Common Stock (DE),$178.61,6.41,3.722%,21968683675.00,United States,,1054019,Consumer Discretionary,Home Furnishings
WSO,Watsco Inc. Common Stock,$480.29,11.33,2.416%,19457365354.00,United States,,201780,Consumer Discretionary,Industrial Machinery/Components
WSO/B,Watsco Inc.,$437.48,0.00,0.00%,,United States,,5,,
WSR,Whitestone REIT Common Shares,$12.54,0.07,0.561%,638230636.00,United States,2010,302700,Real Estate,Real Estate Investment Trusts
WST,West Pharmaceutical Services Inc. Common Stock,$218.90,8.82,4.198%,15726950180.00,United States,,786013,Health Care,Medical/Dental Instruments
WT,WisdomTree Inc. Common Stock,$13.34,0.41,3.171%,1961397929.00,United States,2022,4076640,Finance,Investment Bankers/Brokers/Service
WTBA,West Bancorporation Common Stock,$19.65,0.08,0.409%,332542452.00,United States,,24915,Finance,Major Banks
WTF,Waton Financial Limited Ordinary Shares,$4.27,-0.13,-2.955%,205840568.00,Hong Kong,2025,39155,Finance,Investment Bankers/Brokers/Service
WTFC,Wintrust Financial Corporation Common Stock,$135.35,3.97,3.022%,9059019624.00,United States,,698389,Finance,Major Banks
WTFCN,Wintrust Financial Corporation Depositary Shares Each Representing a 1/1000th Interest in a Share of 7.875% Fixed-Rate Reset Non-Cumulative Perpetual Preferred StocK,$26.26,0.05,0.191%,1757590361.00,United States,,48881,Finance,Major Banks
WTG,Wintergreen Acquisition Corp. Ordinary Shares,$10.005,-0.015,-0.15%,0.00,China,2025,509,Finance,Blank Checks
WTGUR,Wintergreen Acquisition Corp. Rights,$0.1699,0.0099,6.188%,0.00,China,2025,534002,Finance,Blank Checks
WTGUU,Wintergreen Acquisition Corp. Unit,$10.16,0.00,0.00%,0.00,China,2025,98,,
WTI,W&T Offshore Inc. Common Stock,$1.71,0.06,3.636%,252484605.00,United States,2005,1170070,Energy,Oil & Gas Production
WTM,White Mountains Insurance Group Ltd. Common Stock,$1791.35,12.61,0.709%,4610444070.00,United States,,21041,Finance,Property-Casualty Insurers
WTO,UTime Limited Ordinary Shares,$1.1549,-0.0051,-0.44%,4162275.00,China,2021,145010,Technology,Consumer Electronics/Appliances
WTRG,Essential Utilities Inc. Common Stock,$38.02,0.55,1.468%,10658435590.00,United States,,1506148,Utilities,Water Supply
WTS,Watts Water Technologies Inc. Class A Common Stock,$249.84,1.16,0.466%,8338532172.00,United States,1986,149490,Industrials,Metal Fabrications
WTTR,Select Water Solutions Inc. Class A common stock,$9.38,0.00,0.00%,1127618932.00,United States,2017,650866,Energy,Oilfield Services/Equipment
WTW,Willis Towers Watson Public Limited Company Ordinary Shares,$308.65,5.93,1.959%,30602582992.00,United Kingdom,,543300,Finance,Specialty Insurers
WU,Western Union Company (The) Common Stock,$8.60,0.50,6.173%,2842517709.00,United States,,17100690,Consumer Discretionary,Business Services
WULF,TeraWulf Inc. Common Stock,$5.26,0.27,5.411%,2022911893.00,United States,,69515617,Technology,EDP Services
WVE,Wave Life Sciences Ltd. Ordinary Shares,$7.93,0.06,0.762%,1222283722.00,Singapore,2015,1142629,Health Care,Biotechnology: Pharmaceutical Preparations
WVVI,Willamette Valley Vineyards Inc. Common Stock,$4.995,0.185,3.846%,24797822.00,United States,,1065,Consumer Staples,Beverages (Production/Distribution)
WVVIP,Willamette Valley Vineyards Inc. Series A Redeemable Preferred Stock,$3.245,-0.005,-0.154%,16109897.00,United States,,299,Consumer Staples,Beverages (Production/Distribution)
WW,WW International Inc.  Common Stock,$39.25,1.67,4.444%,392500000.00,United States,,436353,Consumer Discretionary,Other Consumer Services
WWD,Woodward Inc. Common Stock,$251.29,-2.86,-1.125%,14952074892.00,United States,,421015,Energy,Industrial Machinery/Components
WWR,Westwater Resources Inc. Common Stock,$0.8991,-0.0809,-8.255%,68699117.00,United States,,5638439,Basic Materials,Metal Mining
WWW,Wolverine World Wide Inc. Common Stock,$21.80,0.92,4.406%,1766760312.00,United States,,2063727,Consumer Discretionary,Shoe Manufacturing
WXM,WF International Limited Ordinary Shares,$3.397,-0.083,-2.385%,23439300.00,China,2025,59251,Consumer Discretionary,Engineering & Construction
WY,Weyerhaeuser Company Common Stock,$26.17,1.12,4.471%,18980394410.00,United States,,5987977,Real Estate,Real Estate Investment Trusts
WYHG,Wing Yip Food Holdings Group Limited American Depositary Shares,$1.2313,-0.0277,-2.20%,61972472.00,China,2024,16235,Consumer Staples,Specialty Foods
WYNN,Wynn Resorts Limited Common stock,$107.71,1.35,1.269%,11261543761.00,United States,2002,1294071,Consumer Discretionary,Hotels/Resorts
WYY,WidePoint Corporation Common Stock,$3.11,0.00,0.00%,30417626.00,United States,,65250,Technology,EDP Services
XAGE,Longevity Health Holdings Inc. Common Stock,$4.16,0.17,4.261%,4176619.00,United States,2021,152878,Health Care,Medical/Dental Instruments
XAGEW,Longevity Health Holdings Inc. Warrant,$0.0252,0.0022,9.565%,25301.00,United States,2021,4850,Health Care,Medical/Dental Instruments
XAIR,Beyond Air Inc. Common Stock,$3.40,0.08,2.41%,15775113.00,United States,,4507713,Health Care,Medical/Dental Instruments
XBIO,Xenetic Biosciences Inc. Common Stock,$3.57,-0.0775,-2.125%,5505436.00,United States,,9954,Health Care,Biotechnology: Pharmaceutical Preparations
XBIT,XBiotech Inc. Common Stock,$3.08,0.13,4.407%,93902211.00,United States,2015,44965,Health Care,Biotechnology: Pharmaceutical Preparations
XBP,XBP Europe Holdings Inc. Common Stock,$0.92,0.0162,1.792%,33042304.00,United States,2021,36120,Consumer Discretionary,Business Services
XBPEW,XBP Europe Holdings Inc. Warrant,$0.0329,-0.0018,-5.187%,1181622.00,United States,2021,3000,Consumer Discretionary,Business Services
XCH,XCHG Limited American Depositary Share,$1.33,0.01,0.758%,79070546.00,Germany,2024,11699,Industrials,Electrical Products
XCUR,Exicure Inc. Common Stock,$7.95,-0.91,-10.271%,50226454.00,United States,,27757,Health Care,Biotechnology: Pharmaceutical Preparations
XEL,Xcel Energy Inc. Common Stock,$73.06,1.49,2.082%,42138130386.00,United States,,2917449,Utilities,Power Generation
XELB,Xcel Brands Inc. Common Stock,$1.59,0.01,0.633%,3842620.00,United States,,185735,Miscellaneous,Multi-Sector Companies
XENE,Xenon Pharmaceuticals Inc. Common Shares,$31.33,-0.16,-0.508%,2404063657.00,Canada,2014,796721,Health Care,Biotechnology: Pharmaceutical Preparations
XERS,Xeris Biopharma Holdings Inc. Common Stock,$5.12,-0.02,-0.389%,819993600.00,United States,2018,1423492,Health Care,Biotechnology: Pharmaceutical Preparations
XFLT,XAI Octagon Floating Rate & Alternative Income Trust Common Shares of Beneficial Interest,$5.56,0.04,0.725%,197205038.00,United States,2017,413982,Finance,Investment Managers
XFLT^A,XAI Octagon Floating Rate & Alternative Income Trust 6.50% Series 2026 Term Preferred Shares (Liquidation Preference $25.00),$25.00,0.0011,0.004%,,United States,,5151,,
XFOR,X4 Pharmaceuticals Inc. Common Stock,$1.49,-0.04,-2.614%,8625142.00,United States,2017,500118,Health Care,Biotechnology: Biological Products (No Diagnostic Substances)
XGN,Exagen Inc. Common Stock,$6.94,-0.03,-0.43%,124936767.00,United States,2019,235081,Health Care,Medical Specialities
XHG,XChange TEC.INC American Depositary Shares ,$1.32,-0.02,-1.493%,1354709.00,China,2019,9360,Finance,Real Estate
XHLD,TEN Holdings Inc. Common Stock,$0.385,0.005,1.316%,11046975.00,United States,2025,175432,Consumer Discretionary,Business Services
XHR,Xenia Hotels & Resorts Inc. Common Stock,$13.19,0.41,3.208%,1301894364.00,United States,2015,1278176,Consumer Discretionary,Hotels/Resorts
XIFR,XPLR Infrastructure LP Common Units representing limited partner interests,$9.68,0.48,5.217%,909929845.00,United States,2014,1690904,Utilities,Electric Utilities: Central
XIN,Xinyuan Real Estate Co Ltd American Depositary Shares,$2.21,-0.0863,-3.758%,12406233.00,China,2007,81274,Consumer Discretionary,Homebuilding
XLO,Xilio Therapeutics Inc. Common Stock,$0.70,0.0025,0.358%,36247591.00,United States,2021,659833,Health Care,Biotechnology: Pharmaceutical Preparations
XMTR,Xometry Inc. Class A Common Stock,$31.80,-3.00,-8.621%,1611517661.00,United States,2021,911285,Consumer Discretionary,Business Services
XNCR,Xencor Inc. Common Stock,$9.20,0.10,1.099%,654770937.00,United States,2013,568952,Health Care,Biotechnology: Pharmaceutical Preparations
XNET,Xunlei Limited American Depositary Shares,$4.73,0.12,2.603%,1475099366.00,China,2014,393502,Technology,Computer Software: Prepackaged Software
XOM,Exxon Mobil Corporation Common Stock,$108.54,0.49,0.453%,467768197631.00,United States,,13967577,Energy,Integrated oil Companies
XOMA,XOMA Royalty Corporation Common Stock,$25.45,-0.03,-0.118%,304557325.00,United States,1986,18158,Health Care,Biotechnology: Pharmaceutical Preparations
XOMAO,XOMA Royalty Corporation Depositary Shares Rep Series B 8.375% Cumulative Preferred Stock,$25.5854,-0.0046,-0.018%,306177642.00,United States,,2294,Health Care,Biotechnology: Pharmaceutical Preparations
XOMAP,XOMA Royalty Corporation 8.625% Series A Cumulative Perpetual Preferred Stock,$25.5817,-0.0183,-0.071%,306133364.00,United States,,2531,Health Care,Biotechnology: Pharmaceutical Preparations
XOS,Xos Inc. Common Stock,$3.45,0.15,4.545%,28675337.00,United States,2020,29910,Consumer Discretionary,Auto Parts:O.E.M.
XOSWW,Xos Inc. Warrants,$0.009,0.0011,13.924%,74805.00,United States,2020,1684,Consumer Discretionary,Auto Parts:O.E.M.
XP,XP Inc. Class A Common Stock,$16.82,-0.14,-0.825%,9039461941.00,Brazil,2019,4860415,Finance,Investment Bankers/Brokers/Service
XPEL,XPEL Inc. Common Stock,$34.01,0.00,0.00%,940878658.00,United States,,119742,Industrials,Industrial Specialties
XPER,Xperi Inc. Common Stock ,$7.63,0.02,0.263%,348592359.00,United States,2022,199205,Technology,Computer Software: Prepackaged Software
XPEV,XPeng Inc. American depositary shares each representing two Class A ordinary shares,$18.87,0.63,3.454%,17930731843.00,China,2020,9475097,Consumer Discretionary,Auto Manufacturing
XPL,Solitario Resources Corp. Common Stock,$0.69,0.025,3.759%,57040173.00,United States,,129623,Basic Materials,Precious Metals
XPO,XPO Inc. Common Stock,$133.07,4.63,3.605%,15676516145.00,United States,,884125,Consumer Discretionary,Transportation Services
XPOF,Xponential Fitness Inc. Class A Common Stock,$10.90,0.12,1.113%,530448500.00,United States,2021,567568,Consumer Discretionary,Services-Misc. Amusement & Recreation
XPON,Expion360 Inc. Common Stock,$1.37,-0.09,-6.164%,4623021.00,United States,2022,463396,Miscellaneous,Industrial Machinery/Components
XPRO,Expro Group Holdings N.V. Common Stock,$8.59,0.24,2.874%,991207779.00,United States,2013,736811,Energy,Oilfield Services/Equipment
XRAY,DENTSPLY SIRONA Inc. Common Stock,$16.41,0.78,4.99%,3270404448.00,United States,1987,5992793,Health Care,Medical/Dental Instruments
XRTX,XORTX Therapeutics Inc. Common Stock,$0.9488,-0.0212,-2.186%,3594288.00,Canada,,16318,Health Care,Biotechnology: Pharmaceutical Preparations
XRX,Xerox Holdings Corporation Common Stock,$5.83,0.63,12.115%,730390539.00,United States,,4859159,Technology,Computer peripheral equipment
XTIA,XTI Aerospace Inc. Common Stock,$2.11,-0.05,-2.315%,13266709.00,United States,2014,1823675,Technology,EDP Services
XTKG,X3 Holdings Co. Ltd. Ordinary Shares,$1.89,0.09,5.00%,26021841.00,China,2019,108813,Technology,EDP Services
XTLB,XTL Biopharmaceuticals Ltd. American Depositary Shares,$1.80,-0.02,-1.099%,15864934.00,Israel,,33771,Health Care,Biotechnology: Pharmaceutical Preparations
XTNT,Xtant Medical Holdings Inc. Common Stock,$0.63,0.01,1.613%,87773598.00,United States,,67656,Health Care,Biotechnology: Biological Products (No Diagnostic Substances)
XWEL,XWELL Inc. Common Stock,$1.28,-0.04,-3.03%,6734111.00,United States,,45995,Consumer Discretionary,Other Consumer Services
XXII,22nd Century Group Inc. Common Stock,$3.04,-0.54,-15.084%,1521006.00,United States,,787106,Health Care, Medicinal Chemicals and Botanical Products 
XYF,X Financial American Depositary Shares each representing six Class A Ordinary Shares,$17.66,-0.76,-4.126%,745417898.00,Cayman Islands,2018,583785,Finance,Finance: Consumer Services
XYL,Xylem Inc. Common Stock New,$131.05,-0.89,-0.675%,31891149992.00,United States,2011,955483,Industrials,Fluid Controls
XYLO,Xylo Technologies Ltd. American Depositary Shares,$4.9866,-0.0963,-1.895%,17034779.00,Israel,,3768,Health Care,Medical/Dental Instruments
XYZ,Block Inc. Class A Common Stock,$79.27,1.19,1.524%,48752556130.00,United States,2015,139378669,Technology,Computer Software: Prepackaged Software
YAAS,Youxin Technology Ltd Class A Ordinary shares,$0.4379,0.0058,1.342%,14691545.00,China,2024,847092,Technology,Computer Software: Prepackaged Software
YALA,Yalla Group Limited American Depositary Shares each representing one Class A Ordinary Share,$7.81,0.07,0.904%,1230355012.00,United Arab Emirates,2020,446824,Technology,Computer Software: Programming Data Processing
YB,Yuanbao Inc. American Depositary Shares,$26.97,0.86,3.294%,1215941452.00,China,2025,20639,Finance,Specialty Insurers
YCBD,cbdMD Inc. Common Stock,$0.9397,-0.0003,-0.032%,8371229.00,United States,2017,46321,Consumer Discretionary,Package Goods/Cosmetics
YELP,Yelp Inc. Common Stock,$35.15,0.28,0.803%,2244061344.00,United States,2012,580209,Consumer Discretionary,Other Consumer Services
YETI,YETI Holdings Inc. Common Stock,$37.83,2.00,5.582%,3132909949.00,United States,2018,3930269,Consumer Discretionary,Recreational Games/Products/Toys
YEXT,Yext Inc. Common Stock,$8.52,0.19,2.281%,1042828540.00,United States,2017,599704,Technology,EDP Services
YGMZ,MingZhu Logistics Holdings Limited Ordinary Shares,$0.864,0.038,4.60%,66250712.00,China,2020,84746,Consumer Discretionary,Transportation Services
YHC,LQR House Inc. Common Stock,$1.73,0.06,3.593%,1836203.00,United States,2023,1847092,Consumer Staples,Beverages (Production/Distribution)
YHGJ,Yunhong Green CTI Ltd. Common Stock,$0.8254,-0.0471,-5.398%,21644981.00,United States,,47836,Industrials,Specialty Chemicals
YHNA,YHN Acquisition I Limited Ordinary Shares,$10.3603,0.00,0.00%,0.00,Hong Kong,2024,1,,
YHNAR,YHN Acquisition I Limited Right,$0.1799,0.0357,24.757%,0.00,Hong Kong,2024,261,,
YI,111 Inc. American Depositary Shares,$7.4099,-0.18,-2.372%,64224834.00,China,2018,11353,Consumer Staples,Retail-Drug Stores and Proprietary Stores
YIBO,Planet Image International Limited Class A Ordinary Shares,$1.475,0.035,2.431%,79475360.00,China,2024,58467,Industrials,Industrial Machinery/Components
YJ,Yunji Inc. American Depository Shares,$1.93,0.00,0.00%,9506292.00,China,2019,10880,Consumer Discretionary,Other Specialty Stores
YMAB,Y-mAbs Therapeutics Inc. Common Stock,$4.41,0.08,1.848%,199701016.00,United States,2018,124304,Health Care,Biotechnology: Pharmaceutical Preparations
YMM,Full Truck Alliance Co. Ltd. American Depositary Shares (each representing 20 Class A Ordinary Shares),$12.02,-0.04,-0.332%,125716481999.00,China,2021,6049039,Technology,Computer Software: Prepackaged Software
YORKU,Yorkville Acquisition Corp. Unit,$11.13,-0.14,-1.242%,0.00,United States,2025,407220,Finance,Blank Checks
YORW,York Water Company (The) Common Stock,$31.67,0.63,2.03%,456056773.00,United States,,168681,Utilities,Water Supply
YOSH,Yoshiharu Global Co. Class A Common Stock,$6.81,0.23,3.495%,12000888.00,United States,2022,69259,Consumer Discretionary,Restaurants
YOU,Clear Secure Inc. Class A Common Stock,$29.85,0.31,1.049%,3971152420.00,United States,2021,1638451,Technology,Computer Software: Prepackaged Software
YOUL,Youlife Group Inc. American Depositary Shares,$2.21,-0.36,-14.008%,168067406.00,China,,246563,Real Estate,Other Consumer Services
YPF,YPF Sociedad Anonima Common Stock,$30.53,-0.06,-0.196%,12007839570.00,Argentina,1993,1487443,Energy,Integrated oil Companies
YQ,17 Education & Technology Group Inc. American Depositary Shares,$2.21,-0.09,-3.913%,19562279.00,China,2020,6227,Real Estate,Other Consumer Services
YRD,Yiren Digital Ltd. American Depositary Shares each representing two ordinary shares,$6.17,-0.01,-0.162%,533128006.00,China,2015,47608,Finance,Finance: Consumer Services
YSG,Yatsen Holding Limited American Depositary Shares each representing twenty (20) Class A Ordinary Shares,$9.39,-0.26,-2.694%,862549259.00,China,,403158,Consumer Discretionary,Package Goods/Cosmetics
YSXT,YSX Tech. Co. Ltd Class A Ordinary Shares,$4.95,0.02,0.406%,115087500.00,China,2024,120977,Consumer Discretionary,Automotive Aftermarket
YTRA,Yatra Online Inc. Ordinary Shares,$0.91,-0.015,-1.622%,56034497.00,India,,41767,Consumer Discretionary,Transportation Services
YUM,Yum! Brands Inc.,$148.53,3.02,2.075%,41286067334.00,United States,,1450958,Consumer Discretionary,Restaurants
YUMC,Yum China Holdings Inc. Common Stock,$48.66,0.98,2.055%,18165924770.00,United States,2016,1660028,Consumer Discretionary,Restaurants
YXT,YXT.COM GROUP HOLDING LIMITED American Depository Shares,$0.7662,-0.0176,-2.245%,46029873.00,China,2024,67859,Technology,Computer Software: Prepackaged Software
YYAI,Connexa Sports Technologies Inc. Common Stock,$1.41,0.16,12.80%,20533867.00,United States,,347752,Consumer Discretionary,Recreational Games/Products/Toys
YYGH,YY Group Holding Limited Class A Ordinary Shares,$2.63,-0.13,-4.71%,108086557.00,Singapore,2024,270448,Consumer Discretionary,Professional Services
Z,Zillow Group Inc. Class C Capital Stock,$80.18,2.42,3.112%,19359485776.00,United States,,2463345,Consumer Discretionary,Business Services
ZBAI,ATIF Holdings Limited Ordinary Shares,$0.4928,-0.0037,-0.745%,8534040.00,United States,2019,354060,Consumer Discretionary,Professional Services
ZBAO,Zhibao Technology Inc. Class A Ordinary Shares,$0.99,0.00,0.00%,31208527.00,China,2024,67614,Finance,Specialty Insurers
ZBH,Zimmer Biomet Holdings Inc. Common Stock,$96.52,3.93,4.245%,19096278729.00,United States,,1855738,Health Care,Industrial Specialties
ZBIO,Zenas BioPharma Inc. Common Stock,$14.31,0.02,0.14%,598647144.00,United States,2024,100973,Health Care,Biotechnology: Pharmaceutical Preparations
ZBRA,Zebra Technologies Corporation Class A Common Stock,$328.10,-0.28,-0.085%,16685304689.00,United States,1991,434740,Industrials,Industrial Machinery/Components
ZCMD,Zhongchao Inc. Class A Ordinary Shares,$1.05,-0.02,-1.869%,26658348.00,China,2020,64003,Real Estate,Other Consumer Services
ZD,Ziff Davis Inc. Common Stock,$31.81,1.48,4.88%,1338805697.00,United States,,406151,Telecommunications,Telecommunications Equipment
ZDAI,Primega Group Holdings Limited Ordinary Shares,$0.642,0.002,0.313%,15408000.00,Hong Kong,2024,29427,Consumer Discretionary,General Bldg Contractors - Nonresidential Bldgs
ZDGE,Zedge Inc. Class B Common Stock ,$4.71,0.01,0.213%,64206348.00,,2016,79679,Technology,Computer Software: Prepackaged Software
ZENA,ZenaTech Inc. Common Stock,$5.49,0.09,1.667%,140001171.00,Canada,,1063537,Technology,Computer Software: Prepackaged Software
ZENV,Zenvia Inc. Class A Common Stock,$1.53,0.08,5.517%,79459990.00,Brazil,2021,70493,Technology,Computer Software: Prepackaged Software
ZEO,Zeo Energy Corporation Class A Common Stock,$2.42,0.00,0.00%,119317725.00,United States,2021,40757,Miscellaneous,Industrial Machinery/Components
ZEOWW,Zeo Energy Corporation Warrants,$0.0579,0.0043,8.022%,2854751.00,United States,2021,700,Miscellaneous,Industrial Machinery/Components
ZEPP,Zepp Health Corporation American depositary shares each representing sixteen Class A ordinary shares,$11.96,-0.95,-7.359%,171842022.00,China,,587486,Technology,Computer Manufacturing
ZETA,Zeta Global Holdings Corp. Class A Common Stock,$15.62,-0.01,-0.064%,3679199357.00,United States,2021,9776044,Technology,Computer Software: Prepackaged Software
ZEUS,Olympic Steel Inc. Common Stock,$34.57,0.94,2.795%,385894677.00,United States,1994,80202,Industrials,Metal Fabrications
ZG,Zillow Group Inc. Class A Common Stock,$77.17,2.47,3.307%,18632720346.00,United States,2011,465989,Consumer Discretionary,Business Services
ZGN,Ermenegildo Zegna N.V. Ordinary Shares,$9.11,0.16,1.788%,2301002698.00,,2021,913525,Consumer Discretionary,Apparel
ZH,Zhihu Inc. American Depositary Shares each representing three (3) Class A Ordinary Shares,$4.79,0.11,2.35%,419435684.00,China,,263756,Consumer Discretionary,Business Services
ZIM,ZIM Integrated Shipping Services Ltd. Ordinary Shares,$15.70,0.27,1.75%,1891182907.00,,2021,4249996,Consumer Discretionary,Marine Transportation
ZIMV,ZimVie Inc. Common Stock,$18.73,-0.03,-0.16%,522970594.00,United States,,2264169,Health Care,Medical/Dental Instruments
ZION,Zions Bancorporation N.A. Common Stock,$56.85,0.26,0.459%,8389400605.00,United States,,3963588,Finance,Major Banks
ZIONP,Zions Bancorporation N.A. Depositary Shares (Each representing 1/40th Interest in a Share of Series A Floating-Rate Non-Cumulative Perpetual Preferred Stock),$23.165,0.065,0.281%,3418477837.00,United States,,2279,Finance,Major Banks
ZIP,ZipRecruiter Inc. Class A Common Stock,$4.66,0.23,5.192%,432927561.00,United States,2021,1450448,Technology,Computer Software: Programming Data Processing
ZJK,ZJK Industrial Co. Ltd. Ordinary Shares,$3.75,-0.09,-2.344%,230179684.00,China,2024,31206,Industrials,Metal Fabrications
ZJYL,JIN MEDICAL INTERNATIONAL LTD. Ordinary Shares,$0.6409,-0.0017,-0.265%,100331036.00,China,2023,230426,Health Care,Industrial Specialties
ZK,ZEEKR Intelligent Technology Holding Limited American Depositary Shares (each representing ten (10) Ordinary Shares),$29.23,0.24,0.828%,7430181642.00,Cayman Islands,2024,286438,Consumer Discretionary,Auto Manufacturing
ZKH,ZKH Group Limited American Depositary Shares each representing thirty-five (35) Class A Ordinary Shares,$3.10,-0.05,-1.587%,495421949.00,Cayman Islands,2023,85445,Consumer Discretionary,RETAIL: Building Materials
ZKIN,ZK International Group Co. Ltd Ordinary Share,$2.50,0.11,4.603%,12909865.00,China,2017,33712,Industrials,Metal Fabrications
ZLAB,Zai Lab Limited American Depositary Shares,$37.00,2.34,6.751%,4013552282.00,China,2017,1797865,Health Care,Biotechnology: Pharmaceutical Preparations
ZM,Zoom Communications Inc. Class A Common Stock,$75.21,0.73,0.98%,22754606801.00,United States,2019,5432823,Technology,Computer Software: Programming Data Processing
ZNTL,Zentalis Pharmaceuticals Inc. Common Stock,$1.43,0.04,2.878%,102891266.00,United States,2020,641674,Health Care,Biotechnology: Pharmaceutical Preparations
ZONE,CleanCore Solutions Inc. Class B Common Stock,$3.57,0.285,8.676%,30273732.00,,2024,91339,Industrials,Industrial Machinery/Components
ZOOZ,ZOOZ Power Ltd. Ordinary Shares,$2.13,0.74,53.237%,25784706.00,Israel,,28814518,Technology,Industrial Machinery/Components
ZOOZW,ZOOZ Power Ltd. Warrant,$0.0601,0.0206,52.152%,727540.00,Israel,,163871,Technology,Industrial Machinery/Components
ZS,Zscaler Inc. Common Stock,$285.71,-2.72,-0.943%,44483810447.00,United States,2018,1159729,Technology,EDP Services
ZSPC,zSpace Inc. Common stock,$2.89,0.03,1.049%,66128058.00,United States,2024,40970,Technology,Computer Software: Prepackaged Software
ZTEK,Zentek Ltd. Common Stock,$0.9234,0.0434,4.932%,96286938.00,Canada,,36762,Industrials,Major Chemicals
ZTO,ZTO Express (Cayman) Inc. American Depositary Shares each representing one Class A ordinary share.,$19.42,0.50,2.643%,15622778076.00,China,2016,1714365,Industrials,Trucking Freight/Courier Services
ZTR,Virtus Total Return Fund Inc.,$6.24,0.05,0.808%,0.00,United States,1988,165451,Finance,Investment Managers
ZTS,Zoetis Inc. Class A Common Stock,$151.19,3.82,2.592%,67311005533.00,United States,2013,4560585,Health Care,Biotechnology: Pharmaceutical Preparations
ZUMZ,Zumiez Inc. Common Stock,$14.40,0.50,3.597%,255897216.00,United States,2005,226095,Consumer Discretionary,Clothing/Shoe/Accessory Stores
ZURA,Zura Bio Limited Class A Ordinary Shares,$1.68,-0.04,-2.326%,103949997.00,Cayman Islands,,460896,Health Care,Biotechnology: Biological Products (No Diagnostic Substances)
ZVIA,Zevia PBC Class A Common Stock,$3.25,0.14,4.502%,241219033.00,United States,2021,774987,Consumer Staples,Beverages (Production/Distribution)
ZVRA,Zevra Therapeutics Inc. Common Stock,$11.58,-0.15,-1.279%,633190243.00,United States,,720409,Health Care,Biotechnology: Pharmaceutical Preparations
ZWS,Zurn Elkay Water Solutions Corporation Common Stock,$36.79,-0.20,-0.541%,6190000866.00,United States,2012,997303,Industrials,Industrial Machinery/Components
ZYBT,Zhengye Biotechnology Holding Limited Ordinary Shares,$5.48,-0.21,-3.691%,259704740.00,China,2025,12957,Health Care,Biotechnology: Pharmaceutical Preparations
ZYME,Zymeworks Inc. Common Stock,$14.32,0.00,0.00%,997867605.00,United States,,339890,Health Care,Biotechnology: Pharmaceutical Preparations
ZYXI,Zynex Inc. Common Stock,$2.44,0.10,4.274%,73782857.00,United States,,56541,Health Care,Biotechnology: Electromedical & Electrotherapeutic Apparatus
